path|owner|project|file|language|code|comment|blank
./src/_00/output/C#/CodeHubApp~CodeHub/CodeHub.Core/Utils/Emojis.cs|CodeHubApp|CodeHub|Emojis.cs|C#|902|0|6
./src/_00/output/C#/CodeHubApp~CodeHub/CodeHub.iOS/CodeHub.iOS.csproj|CodeHubApp|CodeHub|CodeHub.iOS.csproj|MSBuild script|647|0|0
./src/_00/output/C#/CodeHubApp~CodeHub/CodeHub.Core/ViewModels/Events/BaseEventsViewModel.cs|CodeHubApp|CodeHub|BaseEventsViewModel.cs|C#|499|38|84
./src/_00/output/C#/CodeHubApp~CodeHub/CodeHub/WebViews/DiffWebView.cs|CodeHubApp|CodeHub|DiffWebView.cs|C#|445|79|204
./src/_00/output/C#/CodeHubApp~CodeHub/CodeHub.iOS/ViewControllers/Application/MenuViewController.cs|CodeHubApp|CodeHub|MenuViewController.cs|C#|350|7|69
./src/_00/output/C#/CodeHubApp~CodeHub/CodeHub.Core/ViewModels/PullRequests/PullRequestViewModel.cs|CodeHubApp|CodeHub|PullRequestViewModel.cs|C#|321|0|58
./src/_00/output/C#/CodeHubApp~CodeHub/CodeHub/WebViews/DiffWebView.cshtml|CodeHubApp|CodeHub|DiffWebView.cshtml|Razor|319|0|24
./src/_00/output/C#/CodeHubApp~CodeHub/CodeHub.iOS/Views/PullRequests/PullRequestView.cs|CodeHubApp|CodeHub|PullRequestView.cs|C#|302|1|54
./src/_00/output/C#/CodeHubApp~CodeHub/CodeHub.Core/CodeHub.Core.csproj|CodeHubApp|CodeHub|CodeHub.Core.csproj|MSBuild script|286|0|0
./src/_00/output/C#/CodeHubApp~CodeHub/CodeHub/WebViews/UpgradeDetailsWebView.cs|CodeHubApp|CodeHub|UpgradeDetailsWebView.cs|C#|277|79|95
./src/_00/output/C#/CodeHubApp~CodeHub/CodeHub.iOS/DialogElements/EntryElement.cs|CodeHubApp|CodeHub|EntryElement.cs|C#|273|20|42
./src/_00/output/C#/CodeHubApp~CodeHub/CodeHub.iOS/ViewControllers/Repositories/RepositoryViewController.cs|CodeHubApp|CodeHub|RepositoryViewController.cs|C#|268|1|53
./src/_00/output/C#/CodeHubApp~CodeHub/CodeHub.iOS/ViewControllers/DialogViewController.cs|CodeHubApp|CodeHub|DialogViewController.cs|C#|260|24|58
./src/_00/output/C#/CodeHubApp~CodeHub/CodeHub.iOS/ViewControllers/Source/SourceTreeViewController.cs|CodeHubApp|CodeHub|SourceTreeViewController.cs|C#|260|0|54
./src/_00/output/C#/CodeHubApp~CodeHub/CodeHub.iOS/Views/Issues/IssueView.cs|CodeHubApp|CodeHub|IssueView.cs|C#|256|1|49
./src/_00/output/C#/CodeHubApp~CodeHub/CodeHub.iOS/Utilities/EasyLayout.cs|CodeHubApp|CodeHub|EasyLayout.cs|C#|245|49|42
./src/_00/output/C#/CodeHubApp~CodeHub/CodeHub.iOS/AppDelegate.cs|CodeHubApp|CodeHub|AppDelegate.cs|C#|241|16|44
./src/_00/output/C#/CodeHubApp~CodeHub/CodeHub.iOS/ViewControllers/Gists/GistEditViewController.cs|CodeHubApp|CodeHub|GistEditViewController.cs|C#|240|2|43
./src/_00/output/C#/CodeHubApp~CodeHub/CodeHub.Core/ViewModels/Issues/IssueViewModel.cs|CodeHubApp|CodeHub|IssueViewModel.cs|C#|238|0|34
./src/_00/output/C#/CodeHubApp~CodeHub/CodeHub/WebViews/UpgradeDetailsWebView.cshtml|CodeHubApp|CodeHub|UpgradeDetailsWebView.cshtml|Razor|235|0|15
./src/_00/output/C#/CodeHubApp~CodeHub/CodeHub/WebViews/CommentsWebView.cs|CodeHubApp|CodeHub|CommentsWebView.cs|C#|232|79|80
./src/_00/output/C#/CodeHubApp~CodeHub/CodeHub.iOS/ViewControllers/Source/FileSourceViewController.cs|CodeHubApp|CodeHub|FileSourceViewController.cs|C#|228|0|38
./src/_00/output/C#/CodeHubApp~CodeHub/CodeHub/WebViews/MarkdownWebView.cs|CodeHubApp|CodeHub|MarkdownWebView.cs|C#|228|79|46
./src/_00/output/C#/CodeHubApp~CodeHub/CodeHub.iOS.sln|CodeHubApp|CodeHub|CodeHub.iOS.sln|Visual Studio Solution|227|1|1
./src/_00/output/C#/CodeHubApp~CodeHub/CodeHub.iOS/ViewControllers/ViewModelDrivenDialogViewController.cs|CodeHubApp|CodeHub|ViewModelDrivenDialogViewController.cs|C#|227|4|38
./src/_00/output/C#/CodeHubApp~CodeHub/CodeHub.iOS/Views/ImageAndTitleHeaderView.cs|CodeHubApp|CodeHub|ImageAndTitleHeaderView.cs|C#|223|0|31
./src/_00/output/C#/CodeHubApp~CodeHub/CodeHub.iOS/DialogElements/StringElement.cs|CodeHubApp|CodeHub|StringElement.cs|C#|218|1|37
./src/_00/output/C#/CodeHubApp~CodeHub/CodeHub/WebViews/SyntaxHighlighterWebView.cs|CodeHubApp|CodeHub|SyntaxHighlighterWebView.cs|C#|218|82|63
./src/_00/output/C#/CodeHubApp~CodeHub/CodeHub.iOS/Resources/Images.xcassets/AppIcons.appiconset/Contents.json|CodeHubApp|CodeHub|Contents.json|JSON|216|0|0
./src/_00/output/C#/CodeHubApp~CodeHub/CodeHub.iOS/DialogElements/Section.cs|CodeHubApp|CodeHub|Section.cs|C#|212|51|41
./src/_00/output/C#/CodeHubApp~CodeHub/CodeHub.iOS/ViewControllers/BaseWebViewController.cs|CodeHubApp|CodeHub|BaseWebViewController.cs|C#|207|0|46
./src/_00/output/C#/CodeHubApp~CodeHub/CodeHub.iOS/Views/Source/ChangesetView.cs|CodeHubApp|CodeHub|ChangesetView.cs|C#|203|18|35
./src/_00/output/C#/CodeHubApp~CodeHub/CodeHub.iOS/ViewControllers/Gists/GistViewController.cs|CodeHubApp|CodeHub|GistViewController.cs|C#|200|0|33
./src/_00/output/C#/CodeHubApp~CodeHub/CodeHub.iOS/ViewControllers/Application/StartupViewController.cs|CodeHubApp|CodeHub|StartupViewController.cs|C#|194|1|34
./src/_00/output/C#/CodeHubApp~CodeHub/CodeHub.iOS/ViewControllers/PullRequests/PullRequestDiffViewController.cs|CodeHubApp|CodeHub|PullRequestDiffViewController.cs|C#|193|0|27
./src/_00/output/C#/CodeHubApp~CodeHub/CodeHub/Octicons.cs|CodeHubApp|CodeHub|Octicons.cs|C#|192|0|4
./src/_00/output/C#/CodeHubApp~CodeHub/CodeHub/WebViews/CommentsWebView.cshtml|CodeHubApp|CodeHub|CommentsWebView.cshtml|Razor|188|0|19
./src/_00/output/C#/CodeHubApp~CodeHub/CodeHub.iOS/ViewControllers/Source/CommitDiffViewController.cs|CodeHubApp|CodeHub|CommitDiffViewController.cs|C#|184|0|27
./src/_00/output/C#/CodeHubApp~CodeHub/CodeHub.Core/ViewModels/Repositories/RepositoryViewModel.cs|CodeHubApp|CodeHub|RepositoryViewModel.cs|C#|180|1|36
./src/_00/output/C#/CodeHubApp~CodeHub/CodeHub.Core/ViewModels/Notifications/NotificationsViewModel.cs|CodeHubApp|CodeHub|NotificationsViewModel.cs|C#|179|3|24
./src/_00/output/C#/CodeHubApp~CodeHub/CodeHub.iOS/ViewControllers/Events/BaseEventsViewController.cs|CodeHubApp|CodeHub|BaseEventsViewController.cs|C#|177|0|14
./src/_00/output/C#/CodeHubApp~CodeHub/CodeHub.iOS/Services/InAppPurchaseService.cs|CodeHubApp|CodeHub|InAppPurchaseService.cs|C#|176|0|29
./src/_00/output/C#/CodeHubApp~CodeHub/CodeHub.iOS/ViewControllers/Gists/GistCreateViewController.cs|CodeHubApp|CodeHub|GistCreateViewController.cs|C#|174|2|33
./src/_00/output/C#/CodeHubApp~CodeHub/CodeHub.iOS/ViewControllers/Gists/GistFileViewController.cs|CodeHubApp|CodeHub|GistFileViewController.cs|C#|170|0|32
./src/_00/output/C#/CodeHubApp~CodeHub/CodeHub.iOS/ViewControllers/ViewModelCollectionDrivenDialogViewController.cs|CodeHubApp|CodeHub|ViewModelCollectionDrivenDialogViewController.cs|C#|170|6|28
./src/_00/output/C#/CodeHubApp~CodeHub/CodeHub.iOS/DialogElements/HtmlElement.cs|CodeHubApp|CodeHub|HtmlElement.cs|C#|167|5|29
./src/_00/output/C#/CodeHubApp~CodeHub/CodeHub.iOS/DialogElements/RootElement.cs|CodeHubApp|CodeHub|RootElement.cs|C#|162|0|32
./src/_00/output/C#/CodeHubApp~CodeHub/CodeHub.iOS/DialogElements/SplitButtonElement.cs|CodeHubApp|CodeHub|SplitButtonElement.cs|C#|162|0|32
./src/_00/output/C#/CodeHubApp~CodeHub/CodeHub.iOS/ViewControllers/Accounts/AccountsViewController.cs|CodeHubApp|CodeHub|AccountsViewController.cs|C#|161|4|37
./src/_00/output/C#/CodeHubApp~CodeHub/CodeHub.iOS/ViewControllers/Composer.cs|CodeHubApp|CodeHub|Composer.cs|C#|151|7|33
./src/_00/output/C#/CodeHubApp~CodeHub/CodeHub.iOS/DialogElements/LoadMoreElement.cs|CodeHubApp|CodeHub|LoadMoreElement.cs|C#|150|4|21
./src/_00/output/C#/CodeHubApp~CodeHub/CodeHub.iOS/ViewControllers/Settings/SettingsViewController.cs|CodeHubApp|CodeHub|SettingsViewController.cs|C#|150|0|36
./src/_00/output/C#/CodeHubApp~CodeHub/CodeHub.iOS/ViewControllers/Accounts/AddAccountView.xib|CodeHubApp|CodeHub|AddAccountView.xib|XML|148|0|0
./src/_00/output/C#/CodeHubApp~CodeHub/CodeHub.iOS/ViewControllers/Repositories/PrivateRepositoryViewController.xib|CodeHubApp|CodeHub|PrivateRepositoryViewController.xib|XML|141|0|0
./src/_00/output/C#/CodeHubApp~CodeHub/CodeHub.iOS/ViewControllers/Application/EnterpriseSupportViewController.cs|CodeHubApp|CodeHub|EnterpriseSupportViewController.cs|C#|138|0|25
./src/_00/output/C#/CodeHubApp~CodeHub/CodeHub.iOS/ViewControllers/Accounts/AddAccountViewController.cs|CodeHubApp|CodeHub|AddAccountViewController.cs|C#|137|1|33
./src/_00/output/C#/CodeHubApp~CodeHub/CodeHub.iOS/TableViewCells/RepositoryCellView.xib|CodeHubApp|CodeHub|RepositoryCellView.xib|XML|136|0|0
./src/_00/output/C#/CodeHubApp~CodeHub/CodeHub.Core/ViewModels/Repositories/RepositoriesViewModel.cs|CodeHubApp|CodeHub|RepositoriesViewModel.cs|C#|135|0|36
./src/_00/output/C#/CodeHubApp~CodeHub/CodeHub.iOS/DialogElements/SplitViewElement.cs|CodeHubApp|CodeHub|SplitViewElement.cs|C#|134|0|32
./src/_00/output/C#/CodeHubApp~CodeHub/CodeHub.iOS/ViewControllers/Application/UpgradeViewController.cs|CodeHubApp|CodeHub|UpgradeViewController.cs|C#|129|0|24
./src/_00/output/C#/CodeHubApp~CodeHub/CodeHub.Core/ViewModels/CollectionViewModel.cs|CodeHubApp|CodeHub|CollectionViewModel.cs|C#|128|1|21
./src/_00/output/C#/CodeHubApp~CodeHub/CodeHub.iOS/ViewControllers/Gists/GistsViewController.cs|CodeHubApp|CodeHub|GistsViewController.cs|C#|127|0|24
./src/_00/output/C#/CodeHubApp~CodeHub/CodeHub.iOS/ViewControllers/Repositories/ReadmeViewController.cs|CodeHubApp|CodeHub|ReadmeViewController.cs|C#|127|0|22
./src/_00/output/C#/CodeHubApp~CodeHub/CodeHub.iOS/ViewControllers/Walkthrough/WelcomePageViewController.cs|CodeHubApp|CodeHub|WelcomePageViewController.cs|C#|126|1|25
./src/_00/output/C#/CodeHubApp~CodeHub/CodeHub.iOS/ViewControllers/FilterViewController.cs|CodeHubApp|CodeHub|FilterViewController.cs|C#|125|0|19
./src/_00/output/C#/CodeHubApp~CodeHub/CodeHub.Core/ViewModels/Gists/GistsViewModel.cs|CodeHubApp|CodeHub|GistsViewModel.cs|C#|124|0|32
./src/_00/output/C#/CodeHubApp~CodeHub/CodeHub.iOS/Services/AlertDialogService.cs|CodeHubApp|CodeHub|AlertDialogService.cs|C#|124|0|19
./src/_00/output/C#/CodeHubApp~CodeHub/CodeHub.Core/ViewModels/Accounts/AddAccountViewModel.cs|CodeHubApp|CodeHub|AddAccountViewModel.cs|C#|123|0|24
./src/_00/output/C#/CodeHubApp~CodeHub/CodeHub.iOS/ViewControllers/Repositories/RepositoriesViewController.cs|CodeHubApp|CodeHub|RepositoriesViewController.cs|C#|123|0|27
./src/_00/output/C#/CodeHubApp~CodeHub/CodeHub.Core/ViewModels/Users/UsersViewModel.cs|CodeHubApp|CodeHub|UsersViewModel.cs|C#|122|0|32
./src/_00/output/C#/CodeHubApp~CodeHub/CodeHub.iOS/ViewControllers/Settings/SyntaxHighlighterViewController.cs|CodeHubApp|CodeHub|SyntaxHighlighterViewController.cs|C#|121|0|27
./src/_00/output/C#/CodeHubApp~CodeHub/CodeHub.Core/ViewModels/App/MenuViewModel.cs|CodeHubApp|CodeHub|MenuViewModel.cs|C#|120|32|24
./src/_00/output/C#/CodeHubApp~CodeHub/CodeHub.Core/Services/LoginService.cs|CodeHubApp|CodeHub|LoginService.cs|C#|118|0|28
./src/_00/output/C#/CodeHubApp~CodeHub/CodeHub.Core/ViewModels/App/StartupViewModel.cs|CodeHubApp|CodeHub|StartupViewModel.cs|C#|118|1|24
./src/_00/output/C#/CodeHubApp~CodeHub/CodeHub.iOS/ViewControllers/Source/AddSourceViewController.cs|CodeHubApp|CodeHub|AddSourceViewController.cs|C#|118|0|24
./src/_00/output/C#/CodeHubApp~CodeHub/CodeHub.iOS/DialogElements/ExpandingInputElement.cs|CodeHubApp|CodeHub|ExpandingInputElement.cs|C#|117|0|26
./src/_00/output/C#/CodeHubApp~CodeHub/CodeHub.iOS/ViewControllers/Users/UsersViewController.cs|CodeHubApp|CodeHub|UsersViewController.cs|C#|117|0|22
./src/_00/output/C#/CodeHubApp~CodeHub/CodeHub.iOS/ViewControllers/BaseDialogViewController.cs|CodeHubApp|CodeHub|BaseDialogViewController.cs|C#|116|0|17
./src/_00/output/C#/CodeHubApp~CodeHub/CodeHub.iOS/Images/Images.cs|CodeHubApp|CodeHub|Images.cs|C#|113|0|13
./src/_00/output/C#/CodeHubApp~CodeHub/CodeHub.iOS/Utilities/UIKitExtensions.cs|CodeHubApp|CodeHub|UIKitExtensions.cs|C#|113|1|27
./src/_00/output/C#/CodeHubApp~CodeHub/CodeHub.iOS/DialogElements/OwnerDrawnElement.cs|CodeHubApp|CodeHub|OwnerDrawnElement.cs|C#|111|0|26
./src/_00/output/C#/CodeHubApp~CodeHub/CodeHub.iOS/TableViewCells/IssueCellView.xib|CodeHubApp|CodeHub|IssueCellView.xib|XML|111|0|0
./src/_00/output/C#/CodeHubApp~CodeHub/CodeHub.iOS/ViewControllers/Repositories/TrendingRepositoriesViewController.cs|CodeHubApp|CodeHub|TrendingRepositoriesViewController.cs|C#|111|0|19
./src/_00/output/C#/CodeHubApp~CodeHub/CodeHub/WebViews/MarkdownWebView.cshtml|CodeHubApp|CodeHub|MarkdownWebView.cshtml|Razor|111|0|2
./src/_00/output/C#/CodeHubApp~CodeHub/CodeHub/WebViews/DiffModel.cs|CodeHubApp|CodeHub|DiffModel.cs|C#|109|0|21
./src/_00/output/C#/CodeHubApp~CodeHub/CodeHub.iOS/Views/NotificationsView.cs|CodeHubApp|CodeHub|NotificationsView.cs|C#|108|1|24
./src/_00/output/C#/CodeHubApp~CodeHub/CodeHub.iOS/ViewControllers/MessageComposerViewController.cs|CodeHubApp|CodeHub|MessageComposerViewController.cs|C#|107|1|19
./src/_00/output/C#/CodeHubApp~CodeHub/CodeHub.iOS/ViewControllers/Users/UserViewController.cs|CodeHubApp|CodeHub|UserViewController.cs|C#|105|0|22
./src/_00/output/C#/CodeHubApp~CodeHub/CodeHub.Core/ViewModels/Gists/GistViewModel.cs|CodeHubApp|CodeHub|GistViewModel.cs|C#|104|0|20
./src/_00/output/C#/CodeHubApp~CodeHub/CodeHub.iOS/Views/Issues/IssuesView.cs|CodeHubApp|CodeHub|IssuesView.cs|C#|102|3|19
./src/_00/output/C#/CodeHubApp~CodeHub/CodeHub.iOS/Views/Source/EditSourceView.cs|CodeHubApp|CodeHub|EditSourceView.cs|C#|101|3|22
./src/_00/output/C#/CodeHubApp~CodeHub/CodeHub.iOS/DialogElements/MenuElement.cs|CodeHubApp|CodeHub|MenuElement.cs|C#|100|2|12
./src/_00/output/C#/CodeHubApp~CodeHub/CodeHub.Core/ViewModels/Issues/IssueLabelsViewModel.cs|CodeHubApp|CodeHub|IssueLabelsViewModel.cs|C#|99|1|18
./src/_00/output/C#/CodeHubApp~CodeHub/CodeHub.Core/ViewModels/Issues/IssueModifyViewModel.cs|CodeHubApp|CodeHub|IssueModifyViewModel.cs|C#|99|0|18
./src/_00/output/C#/CodeHubApp~CodeHub/CodeHub.iOS/DialogElements/NewsFeedElement.cs|CodeHubApp|CodeHub|NewsFeedElement.cs|C#|99|0|24
./src/_00/output/C#/CodeHubApp~CodeHub/CodeHub.iOS/TableViewCells/NewsCellView.cs|CodeHubApp|CodeHub|NewsCellView.cs|C#|99|0|24
./src/_00/output/C#/CodeHubApp~CodeHub/CodeHub.iOS/TableViewSources/DialogTableViewSource.cs|CodeHubApp|CodeHub|DialogTableViewSource.cs|C#|99|0|19
./src/_00/output/C#/CodeHubApp~CodeHub/CodeHub.iOS/Info.plist|CodeHubApp|CodeHub|Info.plist|XML|97|0|0
./src/_00/output/C#/CodeHubApp~CodeHub/CodeHub.Core/ViewModels/Issues/IssueAssignedToViewModel.cs|CodeHubApp|CodeHub|IssueAssignedToViewModel.cs|C#|95|0|17
./src/_00/output/C#/CodeHubApp~CodeHub/CodeHub.Core/ViewModels/Issues/IssueMilestonesViewModel.cs|CodeHubApp|CodeHub|IssueMilestonesViewModel.cs|C#|95|0|16
./src/_00/output/C#/CodeHubApp~CodeHub/CodeHub.iOS/ViewControllers/Filters/IssuesFilterViewController.cs|CodeHubApp|CodeHub|IssuesFilterViewController.cs|C#|93|1|14
./src/_00/output/C#/CodeHubApp~CodeHub/CodeHub.Core/ViewModels/BaseViewModel.cs|CodeHubApp|CodeHub|BaseViewModel.cs|C#|92|28|20
./src/_00/output/C#/CodeHubApp~CodeHub/CodeHub.Core/ViewModels/Issues/IssueEditViewModel.cs|CodeHubApp|CodeHub|IssueEditViewModel.cs|C#|92|22|17
./src/_00/output/C#/CodeHubApp~CodeHub/CodeHub.Core/ViewModels/Changesets/ChangesetViewModel.cs|CodeHubApp|CodeHub|ChangesetViewModel.cs|C#|91|0|19
./src/_00/output/C#/CodeHubApp~CodeHub/CodeHub/CodeHub.csproj|CodeHubApp|CodeHub|CodeHub.csproj|MSBuild script|91|0|0
./src/_00/output/C#/CodeHubApp~CodeHub/CodeHub.iOS/ViewControllers/Accounts/NewAccountViewController.cs|CodeHubApp|CodeHub|NewAccountViewController.cs|C#|90|0|19
./src/_00/output/C#/CodeHubApp~CodeHub/CodeHub.iOS/ViewControllers/Application/SupportViewController.cs|CodeHubApp|CodeHub|SupportViewController.cs|C#|90|0|21
./src/_00/output/C#/CodeHubApp~CodeHub/CodeHub.Core/ViewModels/ViewModelExtensions.cs|CodeHubApp|CodeHub|ViewModelExtensions.cs|C#|89|0|14
./src/_00/output/C#/CodeHubApp~CodeHub/CodeHub.iOS/DialogElements/BooleanElement.cs|CodeHubApp|CodeHub|BooleanElement.cs|C#|89|0|15
./src/_00/output/C#/CodeHubApp~CodeHub/CodeHub.iOS/WebResources/styles/vs2015.css|CodeHubApp|CodeHub|vs2015.css|CSS|89|7|19
./src/_00/output/C#/CodeHubApp~CodeHub/CodeHub.Core/ViewModels/Issues/IssuesViewModel.cs|CodeHubApp|CodeHub|IssuesViewModel.cs|C#|88|0|17
./src/_00/output/C#/CodeHubApp~CodeHub/CodeHub.iOS/ViewControllers/Walkthrough/PromoteViewController.xib|CodeHubApp|CodeHub|PromoteViewController.xib|XML|87|0|0
./src/_00/output/C#/CodeHubApp~CodeHub/CodeHub.iOS/ViewControllers/Application/FeedbackViewController.cs|CodeHubApp|CodeHub|FeedbackViewController.cs|C#|86|0|18
./src/_00/output/C#/CodeHubApp~CodeHub/CodeHub.iOS/Resources/Images.xcassets/UnknownUser.imageset/Contents.json|CodeHubApp|CodeHub|Contents.json|JSON|85|0|0
./src/_00/output/C#/CodeHubApp~CodeHub/CodeHub.iOS/Resources/Images.xcassets/Avatar.imageset/Contents.json|CodeHubApp|CodeHub|Contents.json|JSON|84|0|0
./src/_00/output/C#/CodeHubApp~CodeHub/CodeHub.iOS/TableViewCells/IssueCellView.cs|CodeHubApp|CodeHub|IssueCellView.cs|C#|83|0|13
./src/_00/output/C#/CodeHubApp~CodeHub/CodeHub.iOS/ViewControllers/Accounts/OAuthLoginViewController.cs|CodeHubApp|CodeHub|OAuthLoginViewController.cs|C#|83|3|16
./src/_00/output/C#/CodeHubApp~CodeHub/CodeHub.iOS/TableViewCells/RepositoryCellView.designer.cs|CodeHubApp|CodeHub|RepositoryCellView.designer.cs|C# Designer|82|6|20
./src/_00/output/C#/CodeHubApp~CodeHub/CodeHub.iOS/Views/SourceTitleView.cs|CodeHubApp|CodeHub|SourceTitleView.cs|C#|82|0|15
./src/_00/output/C#/CodeHubApp~CodeHub/CodeHub.Core/Data/Account.cs|CodeHubApp|CodeHub|Account.cs|C#|81|0|26
./src/_00/output/C#/CodeHubApp~CodeHub/CodeHub.Core/ViewModels/LoadableViewModel.cs|CodeHubApp|CodeHub|LoadableViewModel.cs|C#|81|1|9
./src/_00/output/C#/CodeHubApp~CodeHub/CodeHub.iOS/TableViewCells/NewsCellView.xib|CodeHubApp|CodeHub|NewsCellView.xib|XML|81|0|0
./src/_00/output/C#/CodeHubApp~CodeHub/CodeHub.iOS/WebResources/styles/gruvbox-dark.css|CodeHubApp|CodeHub|gruvbox-dark.css|CSS|81|12|15
./src/_00/output/C#/CodeHubApp~CodeHub/CodeHub.iOS/WebResources/styles/gruvbox-light.css|CodeHubApp|CodeHub|gruvbox-light.css|CSS|81|12|15
./src/_00/output/C#/CodeHubApp~CodeHub/CodeHub.iOS/WebResources/styles/railscasts.css|CodeHubApp|CodeHub|railscasts.css|CSS|81|3|22
./src/_00/output/C#/CodeHubApp~CodeHub/CodeHub.Core/ViewModels/Issues/MyIssuesViewModel.cs|CodeHubApp|CodeHub|MyIssuesViewModel.cs|C#|80|0|14
./src/_00/output/C#/CodeHubApp~CodeHub/CodeHub.iOS/ViewControllers/Settings/DefaultStartupViewController.cs|CodeHubApp|CodeHub|DefaultStartupViewController.cs|C#|80|0|12
./src/_00/output/C#/CodeHubApp~CodeHub/CodeHub.iOS/WebResources/styles/grayscale.css|CodeHubApp|CodeHub|grayscale.css|CSS|79|3|19
./src/_00/output/C#/CodeHubApp~CodeHub/CodeHub.Core/ViewModels/Users/UserViewModel.cs|CodeHubApp|CodeHub|UserViewModel.cs|C#|78|0|14
./src/_00/output/C#/CodeHubApp~CodeHub/CodeHub.iOS/ViewControllers/Accounts/AddAccountViewController.designer.cs|CodeHubApp|CodeHub|AddAccountViewController.designer.cs|C# Designer|78|6|22
./src/_00/output/C#/CodeHubApp~CodeHub/CodeHub.iOS/ViewControllers/Walkthrough/FeedbackViewController.xib|CodeHubApp|CodeHub|FeedbackViewController.xib|XML|78|0|0
./src/_00/output/C#/CodeHubApp~CodeHub/CodeHub.iOS/ViewControllers/WebBrowserViewController.cs|CodeHubApp|CodeHub|WebBrowserViewController.cs|C#|78|0|14
./src/_00/output/C#/CodeHubApp~CodeHub/CodeHub.iOS/WebResources/styles/sunburst.css|CodeHubApp|CodeHub|sunburst.css|CSS|78|3|21
./src/_00/output/C#/CodeHubApp~CodeHub/CodeHub.Core/ViewModels/Repositories/TrendingRepositoriesViewModel.cs|CodeHubApp|CodeHub|TrendingRepositoriesViewModel.cs|C#|77|0|18
./src/_00/output/C#/CodeHubApp~CodeHub/CodeHub.iOS/TableViewCells/IssueCellView.designer.cs|CodeHubApp|CodeHub|IssueCellView.designer.cs|C# Designer|77|6|23
./src/_00/output/C#/CodeHubApp~CodeHub/CodeHub.iOS/WebResources/styles/github.css|CodeHubApp|CodeHub|github.css|CSS|77|3|19
./src/_00/output/C#/CodeHubApp~CodeHub/CodeHub.iOS/Theme.cs|CodeHubApp|CodeHub|Theme.cs|C#|76|1|16
./src/_00/output/C#/CodeHubApp~CodeHub/CodeHub.iOS/ViewControllers/Source/BranchesViewController.cs|CodeHubApp|CodeHub|BranchesViewController.cs|C#|76|0|14
./src/_00/output/C#/CodeHubApp~CodeHub/CodeHub.iOS/ViewControllers/Walkthrough/GoProViewController.xib|CodeHubApp|CodeHub|GoProViewController.xib|XML|76|0|1
./src/_00/output/C#/CodeHubApp~CodeHub/CodeHub.iOS/WebResources/styles/docco.css|CodeHubApp|CodeHub|docco.css|CSS|76|3|18
./src/_00/output/C#/CodeHubApp~CodeHub/CodeHub.iOS/WebResources/styles/idea.css|CodeHubApp|CodeHub|idea.css|CSS|76|3|18
./src/_00/output/C#/CodeHubApp~CodeHub/CodeHub.iOS/WebResources/styles/agate.css|CodeHubApp|CodeHub|agate.css|CSS|75|17|16
./src/_00/output/C#/CodeHubApp~CodeHub/CodeHub.iOS/ViewControllers/Walkthrough/WelcomeViewController.xib|CodeHubApp|CodeHub|WelcomeViewController.xib|XML|74|0|0
./src/_00/output/C#/CodeHubApp~CodeHub/CodeHub.iOS/Views/PullRequests/PullRequestFilesView.cs|CodeHubApp|CodeHub|PullRequestFilesView.cs|C#|74|0|11
./src/_00/output/C#/CodeHubApp~CodeHub/CodeHub.iOS/WebResources/styles/routeros.css|CodeHubApp|CodeHub|routeros.css|CSS|74|8|26
./src/_00/output/C#/CodeHubApp~CodeHub/CodeHub/WebViews/SyntaxHighlighterWebView.cshtml|CodeHubApp|CodeHub|SyntaxHighlighterWebView.cshtml|Razor|74|3|9
./src/_00/output/C#/CodeHubApp~CodeHub/CodeHub.iOS/ViewControllers/Walkthrough/OrgViewController.xib|CodeHubApp|CodeHub|OrgViewController.xib|XML|73|0|0
./src/_00/output/C#/CodeHubApp~CodeHub/CodeHub.Core/ViewModels/PullRequests/PullRequestsViewModel.cs|CodeHubApp|CodeHub|PullRequestsViewModel.cs|C#|72|0|13
./src/_00/output/C#/CodeHubApp~CodeHub/CodeHub.iOS/DialogElements/Element.cs|CodeHubApp|CodeHub|Element.cs|C#|72|0|14
./src/_00/output/C#/CodeHubApp~CodeHub/CodeHub.iOS/ViewControllers/Gists/GistFileModifyViewController.cs|CodeHubApp|CodeHub|GistFileModifyViewController.cs|C#|72|0|20
./src/_00/output/C#/CodeHubApp~CodeHub/CodeHub.iOS/ViewControllers/TableViewController.cs|CodeHubApp|CodeHub|TableViewController.cs|C#|72|0|17
./src/_00/output/C#/CodeHubApp~CodeHub/CodeHub.iOS/Views/BlurredAlertView.cs|CodeHubApp|CodeHub|BlurredAlertView.cs|C#|72|0|17
./src/_00/output/C#/CodeHubApp~CodeHub/CodeHub.iOS/WebResources/styles/hybrid.css|CodeHubApp|CodeHub|hybrid.css|CSS|72|14|16
./src/_00/output/C#/CodeHubApp~CodeHub/CodeHub.iOS/WebResources/styles/xcode.css|CodeHubApp|CodeHub|xcode.css|CSS|72|3|18
./src/_00/output/C#/CodeHubApp~CodeHub/CodeHub.Core/Utils/CustomObservableCollection.cs|CodeHubApp|CodeHub|CustomObservableCollection.cs|C#|71|5|19
./src/_00/output/C#/CodeHubApp~CodeHub/CodeHub.Core/ViewModels/Changesets/CommitsViewModel.cs|CodeHubApp|CodeHub|CommitsViewModel.cs|C#|71|0|13
./src/_00/output/C#/CodeHubApp~CodeHub/CodeHub.Core/ViewModels/Gists/GistCreateViewModel.cs|CodeHubApp|CodeHub|GistCreateViewModel.cs|C#|71|0|15
./src/_00/output/C#/CodeHubApp~CodeHub/CodeHub.iOS/Services/PushNotificationsService.cs|CodeHubApp|CodeHub|PushNotificationsService.cs|C#|71|0|13
./src/_00/output/C#/CodeHubApp~CodeHub/CodeHub.iOS/TableViewCells/CommitCellView.xib|CodeHubApp|CodeHub|CommitCellView.xib|XML|71|0|0
./src/_00/output/C#/CodeHubApp~CodeHub/CodeHub.iOS/TableViewCells/GistCellView.xib|CodeHubApp|CodeHub|GistCellView.xib|XML|71|0|0
./src/_00/output/C#/CodeHubApp~CodeHub/CodeHub.iOS/WebResources/styles/obsidian.css|CodeHubApp|CodeHub|obsidian.css|CSS|71|4|13
./src/_00/output/C#/CodeHubApp~CodeHub/CodeHub.iOS/Utilities/Hud.cs|CodeHubApp|CodeHub|Hud.cs|C#|70|0|13
./src/_00/output/C#/CodeHubApp~CodeHub/CodeHub.iOS/ViewControllers/BaseViewController.cs|CodeHubApp|CodeHub|BaseViewController.cs|C#|70|0|17
./src/_00/output/C#/CodeHubApp~CodeHub/CodeHub.iOS/ViewControllers/Filters/IssueMilestonesFilterViewController.cs|CodeHubApp|CodeHub|IssueMilestonesFilterViewController.cs|C#|70|0|12
./src/_00/output/C#/CodeHubApp~CodeHub/CodeHub.iOS/ViewControllers/Search/RepositoryExploreViewController.cs|CodeHubApp|CodeHub|RepositoryExploreViewController.cs|C#|70|0|15
./src/_00/output/C#/CodeHubApp~CodeHub/CodeHub.iOS/ViewControllers/Search/UserExploreViewController.cs|CodeHubApp|CodeHub|UserExploreViewController.cs|C#|70|0|14
./src/_00/output/C#/CodeHubApp~CodeHub/CodeHub.iOS/Views/Issues/IssueEditView.cs|CodeHubApp|CodeHub|IssueEditView.cs|C#|70|0|18
./src/_00/output/C#/CodeHubApp~CodeHub/CodeHub.iOS/WebResources/styles/googlecode.css|CodeHubApp|CodeHub|googlecode.css|CSS|70|3|16
./src/_00/output/C#/CodeHubApp~CodeHub/CodeHub.iOS/TableViewSources/ReactiveTableViewSource.cs|CodeHubApp|CodeHub|ReactiveTableViewSource.cs|C#|69|1|13
./src/_00/output/C#/CodeHubApp~CodeHub/CodeHub.iOS/ViewControllers/Repositories/LanguagesViewController.cs|CodeHubApp|CodeHub|LanguagesViewController.cs|C#|69|0|13
./src/_00/output/C#/CodeHubApp~CodeHub/CodeHub.iOS/WebResources/styles/arduino-light.css|CodeHubApp|CodeHub|arduino-light.css|CSS|69|3|16
./src/_00/output/C#/CodeHubApp~CodeHub/CodeHub.iOS/WebResources/styles/xt256.css|CodeHubApp|CodeHub|xt256.css|CSS|69|5|18
./src/_00/output/C#/CodeHubApp~CodeHub/CodeHub.iOS/DialogElements/MultilinedElement.cs|CodeHubApp|CodeHub|MultilinedElement.cs|C#|68|0|9
./src/_00/output/C#/CodeHubApp~CodeHub/CodeHub.iOS/TableViewCells/FeedbackCellView.xib|CodeHubApp|CodeHub|FeedbackCellView.xib|XML|68|0|0
./src/_00/output/C#/CodeHubApp~CodeHub/CodeHub.iOS/Utilities/ViewControllerExtensions.cs|CodeHubApp|CodeHub|ViewControllerExtensions.cs|C#|68|4|13
./src/_00/output/C#/CodeHubApp~CodeHub/CodeHub.iOS/ViewControllers/Source/TagsViewController.cs|CodeHubApp|CodeHub|TagsViewController.cs|C#|68|0|12
./src/_00/output/C#/CodeHubApp~CodeHub/CodeHub.iOS/Views/ScrollingToolbarView.cs|CodeHubApp|CodeHub|ScrollingToolbarView.cs|C#|68|0|13
./src/_00/output/C#/CodeHubApp~CodeHub/CodeHub.Core/ViewModels/Issues/BaseIssuesViewModel.cs|CodeHubApp|CodeHub|BaseIssuesViewModel.cs|C#|67|0|9
./src/_00/output/C#/CodeHubApp~CodeHub/CodeHub.iOS/Transitions/SlideDownTransition.cs|CodeHubApp|CodeHub|SlideDownTransition.cs|C#|67|0|14
./src/_00/output/C#/CodeHubApp~CodeHub/CodeHub.iOS/Views/Issues/IssueAddView.cs|CodeHubApp|CodeHub|IssueAddView.cs|C#|67|0|15
./src/_00/output/C#/CodeHubApp~CodeHub/CodeHub.iOS/Views/ProgressBarView.cs|CodeHubApp|CodeHub|ProgressBarView.cs|C#|67|1|14
./src/_00/output/C#/CodeHubApp~CodeHub/CodeHub.iOS/ViewControllers/Source/BranchesAndTagsViewController.cs|CodeHubApp|CodeHub|BranchesAndTagsViewController.cs|C#|66|0|10
./src/_00/output/C#/CodeHubApp~CodeHub/CodeHub.iOS/WebResources/styles/default.css|CodeHubApp|CodeHub|default.css|CSS|66|8|25
./src/_00/output/C#/CodeHubApp~CodeHub/CodeHub.iOS/WebResources/styles/foundation.css|CodeHubApp|CodeHub|foundation.css|CSS|66|7|15
./src/_00/output/C#/CodeHubApp~CodeHub/CodeHub.iOS/WebResources/styles/monokai-sublime.css|CodeHubApp|CodeHub|monokai-sublime.css|CSS|66|3|14
./src/_00/output/C#/CodeHubApp~CodeHub/CodeHub.iOS/WebResources/styles/qtcreator_dark.css|CodeHubApp|CodeHub|qtcreator_dark.css|CSS|66|3|14
./src/_00/output/C#/CodeHubApp~CodeHub/CodeHub.iOS/WebResources/styles/qtcreator_light.css|CodeHubApp|CodeHub|qtcreator_light.css|CSS|66|3|14
./src/_00/output/C#/CodeHubApp~CodeHub/CodeHub.iOS/WebResources/styles/rainbow.css|CodeHubApp|CodeHub|rainbow.css|CSS|66|3|16
./src/_00/output/C#/CodeHubApp~CodeHub/CodeHub.iOS/Setup.cs|CodeHubApp|CodeHub|Setup.cs|C#|65|17|10
./src/_00/output/C#/CodeHubApp~CodeHub/CodeHub.iOS/WebResources/styles/atom-one-dark.css|CodeHubApp|CodeHub|atom-one-dark.css|CSS|65|16|15
./src/_00/output/C#/CodeHubApp~CodeHub/CodeHub.iOS/WebResources/styles/atom-one-light.css|CodeHubApp|CodeHub|atom-one-light.css|CSS|65|16|15
./src/_00/output/C#/CodeHubApp~CodeHub/CodeHub.iOS/ViewControllers/Application/FeedbackComposerViewController.cs|CodeHubApp|CodeHub|FeedbackComposerViewController.cs|C#|64|0|17
./src/_00/output/C#/CodeHubApp~CodeHub/CodeHub.iOS/WebResources/styles/atelier-cave-light.css|CodeHubApp|CodeHub|atelier-cave-light.css|CSS|64|9|12
./src/_00/output/C#/CodeHubApp~CodeHub/CodeHub.iOS/TableViewCells/PullRequestCellView.xib|CodeHubApp|CodeHub|PullRequestCellView.xib|XML|63|0|0
./src/_00/output/C#/CodeHubApp~CodeHub/CodeHub.iOS/ViewControllers/MarkdownComposerViewController.cs|CodeHubApp|CodeHub|MarkdownComposerViewController.cs|C#|63|0|12
./src/_00/output/C#/CodeHubApp~CodeHub/CodeHub.iOS/WebResources/styles/atelier-estuary-dark.css|CodeHubApp|CodeHub|atelier-estuary-dark.css|CSS|63|9|12
./src/_00/output/C#/CodeHubApp~CodeHub/CodeHub.iOS/WebResources/styles/atelier-estuary-light.css|CodeHubApp|CodeHub|atelier-estuary-light.css|CSS|63|9|12
./src/_00/output/C#/CodeHubApp~CodeHub/CodeHub.iOS/WebResources/styles/atelier-plateau-dark.css|CodeHubApp|CodeHub|atelier-plateau-dark.css|CSS|63|9|12
./src/_00/output/C#/CodeHubApp~CodeHub/CodeHub.iOS/WebResources/styles/atelier-plateau-light.css|CodeHubApp|CodeHub|atelier-plateau-light.css|CSS|63|9|12
./src/_00/output/C#/CodeHubApp~CodeHub/CodeHub.iOS/WebResources/styles/atelier-savanna-dark.css|CodeHubApp|CodeHub|atelier-savanna-dark.css|CSS|63|9|12
./src/_00/output/C#/CodeHubApp~CodeHub/CodeHub.iOS/WebResources/styles/atelier-savanna-light.css|CodeHubApp|CodeHub|atelier-savanna-light.css|CSS|63|9|12
./src/_00/output/C#/CodeHubApp~CodeHub/CodeHub.iOS/WebResources/styles/pojoaque.css|CodeHubApp|CodeHub|pojoaque.css|CSS|63|5|15
./src/_00/output/C#/CodeHubApp~CodeHub/CodeHub.iOS/Views/MilestoneView.cs|CodeHubApp|CodeHub|MilestoneView.cs|C#|62|0|9
./src/_00/output/C#/CodeHubApp~CodeHub/CodeHub.iOS/WebResources/styles/atelier-cave-dark.css|CodeHubApp|CodeHub|atelier-cave-dark.css|CSS|62|9|12
./src/_00/output/C#/CodeHubApp~CodeHub/CodeHub.iOS/WebResources/styles/solarized-dark.css|CodeHubApp|CodeHub|solarized-dark.css|CSS|62|9|13
./src/_00/output/C#/CodeHubApp~CodeHub/CodeHub.iOS/WebResources/styles/solarized-light.css|CodeHubApp|CodeHub|solarized-light.css|CSS|62|9|13
./src/_00/output/C#/CodeHubApp~CodeHub/CodeHub.iOS/ViewControllers/Filters/MyIssuesFilterViewController.cs|CodeHubApp|CodeHub|MyIssuesFilterViewController.cs|C#|61|1|11
./src/_00/output/C#/CodeHubApp~CodeHub/CodeHub.iOS/WebResources/styles/purebasic.css|CodeHubApp|CodeHub|purebasic.css|CSS|61|19|16
./src/_00/output/C#/CodeHubApp~CodeHub/CodeHub.Core/Services/ApplicationService.cs|CodeHubApp|CodeHub|ApplicationService.cs|C#|60|0|14
./src/_00/output/C#/CodeHubApp~CodeHub/CodeHub.iOS/Utilities/Graphics.cs|CodeHubApp|CodeHub|Graphics.cs|C#|60|12|13
./src/_00/output/C#/CodeHubApp~CodeHub/CodeHub.iOS/WebResources/styles/darcula.css|CodeHubApp|CodeHub|darcula.css|CSS|60|3|14
./src/_00/output/C#/CodeHubApp~CodeHub/CodeHub.iOS/WebResources/styles/zenburn.css|CodeHubApp|CodeHub|zenburn.css|CSS|60|4|16
./src/_00/output/C#/CodeHubApp~CodeHub/CodeHub.Core/Filters/IssuesFilterModel.cs|CodeHubApp|CodeHub|IssuesFilterModel.cs|C#|59|11|16
./src/_00/output/C#/CodeHubApp~CodeHub/CodeHub.Core/Filters/MyIssuesFilterModel.cs|CodeHubApp|CodeHub|MyIssuesFilterModel.cs|C#|59|6|12
./src/_00/output/C#/CodeHubApp~CodeHub/CodeHub.iOS/UrlRouterProvider.cs|CodeHubApp|CodeHub|UrlRouterProvider.cs|C#|59|4|9
./src/_00/output/C#/CodeHubApp~CodeHub/CodeHub.iOS/WebResources/styles/monokai.css|CodeHubApp|CodeHub|monokai.css|CSS|59|3|8
./src/_00/output/C#/CodeHubApp~CodeHub/CodeHub.iOS/WebResources/styles/school-book.css|CodeHubApp|CodeHub|school-book.css|CSS|59|3|10
./src/_00/output/C#/CodeHubApp~CodeHub/CodeHub.Core/ViewModels/App/FeedbackComposerViewModel.cs|CodeHubApp|CodeHub|FeedbackComposerViewModel.cs|C#|58|0|14
./src/_00/output/C#/CodeHubApp~CodeHub/CodeHub.iOS/TouchViewPresenter.cs|CodeHubApp|CodeHub|TouchViewPresenter.cs|C#|58|0|10
./src/_00/output/C#/CodeHubApp~CodeHub/CodeHub.iOS/Views/ButtonAccessoryView.cs|CodeHubApp|CodeHub|ButtonAccessoryView.cs|C#|58|0|9
./src/_00/output/C#/CodeHubApp~CodeHub/CodeHub.iOS/WebResources/styles/arta.css|CodeHubApp|CodeHub|arta.css|CSS|58|4|11
./src/_00/output/C#/CodeHubApp~CodeHub/CodeHub.iOS/WebResources/styles/ir-black.css|CodeHubApp|CodeHub|ir-black.css|CSS|58|3|12
./src/_00/output/C#/CodeHubApp~CodeHub/CodeHub.iOS/WebResources/styles/far.css|CodeHubApp|CodeHub|far.css|CSS|57|3|11
./src/_00/output/C#/CodeHubApp~CodeHub/CodeHub.iOS/WebResources/styles/hopscotch.css|CodeHubApp|CodeHub|hopscotch.css|CSS|57|15|11
./src/_00/output/C#/CodeHubApp~CodeHub/CodeHub.Core/ViewModels/Issues/IssueAddViewModel.cs|CodeHubApp|CodeHub|IssueAddViewModel.cs|C#|56|0|8
./src/_00/output/C#/CodeHubApp~CodeHub/CodeHub.Core/ViewModels/Source/EditSourceViewModel.cs|CodeHubApp|CodeHub|EditSourceViewModel.cs|C#|56|0|14
./src/_00/output/C#/CodeHubApp~CodeHub/CodeHub.iOS/DialogElements/ChangesetElement.cs|CodeHubApp|CodeHub|ChangesetElement.cs|C#|56|1|10
./src/_00/output/C#/CodeHubApp~CodeHub/CodeHub.iOS/TableViewCells/RepositoryCellView.cs|CodeHubApp|CodeHub|RepositoryCellView.cs|C#|56|0|11
./src/_00/output/C#/CodeHubApp~CodeHub/CodeHub.iOS/ViewControllers/Walkthrough/PromoteViewController.cs|CodeHubApp|CodeHub|PromoteViewController.cs|C#|56|0|11
./src/_00/output/C#/CodeHubApp~CodeHub/CodeHub.iOS/WebResources/styles/github-gist.css|CodeHubApp|CodeHub|github-gist.css|CSS|56|4|11
./src/_00/output/C#/CodeHubApp~CodeHub/CodeHub.Core/ViewModels/Search/RepositoryExploreViewModel.cs|CodeHubApp|CodeHub|RepositoryExploreViewModel.cs|C#|55|0|12
./src/_00/output/C#/CodeHubApp~CodeHub/CodeHub.iOS/Views/Issues/IssueLabelsView.cs|CodeHubApp|CodeHub|IssueLabelsView.cs|C#|55|0|10
./src/_00/output/C#/CodeHubApp~CodeHub/CodeHub.iOS/DialogElements/IssueElement.cs|CodeHubApp|CodeHub|IssueElement.cs|C#|54|0|11
./src/_00/output/C#/CodeHubApp~CodeHub/CodeHub.iOS/Services/FeaturesService.cs|CodeHubApp|CodeHub|FeaturesService.cs|C#|54|0|10
./src/_00/output/C#/CodeHubApp~CodeHub/CodeHub.iOS/ViewControllers/Organizations/OrganizationViewController.cs|CodeHubApp|CodeHub|OrganizationViewController.cs|C#|54|0|11
./src/_00/output/C#/CodeHubApp~CodeHub/CodeHub.iOS/ViewControllers/Walkthrough/AboutViewController.xib|CodeHubApp|CodeHub|AboutViewController.xib|XML|54|0|0
./src/_00/output/C#/CodeHubApp~CodeHub/CodeHub.iOS/Views/MarkdownAccessoryView.cs|CodeHubApp|CodeHub|MarkdownAccessoryView.cs|C#|54|0|7
./src/_00/output/C#/CodeHubApp~CodeHub/CodeHub.iOS/Views/RetryListView.cs|CodeHubApp|CodeHub|RetryListView.cs|C#|54|0|15
./src/_00/output/C#/CodeHubApp~CodeHub/CodeHub.iOS/WebResources/styles/ocean.css|CodeHubApp|CodeHub|ocean.css|CSS|54|10|10
./src/_00/output/C#/CodeHubApp~CodeHub/CodeHub.iOS/WebResources/styles/tomorrow-night-blue.css|CodeHubApp|CodeHub|tomorrow-night-blue.css|CSS|54|11|10
./src/_00/output/C#/CodeHubApp~CodeHub/CodeHub.iOS/WebResources/styles/tomorrow-night-bright.css|CodeHubApp|CodeHub|tomorrow-night-bright.css|CSS|54|10|10
./src/_00/output/C#/CodeHubApp~CodeHub/CodeHub.iOS/WebResources/styles/tomorrow-night-eighties.css|CodeHubApp|CodeHub|tomorrow-night-eighties.css|CSS|54|10|10
./src/_00/output/C#/CodeHubApp~CodeHub/CodeHub.iOS/WebResources/styles/tomorrow-night.css|CodeHubApp|CodeHub|tomorrow-night.css|CSS|54|11|10
./src/_00/output/C#/CodeHubApp~CodeHub/CodeHub.iOS/WebResources/styles/tomorrow.css|CodeHubApp|CodeHub|tomorrow.css|CSS|54|8|10
./src/_00/output/C#/CodeHubApp~CodeHub/CodeHub.Core/Services/IAlertDialogService.cs|CodeHubApp|CodeHub|IAlertDialogService.cs|C#|53|0|10
./src/_00/output/C#/CodeHubApp~CodeHub/CodeHub.Core/ViewModels/App/FeedbackViewModel.cs|CodeHubApp|CodeHub|FeedbackViewModel.cs|C#|53|0|14
./src/_00/output/C#/CodeHubApp~CodeHub/CodeHub.iOS/OcticonExtensions.cs|CodeHubApp|CodeHub|OcticonExtensions.cs|C#|53|1|9
./src/_00/output/C#/CodeHubApp~CodeHub/CodeHub.iOS/WebResources/styles/color-brewer.css|CodeHubApp|CodeHub|color-brewer.css|CSS|53|5|13
./src/_00/output/C#/CodeHubApp~CodeHub/CodeHub.iOS/WebResources/styles/dracula.css|CodeHubApp|CodeHub|dracula.css|CSS|53|9|14
./src/_00/output/C#/CodeHubApp~CodeHub/CodeHub.iOS/WebResources/styles/kimbie.dark.css|CodeHubApp|CodeHub|kimbie.dark.css|CSS|53|12|9
./src/_00/output/C#/CodeHubApp~CodeHub/CodeHub.iOS/WebResources/styles/kimbie.light.css|CodeHubApp|CodeHub|kimbie.light.css|CSS|53|12|9
./src/_00/output/C#/CodeHubApp~CodeHub/CodeHub.iOS/WebResources/styles/magula.css|CodeHubApp|CodeHub|magula.css|CSS|53|8|9
./src/_00/output/C#/CodeHubApp~CodeHub/CodeHub.iOS/WebResources/styles/vs.css|CodeHubApp|CodeHub|vs.css|CSS|53|3|12
./src/_00/output/C#/CodeHubApp~CodeHub/CodeHub.Core/ViewModels/MarkdownAccessoryViewModel.cs|CodeHubApp|CodeHub|MarkdownAccessoryViewModel.cs|C#|52|0|10
./src/_00/output/C#/CodeHubApp~CodeHub/CodeHub.iOS/TableViewCells/CommitCellView.cs|CodeHubApp|CodeHub|CommitCellView.cs|C#|52|0|10
./src/_00/output/C#/CodeHubApp~CodeHub/CodeHub.iOS/WebResources/styles/brown-paper.css|CodeHubApp|CodeHub|brown-paper.css|CSS|52|3|9
./src/_00/output/C#/CodeHubApp~CodeHub/CodeHub.iOS/WebResources/styles/paraiso-dark.css|CodeHubApp|CodeHub|paraiso-dark.css|CSS|52|11|9
./src/_00/output/C#/CodeHubApp~CodeHub/CodeHub.iOS/WebResources/styles/paraiso-light.css|CodeHubApp|CodeHub|paraiso-light.css|CSS|52|11|9
./src/_00/output/C#/CodeHubApp~CodeHub/CodeHub.Core/Settings.cs|CodeHubApp|CodeHub|Settings.cs|C#|51|0|9
./src/_00/output/C#/CodeHubApp~CodeHub/CodeHub.iOS/Views/Issues/MyIssuesView.cs|CodeHubApp|CodeHub|MyIssuesView.cs|C#|51|1|12
./src/_00/output/C#/CodeHubApp~CodeHub/CodeHub.iOS/WebResources/styles/androidstudio.css|CodeHubApp|CodeHub|androidstudio.css|CSS|51|4|11
./src/_00/output/C#/CodeHubApp~CodeHub/CodeHub.iOS/WebResources/styles/atelier-dune-dark.css|CodeHubApp|CodeHub|atelier-dune-dark.css|CSS|51|9|9
./src/_00/output/C#/CodeHubApp~CodeHub/CodeHub.iOS/WebResources/styles/atelier-dune-light.css|CodeHubApp|CodeHub|atelier-dune-light.css|CSS|51|9|9
./src/_00/output/C#/CodeHubApp~CodeHub/CodeHub.iOS/WebResources/styles/atelier-forest-dark.css|CodeHubApp|CodeHub|atelier-forest-dark.css|CSS|51|9|9
./src/_00/output/C#/CodeHubApp~CodeHub/CodeHub.iOS/WebResources/styles/atelier-forest-light.css|CodeHubApp|CodeHub|atelier-forest-light.css|CSS|51|9|9
./src/_00/output/C#/CodeHubApp~CodeHub/CodeHub.iOS/WebResources/styles/atelier-heath-dark.css|CodeHubApp|CodeHub|atelier-heath-dark.css|CSS|51|9|9
./src/_00/output/C#/CodeHubApp~CodeHub/CodeHub.iOS/WebResources/styles/atelier-heath-light.css|CodeHubApp|CodeHub|atelier-heath-light.css|CSS|51|9|9
./src/_00/output/C#/CodeHubApp~CodeHub/CodeHub.iOS/WebResources/styles/atelier-lakeside-dark.css|CodeHubApp|CodeHub|atelier-lakeside-dark.css|CSS|51|9|9
./src/_00/output/C#/CodeHubApp~CodeHub/CodeHub.iOS/WebResources/styles/atelier-lakeside-light.css|CodeHubApp|CodeHub|atelier-lakeside-light.css|CSS|51|9|9
./src/_00/output/C#/CodeHubApp~CodeHub/CodeHub.iOS/WebResources/styles/atelier-seaside-dark.css|CodeHubApp|CodeHub|atelier-seaside-dark.css|CSS|51|9|9
./src/_00/output/C#/CodeHubApp~CodeHub/CodeHub.iOS/WebResources/styles/atelier-seaside-light.css|CodeHubApp|CodeHub|atelier-seaside-light.css|CSS|51|9|9
./src/_00/output/C#/CodeHubApp~CodeHub/CodeHub.iOS/WebResources/styles/atelier-sulphurpool-dark.css|CodeHubApp|CodeHub|atelier-sulphurpool-dark.css|CSS|51|9|9
./src/_00/output/C#/CodeHubApp~CodeHub/CodeHub.iOS/WebResources/styles/atelier-sulphurpool-light.css|CodeHubApp|CodeHub|atelier-sulphurpool-light.css|CSS|51|9|9
./src/_00/output/C#/CodeHubApp~CodeHub/CodeHub.iOS/WebResources/styles/dark.css|CodeHubApp|CodeHub|dark.css|CSS|51|3|9
./src/_00/output/C#/CodeHubApp~CodeHub/CodeHub.iOS/Launch.storyboard|CodeHubApp|CodeHub|Launch.storyboard|XML|50|1|0
./src/_00/output/C#/CodeHubApp~CodeHub/CodeHub.iOS/Views/Issues/IssueAssignedToView.cs|CodeHubApp|CodeHub|IssueAssignedToView.cs|C#|50|0|7
./src/_00/output/C#/CodeHubApp~CodeHub/CodeHub.iOS/WebResources/styles/mono-blue.css|CodeHubApp|CodeHub|mono-blue.css|CSS|50|3|6
./src/_00/output/C#/CodeHubApp~CodeHub/CodeHub.Core/Services/MessageService.cs|CodeHubApp|CodeHub|MessageService.cs|C#|49|0|9
./src/_00/output/C#/CodeHubApp~CodeHub/CodeHub.iOS/Views/ExtendedUITextView.cs|CodeHubApp|CodeHub|ExtendedUITextView.cs|C#|49|0|7
./src/_00/output/C#/CodeHubApp~CodeHub/CodeHub.iOS/XCallback/XCallbackProvider.cs|CodeHubApp|CodeHub|XCallbackProvider.cs|C#|49|0|10
./src/_00/output/C#/CodeHubApp~CodeHub/CodeHub.Core/Filters/NotificationsFilterModel.cs|CodeHubApp|CodeHub|NotificationsFilterModel.cs|C#|48|0|11
./src/_00/output/C#/CodeHubApp~CodeHub/CodeHub.Core/ViewModels/Search/UserExploreViewModel.cs|CodeHubApp|CodeHub|UserExploreViewModel.cs|C#|48|0|10
./src/_00/output/C#/CodeHubApp~CodeHub/CodeHub.iOS/TableViewCells/MultilinedCellView.cs|CodeHubApp|CodeHub|MultilinedCellView.cs|C#|48|0|10
./src/_00/output/C#/CodeHubApp~CodeHub/CodeHub.iOS/TableViewCells/MultilinedCellView.xib|CodeHubApp|CodeHub|MultilinedCellView.xib|XML|48|0|0
./src/_00/output/C#/CodeHubApp~CodeHub/CodeHub.iOS/TableViewCells/NewsCellView.designer.cs|CodeHubApp|CodeHub|NewsCellView.designer.cs|C# Designer|48|6|12
./src/_00/output/C#/CodeHubApp~CodeHub/CodeHub.iOS/TableViewCells/PullRequestCellView.cs|CodeHubApp|CodeHub|PullRequestCellView.cs|C#|48|0|10
./src/_00/output/C#/CodeHubApp~CodeHub/CodeHub.iOS/Views/TrendingTitleButton.cs|CodeHubApp|CodeHub|TrendingTitleButton.cs|C#|48|0|8
./src/_00/output/C#/CodeHubApp~CodeHub/CodeHub.iOS/WebResources/styles/codepen-embed.css|CodeHubApp|CodeHub|codepen-embed.css|CSS|48|5|7
./src/_00/output/C#/CodeHubApp~CodeHub/CodeHub.iOS/ViewControllers/Repositories/PrivateRepositoryViewController.cs|CodeHubApp|CodeHub|PrivateRepositoryViewController.cs|C#|47|0|11
./src/_00/output/C#/CodeHubApp~CodeHub/CodeHub.iOS/Views/AddRemoveView.cs|CodeHubApp|CodeHub|AddRemoveView.cs|C#|47|0|12
./src/_00/output/C#/CodeHubApp~CodeHub/CodeHub.iOS/Views/Issues/IssueMilestonesView.cs|CodeHubApp|CodeHub|IssueMilestonesView.cs|C#|47|0|8
./src/_00/output/C#/CodeHubApp~CodeHub/CodeHub.iOS/Views/SlideUpTitleView.cs|CodeHubApp|CodeHub|SlideUpTitleView.cs|C#|47|0|8
./src/_00/output/C#/CodeHubApp~CodeHub/CodeHub.iOS/XCallback/XCallbackQuery.cs|CodeHubApp|CodeHub|XCallbackQuery.cs|C#|47|0|6
./src/_00/output/C#/CodeHubApp~CodeHub/CodeHub/WebViews/SyntaxHighlighterModel.cs|CodeHubApp|CodeHub|SyntaxHighlighterModel.cs|C#|47|0|6
./src/_00/output/C#/CodeHubApp~CodeHub/CodeHub.Core/ViewModels/Accounts/OAuthLoginViewModel.cs|CodeHubApp|CodeHub|OAuthLoginViewModel.cs|C#|46|0|8
./src/_00/output/C#/CodeHubApp~CodeHub/CodeHub.iOS/packages.config|CodeHubApp|CodeHub|packages.config|XML|46|0|0
./src/_00/output/C#/CodeHubApp~CodeHub/CodeHub.Core/Utils/GitHubAvatar.cs|CodeHubApp|CodeHub|GitHubAvatar.cs|C#|45|0|9
./src/_00/output/C#/CodeHubApp~CodeHub/CodeHub.Core/ViewModels/PullRequests/PullRequestFilesViewModel.cs|CodeHubApp|CodeHub|PullRequestFilesViewModel.cs|C#|45|0|11
./src/_00/output/C#/CodeHubApp~CodeHub/CodeHub.iOS/DialogElements/CommitElement.cs|CodeHubApp|CodeHub|CommitElement.cs|C#|45|0|9
./src/_00/output/C#/CodeHubApp~CodeHub/CodeHub.iOS/TableViewCells/GistCellView.cs|CodeHubApp|CodeHub|GistCellView.cs|C#|45|0|8
./src/_00/output/C#/CodeHubApp~CodeHub/CodeHub.iOS/ViewControllers/Walkthrough/CardPageViewController.xib|CodeHubApp|CodeHub|CardPageViewController.xib|XML|45|0|0
./src/_00/output/C#/CodeHubApp~CodeHub/CodeHub.Core/ViewModels/App/SupportViewModel.cs|CodeHubApp|CodeHub|SupportViewModel.cs|C#|43|0|11
./src/_00/output/C#/CodeHubApp~CodeHub/CodeHub.iOS/DialogElements/LabelElement.cs|CodeHubApp|CodeHub|LabelElement.cs|C#|43|0|9
./src/_00/output/C#/CodeHubApp~CodeHub/CodeHub.iOS/DialogElements/UserElement.cs|CodeHubApp|CodeHub|UserElement.cs|C#|43|6|5
./src/_00/output/C#/CodeHubApp~CodeHub/CodeHub.iOS/TableViewCells/MilestoneTableViewCell.cs|CodeHubApp|CodeHub|MilestoneTableViewCell.cs|C#|43|0|8
./src/_00/output/C#/CodeHubApp~CodeHub/PRIVATE-POLICY.md|CodeHubApp|CodeHub|PRIVATE-POLICY.md|Markdown|43|0|30
./src/_00/output/C#/CodeHubApp~CodeHub/CodeHub.Core/Extensions/TaskExtensions.cs|CodeHubApp|CodeHub|TaskExtensions.cs|C#|42|1|9
./src/_00/output/C#/CodeHubApp~CodeHub/CodeHub.iOS/TableViewCells/CommitCellView.designer.cs|CodeHubApp|CodeHub|CommitCellView.designer.cs|C# Designer|42|6|10
./src/_00/output/C#/CodeHubApp~CodeHub/CodeHub.iOS/TableViewCells/FeedbackCellView.cs|CodeHubApp|CodeHub|FeedbackCellView.cs|C#|42|0|8
./src/_00/output/C#/CodeHubApp~CodeHub/CodeHub.iOS/TableViewCells/GistCellView.designer.cs|CodeHubApp|CodeHub|GistCellView.designer.cs|C# Designer|42|6|10
./src/_00/output/C#/CodeHubApp~CodeHub/CodeHub.iOS/ViewControllers/Search/ExploreViewController.cs|CodeHubApp|CodeHub|ExploreViewController.cs|C#|42|0|10
./src/_00/output/C#/CodeHubApp~CodeHub/CodeHub.Core/packages.config|CodeHubApp|CodeHub|packages.config|XML|41|0|0
./src/_00/output/C#/CodeHubApp~CodeHub/CodeHub.iOS/DialogElements/MilestoneElement.cs|CodeHubApp|CodeHub|MilestoneElement.cs|C#|40|0|9
./src/_00/output/C#/CodeHubApp~CodeHub/CodeHub.iOS/ViewControllers/Walkthrough/GoProViewController.cs|CodeHubApp|CodeHub|GoProViewController.cs|C#|40|0|8
./src/_00/output/C#/CodeHubApp~CodeHub/CodeHub.iOS/Views/ProfileButton.cs|CodeHubApp|CodeHub|ProfileButton.cs|C#|40|0|7
./src/_00/output/C#/CodeHubApp~CodeHub/CodeHub.Core/ViewModels/Gists/GistItemViewModel.cs|CodeHubApp|CodeHub|GistItemViewModel.cs|C#|39|0|11
./src/_00/output/C#/CodeHubApp~CodeHub/CodeHub.iOS/Views/PullRequests/PullRequestsView.cs|CodeHubApp|CodeHub|PullRequestsView.cs|C#|39|0|10
./src/_00/output/C#/CodeHubApp~CodeHub/CodeHub.Core/Utils/GitHubExtensions.cs|CodeHubApp|CodeHub|GitHubExtensions.cs|C#|38|0|8
./src/_00/output/C#/CodeHubApp~CodeHub/CodeHub.Core/ViewModels/FilterableCollectionViewModel.cs|CodeHubApp|CodeHub|FilterableCollectionViewModel.cs|C#|38|0|5
./src/_00/output/C#/CodeHubApp~CodeHub/CodeHub.Core/ViewModels/Organizations/OrganizationViewModel.cs|CodeHubApp|CodeHub|OrganizationViewModel.cs|C#|38|0|9
./src/_00/output/C#/CodeHubApp~CodeHub/CodeHub.Core/ViewModels/Repositories/RepositoryItemViewModel.cs|CodeHubApp|CodeHub|RepositoryItemViewModel.cs|C#|38|0|12
./src/_00/output/C#/CodeHubApp~CodeHub/CodeHub.iOS/ViewControllers/MultipleChoiceViewController.cs|CodeHubApp|CodeHub|MultipleChoiceViewController.cs|C#|38|0|5
./src/_00/output/C#/CodeHubApp~CodeHub/CodeHub.Core/Services/AccountsService.cs|CodeHubApp|CodeHub|AccountsService.cs|C#|37|0|9
./src/_00/output/C#/CodeHubApp~CodeHub/CodeHub.iOS/ViewControllers/Organizations/OrganizationsViewController.cs|CodeHubApp|CodeHub|OrganizationsViewController.cs|C#|37|0|5
./src/_00/output/C#/CodeHubApp~CodeHub/CodeHub.iOS/TableViewCells/FeedbackCellView.designer.cs|CodeHubApp|CodeHub|FeedbackCellView.designer.cs|C# Designer|36|6|8
./src/_00/output/C#/CodeHubApp~CodeHub/CodeHub.iOS/TableViewCells/PullRequestCellView.designer.cs|CodeHubApp|CodeHub|PullRequestCellView.designer.cs|C# Designer|36|6|8
./src/_00/output/C#/CodeHubApp~CodeHub/CodeHub.iOS/TableViewCells/UserTableViewCell.cs|CodeHubApp|CodeHub|UserTableViewCell.cs|C#|36|0|6
./src/_00/output/C#/CodeHubApp~CodeHub/CodeHub.iOS/ViewControllers/Repositories/PrivateRepositoryViewController.designer.cs|CodeHubApp|CodeHub|PrivateRepositoryViewController.designer.cs|C# Designer|36|6|8
./src/_00/output/C#/CodeHubApp~CodeHub/CodeHub.iOS/Views/EmptyListView.cs|CodeHubApp|CodeHub|EmptyListView.cs|C#|36|0|10
./src/_00/output/C#/CodeHubApp~CodeHub/CodeHub.iOS/Utilities/ReactiveCommandExtensions.cs|CodeHubApp|CodeHub|ReactiveCommandExtensions.cs|C#|35|1|8
./src/_00/output/C#/CodeHubApp~CodeHub/CodeHub.iOS/Utilities/UIImageExtensions.cs|CodeHubApp|CodeHub|UIImageExtensions.cs|C#|35|7|4
./src/_00/output/C#/CodeHubApp~CodeHub/CodeHub.iOS/WebResources/styles/ascetic.css|CodeHubApp|CodeHub|ascetic.css|CSS|35|3|7
./src/_00/output/C#/CodeHubApp~CodeHub/CodeHub.Core/Data/Language.cs|CodeHubApp|CodeHub|Language.cs|C#|34|0|7
./src/_00/output/C#/CodeHubApp~CodeHub/CodeHub.Core/ViewModels/Organizations/OrganizationsViewModel.cs|CodeHubApp|CodeHub|OrganizationsViewModel.cs|C#|34|0|8
./src/_00/output/C#/CodeHubApp~CodeHub/CodeHub.iOS/DialogElements/PullRequestElement.cs|CodeHubApp|CodeHub|PullRequestElement.cs|C#|34|0|6
./src/_00/output/C#/CodeHubApp~CodeHub/CodeHub.iOS/Utilities/NetworkActivity.cs|CodeHubApp|CodeHub|NetworkActivity.cs|C#|34|9|7
./src/_00/output/C#/CodeHubApp~CodeHub/CodeHub.Core/Utils/GitHubList.cs|CodeHubApp|CodeHub|GitHubList.cs|C#|33|0|6
./src/_00/output/C#/CodeHubApp~CodeHub/CodeHub.Core/Utils/OctokitClientFactory.cs|CodeHubApp|CodeHub|OctokitClientFactory.cs|C#|33|0|5
./src/_00/output/C#/CodeHubApp~CodeHub/CodeHub.Core/ViewModels/Events/OrganizationEventsViewModel.cs|CodeHubApp|CodeHub|OrganizationEventsViewModel.cs|C#|33|0|6
./src/_00/output/C#/CodeHubApp~CodeHub/CodeHub.Core/ViewModels/Events/RepositoryEventsViewModel.cs|CodeHubApp|CodeHub|RepositoryEventsViewModel.cs|C#|33|0|5
./src/_00/output/C#/CodeHubApp~CodeHub/CodeHub.Core/ViewModels/PullRequests/PullRequestCommitsViewModel.cs|CodeHubApp|CodeHub|PullRequestCommitsViewModel.cs|C#|33|0|6
./src/_00/output/C#/CodeHubApp~CodeHub/CodeHub.iOS/ViewControllers/Organizations/TeamsViewController.cs|CodeHubApp|CodeHub|TeamsViewController.cs|C#|33|0|4
./src/_00/output/C#/CodeHubApp~CodeHub/CodeHub.Core/Interactions.cs|CodeHubApp|CodeHub|Interactions.cs|C#|32|0|5
./src/_00/output/C#/CodeHubApp~CodeHub/CodeHub.iOS/Views/Source/CommitsView.cs|CodeHubApp|CodeHub|CommitsView.cs|C#|32|0|7
./src/_00/output/C#/CodeHubApp~CodeHub/CodeHub/WebViews/CommentsModel.cs|CodeHubApp|CodeHub|CommentsModel.cs|C#|32|0|10
./src/_00/output/C#/CodeHubApp~CodeHub/CodeHub.iOS/Utilities/UIImageViewExtensions.cs|CodeHubApp|CodeHub|UIImageViewExtensions.cs|C#|31|1|5
./src/_00/output/C#/CodeHubApp~CodeHub/CodeHub.iOS/Views/Issues/BaseIssuesView.cs|CodeHubApp|CodeHub|BaseIssuesView.cs|C#|31|0|4
./src/_00/output/C#/CodeHubApp~CodeHub/CodeHub.Core/ViewModels/Changesets/ChangesetsViewModel.cs|CodeHubApp|CodeHub|ChangesetsViewModel.cs|C#|30|0|6
./src/_00/output/C#/CodeHubApp~CodeHub/CodeHub.iOS/ViewControllers/Walkthrough/GoProViewController.designer.cs|CodeHubApp|CodeHub|GoProViewController.designer.cs|C# Designer|30|6|6
./src/_00/output/C#/CodeHubApp~CodeHub/CodeHub.iOS/ViewControllers/Walkthrough/OrgViewController.designer.cs|CodeHubApp|CodeHub|OrgViewController.designer.cs|C# Designer|30|6|6
./src/_00/output/C#/CodeHubApp~CodeHub/CodeHub.iOS/DialogElements/CommentElement.cs|CodeHubApp|CodeHub|CommentElement.cs|C#|29|0|5
./src/_00/output/C#/CodeHubApp~CodeHub/CodeHub.iOS/ViewControllers/Walkthrough/FeedbackViewController.cs|CodeHubApp|CodeHub|FeedbackViewController.cs|C#|29|0|6
./src/_00/output/C#/CodeHubApp~CodeHub/README.md|CodeHubApp|CodeHub|README.md|Markdown|29|0|21
./src/_00/output/C#/CodeHubApp~CodeHub/CodeHub.Core/ViewModels/App/FeedbackItemViewModel.cs|CodeHubApp|CodeHub|FeedbackItemViewModel.cs|C#|28|0|10
./src/_00/output/C#/CodeHubApp~CodeHub/CodeHub.Core/ViewModels/Organizations/TeamsViewModel.cs|CodeHubApp|CodeHub|TeamsViewModel.cs|C#|27|0|6
./src/_00/output/C#/CodeHubApp~CodeHub/CodeHub.Core/Data/TrendingRepository.cs|CodeHubApp|CodeHub|TrendingRepository.cs|C#|26|0|5
./src/_00/output/C#/CodeHubApp~CodeHub/CodeHub.Core/Services/ImgurService.cs|CodeHubApp|CodeHub|ImgurService.cs|C#|26|0|3
./src/_00/output/C#/CodeHubApp~CodeHub/CodeHub.Core/ViewModels/Events/UserEventsViewModel.cs|CodeHubApp|CodeHub|UserEventsViewModel.cs|C#|26|0|4
./src/_00/output/C#/CodeHubApp~CodeHub/CodeHub.iOS/Services/MarkdownService.cs|CodeHubApp|CodeHub|MarkdownService.cs|C#|26|0|4
./src/_00/output/C#/CodeHubApp~CodeHub/CodeHub.Core/Utils/OctokitNetworkClient.cs|CodeHubApp|CodeHub|OctokitNetworkClient.cs|C#|25|4|6
./src/_00/output/C#/CodeHubApp~CodeHub/CodeHub.iOS/ViewControllers/Walkthrough/OrgViewController.cs|CodeHubApp|CodeHub|OrgViewController.cs|C#|25|0|6
./src/_00/output/C#/CodeHubApp~CodeHub/CodeHub.iOS/TableViewCells/MultilinedCellView.designer.cs|CodeHubApp|CodeHub|MultilinedCellView.designer.cs|C# Designer|24|6|4
./src/_00/output/C#/CodeHubApp~CodeHub/CodeHub.iOS/ViewControllers/Walkthrough/PromoteViewController.designer.cs|CodeHubApp|CodeHub|PromoteViewController.designer.cs|C# Designer|24|6|4
./src/_00/output/C#/CodeHubApp~CodeHub/CodeHub.Core/ViewModels/FilterGroup.cs|CodeHubApp|CodeHub|FilterGroup.cs|C#|23|0|6
./src/_00/output/C#/CodeHubApp~CodeHub/CodeHub.iOS/DialogElements/DummyInputElement.cs|CodeHubApp|CodeHub|DummyInputElement.cs|C#|23|0|4
./src/_00/output/C#/CodeHubApp~CodeHub/CodeHub.iOS/DialogElements/PaginateElement.cs|CodeHubApp|CodeHub|PaginateElement.cs|C#|23|0|4
./src/_00/output/C#/CodeHubApp~CodeHub/CodeHub.iOS/ViewControllers/Walkthrough/CardPageViewController.cs|CodeHubApp|CodeHub|CardPageViewController.cs|C#|23|0|6
./src/_00/output/C#/CodeHubApp~CodeHub/CodeHub.iOS/Views/Source/ChangesetsView.cs|CodeHubApp|CodeHub|ChangesetsView.cs|C#|23|0|3
./src/_00/output/C#/CodeHubApp~CodeHub/CodeHub.iOS/TableViewSources/RepositoryTableViewSource.cs|CodeHubApp|CodeHub|RepositoryTableViewSource.cs|C#|22|0|4
./src/_00/output/C#/CodeHubApp~CodeHub/CodeHub.Core/Filters/BaseIssuesFilterModel.cs|CodeHubApp|CodeHub|BaseIssuesFilterModel.cs|C#|21|0|5
./src/_00/output/C#/CodeHubApp~CodeHub/CodeHub.Core/Utils/FilterGroup.cs|CodeHubApp|CodeHub|FilterGroup.cs|C#|21|0|5
./src/_00/output/C#/CodeHubApp~CodeHub/CodeHub.Core/Utils/RepositoryIdentifier.cs|CodeHubApp|CodeHub|RepositoryIdentifier.cs|C#|21|0|4
./src/_00/output/C#/CodeHubApp~CodeHub/CodeHub.iOS/ViewControllers/Walkthrough/WelcomeViewController.cs|CodeHubApp|CodeHub|WelcomeViewController.cs|C#|21|0|4
./src/_00/output/C#/CodeHubApp~CodeHub/CodeHub.iOS/Views/MenuSectionView.cs|CodeHubApp|CodeHub|MenuSectionView.cs|C#|21|0|3
./src/_00/output/C#/CodeHubApp~CodeHub/CodeHub.Core/Data/LanguageRepository.cs|CodeHubApp|CodeHub|LanguageRepository.cs|C#|20|0|3
./src/_00/output/C#/CodeHubApp~CodeHub/CodeHub.Core/ViewModels/Search/ExploreViewModel.cs|CodeHubApp|CodeHub|ExploreViewModel.cs|C#|20|0|5
./src/_00/output/C#/CodeHubApp~CodeHub/CodeHub.Core/ViewModels/Users/UserItemViewModel.cs|CodeHubApp|CodeHub|UserItemViewModel.cs|C#|20|0|7
./src/_00/output/C#/CodeHubApp~CodeHub/CodeHub.iOS/ViewControllers/Events/RepositoryEventsViewController.cs|CodeHubApp|CodeHub|RepositoryEventsViewController.cs|C#|20|0|3
./src/_00/output/C#/CodeHubApp~CodeHub/CodeHub.Core/Secrets.cs|CodeHubApp|CodeHub|Secrets.cs|C#|19|0|3
./src/_00/output/C#/CodeHubApp~CodeHub/CodeHub.Core/Extensions/ObservableExtensions.cs|CodeHubApp|CodeHub|ObservableExtensions.cs|C#|18|1|2
./src/_00/output/C#/CodeHubApp~CodeHub/CodeHub.Core/Services/INetworkActivityService.cs|CodeHubApp|CodeHub|INetworkActivityService.cs|C#|18|0|3
./src/_00/output/C#/CodeHubApp~CodeHub/CodeHub.iOS/ViewControllers/Walkthrough/CardPageViewController.designer.cs|CodeHubApp|CodeHub|CardPageViewController.designer.cs|C# Designer|18|6|2
./src/_00/output/C#/CodeHubApp~CodeHub/CodeHub.iOS/ViewControllers/Walkthrough/FeedbackViewController.designer.cs|CodeHubApp|CodeHub|FeedbackViewController.designer.cs|C# Designer|18|6|2
./src/_00/output/C#/CodeHubApp~CodeHub/CodeHub.iOS/ViewControllers/Walkthrough/WelcomeViewController.designer.cs|CodeHubApp|CodeHub|WelcomeViewController.designer.cs|C# Designer|18|6|2
./src/_00/output/C#/CodeHubApp~CodeHub/CodeHub.Core/Extensions/CommandExtensions.cs|CodeHubApp|CodeHub|CommandExtensions.cs|C#|17|1|3
./src/_00/output/C#/CodeHubApp~CodeHub/CodeHub.Core/Services/IApplicationService.cs|CodeHubApp|CodeHub|IApplicationService.cs|C#|17|0|8
./src/_00/output/C#/CodeHubApp~CodeHub/CodeHub.iOS/Views/LoadingIndicatorView.cs|CodeHubApp|CodeHub|LoadingIndicatorView.cs|C#|17|0|4
./src/_00/output/C#/CodeHubApp~CodeHub/CodeHub.iOS/Views/UILabelWithLinks.cs|CodeHubApp|CodeHub|UILabelWithLinks.cs|C#|17|0|3
./src/_00/output/C#/CodeHubApp~CodeHub/CodeHub.Core/Extensions/GitHubClientExtensions.cs|CodeHubApp|CodeHub|GitHubClientExtensions.cs|C#|16|0|1
./src/_00/output/C#/CodeHubApp~CodeHub/CodeHub.iOS/AkavacheSqliteLinkerOverride.cs|CodeHubApp|CodeHub|AkavacheSqliteLinkerOverride.cs|C#|16|2|3
./src/_00/output/C#/CodeHubApp~CodeHub/CodeHub.iOS/Services/NetworkActivityService.cs|CodeHubApp|CodeHub|NetworkActivityService.cs|C#|16|0|2
./src/_00/output/C#/CodeHubApp~CodeHub/CodeHub.iOS/ViewControllers/Events/UserEventsViewController.cs|CodeHubApp|CodeHub|UserEventsViewController.cs|C#|16|0|2
./src/_00/output/C#/CodeHubApp~CodeHub/CodeHub.Core/Extensions/ReactiveListExtensions.cs|CodeHubApp|CodeHub|ReactiveListExtensions.cs|C#|15|1|1
./src/_00/output/C#/CodeHubApp~CodeHub/CodeHub.Core/Properties/AssemblyInfo.cs|CodeHubApp|CodeHub|AssemblyInfo.cs|C#|15|17|4
./src/_00/output/C#/CodeHubApp~CodeHub/CodeHub.Core/Services/IAccountsService.cs|CodeHubApp|CodeHub|IAccountsService.cs|C#|15|0|6
./src/_00/output/C#/CodeHubApp~CodeHub/CodeHub.Core/Services/ViewModelTxService.cs|CodeHubApp|CodeHub|ViewModelTxService.cs|C#|15|0|3
./src/_00/output/C#/CodeHubApp~CodeHub/CodeHub.Core/ViewModels/WebBrowserViewModel.cs|CodeHubApp|CodeHub|WebBrowserViewModel.cs|C#|15|0|3
./src/_00/output/C#/CodeHubApp~CodeHub/CodeHub.iOS/Properties/AssemblyInfo.cs|CodeHubApp|CodeHub|AssemblyInfo.cs|C#|15|17|4
./src/_00/output/C#/CodeHubApp~CodeHub/CodeHub.iOS/TableViewSources/FeedbackTableViewSource.cs|CodeHubApp|CodeHub|FeedbackTableViewSource.cs|C#|15|0|2
./src/_00/output/C#/CodeHubApp~CodeHub/CodeHub.iOS/TableViewSources/GistTableViewSource.cs|CodeHubApp|CodeHub|GistTableViewSource.cs|C#|15|0|2
./src/_00/output/C#/CodeHubApp~CodeHub/CodeHub/WebViews/MarkdownModel.cs|CodeHubApp|CodeHub|MarkdownModel.cs|C#|15|0|4
./src/_00/output/C#/CodeHubApp~CodeHub/CodeHub.Core/Extensions/StringExtensions.cs|CodeHubApp|CodeHub|StringExtensions.cs|C#|14|1|1
./src/_00/output/C#/CodeHubApp~CodeHub/CodeHub.Core/Messages/SelectIssueLabelsMessage.cs|CodeHubApp|CodeHub|SelectIssueLabelsMessage.cs|C#|14|0|3
./src/_00/output/C#/CodeHubApp~CodeHub/CodeHub.Core/ViewModels/IListViewModel.cs|CodeHubApp|CodeHub|IListViewModel.cs|C#|14|0|5
./src/_00/output/C#/CodeHubApp~CodeHub/CodeHub.iOS/TableViewSources/UserTableViewSource.cs|CodeHubApp|CodeHub|UserTableViewSource.cs|C#|14|0|2
./src/_00/output/C#/CodeHubApp~CodeHub/CodeHub/WebViews/DiffCommentModel.cs|CodeHubApp|CodeHub|DiffCommentModel.cs|C#|14|0|0
./src/_00/output/C#/CodeHubApp~CodeHub/CodeHub.Core/Extensions/ExceptionExtensions.cs|CodeHubApp|CodeHub|ExceptionExtensions.cs|C#|13|0|0
./src/_00/output/C#/CodeHubApp~CodeHub/CodeHub.iOS/Utilities/UIWindowExtensions.cs|CodeHubApp|CodeHub|UIWindowExtensions.cs|C#|13|1|1
./src/_00/output/C#/CodeHubApp~CodeHub/CodeHub.iOS/ViewControllers/Events/NewsViewController.cs|CodeHubApp|CodeHub|NewsViewController.cs|C#|13|0|3
./src/_00/output/C#/CodeHubApp~CodeHub/CodeHub.iOS/ViewControllers/ThemedNavigationController.cs|CodeHubApp|CodeHub|ThemedNavigationController.cs|C#|13|0|2
./src/_00/output/C#/CodeHubApp~CodeHub/CodeHub/WebViews/UpgradeDetailsModel.cs|CodeHubApp|CodeHub|UpgradeDetailsModel.cs|C#|13|0|3
./src/_00/output/C#/CodeHubApp~CodeHub/CodeHub.Core/App.cs|CodeHubApp|CodeHub|App.cs|C#|12|6|1
./src/_00/output/C#/CodeHubApp~CodeHub/CodeHub.Core/Data/ImgurResponse.cs|CodeHubApp|CodeHub|ImgurResponse.cs|C#|12|0|3
./src/_00/output/C#/CodeHubApp~CodeHub/CodeHub.Core/Messages/IssueAddMessage.cs|CodeHubApp|CodeHub|IssueAddMessage.cs|C#|12|0|3
./src/_00/output/C#/CodeHubApp~CodeHub/CodeHub.Core/Messages/IssueEditMessage.cs|CodeHubApp|CodeHub|IssueEditMessage.cs|C#|12|0|3
./src/_00/output/C#/CodeHubApp~CodeHub/CodeHub.Core/Messages/PullRequestEditMessage.cs|CodeHubApp|CodeHub|PullRequestEditMessage.cs|C#|12|0|3
./src/_00/output/C#/CodeHubApp~CodeHub/CodeHub.Core/Messages/SelectedAssignedToMessage.cs|CodeHubApp|CodeHub|SelectedAssignedToMessage.cs|C#|12|0|3
./src/_00/output/C#/CodeHubApp~CodeHub/CodeHub.Core/Messages/SelectedMilestoneMessage.cs|CodeHubApp|CodeHub|SelectedMilestoneMessage.cs|C#|12|0|3
./src/_00/output/C#/CodeHubApp~CodeHub/CodeHub.Core/ViewModels/Events/NewsViewModel.cs|CodeHubApp|CodeHub|NewsViewModel.cs|C#|12|0|2
./src/_00/output/C#/CodeHubApp~CodeHub/CodeHub.iOS/ViewControllers/Walkthrough/AboutViewController.designer.cs|CodeHubApp|CodeHub|AboutViewController.designer.cs|C# Designer|12|6|2
./src/_00/output/C#/CodeHubApp~CodeHub/CodeHub.Core/Messages/GistAddMessage.cs|CodeHubApp|CodeHub|GistAddMessage.cs|C#|11|0|2
./src/_00/output/C#/CodeHubApp~CodeHub/CodeHub.Core/Messages/NotificationCountMessage.cs|CodeHubApp|CodeHub|NotificationCountMessage.cs|C#|11|0|2
./src/_00/output/C#/CodeHubApp~CodeHub/CodeHub.Core/Services/IFeaturesService.cs|CodeHubApp|CodeHub|IFeaturesService.cs|C#|11|0|5
./src/_00/output/C#/CodeHubApp~CodeHub/CodeHub.iOS/LinkerPleaseInclude.cs|CodeHubApp|CodeHub|LinkerPleaseInclude.cs|C#|11|0|2
./src/_00/output/C#/CodeHubApp~CodeHub/CodeHub/Properties/AssemblyInfo.cs|CodeHubApp|CodeHub|AssemblyInfo.cs|C#|11|9|6
./src/_00/output/C#/CodeHubApp~CodeHub/CodeHub.Core/Messages/SourceEditMessage.cs|CodeHubApp|CodeHub|SourceEditMessage.cs|C#|10|0|2
./src/_00/output/C#/CodeHubApp~CodeHub/CodeHub.Core/Services/IMessageService.cs|CodeHubApp|CodeHub|IMessageService.cs|C#|10|0|2
./src/_00/output/C#/CodeHubApp~CodeHub/CodeHub.Core/Utils/DateTimeExtensions.cs|CodeHubApp|CodeHub|DateTimeExtensions.cs|C#|10|0|1
./src/_00/output/C#/CodeHubApp~CodeHub/CodeHub.Core/Utils/ViewModelExtensions.cs|CodeHubApp|CodeHub|ViewModelExtensions.cs|C#|10|0|2
./src/_00/output/C#/CodeHubApp~CodeHub/CodeHub.Core/Utils/WeakReferenceExtensions.cs|CodeHubApp|CodeHub|WeakReferenceExtensions.cs|C#|10|0|2
./src/_00/output/C#/CodeHubApp~CodeHub/CodeHub.iOS/DialogElements/IElementSizing.cs|CodeHubApp|CodeHub|IElementSizing.cs|C#|10|0|2
./src/_00/output/C#/CodeHubApp~CodeHub/CodeHub.iOS/ViewControllers/Walkthrough/AboutViewController.cs|CodeHubApp|CodeHub|AboutViewController.cs|C#|10|0|1
./src/_00/output/C#/CodeHubApp~CodeHub/CodeHub.Core/Services/IImgurService.cs|CodeHubApp|CodeHub|IImgurService.cs|C#|9|0|2
./src/_00/output/C#/CodeHubApp~CodeHub/CodeHub.Core/Services/IPushNotificationsService.cs|CodeHubApp|CodeHub|IPushNotificationsService.cs|C#|9|0|3
./src/_00/output/C#/CodeHubApp~CodeHub/CodeHub.Core/ViewModels/FilterModel.cs|CodeHubApp|CodeHub|FilterModel.cs|C#|9|0|2
./src/_00/output/C#/CodeHubApp~CodeHub/CodeHub.Core/ViewModels/ICanGoToViewModel.cs|CodeHubApp|CodeHub|ICanGoToViewModel.cs|C#|9|0|2
./src/_00/output/C#/CodeHubApp~CodeHub/CodeHub.Core/ViewModels/ILoadableViewModel.cs|CodeHubApp|CodeHub|ILoadableViewModel.cs|C#|9|0|2
./src/_00/output/C#/CodeHubApp~CodeHub/CodeHub.iOS/Utilities/ShaType.cs|CodeHubApp|CodeHub|ShaType.cs|C#|9|0|0
./src/_00/output/C#/CodeHubApp~CodeHub/CodeHub.Core/Services/IMarkdownService.cs|CodeHubApp|CodeHub|IMarkdownService.cs|C#|8|0|2
./src/_00/output/C#/CodeHubApp~CodeHub/CodeHub.Core/Services/IViewModelTxService.cs|CodeHubApp|CodeHub|IViewModelTxService.cs|C#|8|0|2
./src/_00/output/C#/CodeHubApp~CodeHub/CodeHub.Core/ViewModels/IFilterableViewModel.cs|CodeHubApp|CodeHub|IFilterableViewModel.cs|C#|8|0|2
./src/_00/output/C#/CodeHubApp~CodeHub/CodeHub.Core/PresentationValues.cs|CodeHubApp|CodeHub|PresentationValues.cs|C#|7|3|0
./src/_00/output/C#/CodeHubApp~CodeHub/CodeHub.Core/ViewModels/IProvidesSearchKeyword.cs|CodeHubApp|CodeHub|IProvidesSearchKeyword.cs|C#|7|0|0
./src/_00/output/C#/CodeHubApp~CodeHub/CodeHub.iOS/Views/PullRequests/PullRequestCommitsView.cs|CodeHubApp|CodeHub|PullRequestCommitsView.cs|C#|7|0|2
./src/_00/output/C#/CodeHubApp~CodeHub/CodeHub.Core/Messages/LogoutMessage.cs|CodeHubApp|CodeHub|LogoutMessage.cs|C#|6|0|1
./src/_00/output/C#/CodeHubApp~CodeHub/CodeHub.iOS/Entitlements.plist|CodeHubApp|CodeHub|Entitlements.plist|XML|6|0|0
./src/_00/output/C#/CodeHubApp~CodeHub/CodeHub.iOS/ViewControllers/Events/OrganizationEventsViewController.cs|CodeHubApp|CodeHub|OrganizationEventsViewController.cs|C#|6|0|1
./src/_00/output/C#/CodeHubApp~CodeHub/CodeHub/packages.config|CodeHubApp|CodeHub|packages.config|XML|4|0|0
./src/_00/output/C#/CodeHubApp~CodeHub/CodeHub.iOS/WebResources/highlight-line-numbers.min.js|CodeHubApp|CodeHub|highlight-line-numbers.min.js|JavaScript|1|0|0
./src/_00/output/C#/CodeHubApp~CodeHub/CodeHub.iOS/WebResources/highlight.pack.js|CodeHubApp|CodeHub|highlight.pack.js|JavaScript|1|1|0
./src/_00/output/C#/CodeHubApp~CodeHub/CodeHub.iOS/WebResources/marked.js|CodeHubApp|CodeHub|marked.js|JavaScript|1|5|0
./src/_00/output/C#/CodeHubApp~CodeHub/CodeHub.iOS/WebResources/styles/darkula.css|CodeHubApp|CodeHub|darkula.css|CSS|1|4|1
