path|owner|project|file|language|code|comment|blank
./src/_00/output/C#/DapperLib~Dapper/Dapper/SqlMapper.cs|DapperLib|Dapper|SqlMapper.cs|C#|2975|766|320
./src/_00/output/C#/DapperLib~Dapper/tests/Dapper.Tests/ParameterTests.cs|DapperLib|Dapper|ParameterTests.cs|C#|1476|35|234
./src/_00/output/C#/DapperLib~Dapper/benchmarks/Dapper.Tests.Performance/PetaPoco/PetaPoco.cs|DapperLib|Dapper|PetaPoco.cs|C#|1136|121|189
./src/_00/output/C#/DapperLib~Dapper/tests/Dapper.Tests/MiscTests.cs|DapperLib|Dapper|MiscTests.cs|C#|1127|45|190
./src/_00/output/C#/DapperLib~Dapper/tests/Dapper.Tests/AsyncTests.cs|DapperLib|Dapper|AsyncTests.cs|C#|875|7|117
./src/_00/output/C#/DapperLib~Dapper/tests/Dapper.Tests/TypeHandlerTests.cs|DapperLib|Dapper|TypeHandlerTests.cs|C#|740|13|126
./src/_00/output/C#/DapperLib~Dapper/Dapper/SqlMapper.Async.cs|DapperLib|Dapper|SqlMapper.Async.cs|C#|619|638|87
./src/_00/output/C#/DapperLib~Dapper/tests/Dapper.Tests/MultiMapTests.cs|DapperLib|Dapper|MultiMapTests.cs|C#|588|10|89
./src/_00/output/C#/DapperLib~Dapper/Readme.md|DapperLib|Dapper|Readme.md|Markdown|374|0|102
./src/_00/output/C#/DapperLib~Dapper/benchmarks/Dapper.Tests.Performance/Linq2Sql/DataClasses.designer.cs|DapperLib|Dapper|DataClasses.designer.cs|C# Designer|370|9|44
./src/_00/output/C#/DapperLib~Dapper/Dapper/DynamicParameters.cs|DapperLib|Dapper|DynamicParameters.cs|C#|366|81|53
./src/_00/output/C#/DapperLib~Dapper/benchmarks/Dapper.Tests.Performance/LegacyTests.cs|DapperLib|Dapper|LegacyTests.cs|C#|357|29|56
./src/_00/output/C#/DapperLib~Dapper/benchmarks/Dapper.Tests.Performance/Massive/Massive.cs|DapperLib|Dapper|Massive.cs|C#|341|102|12
./src/_00/output/C#/DapperLib~Dapper/tests/Dapper.Tests/ProcedureTests.cs|DapperLib|Dapper|ProcedureTests.cs|C#|299|7|40
./src/_00/output/C#/DapperLib~Dapper/tests/Dapper.Tests/ConstructorTests.cs|DapperLib|Dapper|ConstructorTests.cs|C#|286|0|44
./src/_00/output/C#/DapperLib~Dapper/tests/Dapper.Tests/DataReaderTests.cs|DapperLib|Dapper|DataReaderTests.cs|C#|278|4|40
./src/_00/output/C#/DapperLib~Dapper/Dapper/WrappedReader.cs|DapperLib|Dapper|WrappedReader.cs|C#|277|3|86
./src/_00/output/C#/DapperLib~Dapper/Dapper/SqlMapper.GridReader.cs|DapperLib|Dapper|SqlMapper.GridReader.cs|C#|263|182|49
./src/_00/output/C#/DapperLib~Dapper/Dapper.Rainbow/Database.cs|DapperLib|Dapper|Database.cs|C#|233|201|58
./src/_00/output/C#/DapperLib~Dapper/tests/Dapper.Tests/QueryMultipleTests.cs|DapperLib|Dapper|QueryMultipleTests.cs|C#|229|5|40
./src/_00/output/C#/DapperLib~Dapper/docs/index.md|DapperLib|Dapper|index.md|Markdown|227|0|126
./src/_00/output/C#/DapperLib~Dapper/tests/Dapper.Tests/Providers/OLDEBTests.cs|DapperLib|Dapper|OLDEBTests.cs|C#|227|2|35
./src/_00/output/C#/DapperLib~Dapper/Dapper/SqlMapper.DapperRow.cs|DapperLib|Dapper|SqlMapper.DapperRow.cs|C#|209|4|37
./src/_00/output/C#/DapperLib~Dapper/tests/Dapper.Tests/Providers/MySQLTests.cs|DapperLib|Dapper|MySQLTests.cs|C#|200|6|29
./src/_00/output/C#/DapperLib~Dapper/Dapper/SqlMapper.GridReader.Async.cs|DapperLib|Dapper|SqlMapper.GridReader.Async.cs|C#|195|86|30
./src/_00/output/C#/DapperLib~Dapper/Dapper/SqlMapper.Identity.cs|DapperLib|Dapper|SqlMapper.Identity.cs|C#|191|60|33
./src/_00/output/C#/DapperLib~Dapper/Dapper/DefaultTypeMap.cs|DapperLib|Dapper|DefaultTypeMap.cs|C#|182|42|32
./src/_00/output/C#/DapperLib~Dapper/tests/Dapper.Tests/TupleTests.cs|DapperLib|Dapper|TupleTests.cs|C#|166|7|29
./src/_00/output/C#/DapperLib~Dapper/Dapper/SqlMapper.TypeDeserializerCache.cs|DapperLib|Dapper|SqlMapper.TypeDeserializerCache.cs|C#|146|2|13
./src/_00/output/C#/DapperLib~Dapper/Dapper/CommandDefinition.cs|DapperLib|Dapper|CommandDefinition.cs|C#|142|51|24
./src/_00/output/C#/DapperLib~Dapper/Dapper.SqlBuilder/SqlBuilder.cs|DapperLib|Dapper|SqlBuilder.cs|C#|131|1|32
./src/_00/output/C#/DapperLib~Dapper/tests/Dapper.Tests/Helpers/XunitSkippable.cs|DapperLib|Dapper|XunitSkippable.cs|C#|131|0|28
./src/_00/output/C#/DapperLib~Dapper/tests/Dapper.Tests/Providers/SqliteTests.cs|DapperLib|Dapper|SqliteTests.cs|C#|131|3|28
./src/_00/output/C#/DapperLib~Dapper/Dapper.Rainbow/Snapshotter.cs|DapperLib|Dapper|Snapshotter.cs|C#|129|61|36
./src/_00/output/C#/DapperLib~Dapper/tests/Dapper.Tests/TestBase.cs|DapperLib|Dapper|TestBase.cs|C#|121|0|16
./src/_00/output/C#/DapperLib~Dapper/tests/Dapper.Tests/Providers/PostgresqlTests.cs|DapperLib|Dapper|PostgresqlTests.cs|C#|120|6|20
./src/_00/output/C#/DapperLib~Dapper/Dapper.sln|DapperLib|Dapper|Dapper.sln|Visual Studio Solution|119|1|1
./src/_00/output/C#/DapperLib~Dapper/tests/Dapper.Tests/EnumTests.cs|DapperLib|Dapper|EnumTests.cs|C#|117|0|17
./src/_00/output/C#/DapperLib~Dapper/tests/Dapper.Tests/DecimalTests.cs|DapperLib|Dapper|DecimalTests.cs|C#|108|0|12
./src/_00/output/C#/DapperLib~Dapper/Dapper.ProviderTools/DbConnectionExtensions.cs|DapperLib|Dapper|DbConnectionExtensions.cs|C#|103|12|14
./src/_00/output/C#/DapperLib~Dapper/benchmarks/Dapper.Tests.Performance/Program.cs|DapperLib|Dapper|Program.cs|C#|101|0|8
./src/_00/output/C#/DapperLib~Dapper/tests/Dapper.Tests/ProviderTests.cs|DapperLib|Dapper|ProviderTests.cs|C#|98|0|17
./src/_00/output/C#/DapperLib~Dapper/Dapper/SqlMapper.IDataReader.cs|DapperLib|Dapper|SqlMapper.IDataReader.cs|C#|97|89|8
./src/_00/output/C#/DapperLib~Dapper/tests/Dapper.Tests/LiteralTests.cs|DapperLib|Dapper|LiteralTests.cs|C#|97|0|9
./src/_00/output/C#/DapperLib~Dapper/Dapper.SqlBuilder/Readme.md|DapperLib|Dapper|Readme.md|Markdown|85|0|22
./src/_00/output/C#/DapperLib~Dapper/tests/Dapper.Tests/NullTests.cs|DapperLib|Dapper|NullTests.cs|C#|85|0|9
./src/_00/output/C#/DapperLib~Dapper/Dapper/SqlDataRecordListTVPParameter.cs|DapperLib|Dapper|SqlDataRecordListTVPParameter.cs|C#|84|10|12
./src/_00/output/C#/DapperLib~Dapper/Dapper/SqlMapper.DapperRowMetaObject.cs|DapperLib|Dapper|SqlMapper.DapperRowMetaObject.cs|C#|84|1|14
./src/_00/output/C#/DapperLib~Dapper/Dapper.Rainbow/readme.md|DapperLib|Dapper|readme.md|Markdown|83|0|35
./src/_00/output/C#/DapperLib~Dapper/Dapper.ProviderTools/BulkCopy.cs|DapperLib|Dapper|BulkCopy.cs|C#|82|61|10
./src/_00/output/C#/DapperLib~Dapper/benchmarks/Dapper.Tests.Performance/Benchmarks.HandCoded.cs|DapperLib|Dapper|Benchmarks.HandCoded.cs|C#|82|0|6
./src/_00/output/C#/DapperLib~Dapper/tests/Dapper.Tests/DateTimeOnlyTests.cs|DapperLib|Dapper|DateTimeOnlyTests.cs|C#|75|5|5
./src/_00/output/C#/DapperLib~Dapper/Dapper/SqlMapper.DapperRow.Descriptor.cs|DapperLib|Dapper|SqlMapper.DapperRow.Descriptor.cs|C#|74|13|18
./src/_00/output/C#/DapperLib~Dapper/tests/Dapper.Tests/Helpers/Attributes.cs|DapperLib|Dapper|Attributes.cs|C#|74|18|8
./src/_00/output/C#/DapperLib~Dapper/Dapper/SqlMapper.Settings.cs|DapperLib|Dapper|SqlMapper.Settings.cs|C#|73|50|11
./src/_00/output/C#/DapperLib~Dapper/tests/Dapper.Tests/Providers/SnowflakeTests.cs|DapperLib|Dapper|SnowflakeTests.cs|C#|73|0|13
./src/_00/output/C#/DapperLib~Dapper/tests/Dapper.Tests/TransactionTests.cs|DapperLib|Dapper|TransactionTests.cs|C#|73|0|13
./src/_00/output/C#/DapperLib~Dapper/tests/Dapper.Tests/SqlBuilderTests.cs|DapperLib|Dapper|SqlBuilderTests.cs|C#|70|0|14
./src/_00/output/C#/DapperLib~Dapper/Dapper.Rainbow/Database.Async.cs|DapperLib|Dapper|Database.Async.cs|C#|62|129|20
./src/_00/output/C#/DapperLib~Dapper/Dapper/DbString.cs|DapperLib|Dapper|DbString.cs|C#|62|37|7
./src/_00/output/C#/DapperLib~Dapper/benchmarks/Dapper.Tests.Performance/Benchmarks.NHibernate.cs|DapperLib|Dapper|Benchmarks.NHibernate.cs|C#|62|0|7
./src/_00/output/C#/DapperLib~Dapper/tests/Dapper.Tests/Providers/EntityFrameworkTests.cs|DapperLib|Dapper|EntityFrameworkTests.cs|C#|62|0|11
./src/_00/output/C#/DapperLib~Dapper/benchmarks/Dapper.Tests.Performance/Benchmarks.Susanoo.cs|DapperLib|Dapper|Benchmarks.Susanoo.cs|C#|60|0|8
./src/_00/output/C#/DapperLib~Dapper/benchmarks/Dapper.Tests.Performance/Benchmarks.Dapper.cs|DapperLib|Dapper|Benchmarks.Dapper.cs|C#|58|0|8
./src/_00/output/C#/DapperLib~Dapper/benchmarks/Dapper.Tests.Performance/Benchmarks.RepoDB.cs|DapperLib|Dapper|Benchmarks.RepoDB.cs|C#|58|1|8
./src/_00/output/C#/DapperLib~Dapper/tests/Dapper.Tests/Helpers/Common.cs|DapperLib|Dapper|Common.cs|C#|58|2|9
./src/_00/output/C#/DapperLib~Dapper/tests/Dapper.Tests/Providers/Linq2SqlTests.cs|DapperLib|Dapper|Linq2SqlTests.cs|C#|58|0|9
./src/_00/output/C#/DapperLib~Dapper/tests/Dapper.Tests/Providers/DuckDBTests.cs|DapperLib|Dapper|DuckDBTests.cs|C#|57|0|10
./src/_00/output/C#/DapperLib~Dapper/appveyor.yml|DapperLib|Dapper|appveyor.yml|YAML|55|9|10
./src/_00/output/C#/DapperLib~Dapper/benchmarks/Dapper.Tests.Performance/Benchmarks.XPO.cs|DapperLib|Dapper|Benchmarks.XPO.cs|C#|55|0|7
./src/_00/output/C#/DapperLib~Dapper/.github/workflows/main.yml|DapperLib|Dapper|main.yml|YAML|51|0|2
./src/_00/output/C#/DapperLib~Dapper/Dapper/SqlMapper.Link.cs|DapperLib|Dapper|SqlMapper.Link.cs|C#|51|8|4
./src/_00/output/C#/DapperLib~Dapper/benchmarks/Dapper.Tests.Performance/Dapper.Tests.Performance.csproj|DapperLib|Dapper|Dapper.Tests.Performance.csproj|MSBuild script|51|1|2
./src/_00/output/C#/DapperLib~Dapper/Dapper.ProviderTools/DbExceptionExtensions.cs|DapperLib|Dapper|DbExceptionExtensions.cs|C#|50|6|8
./src/_00/output/C#/DapperLib~Dapper/Dapper.ProviderTools/Internal/DynamicBulkCopy.cs|DapperLib|Dapper|DynamicBulkCopy.cs|C#|49|0|11
./src/_00/output/C#/DapperLib~Dapper/benchmarks/Dapper.Tests.Performance/Benchmarks.EntityFrameworkCore.cs|DapperLib|Dapper|Benchmarks.EntityFrameworkCore.cs|C#|46|0|7
./src/_00/output/C#/DapperLib~Dapper/benchmarks/Dapper.Tests.Performance/Benchmarks.Mighty.cs|DapperLib|Dapper|Benchmarks.Mighty.cs|C#|45|2|8
./src/_00/output/C#/DapperLib~Dapper/Directory.Build.props|DapperLib|Dapper|Directory.Build.props|XML|44|0|4
./src/_00/output/C#/DapperLib~Dapper/tests/Dapper.Tests/Providers/FirebirdTests.cs|DapperLib|Dapper|FirebirdTests.cs|C#|44|8|5
./src/_00/output/C#/DapperLib~Dapper/Directory.Packages.props|DapperLib|Dapper|Directory.Packages.props|XML|43|2|1
./src/_00/output/C#/DapperLib~Dapper/tests/Dapper.Tests/Helpers/SqlServerTypesLoader.cs|DapperLib|Dapper|SqlServerTypesLoader.cs|C#|43|10|4
./src/_00/output/C#/DapperLib~Dapper/Dapper/SqlMapper.TypeHandler.cs|DapperLib|Dapper|SqlMapper.TypeHandler.cs|C#|42|36|8
./src/_00/output/C#/DapperLib~Dapper/benchmarks/Dapper.Tests.Performance/Benchmarks.Linq2Sql.cs|DapperLib|Dapper|Benchmarks.Linq2Sql.cs|C#|42|0|6
./src/_00/output/C#/DapperLib~Dapper/Dapper.Rainbow/SqlCompactDatabase.cs|DapperLib|Dapper|SqlCompactDatabase.cs|C#|41|23|7
./src/_00/output/C#/DapperLib~Dapper/benchmarks/Dapper.Tests.Performance/Benchmarks.Belgrade.cs|DapperLib|Dapper|Benchmarks.Belgrade.cs|C#|41|0|4
./src/_00/output/C#/DapperLib~Dapper/benchmarks/Dapper.Tests.Performance/Benchmarks.Linq2DB.cs|DapperLib|Dapper|Benchmarks.Linq2DB.cs|C#|41|0|7
./src/_00/output/C#/DapperLib~Dapper/benchmarks/Dapper.Tests.Performance/Config.cs|DapperLib|Dapper|Config.cs|C#|41|0|5
./src/_00/output/C#/DapperLib~Dapper/Dapper/SqlMapper.DapperTable.cs|DapperLib|Dapper|SqlMapper.DapperTable.cs|C#|40|1|8
./src/_00/output/C#/DapperLib~Dapper/benchmarks/Dapper.Tests.Performance/Benchmarks.PetaPoco.cs|DapperLib|Dapper|Benchmarks.PetaPoco.cs|C#|40|20|4
./src/_00/output/C#/DapperLib~Dapper/tests/Dapper.Tests/Helpers/TransactedConnection.cs|DapperLib|Dapper|TransactedConnection.cs|C#|40|1|11
./src/_00/output/C#/DapperLib~Dapper/tests/Dapper.Tests/Dapper.Tests.csproj|DapperLib|Dapper|Dapper.Tests.csproj|MSBuild script|39|1|5
./src/_00/output/C#/DapperLib~Dapper/Dapper/CompiledRegex.cs|DapperLib|Dapper|CompiledRegex.cs|C#|37|0|8
./src/_00/output/C#/DapperLib~Dapper/benchmarks/Dapper.Tests.Performance/Benchmarks.Norm.cs|DapperLib|Dapper|Benchmarks.Norm.cs|C#|37|0|4
./src/_00/output/C#/DapperLib~Dapper/tests/Dapper.Tests/XmlTests.cs|DapperLib|Dapper|XmlTests.cs|C#|37|0|3
./src/_00/output/C#/DapperLib~Dapper/Dapper.EntityFramework/DbGeographyHandler.cs|DapperLib|Dapper|DbGeographyHandler.cs|C#|36|19|4
./src/_00/output/C#/DapperLib~Dapper/Dapper.EntityFramework/DbGeometryHandler.cs|DapperLib|Dapper|DbGeometryHandler.cs|C#|36|19|4
./src/_00/output/C#/DapperLib~Dapper/build.ps1|DapperLib|Dapper|build.ps1|PowerShell|36|0|7
./src/_00/output/C#/DapperLib~Dapper/Dapper/Extensions.cs|DapperLib|Dapper|Extensions.cs|C#|35|4|5
./src/_00/output/C#/DapperLib~Dapper/benchmarks/Dapper.Tests.Performance/Benchmarks.EntityFramework.cs|DapperLib|Dapper|Benchmarks.EntityFramework.cs|C#|35|0|5
./src/_00/output/C#/DapperLib~Dapper/benchmarks/Dapper.Tests.Performance/Post.cs|DapperLib|Dapper|Post.cs|C#|35|0|1
./src/_00/output/C#/DapperLib~Dapper/tests/Directory.Build.props|DapperLib|Dapper|Directory.Build.props|XML|35|1|4
./src/_00/output/C#/DapperLib~Dapper/Dapper/XmlHandlers.cs|DapperLib|Dapper|XmlHandlers.cs|C#|34|0|5
./src/_00/output/C#/DapperLib~Dapper/benchmarks/Dapper.Tests.Performance/DapperCacheImpact.cs|DapperLib|Dapper|DapperCacheImpact.cs|C#|34|1|4
./src/_00/output/C#/DapperLib~Dapper/Dapper/TableValuedParameter.cs|DapperLib|Dapper|TableValuedParameter.cs|C#|33|12|5
./src/_00/output/C#/DapperLib~Dapper/benchmarks/Dapper.Tests.Performance/Benchmarks.cs|DapperLib|Dapper|Benchmarks.cs|C#|33|0|4
./src/_00/output/C#/DapperLib~Dapper/benchmarks/Dapper.Tests.Performance/Linq2DB/Linq2DbSettings.cs|DapperLib|Dapper|Linq2DbSettings.cs|C#|30|0|4
./src/_00/output/C#/DapperLib~Dapper/benchmarks/Dapper.Tests.Performance/SqlDataReaderHelper.cs|DapperLib|Dapper|SqlDataReaderHelper.cs|C#|29|0|2
./src/_00/output/C#/DapperLib~Dapper/benchmarks/Directory.Build.props|DapperLib|Dapper|Directory.Build.props|XML|29|1|3
./src/_00/output/C#/DapperLib~Dapper/Dapper/SimpleMemberMap.cs|DapperLib|Dapper|SimpleMemberMap.cs|C#|28|33|8
./src/_00/output/C#/DapperLib~Dapper/Dapper/UdtTypeHandler.cs|DapperLib|Dapper|UdtTypeHandler.cs|C#|28|8|3
./src/_00/output/C#/DapperLib~Dapper/benchmarks/Dapper.Tests.Performance/Helpers/ORMColum.cs|DapperLib|Dapper|ORMColum.cs|C#|28|0|4
./src/_00/output/C#/DapperLib~Dapper/benchmarks/Dapper.Tests.Performance/NHibernate/NHibernateHelper.cs|DapperLib|Dapper|NHibernateHelper.cs|C#|28|0|4
./src/_00/output/C#/DapperLib~Dapper/Dapper/CustomPropertyTypeMap.cs|DapperLib|Dapper|CustomPropertyTypeMap.cs|C#|27|29|6
./src/_00/output/C#/DapperLib~Dapper/benchmarks/Dapper.Tests.Performance/Benchmarks.Dashing.cs|DapperLib|Dapper|Benchmarks.Dashing.cs|C#|27|4|3
./src/_00/output/C#/DapperLib~Dapper/tests/docker-compose.yml|DapperLib|Dapper|docker-compose.yml|YAML|27|0|0
./src/_00/output/C#/DapperLib~Dapper/Dapper.SqlBuilder/Dapper.SqlBuilder.csproj|DapperLib|Dapper|Dapper.SqlBuilder.csproj|MSBuild script|26|0|1
./src/_00/output/C#/DapperLib~Dapper/Dapper/Dapper.csproj|DapperLib|Dapper|Dapper.csproj|MSBuild script|26|2|2
./src/_00/output/C#/DapperLib~Dapper/benchmarks/Dapper.Tests.Performance/Helpers/ReturnColum.cs|DapperLib|Dapper|ReturnColum.cs|C#|26|0|4
./src/_00/output/C#/DapperLib~Dapper/.github/workflows/cla.yml|DapperLib|Dapper|cla.yml|YAML|25|15|3
./src/_00/output/C#/DapperLib~Dapper/benchmarks/Dapper.Tests.Performance/Benchmarks.Massive.cs|DapperLib|Dapper|Benchmarks.Massive.cs|C#|25|0|3
./src/_00/output/C#/DapperLib~Dapper/benchmarks/Dapper.Tests.Performance/Benchmarks.ServiceStack.cs|DapperLib|Dapper|Benchmarks.ServiceStack.cs|C#|25|0|3
./src/_00/output/C#/DapperLib~Dapper/Dapper.ProviderTools/Dapper.ProviderTools.csproj|DapperLib|Dapper|Dapper.ProviderTools.csproj|MSBuild script|24|0|0
./src/_00/output/C#/DapperLib~Dapper/Dapper/FeatureSupport.cs|DapperLib|Dapper|FeatureSupport.cs|C#|24|10|4
./src/_00/output/C#/DapperLib~Dapper/Dapper/SqlMapper.TypeHandlerCache.cs|DapperLib|Dapper|SqlMapper.TypeHandlerCache.cs|C#|24|13|4
./src/_00/output/C#/DapperLib~Dapper/benchmarks/Dapper.Tests.Performance/XPO/Post.cs|DapperLib|Dapper|Post.cs|C#|24|0|1
./src/_00/output/C#/DapperLib~Dapper/Dapper.EntityFramework.StrongName/Dapper.EntityFramework.StrongName.csproj|DapperLib|Dapper|Dapper.EntityFramework.StrongName.csproj|MSBuild script|23|0|0
./src/_00/output/C#/DapperLib~Dapper/Dapper.StrongName/Dapper.StrongName.csproj|DapperLib|Dapper|Dapper.StrongName.csproj|MSBuild script|22|0|1
./src/_00/output/C#/DapperLib~Dapper/Dapper/DynamicParameters.ParamInfo.cs|DapperLib|Dapper|DynamicParameters.ParamInfo.cs|C#|22|0|2
./src/_00/output/C#/DapperLib~Dapper/benchmarks/Dapper.Tests.Performance/Benchmarks.SqlMarshal.cs|DapperLib|Dapper|Benchmarks.SqlMarshal.cs|C#|22|0|3
./src/_00/output/C#/DapperLib~Dapper/Dapper.EntityFramework/Dapper.EntityFramework.csproj|DapperLib|Dapper|Dapper.EntityFramework.csproj|MSBuild script|21|0|1
./src/_00/output/C#/DapperLib~Dapper/Dapper.Rainbow/Dapper.Rainbow.csproj|DapperLib|Dapper|Dapper.Rainbow.csproj|MSBuild script|21|1|0
./src/_00/output/C#/DapperLib~Dapper/NonCLA.md|DapperLib|Dapper|NonCLA.md|Markdown|21|0|14
./src/_00/output/C#/DapperLib~Dapper/benchmarks/Dapper.Tests.Performance/Dashing/Post.cs|DapperLib|Dapper|Post.cs|C#|20|0|1
./src/_00/output/C#/DapperLib~Dapper/benchmarks/Dapper.Tests.Performance/NHibernate/Post.hbm.xml|DapperLib|Dapper|Post.hbm.xml|XML|20|0|0
./src/_00/output/C#/DapperLib~Dapper/Dapper/SqlMapper.CacheInfo.cs|DapperLib|Dapper|SqlMapper.CacheInfo.cs|C#|19|0|1
./src/_00/output/C#/DapperLib~Dapper/Dapper/SqlMapper.DeserializerState.cs|DapperLib|Dapper|SqlMapper.DeserializerState.cs|C#|19|0|2
./src/_00/output/C#/DapperLib~Dapper/Dapper/SqlMapper.LiteralToken.cs|DapperLib|Dapper|SqlMapper.LiteralToken.cs|C#|19|9|4
./src/_00/output/C#/DapperLib~Dapper/benchmarks/Dapper.Tests.Performance/Linq2Sql/DataClasses.dbml|DapperLib|Dapper|DataClasses.dbml|XML|19|0|0
./src/_00/output/C#/DapperLib~Dapper/docs/readme.md|DapperLib|Dapper|readme.md|Markdown|19|0|9
./src/_00/output/C#/DapperLib~Dapper/Dapper/SqlDataRecordHandler.cs|DapperLib|Dapper|SqlDataRecordHandler.cs|C#|18|0|2
./src/_00/output/C#/DapperLib~Dapper/Dapper/Properties/AssemblyInfo.cs|DapperLib|Dapper|AssemblyInfo.cs|C#|17|0|2
./src/_00/output/C#/DapperLib~Dapper/tests/Dapper.Tests/SharedTypes/ReviewBoard.cs|DapperLib|Dapper|ReviewBoard.cs|C#|17|0|0
./src/_00/output/C#/DapperLib~Dapper/version.json|DapperLib|Dapper|version.json|JSON|17|0|0
./src/_00/output/C#/DapperLib~Dapper/Dapper/DataTableHandler.cs|DapperLib|Dapper|DataTableHandler.cs|C#|16|0|1
./src/_00/output/C#/DapperLib~Dapper/Dapper/SqlMapper.IMemberMap.cs|DapperLib|Dapper|SqlMapper.IMemberMap.cs|C#|16|18|5
./src/_00/output/C#/DapperLib~Dapper/Dapper/SqlMapper.ITypeMap.cs|DapperLib|Dapper|SqlMapper.ITypeMap.cs|C#|15|27|4
./src/_00/output/C#/DapperLib~Dapper/benchmarks/Dapper.Tests.Performance/EntityFrameworkCore/EFCoreContext.cs|DapperLib|Dapper|EFCoreContext.cs|C#|14|0|4
./src/_00/output/C#/DapperLib~Dapper/Dapper.Rainbow/IgnorePropertyAttribute.cs|DapperLib|Dapper|IgnorePropertyAttribute.cs|C#|13|10|2
./src/_00/output/C#/DapperLib~Dapper/Dapper/SqlMapper.ITypeHandler.cs|DapperLib|Dapper|SqlMapper.ITypeHandler.cs|C#|13|14|2
./src/_00/output/C#/DapperLib~Dapper/tests/Dapper.Tests/SharedTypes/Enums.cs|DapperLib|Dapper|Enums.cs|C#|13|0|1
./src/_00/output/C#/DapperLib~Dapper/tests/Dapper.Tests/SharedTypes/ShortEnum.cs|DapperLib|Dapper|ShortEnum.cs|C#|13|0|0
./src/_00/output/C#/DapperLib~Dapper/Dapper/CommandFlags.cs|DapperLib|Dapper|CommandFlags.cs|C#|12|15|1
./src/_00/output/C#/DapperLib~Dapper/benchmarks/Dapper.Tests.Performance/EntityFramework/EFContext.cs|DapperLib|Dapper|EFContext.cs|C#|12|0|2
./src/_00/output/C#/DapperLib~Dapper/benchmarks/Dapper.Tests.Performance/Linq2Sql/DataClasses.dbml.layout|DapperLib|Dapper|DataClasses.dbml.layout|XML|12|0|0
./src/_00/output/C#/DapperLib~Dapper/tests/Dapper.Tests/SharedTypes/Dog.cs|DapperLib|Dapper|Dog.cs|C#|12|0|2
./src/_00/output/C#/DapperLib~Dapper/Dapper.EntityFramework/Handlers.cs|DapperLib|Dapper|Handlers.cs|C#|11|6|0
./src/_00/output/C#/DapperLib~Dapper/Dapper/DynamicParameters.CachedOutputSetters.cs|DapperLib|Dapper|DynamicParameters.CachedOutputSetters.cs|C#|11|4|1
./src/_00/output/C#/DapperLib~Dapper/Dapper/NRT.cs|DapperLib|Dapper|NRT.cs|C#|11|0|1
./src/_00/output/C#/DapperLib~Dapper/Dapper/SqlMapper.ICustomQueryParameter.cs|DapperLib|Dapper|SqlMapper.ICustomQueryParameter.cs|C#|11|8|1
./src/_00/output/C#/DapperLib~Dapper/Dapper/SqlMapper.IDynamicParameters.cs|DapperLib|Dapper|SqlMapper.IDynamicParameters.cs|C#|11|8|1
./src/_00/output/C#/DapperLib~Dapper/benchmarks/Dapper.Tests.Performance/Dashing/DashingConfiguration.cs|DapperLib|Dapper|DashingConfiguration.cs|C#|11|0|1
./src/_00/output/C#/DapperLib~Dapper/benchmarks/Dapper.Tests.Performance/Linq2DB/ConnectionStringSettings.cs|DapperLib|Dapper|ConnectionStringSettings.cs|C#|11|0|1
./src/_00/output/C#/DapperLib~Dapper/tests/Dapper.Tests/App.config|DapperLib|Dapper|App.config|XML|11|0|0
./src/_00/output/C#/DapperLib~Dapper/tests/Dapper.Tests/SharedTypes/Person.cs|DapperLib|Dapper|Person.cs|C#|11|0|0
./src/_00/output/C#/DapperLib~Dapper/Dapper/SqlMapper.IParameterCallbacks.cs|DapperLib|Dapper|SqlMapper.IParameterCallbacks.cs|C#|10|6|0
./src/_00/output/C#/DapperLib~Dapper/Dapper/SqlMapper.IParameterLookup.cs|DapperLib|Dapper|SqlMapper.IParameterLookup.cs|C#|10|7|0
./src/_00/output/C#/DapperLib~Dapper/Dapper/TypeExtensions.cs|DapperLib|Dapper|TypeExtensions.cs|C#|10|0|1
./src/_00/output/C#/DapperLib~Dapper/benchmarks/Dapper.Tests.Performance/NHibernate/hibernate.cfg.xml|DapperLib|Dapper|hibernate.cfg.xml|XML|10|1|0
./src/_00/output/C#/DapperLib~Dapper/tests/Dapper.Tests/SharedTypes/Address.cs|DapperLib|Dapper|Address.cs|C#|10|0|0
./src/_00/output/C#/DapperLib~Dapper/tests/Dapper.Tests/SharedTypes/Post.cs|DapperLib|Dapper|Post.cs|C#|10|0|0
./src/_00/output/C#/DapperLib~Dapper/Dapper/WrappedDataReader.cs|DapperLib|Dapper|WrappedDataReader.cs|C#|9|10|1
./src/_00/output/C#/DapperLib~Dapper/benchmarks/Dapper.Tests.Performance/Linq2DB/Linq2DBContext.cs|DapperLib|Dapper|Linq2DBContext.cs|C#|9|0|1
./src/_00/output/C#/DapperLib~Dapper/docs/dapperplus.md|DapperLib|Dapper|dapperplus.md|Markdown|9|0|4
./src/_00/output/C#/DapperLib~Dapper/tests/Dapper.Tests/SharedTypes/Category.cs|DapperLib|Dapper|Category.cs|C#|9|0|0
./src/_00/output/C#/DapperLib~Dapper/tests/Dapper.Tests/SharedTypes/Product.cs|DapperLib|Dapper|Product.cs|C#|9|0|0
./src/_00/output/C#/DapperLib~Dapper/Dapper/ExplicitConstructorAttribute.cs|DapperLib|Dapper|ExplicitConstructorAttribute.cs|C#|8|6|1
./src/_00/output/C#/DapperLib~Dapper/Directory.Build.targets|DapperLib|Dapper|Directory.Build.targets|XML|8|1|0
./src/_00/output/C#/DapperLib~Dapper/tests/Dapper.Tests/SharedTypes/Bar1.cs|DapperLib|Dapper|Bar1.cs|C#|8|0|0
./src/_00/output/C#/DapperLib~Dapper/tests/Dapper.Tests/SharedTypes/Comment.cs|DapperLib|Dapper|Comment.cs|C#|8|0|0
./src/_00/output/C#/DapperLib~Dapper/tests/Dapper.Tests/SharedTypes/Foo1.cs|DapperLib|Dapper|Foo1.cs|C#|8|0|0
./src/_00/output/C#/DapperLib~Dapper/tests/Dapper.Tests/SharedTypes/HazNameId.cs|DapperLib|Dapper|HazNameId.cs|C#|8|0|0
./src/_00/output/C#/DapperLib~Dapper/tests/Dapper.Tests/SharedTypes/SomeType.cs|DapperLib|Dapper|SomeType.cs|C#|8|0|0
./src/_00/output/C#/DapperLib~Dapper/tests/Dapper.Tests/SharedTypes/User.cs|DapperLib|Dapper|User.cs|C#|8|0|0
./src/_00/output/C#/DapperLib~Dapper/Build.csproj|DapperLib|Dapper|Build.csproj|MSBuild script|7|0|0
./src/_00/output/C#/DapperLib~Dapper/Dapper/SqlMapper.DontMap.cs|DapperLib|Dapper|SqlMapper.DontMap.cs|C#|7|3|0
./src/_00/output/C#/DapperLib~Dapper/nuget.config|DapperLib|Dapper|nuget.config|XML|7|0|0
./src/_00/output/C#/DapperLib~Dapper/tests/Dapper.Tests/SharedTypes/Index.cs|DapperLib|Dapper|Index.cs|C#|7|0|0
./src/_00/output/C#/DapperLib~Dapper/benchmarks/Dapper.Tests.Performance/app.config|DapperLib|Dapper|app.config|XML|6|0|0
./src/_00/output/C#/DapperLib~Dapper/global.json|DapperLib|Dapper|global.json|JSON|6|0|0
./src/_00/output/C#/DapperLib~Dapper/docs/docs.csproj|DapperLib|Dapper|docs.csproj|MSBuild script|5|1|0
./src/_00/output/C#/DapperLib~Dapper/tests/Directory.Build.targets|DapperLib|Dapper|Directory.Build.targets|XML|5|0|0
./src/_00/output/C#/DapperLib~Dapper/Dapper/Global.cs|DapperLib|Dapper|Global.cs|C#|4|0|0
./src/_00/output/C#/DapperLib~Dapper/tests/Dapper.Tests/xunit.runner.json|DapperLib|Dapper|xunit.runner.json|JSON|4|0|0
./src/_00/output/C#/DapperLib~Dapper/signatures/version1/cla.json|DapperLib|Dapper|cla.json|JSON|3|0|0
./src/_00/output/C#/DapperLib~Dapper/.github/FUNDING.yml|DapperLib|Dapper|FUNDING.yml|YAML|2|1|1
./src/_00/output/C#/DapperLib~Dapper/build.cmd|DapperLib|Dapper|build.cmd|DOS Batch|2|0|0
./src/_00/output/C#/DapperLib~Dapper/docs/_config.yml|DapperLib|Dapper|_config.yml|YAML|1|0|0
