|Hash|Project Name|Local Commit PATH|Merge Commit|Message|Number of Files|Author Name|Author Email|Author Commit Date|Author Commit Timezone|Committer Name|Committer Email|Committer Commit Date|Committer Timezone
0|d63fa0dc1a3636816260bc507e59e168e423f150|torvalds~linux|/home/usuario01/Titan-Files-Research/src/_00/output/C/torvalds~linux|False|"drm/i915: don't limit Haswell CRT encoder to pipe A

This is a full revert of 59c859d6f2e78344945e8a8406a194156176bc4e:
    drm/i915: account for only one PCH receiver on Haswell

Now that the PCH code is fixed to be able use the only PCH transcoder
independently of the pipe and CPU transcoder, we can revert this.

Signed-off-by: Paulo Zanoni <paulo.r.zanoni@intel.com>
Reviewed-by: Damien Lespiau <damien.lespiau@intel.com>
[danvet: Resolve conflict due to the rebasing of dinq on top of
drm-next.]
Signed-off-by: Daniel Vetter <daniel.vetter@ffwll.ch>"|2|Paulo Zanoni|paulo.r.zanoni@intel.com|2012-11-20 13:27:35-02:00|7200|Daniel Vetter|daniel.vetter@ffwll.ch|2012-11-21 17:46:45+01:00|-3600
