Unnamed: 0|path|owner|project|file|language|code|comment|blank
0|./src/_00/output/PHP/cachethq~cachet/public/fonts/ionicons.svg|cachethq|cachet|ionicons.svg|SVG|2227|3|0
1|./src/_00/output/PHP/cachethq~cachet/resources/assets/sass/plugins/_messenger.scss|cachethq|cachet|_messenger.scss|Sass|427|0|32
2|./src/_00/output/PHP/cachethq~cachet/resources/assets/sass/_status-page.scss|cachethq|cachet|_status-page.scss|Sass|356|4|53
3|./src/_00/output/PHP/cachethq~cachet/resources/assets/js/app.js|cachethq|cachet|app.js|JavaScript|341|20|50
4|./src/_00/output/PHP/cachethq~cachet/app/Console/Commands/DemoSeederCommand.php|cachethq|cachet|DemoSeederCommand.php|PHP|278|93|40
5|./src/_00/output/PHP/cachethq~cachet/resources/assets/sass/plugins/bootstrap-datetimepicker/bootstrap-datetimepicker.scss|cachethq|cachet|bootstrap-datetimepicker.scss|Sass|271|1|57
6|./src/_00/output/PHP/cachethq~cachet/resources/assets/sass/partials/_sidebar.scss|cachethq|cachet|_sidebar.scss|Sass|263|2|21
7|./src/_00/output/PHP/cachethq~cachet/resources/lang/af/dashboard.php|cachethq|cachet|dashboard.php|PHP|236|22|17
8|./src/_00/output/PHP/cachethq~cachet/resources/lang/ar/dashboard.php|cachethq|cachet|dashboard.php|PHP|236|22|17
9|./src/_00/output/PHP/cachethq~cachet/resources/lang/ca/dashboard.php|cachethq|cachet|dashboard.php|PHP|236|22|17
10|./src/_00/output/PHP/cachethq~cachet/resources/lang/cs/dashboard.php|cachethq|cachet|dashboard.php|PHP|236|22|17
11|./src/_00/output/PHP/cachethq~cachet/resources/lang/da/dashboard.php|cachethq|cachet|dashboard.php|PHP|236|22|17
12|./src/_00/output/PHP/cachethq~cachet/resources/lang/de/dashboard.php|cachethq|cachet|dashboard.php|PHP|236|22|17
13|./src/_00/output/PHP/cachethq~cachet/resources/lang/el/dashboard.php|cachethq|cachet|dashboard.php|PHP|236|22|17
14|./src/_00/output/PHP/cachethq~cachet/resources/lang/en-UD/dashboard.php|cachethq|cachet|dashboard.php|PHP|236|22|17
15|./src/_00/output/PHP/cachethq~cachet/resources/lang/en/dashboard.php|cachethq|cachet|dashboard.php|PHP|236|22|17
16|./src/_00/output/PHP/cachethq~cachet/resources/lang/es/dashboard.php|cachethq|cachet|dashboard.php|PHP|236|22|17
17|./src/_00/output/PHP/cachethq~cachet/resources/lang/fa/dashboard.php|cachethq|cachet|dashboard.php|PHP|236|22|17
18|./src/_00/output/PHP/cachethq~cachet/resources/lang/fi/dashboard.php|cachethq|cachet|dashboard.php|PHP|236|22|17
19|./src/_00/output/PHP/cachethq~cachet/resources/lang/fr/dashboard.php|cachethq|cachet|dashboard.php|PHP|236|22|17
20|./src/_00/output/PHP/cachethq~cachet/resources/lang/he/dashboard.php|cachethq|cachet|dashboard.php|PHP|236|22|17
21|./src/_00/output/PHP/cachethq~cachet/resources/lang/hu/dashboard.php|cachethq|cachet|dashboard.php|PHP|236|22|17
22|./src/_00/output/PHP/cachethq~cachet/resources/lang/id/dashboard.php|cachethq|cachet|dashboard.php|PHP|236|22|17
23|./src/_00/output/PHP/cachethq~cachet/resources/lang/it/dashboard.php|cachethq|cachet|dashboard.php|PHP|236|22|17
24|./src/_00/output/PHP/cachethq~cachet/resources/lang/ja/dashboard.php|cachethq|cachet|dashboard.php|PHP|236|22|17
25|./src/_00/output/PHP/cachethq~cachet/resources/lang/ko/dashboard.php|cachethq|cachet|dashboard.php|PHP|236|22|17
26|./src/_00/output/PHP/cachethq~cachet/resources/lang/nl/dashboard.php|cachethq|cachet|dashboard.php|PHP|236|22|17
27|./src/_00/output/PHP/cachethq~cachet/resources/lang/no/dashboard.php|cachethq|cachet|dashboard.php|PHP|236|22|17
28|./src/_00/output/PHP/cachethq~cachet/resources/lang/pl/dashboard.php|cachethq|cachet|dashboard.php|PHP|236|22|17
29|./src/_00/output/PHP/cachethq~cachet/resources/lang/pt-BR/dashboard.php|cachethq|cachet|dashboard.php|PHP|236|22|17
30|./src/_00/output/PHP/cachethq~cachet/resources/lang/pt-PT/dashboard.php|cachethq|cachet|dashboard.php|PHP|236|22|17
31|./src/_00/output/PHP/cachethq~cachet/resources/lang/ro/dashboard.php|cachethq|cachet|dashboard.php|PHP|236|22|17
32|./src/_00/output/PHP/cachethq~cachet/resources/lang/ru/dashboard.php|cachethq|cachet|dashboard.php|PHP|236|22|17
33|./src/_00/output/PHP/cachethq~cachet/resources/lang/sq/dashboard.php|cachethq|cachet|dashboard.php|PHP|236|22|17
34|./src/_00/output/PHP/cachethq~cachet/resources/lang/sv-SE/dashboard.php|cachethq|cachet|dashboard.php|PHP|236|22|17
35|./src/_00/output/PHP/cachethq~cachet/resources/lang/tr/dashboard.php|cachethq|cachet|dashboard.php|PHP|236|22|17
36|./src/_00/output/PHP/cachethq~cachet/resources/lang/uk/dashboard.php|cachethq|cachet|dashboard.php|PHP|236|22|17
37|./src/_00/output/PHP/cachethq~cachet/resources/lang/vi/dashboard.php|cachethq|cachet|dashboard.php|PHP|236|22|17
38|./src/_00/output/PHP/cachethq~cachet/resources/lang/zh-CN/dashboard.php|cachethq|cachet|dashboard.php|PHP|236|22|17
39|./src/_00/output/PHP/cachethq~cachet/resources/lang/zh-TW/dashboard.php|cachethq|cachet|dashboard.php|PHP|236|22|17
40|./src/_00/output/PHP/cachethq~cachet/resources/views/layout/emails.blade.php|cachethq|cachet|emails.blade.php|Blade|230|1|7
41|./src/_00/output/PHP/cachethq~cachet/resources/views/setup.blade.php|cachethq|cachet|setup.blade.php|Blade|220|0|2
42|./src/_00/output/PHP/cachethq~cachet/app/Http/Controllers/Dashboard/SettingsController.php|cachethq|cachet|SettingsController.php|PHP|216|74|51
43|./src/_00/output/PHP/cachethq~cachet/app/Http/Routes/DashboardRoutes.php|cachethq|cachet|DashboardRoutes.php|PHP|206|20|16
44|./src/_00/output/PHP/cachethq~cachet/app/Http/Controllers/Dashboard/ComponentController.php|cachethq|cachet|ComponentController.php|PHP|188|94|37
45|./src/_00/output/PHP/cachethq~cachet/app/Http/Controllers/Dashboard/IncidentController.php|cachethq|cachet|IncidentController.php|PHP|166|90|26
46|./src/_00/output/PHP/cachethq~cachet/resources/lang/en/forms.php|cachethq|cachet|forms.php|PHP|165|17|13
47|./src/_00/output/PHP/cachethq~cachet/resources/lang/ca/forms.php|cachethq|cachet|forms.php|PHP|157|17|13
48|./src/_00/output/PHP/cachethq~cachet/resources/lang/cs/forms.php|cachethq|cachet|forms.php|PHP|157|17|13
49|./src/_00/output/PHP/cachethq~cachet/resources/lang/da/forms.php|cachethq|cachet|forms.php|PHP|157|17|13
50|./src/_00/output/PHP/cachethq~cachet/resources/lang/de/forms.php|cachethq|cachet|forms.php|PHP|157|17|13
51|./src/_00/output/PHP/cachethq~cachet/resources/lang/el/forms.php|cachethq|cachet|forms.php|PHP|157|17|13
52|./src/_00/output/PHP/cachethq~cachet/resources/lang/en-UD/forms.php|cachethq|cachet|forms.php|PHP|157|17|13
53|./src/_00/output/PHP/cachethq~cachet/resources/lang/es/forms.php|cachethq|cachet|forms.php|PHP|157|17|13
54|./src/_00/output/PHP/cachethq~cachet/resources/lang/fa/forms.php|cachethq|cachet|forms.php|PHP|157|17|13
55|./src/_00/output/PHP/cachethq~cachet/resources/lang/fi/forms.php|cachethq|cachet|forms.php|PHP|157|17|13
56|./src/_00/output/PHP/cachethq~cachet/resources/lang/fr/forms.php|cachethq|cachet|forms.php|PHP|157|17|13
57|./src/_00/output/PHP/cachethq~cachet/resources/lang/he/forms.php|cachethq|cachet|forms.php|PHP|157|17|13
58|./src/_00/output/PHP/cachethq~cachet/resources/lang/hu/forms.php|cachethq|cachet|forms.php|PHP|157|17|13
59|./src/_00/output/PHP/cachethq~cachet/resources/lang/id/forms.php|cachethq|cachet|forms.php|PHP|157|17|13
60|./src/_00/output/PHP/cachethq~cachet/resources/lang/it/forms.php|cachethq|cachet|forms.php|PHP|157|17|13
61|./src/_00/output/PHP/cachethq~cachet/resources/lang/ja/forms.php|cachethq|cachet|forms.php|PHP|157|17|13
62|./src/_00/output/PHP/cachethq~cachet/resources/lang/ko/forms.php|cachethq|cachet|forms.php|PHP|157|17|13
63|./src/_00/output/PHP/cachethq~cachet/resources/lang/nl/forms.php|cachethq|cachet|forms.php|PHP|157|17|13
64|./src/_00/output/PHP/cachethq~cachet/resources/lang/no/forms.php|cachethq|cachet|forms.php|PHP|157|17|13
65|./src/_00/output/PHP/cachethq~cachet/resources/lang/pl/forms.php|cachethq|cachet|forms.php|PHP|157|17|13
66|./src/_00/output/PHP/cachethq~cachet/resources/lang/pt-BR/forms.php|cachethq|cachet|forms.php|PHP|157|17|13
67|./src/_00/output/PHP/cachethq~cachet/resources/lang/pt-PT/forms.php|cachethq|cachet|forms.php|PHP|157|17|13
68|./src/_00/output/PHP/cachethq~cachet/resources/lang/ru/forms.php|cachethq|cachet|forms.php|PHP|157|17|13
69|./src/_00/output/PHP/cachethq~cachet/resources/lang/sq/forms.php|cachethq|cachet|forms.php|PHP|157|17|13
70|./src/_00/output/PHP/cachethq~cachet/resources/lang/sr/forms.php|cachethq|cachet|forms.php|PHP|157|17|13
71|./src/_00/output/PHP/cachethq~cachet/resources/lang/sv-SE/forms.php|cachethq|cachet|forms.php|PHP|157|17|13
72|./src/_00/output/PHP/cachethq~cachet/resources/lang/tr/forms.php|cachethq|cachet|forms.php|PHP|157|17|13
73|./src/_00/output/PHP/cachethq~cachet/resources/lang/uk/forms.php|cachethq|cachet|forms.php|PHP|157|17|13
74|./src/_00/output/PHP/cachethq~cachet/resources/lang/vi/forms.php|cachethq|cachet|forms.php|PHP|157|17|13
75|./src/_00/output/PHP/cachethq~cachet/resources/lang/zh-CN/forms.php|cachethq|cachet|forms.php|PHP|157|17|13
76|./src/_00/output/PHP/cachethq~cachet/resources/lang/zh-TW/forms.php|cachethq|cachet|forms.php|PHP|157|17|13
77|./src/_00/output/PHP/cachethq~cachet/resources/views/dashboard/settings/theme.blade.php|cachethq|cachet|theme.blade.php|Blade|157|0|2
78|./src/_00/output/PHP/cachethq~cachet/app/Http/Controllers/SetupController.php|cachethq|cachet|SetupController.php|PHP|149|70|44
79|./src/_00/output/PHP/cachethq~cachet/resources/views/partials/email-css.blade.php|cachethq|cachet|email-css.blade.php|Blade|143|0|0
80|./src/_00/output/PHP/cachethq~cachet/config/langs.php|cachethq|cachet|langs.php|PHP|139|9|2
81|./src/_00/output/PHP/cachethq~cachet/resources/views/dashboard/settings/app-setup.blade.php|cachethq|cachet|app-setup.blade.php|Blade|133|0|3
82|./src/_00/output/PHP/cachethq~cachet/resources/views/dashboard/incidents/add.blade.php|cachethq|cachet|add.blade.php|Blade|129|0|2
83|./src/_00/output/PHP/cachethq~cachet/app/Http/Controllers/StatusPageController.php|cachethq|cachet|StatusPageController.php|PHP|124|50|23
84|./src/_00/output/PHP/cachethq~cachet/resources/views/partials/metrics.blade.php|cachethq|cachet|metrics.blade.php|Blade|124|0|16
85|./src/_00/output/PHP/cachethq~cachet/app/Http/Controllers/SubscribeController.php|cachethq|cachet|SubscribeController.php|PHP|119|52|28
86|./src/_00/output/PHP/cachethq~cachet/resources/views/partials/stylesheet.blade.php|cachethq|cachet|stylesheet.blade.php|Blade|119|0|5
87|./src/_00/output/PHP/cachethq~cachet/tests/Api/IncidentTest.php|cachethq|cachet|IncidentTest.php|PHP|119|14|23
88|./src/_00/output/PHP/cachethq~cachet/resources/lang/en/cachet.php|cachethq|cachet|cachet.php|PHP|117|15|13
89|./src/_00/output/PHP/cachethq~cachet/resources/lang/fa/cachet.php|cachethq|cachet|cachet.php|PHP|117|15|13
90|./src/_00/output/PHP/cachethq~cachet/resources/lang/ko/cachet.php|cachethq|cachet|cachet.php|PHP|117|15|13
91|./src/_00/output/PHP/cachethq~cachet/resources/lang/af/cachet.php|cachethq|cachet|cachet.php|PHP|116|15|13
92|./src/_00/output/PHP/cachethq~cachet/resources/lang/ca/cachet.php|cachethq|cachet|cachet.php|PHP|116|15|13
93|./src/_00/output/PHP/cachethq~cachet/resources/lang/cs/cachet.php|cachethq|cachet|cachet.php|PHP|116|15|13
94|./src/_00/output/PHP/cachethq~cachet/resources/lang/da/cachet.php|cachethq|cachet|cachet.php|PHP|116|15|13
95|./src/_00/output/PHP/cachethq~cachet/resources/lang/de/cachet.php|cachethq|cachet|cachet.php|PHP|116|15|13
96|./src/_00/output/PHP/cachethq~cachet/resources/lang/el/cachet.php|cachethq|cachet|cachet.php|PHP|116|15|13
97|./src/_00/output/PHP/cachethq~cachet/resources/lang/en-UD/cachet.php|cachethq|cachet|cachet.php|PHP|116|15|13
98|./src/_00/output/PHP/cachethq~cachet/resources/lang/es/cachet.php|cachethq|cachet|cachet.php|PHP|116|15|13
99|./src/_00/output/PHP/cachethq~cachet/resources/lang/fi/cachet.php|cachethq|cachet|cachet.php|PHP|116|15|13
100|./src/_00/output/PHP/cachethq~cachet/resources/lang/fr/cachet.php|cachethq|cachet|cachet.php|PHP|116|15|13
101|./src/_00/output/PHP/cachethq~cachet/resources/lang/he/cachet.php|cachethq|cachet|cachet.php|PHP|116|15|13
102|./src/_00/output/PHP/cachethq~cachet/resources/lang/hu/cachet.php|cachethq|cachet|cachet.php|PHP|116|15|13
103|./src/_00/output/PHP/cachethq~cachet/resources/lang/id/cachet.php|cachethq|cachet|cachet.php|PHP|116|15|13
104|./src/_00/output/PHP/cachethq~cachet/resources/lang/it/cachet.php|cachethq|cachet|cachet.php|PHP|116|15|13
105|./src/_00/output/PHP/cachethq~cachet/resources/lang/ja/cachet.php|cachethq|cachet|cachet.php|PHP|116|15|13
106|./src/_00/output/PHP/cachethq~cachet/resources/lang/nl/cachet.php|cachethq|cachet|cachet.php|PHP|116|15|13
107|./src/_00/output/PHP/cachethq~cachet/resources/lang/no/cachet.php|cachethq|cachet|cachet.php|PHP|116|15|13
108|./src/_00/output/PHP/cachethq~cachet/resources/lang/pl/cachet.php|cachethq|cachet|cachet.php|PHP|116|15|13
109|./src/_00/output/PHP/cachethq~cachet/resources/lang/pt-BR/cachet.php|cachethq|cachet|cachet.php|PHP|116|15|13
110|./src/_00/output/PHP/cachethq~cachet/resources/lang/pt-PT/cachet.php|cachethq|cachet|cachet.php|PHP|116|15|13
111|./src/_00/output/PHP/cachethq~cachet/resources/lang/ro/cachet.php|cachethq|cachet|cachet.php|PHP|116|15|13
112|./src/_00/output/PHP/cachethq~cachet/resources/lang/ru/cachet.php|cachethq|cachet|cachet.php|PHP|116|15|13
113|./src/_00/output/PHP/cachethq~cachet/resources/lang/sq/cachet.php|cachethq|cachet|cachet.php|PHP|116|15|13
114|./src/_00/output/PHP/cachethq~cachet/resources/lang/sr/cachet.php|cachethq|cachet|cachet.php|PHP|116|15|13
115|./src/_00/output/PHP/cachethq~cachet/resources/lang/sv-SE/cachet.php|cachethq|cachet|cachet.php|PHP|116|15|13
116|./src/_00/output/PHP/cachethq~cachet/resources/lang/tr/cachet.php|cachethq|cachet|cachet.php|PHP|116|15|13
117|./src/_00/output/PHP/cachethq~cachet/resources/lang/uk/cachet.php|cachethq|cachet|cachet.php|PHP|116|15|13
118|./src/_00/output/PHP/cachethq~cachet/resources/lang/vi/cachet.php|cachethq|cachet|cachet.php|PHP|116|15|13
119|./src/_00/output/PHP/cachethq~cachet/resources/lang/zh-CN/cachet.php|cachethq|cachet|cachet.php|PHP|116|15|13
120|./src/_00/output/PHP/cachethq~cachet/resources/lang/zh-TW/cachet.php|cachethq|cachet|cachet.php|PHP|116|15|13
121|./src/_00/output/PHP/cachethq~cachet/resources/assets/sass/partials/_content.scss|cachethq|cachet|_content.scss|Sass|107|1|11
122|./src/_00/output/PHP/cachethq~cachet/composer.json|cachethq|cachet|composer.json|JSON|106|0|0
123|./src/_00/output/PHP/cachethq~cachet/app/Http/Controllers/Dashboard/ScheduleController.php|cachethq|cachet|ScheduleController.php|PHP|104|56|23
124|./src/_00/output/PHP/cachethq~cachet/app/Models/Component.php|cachethq|cachet|Component.php|PHP|99|93|20
125|./src/_00/output/PHP/cachethq~cachet/resources/views/dashboard/settings/localization.blade.php|cachethq|cachet|localization.blade.php|Blade|99|0|3
126|./src/_00/output/PHP/cachethq~cachet/app/Http/Controllers/Dashboard/MetricController.php|cachethq|cachet|MetricController.php|PHP|98|54|16
127|./src/_00/output/PHP/cachethq~cachet/tests/Api/ComponentTest.php|cachethq|cachet|ComponentTest.php|PHP|98|14|21
128|./src/_00/output/PHP/cachethq~cachet/app/Presenters/IncidentPresenter.php|cachethq|cachet|IncidentPresenter.php|PHP|96|83|21
129|./src/_00/output/PHP/cachethq~cachet/tests/Api/MetricPointTest.php|cachethq|cachet|MetricPointTest.php|PHP|95|15|33
130|./src/_00/output/PHP/cachethq~cachet/app/Http/Controllers/Dashboard/DashboardController.php|cachethq|cachet|DashboardController.php|PHP|94|59|22
131|./src/_00/output/PHP/cachethq~cachet/resources/views/dashboard/incidents/edit.blade.php|cachethq|cachet|edit.blade.php|Blade|94|0|3
132|./src/_00/output/PHP/cachethq~cachet/resources/views/dashboard/index.blade.php|cachethq|cachet|index.blade.php|Blade|93|0|6
133|./src/_00/output/PHP/cachethq~cachet/config/app.php|cachethq|cachet|app.php|PHP|92|119|31
134|./src/_00/output/PHP/cachethq~cachet/app/Http/Controllers/Api/ComponentController.php|cachethq|cachet|ComponentController.php|PHP|90|42|22
135|./src/_00/output/PHP/cachethq~cachet/app/Http/Controllers/Dashboard/TeamController.php|cachethq|cachet|TeamController.php|PHP|90|54|17
136|./src/_00/output/PHP/cachethq~cachet/resources/views/dashboard/partials/sidebar.blade.php|cachethq|cachet|sidebar.blade.php|Blade|88|0|0
137|./src/_00/output/PHP/cachethq~cachet/database/factories/ModelFactory.php|cachethq|cachet|ModelFactory.php|PHP|85|8|11
138|./src/_00/output/PHP/cachethq~cachet/app/Http/Controllers/Api/AbstractApiController.php|cachethq|cachet|AbstractApiController.php|PHP|83|88|27
139|./src/_00/output/PHP/cachethq~cachet/resources/assets/sass/modules/_btns.scss|cachethq|cachet|_btns.scss|Sass|82|0|11
140|./src/_00/output/PHP/cachethq~cachet/app/Models/Metric.php|cachethq|cachet|Metric.php|PHP|80|65|15
141|./src/_00/output/PHP/cachethq~cachet/resources/views/dashboard/metrics/edit.blade.php|cachethq|cachet|edit.blade.php|Blade|80|0|3
142|./src/_00/output/PHP/cachethq~cachet/app/Models/Incident.php|cachethq|cachet|Incident.php|PHP|79|69|15
143|./src/_00/output/PHP/cachethq~cachet/resources/views/dashboard/metrics/add.blade.php|cachethq|cachet|add.blade.php|Blade|79|0|1
144|./src/_00/output/PHP/cachethq~cachet/app/Http/Controllers/Api/MetricController.php|cachethq|cachet|MetricController.php|PHP|78|46|17
145|./src/_00/output/PHP/cachethq~cachet/app/Repositories/Metric/SqliteRepository.php|cachethq|cachet|SqliteRepository.php|PHP|78|35|21
146|./src/_00/output/PHP/cachethq~cachet/app/Http/Controllers/Dashboard/ApiController.php|cachethq|cachet|ApiController.php|PHP|77|34|16
147|./src/_00/output/PHP/cachethq~cachet/app/Http/Controllers/Api/IncidentController.php|cachethq|cachet|IncidentController.php|PHP|76|39|17
148|./src/_00/output/PHP/cachethq~cachet/app/Repositories/Metric/PgSqlRepository.php|cachethq|cachet|PgSqlRepository.php|PHP|76|39|21
149|./src/_00/output/PHP/cachethq~cachet/resources/assets/sass/modules/_stats.scss|cachethq|cachet|_stats.scss|Sass|76|0|16
150|./src/_00/output/PHP/cachethq~cachet/resources/views/dashboard/components/edit.blade.php|cachethq|cachet|edit.blade.php|Blade|76|0|3
151|./src/_00/output/PHP/cachethq~cachet/resources/lang/cs/validation.php|cachethq|cachet|validation.php|PHP|75|38|9
152|./src/_00/output/PHP/cachethq~cachet/resources/lang/da/validation.php|cachethq|cachet|validation.php|PHP|75|38|9
153|./src/_00/output/PHP/cachethq~cachet/resources/lang/de/validation.php|cachethq|cachet|validation.php|PHP|75|38|9
154|./src/_00/output/PHP/cachethq~cachet/resources/lang/en-UD/validation.php|cachethq|cachet|validation.php|PHP|75|38|9
155|./src/_00/output/PHP/cachethq~cachet/resources/lang/es/validation.php|cachethq|cachet|validation.php|PHP|75|38|9
156|./src/_00/output/PHP/cachethq~cachet/resources/lang/fi/validation.php|cachethq|cachet|validation.php|PHP|75|38|9
157|./src/_00/output/PHP/cachethq~cachet/resources/lang/fr/validation.php|cachethq|cachet|validation.php|PHP|75|38|9
158|./src/_00/output/PHP/cachethq~cachet/resources/lang/he/validation.php|cachethq|cachet|validation.php|PHP|75|38|9
159|./src/_00/output/PHP/cachethq~cachet/resources/lang/hu/validation.php|cachethq|cachet|validation.php|PHP|75|38|9
160|./src/_00/output/PHP/cachethq~cachet/resources/lang/id/validation.php|cachethq|cachet|validation.php|PHP|75|38|9
161|./src/_00/output/PHP/cachethq~cachet/resources/lang/it/validation.php|cachethq|cachet|validation.php|PHP|75|38|9
162|./src/_00/output/PHP/cachethq~cachet/resources/lang/ja/validation.php|cachethq|cachet|validation.php|PHP|75|38|9
163|./src/_00/output/PHP/cachethq~cachet/resources/lang/ko/validation.php|cachethq|cachet|validation.php|PHP|75|38|9
164|./src/_00/output/PHP/cachethq~cachet/resources/lang/nl/validation.php|cachethq|cachet|validation.php|PHP|75|38|9
165|./src/_00/output/PHP/cachethq~cachet/resources/lang/no/validation.php|cachethq|cachet|validation.php|PHP|75|38|9
166|./src/_00/output/PHP/cachethq~cachet/resources/lang/pl/validation.php|cachethq|cachet|validation.php|PHP|75|38|9
167|./src/_00/output/PHP/cachethq~cachet/resources/lang/pt-BR/validation.php|cachethq|cachet|validation.php|PHP|75|38|9
168|./src/_00/output/PHP/cachethq~cachet/resources/lang/pt-PT/validation.php|cachethq|cachet|validation.php|PHP|75|38|9
169|./src/_00/output/PHP/cachethq~cachet/resources/lang/ro/validation.php|cachethq|cachet|validation.php|PHP|75|38|9
170|./src/_00/output/PHP/cachethq~cachet/resources/lang/ru/validation.php|cachethq|cachet|validation.php|PHP|75|38|9
171|./src/_00/output/PHP/cachethq~cachet/resources/lang/sv-SE/validation.php|cachethq|cachet|validation.php|PHP|75|38|9
172|./src/_00/output/PHP/cachethq~cachet/resources/lang/uk/validation.php|cachethq|cachet|validation.php|PHP|75|38|9
173|./src/_00/output/PHP/cachethq~cachet/resources/lang/vi/validation.php|cachethq|cachet|validation.php|PHP|75|38|9
174|./src/_00/output/PHP/cachethq~cachet/resources/lang/zh-CN/validation.php|cachethq|cachet|validation.php|PHP|75|38|9
175|./src/_00/output/PHP/cachethq~cachet/resources/lang/zh-TW/validation.php|cachethq|cachet|validation.php|PHP|75|38|9
176|./src/_00/output/PHP/cachethq~cachet/resources/views/dashboard/components/add.blade.php|cachethq|cachet|add.blade.php|Blade|75|0|3
177|./src/_00/output/PHP/cachethq~cachet/app/Repositories/Metric/MySqlRepository.php|cachethq|cachet|MySqlRepository.php|PHP|74|37|24
178|./src/_00/output/PHP/cachethq~cachet/resources/views/dashboard/user/index.blade.php|cachethq|cachet|index.blade.php|Blade|74|0|2
179|./src/_00/output/PHP/cachethq~cachet/app/Bus/Handlers/Events/Incident/SendIncidentEmailNotificationHandler.php|cachethq|cachet|SendIncidentEmailNotificationHandler.php|PHP|72|44|17
180|./src/_00/output/PHP/cachethq~cachet/tests/Api/MetricTest.php|cachethq|cachet|MetricTest.php|PHP|72|14|16
181|./src/_00/output/PHP/cachethq~cachet/tests/Api/SubscriberTest.php|cachethq|cachet|SubscriberTest.php|PHP|72|14|18
182|./src/_00/output/PHP/cachethq~cachet/app/Bus/Handlers/Events/Incident/SendMaintenanceEmailNotificationHandler.php|cachethq|cachet|SendMaintenanceEmailNotificationHandler.php|PHP|71|44|17
183|./src/_00/output/PHP/cachethq~cachet/app/Models/User.php|cachethq|cachet|User.php|PHP|69|82|21
184|./src/_00/output/PHP/cachethq~cachet/README.md|cachethq|cachet|README.md|Markdown|65|0|43
185|./src/_00/output/PHP/cachethq~cachet/resources/assets/sass/pages/_setup.scss|cachethq|cachet|_setup.scss|Sass|65|0|1
186|./src/_00/output/PHP/cachethq~cachet/tests/Api/ComponentGroupTest.php|cachethq|cachet|ComponentGroupTest.php|PHP|65|14|17
187|./src/_00/output/PHP/cachethq~cachet/app/Foundation/Providers/EventServiceProvider.php|cachethq|cachet|EventServiceProvider.php|PHP|64|32|4
188|./src/_00/output/PHP/cachethq~cachet/resources/views/dashboard/schedule/add.blade.php|cachethq|cachet|add.blade.php|Blade|64|0|2
189|./src/_00/output/PHP/cachethq~cachet/resources/views/dashboard/settings/analytics.blade.php|cachethq|cachet|analytics.blade.php|Blade|64|0|2
190|./src/_00/output/PHP/cachethq~cachet/app/Bus/Handlers/Commands/Incident/UpdateIncidentCommandHandler.php|cachethq|cachet|UpdateIncidentCommandHandler.php|PHP|63|55|17
191|./src/_00/output/PHP/cachethq~cachet/resources/views/dashboard/partials/welcome-modal.blade.php|cachethq|cachet|welcome-modal.blade.php|Blade|63|1|3
192|./src/_00/output/PHP/cachethq~cachet/resources/views/dashboard/templates/edit.blade.php|cachethq|cachet|edit.blade.php|Blade|62|0|6
193|./src/_00/output/PHP/cachethq~cachet/resources/views/layout/master.blade.php|cachethq|cachet|master.blade.php|Blade|62|2|17
194|./src/_00/output/PHP/cachethq~cachet/app/Foundation/Providers/ConfigServiceProvider.php|cachethq|cachet|ConfigServiceProvider.php|PHP|61|27|16
195|./src/_00/output/PHP/cachethq~cachet/app/Http/Controllers/AuthController.php|cachethq|cachet|AuthController.php|PHP|61|44|20
196|./src/_00/output/PHP/cachethq~cachet/app/Models/Subscriber.php|cachethq|cachet|Subscriber.php|PHP|61|73|17
197|./src/_00/output/PHP/cachethq~cachet/app/Presenters/ComponentGroupPresenter.php|cachethq|cachet|ComponentGroupPresenter.php|PHP|61|48|14
198|./src/_00/output/PHP/cachethq~cachet/app/Http/Controllers/Api/ComponentGroupController.php|cachethq|cachet|ComponentGroupController.php|PHP|60|46|16
199|./src/_00/output/PHP/cachethq~cachet/app/Models/ComponentGroup.php|cachethq|cachet|ComponentGroup.php|PHP|60|68|16
200|./src/_00/output/PHP/cachethq~cachet/app/Repositories/Metric/MetricRepository.php|cachethq|cachet|MetricRepository.php|PHP|60|55|27
201|./src/_00/output/PHP/cachethq~cachet/config/backup-manager.php|cachethq|cachet|backup-manager.php|PHP|60|8|2
202|./src/_00/output/PHP/cachethq~cachet/app/Bus/Handlers/Commands/Incident/ReportIncidentCommandHandler.php|cachethq|cachet|ReportIncidentCommandHandler.php|PHP|59|50|19
203|./src/_00/output/PHP/cachethq~cachet/resources/assets/js/password-strength.js|cachethq|cachet|password-strength.js|JavaScript|59|14|7
204|./src/_00/output/PHP/cachethq~cachet/resources/views/dashboard/settings/security.blade.php|cachethq|cachet|security.blade.php|Blade|57|0|4
205|./src/_00/output/PHP/cachethq~cachet/app/Http/Controllers/SignupController.php|cachethq|cachet|SignupController.php|PHP|56|22|13
206|./src/_00/output/PHP/cachethq~cachet/app/helpers.php|cachethq|cachet|helpers.php|PHP|56|46|16
207|./src/_00/output/PHP/cachethq~cachet/resources/views/dashboard/schedule/edit.blade.php|cachethq|cachet|edit.blade.php|Blade|56|0|2
208|./src/_00/output/PHP/cachethq~cachet/app/Http/Controllers/FeedController.php|cachethq|cachet|FeedController.php|PHP|55|46|11
209|./src/_00/output/PHP/cachethq~cachet/config/database.php|cachethq|cachet|database.php|PHP|55|63|21
210|./src/_00/output/PHP/cachethq~cachet/resources/assets/sass/partials/_modals.scss|cachethq|cachet|_modals.scss|Sass|55|0|9
211|./src/_00/output/PHP/cachethq~cachet/app/Bus/Handlers/Events/Component/SendComponentUpdateEmailNotificationHandler.php|cachethq|cachet|SendComponentUpdateEmailNotificationHandler.php|PHP|54|43|16
212|./src/_00/output/PHP/cachethq~cachet/resources/views/dashboard/team/edit.blade.php|cachethq|cachet|edit.blade.php|Blade|54|0|2
213|./src/_00/output/PHP/cachethq~cachet/resources/views/dashboard/templates/add.blade.php|cachethq|cachet|add.blade.php|Blade|54|0|5
214|./src/_00/output/PHP/cachethq~cachet/CONTRIBUTING.md|cachethq|cachet|CONTRIBUTING.md|Markdown|53|0|23
215|./src/_00/output/PHP/cachethq~cachet/resources/assets/sass/modules/_forms.scss|cachethq|cachet|_forms.scss|Sass|53|0|7
216|./src/_00/output/PHP/cachethq~cachet/resources/views/dashboard/subscribers/index.blade.php|cachethq|cachet|index.blade.php|Blade|52|0|2
217|./src/_00/output/PHP/cachethq~cachet/resources/views/dashboard/team/add.blade.php|cachethq|cachet|add.blade.php|Blade|51|0|2
218|./src/_00/output/PHP/cachethq~cachet/resources/views/index.blade.php|cachethq|cachet|index.blade.php|Blade|51|0|9
219|./src/_00/output/PHP/cachethq~cachet/app/Foundation/Providers/IntegrationServiceProvider.php|cachethq|cachet|IntegrationServiceProvider.php|PHP|50|38|12
220|./src/_00/output/PHP/cachethq~cachet/resources/assets/sass/partials/_base.scss|cachethq|cachet|_base.scss|Sass|50|1|9
221|./src/_00/output/PHP/cachethq~cachet/tests/Bus/Commands/Incident/UpdateIncidentCommandTest.php|cachethq|cachet|UpdateIncidentCommandTest.php|PHP|49|14|9
222|./src/_00/output/PHP/cachethq~cachet/tests/Bus/Commands/Metric/UpdateMetricCommandTest.php|cachethq|cachet|UpdateMetricCommandTest.php|PHP|49|14|9
223|./src/_00/output/PHP/cachethq~cachet/resources/assets/sass/partials/_navbar.scss|cachethq|cachet|_navbar.scss|Sass|48|0|0
224|./src/_00/output/PHP/cachethq~cachet/resources/views/dashboard/components/index.blade.php|cachethq|cachet|index.blade.php|Blade|48|0|1
225|./src/_00/output/PHP/cachethq~cachet/resources/views/dashboard/settings/customization.blade.php|cachethq|cachet|customization.blade.php|Blade|48|0|3
226|./src/_00/output/PHP/cachethq~cachet/app/Composers/TimezoneLocaleComposer.php|cachethq|cachet|TimezoneLocaleComposer.php|PHP|47|29|17
227|./src/_00/output/PHP/cachethq~cachet/app/Http/Controllers/Dashboard/SubscriberController.php|cachethq|cachet|SubscriberController.php|PHP|47|32|11
228|./src/_00/output/PHP/cachethq~cachet/app/Models/Subscription.php|cachethq|cachet|Subscription.php|PHP|47|57|12
229|./src/_00/output/PHP/cachethq~cachet/resources/views/auth/two-factor-auth.blade.php|cachethq|cachet|two-factor-auth.blade.php|Blade|47|0|6
230|./src/_00/output/PHP/cachethq~cachet/app/Http/Routes/ApiRoutes.php|cachethq|cachet|ApiRoutes.php|PHP|46|20|11
231|./src/_00/output/PHP/cachethq~cachet/resources/views/partials/footer.blade.php|cachethq|cachet|footer.blade.php|Blade|46|0|1
232|./src/_00/output/PHP/cachethq~cachet/tests/Bus/Commands/Incident/ReportIncidentCommandTest.php|cachethq|cachet|ReportIncidentCommandTest.php|PHP|46|14|9
233|./src/_00/output/PHP/cachethq~cachet/tests/Bus/Commands/Metric/AddMetricCommandTest.php|cachethq|cachet|AddMetricCommandTest.php|PHP|46|14|9
234|./src/_00/output/PHP/cachethq~cachet/app/Http/Controllers/Api/MetricPointController.php|cachethq|cachet|MetricPointController.php|PHP|45|39|10
235|./src/_00/output/PHP/cachethq~cachet/app/Models/MetricPoint.php|cachethq|cachet|MetricPoint.php|PHP|45|45|12
236|./src/_00/output/PHP/cachethq~cachet/resources/views/dashboard/team/invite.blade.php|cachethq|cachet|invite.blade.php|Blade|45|0|2
237|./src/_00/output/PHP/cachethq~cachet/app/Bus/Commands/Metric/UpdateMetricCommand.php|cachethq|cachet|UpdateMetricCommand.php|PHP|44|85|16
238|./src/_00/output/PHP/cachethq~cachet/app/Http/Controllers/Dashboard/UserController.php|cachethq|cachet|UserController.php|PHP|44|26|11
239|./src/_00/output/PHP/cachethq~cachet/app/Subscribers/CommandSubscriber.php|cachethq|cachet|CommandSubscriber.php|PHP|44|46|13
240|./src/_00/output/PHP/cachethq~cachet/resources/views/auth/login.blade.php|cachethq|cachet|login.blade.php|Blade|43|0|5
241|./src/_00/output/PHP/cachethq~cachet/resources/views/dashboard/components/groups/index.blade.php|cachethq|cachet|index.blade.php|Blade|43|0|1
242|./src/_00/output/PHP/cachethq~cachet/resources/views/dashboard/schedule/index.blade.php|cachethq|cachet|index.blade.php|Blade|43|0|2
243|./src/_00/output/PHP/cachethq~cachet/tests/Bus/Commands/Component/UpdateComponentCommandTest.php|cachethq|cachet|UpdateComponentCommandTest.php|PHP|43|14|9
244|./src/_00/output/PHP/cachethq~cachet/app/Composers/AppComposer.php|cachethq|cachet|AppComposer.php|PHP|42|33|7
245|./src/_00/output/PHP/cachethq~cachet/app/Integrations/Core/System.php|cachethq|cachet|System.php|PHP|42|20|8
246|./src/_00/output/PHP/cachethq~cachet/resources/views/dashboard/settings/credits.blade.php|cachethq|cachet|credits.blade.php|Blade|42|0|11
247|./src/_00/output/PHP/cachethq~cachet/resources/views/signup.blade.php|cachethq|cachet|signup.blade.php|Blade|42|0|5
248|./src/_00/output/PHP/cachethq~cachet/app/Bus/Commands/Incident/UpdateIncidentCommand.php|cachethq|cachet|UpdateIncidentCommand.php|PHP|41|85|16
249|./src/_00/output/PHP/cachethq~cachet/app/Bus/Commands/Metric/AddMetricCommand.php|cachethq|cachet|AddMetricCommand.php|PHP|41|79|14
250|./src/_00/output/PHP/cachethq~cachet/app/Bus/Handlers/Commands/Metric/AddMetricPointCommandHandler.php|cachethq|cachet|AddMetricPointCommandHandler.php|PHP|41|28|15
251|./src/_00/output/PHP/cachethq~cachet/app/Console/Commands/DemoMetricPointSeederCommand.php|cachethq|cachet|DemoMetricPointSeederCommand.php|PHP|41|39|13
252|./src/_00/output/PHP/cachethq~cachet/app/Presenters/ComponentPresenter.php|cachethq|cachet|ComponentPresenter.php|PHP|41|33|9
253|./src/_00/output/PHP/cachethq~cachet/config/twigbridge.php|cachethq|cachet|twigbridge.php|PHP|41|151|20
254|./src/_00/output/PHP/cachethq~cachet/resources/views/dashboard/incidents/index.blade.php|cachethq|cachet|index.blade.php|Blade|41|0|2
255|./src/_00/output/PHP/cachethq~cachet/app/Http/Controllers/Api/SubscriberController.php|cachethq|cachet|SubscriberController.php|PHP|40|38|12
256|./src/_00/output/PHP/cachethq~cachet/phpunit.xml.dist|cachethq|cachet|phpunit.xml.dist|XML|40|0|0
257|./src/_00/output/PHP/cachethq~cachet/resources/assets/sass/pages/_login.scss|cachethq|cachet|_login.scss|Sass|40|0|7
258|./src/_00/output/PHP/cachethq~cachet/resources/views/dashboard/components/groups/add.blade.php|cachethq|cachet|add.blade.php|Blade|40|0|2
259|./src/_00/output/PHP/cachethq~cachet/resources/views/dashboard/components/groups/edit.blade.php|cachethq|cachet|edit.blade.php|Blade|40|0|2
260|./src/_00/output/PHP/cachethq~cachet/resources/views/dashboard/metrics/index.blade.php|cachethq|cachet|index.blade.php|Blade|40|0|1
261|./src/_00/output/PHP/cachethq~cachet/resources/views/dashboard/settings/stylesheet.blade.php|cachethq|cachet|stylesheet.blade.php|Blade|40|0|2
262|./src/_00/output/PHP/cachethq~cachet/resources/views/dashboard/team/index.blade.php|cachethq|cachet|index.blade.php|Blade|40|0|2
263|./src/_00/output/PHP/cachethq~cachet/tests/Bus/Commands/Component/AddComponentCommandTest.php|cachethq|cachet|AddComponentCommandTest.php|PHP|40|14|8
264|./src/_00/output/PHP/cachethq~cachet/app/Bus/Commands/Incident/ReportIncidentCommand.php|cachethq|cachet|ReportIncidentCommand.php|PHP|39|79|14
265|./src/_00/output/PHP/cachethq~cachet/app/Presenters/MetricPresenter.php|cachethq|cachet|MetricPresenter.php|PHP|39|28|8
266|./src/_00/output/PHP/cachethq~cachet/app/Settings/Repository.php|cachethq|cachet|Repository.php|PHP|39|61|14
267|./src/_00/output/PHP/cachethq~cachet/config/queue.php|cachethq|cachet|queue.php|PHP|39|40|15
268|./src/_00/output/PHP/cachethq~cachet/resources/assets/sass/modules/_bootstrap.scss|cachethq|cachet|_bootstrap.scss|Sass|39|7|6
269|./src/_00/output/PHP/cachethq~cachet/resources/assets/sass/app.scss|cachethq|cachet|app.scss|Sass|38|8|11
270|./src/_00/output/PHP/cachethq~cachet/resources/assets/sass/plugins/_password-strength.scss|cachethq|cachet|_password-strength.scss|Sass|38|0|8
271|./src/_00/output/PHP/cachethq~cachet/app/Integrations/GitHub/Releases.php|cachethq|cachet|Releases.php|PHP|36|47|13
272|./src/_00/output/PHP/cachethq~cachet/config/cache.php|cachethq|cachet|cache.php|PHP|36|38|16
273|./src/_00/output/PHP/cachethq~cachet/resources/views/dashboard/templates/index.blade.php|cachethq|cachet|index.blade.php|Blade|36|0|1
274|./src/_00/output/PHP/cachethq~cachet/resources/views/partials/analytics.blade.php|cachethq|cachet|analytics.blade.php|Blade|36|0|0
275|./src/_00/output/PHP/cachethq~cachet/resources/views/subscribe/manage.blade.php|cachethq|cachet|manage.blade.php|Blade|36|0|5
276|./src/_00/output/PHP/cachethq~cachet/tests/Bus/Commands/Metric/UpdateMetricPointCommandTest.php|cachethq|cachet|UpdateMetricPointCommandTest.php|PHP|36|14|9
277|./src/_00/output/PHP/cachethq~cachet/app/Bus/Handlers/Commands/Subscriber/SubscribeSubscriberCommandHandler.php|cachethq|cachet|SubscribeSubscriberCommandHandler.php|PHP|35|23|9
278|./src/_00/output/PHP/cachethq~cachet/app/Http/Kernel.php|cachethq|cachet|Kernel.php|PHP|35|23|6
279|./src/_00/output/PHP/cachethq~cachet/app/Bus/Commands/Component/UpdateComponentCommand.php|cachethq|cachet|UpdateComponentCommand.php|PHP|34|67|13
280|./src/_00/output/PHP/cachethq~cachet/app/Foundation/Providers/RouteServiceProvider.php|cachethq|cachet|RouteServiceProvider.php|PHP|34|34|8
281|./src/_00/output/PHP/cachethq~cachet/app/Http/Middleware/Localize.php|cachethq|cachet|Localize.php|PHP|34|33|12
282|./src/_00/output/PHP/cachethq~cachet/app/Http/Routes/SubscribeRoutes.php|cachethq|cachet|SubscribeRoutes.php|PHP|34|20|9
283|./src/_00/output/PHP/cachethq~cachet/app/Settings/Cache.php|cachethq|cachet|Cache.php|PHP|34|59|10
284|./src/_00/output/PHP/cachethq~cachet/resources/views/dashboard/subscribers/add.blade.php|cachethq|cachet|add.blade.php|Blade|34|0|2
285|./src/_00/output/PHP/cachethq~cachet/tests/Bus/Commands/Incident/ReportMaintenanceCommandTest.php|cachethq|cachet|ReportMaintenanceCommandTest.php|PHP|34|14|9
286|./src/_00/output/PHP/cachethq~cachet/tests/Bus/Commands/User/AddUserCommandTest.php|cachethq|cachet|AddUserCommandTest.php|PHP|34|14|9
287|./src/_00/output/PHP/cachethq~cachet/tests/Bus/Commands/User/SignupUserCommandTest.php|cachethq|cachet|SignupUserCommandTest.php|PHP|34|13|9
288|./src/_00/output/PHP/cachethq~cachet/app/Bus/Handlers/Commands/Metric/UpdateMetricCommandHandler.php|cachethq|cachet|UpdateMetricCommandHandler.php|PHP|33|22|9
289|./src/_00/output/PHP/cachethq~cachet/app/Foundation/Providers/RepositoryServiceProvider.php|cachethq|cachet|RepositoryServiceProvider.php|PHP|33|23|8
290|./src/_00/output/PHP/cachethq~cachet/app/Http/Middleware/ApiAuthentication.php|cachethq|cachet|ApiAuthentication.php|PHP|33|29|7
291|./src/_00/output/PHP/cachethq~cachet/app/Http/Routes/AuthRoutes.php|cachethq|cachet|AuthRoutes.php|PHP|33|20|8
292|./src/_00/output/PHP/cachethq~cachet/config/exceptions.php|cachethq|cachet|exceptions.php|PHP|33|68|13
293|./src/_00/output/PHP/cachethq~cachet/app/Bus/Handlers/Commands/Subscriber/UpdateSubscriberSubscriptionCommandHandler.php|cachethq|cachet|UpdateSubscriberSubscriptionCommandHandler.php|PHP|32|20|12
294|./src/_00/output/PHP/cachethq~cachet/app/Dates/DateFactory.php|cachethq|cachet|DateFactory.php|PHP|32|62|11
295|./src/_00/output/PHP/cachethq~cachet/app/Foundation/Providers/AppServiceProvider.php|cachethq|cachet|AppServiceProvider.php|PHP|32|30|9
296|./src/_00/output/PHP/cachethq~cachet/app/Integrations/Core/Feed.php|cachethq|cachet|Feed.php|PHP|32|46|11
297|./src/_00/output/PHP/cachethq~cachet/config/trustedproxy.php|cachethq|cachet|trustedproxy.php|PHP|32|33|8
298|./src/_00/output/PHP/cachethq~cachet/gulpfile.js|cachethq|cachet|gulpfile.js|JavaScript|32|0|1
299|./src/_00/output/PHP/cachethq~cachet/resources/assets/sass/modules/_alerts.scss|cachethq|cachet|_alerts.scss|Sass|32|0|6
300|./src/_00/output/PHP/cachethq~cachet/resources/views/partials/components_form.blade.php|cachethq|cachet|components_form.blade.php|Blade|32|0|1
301|./src/_00/output/PHP/cachethq~cachet/app/Bus/Commands/Component/AddComponentCommand.php|cachethq|cachet|AddComponentCommand.php|PHP|31|61|11
302|./src/_00/output/PHP/cachethq~cachet/app/Foundation/Exceptions/Displayers/RedirectDisplayer.php|cachethq|cachet|RedirectDisplayer.php|PHP|31|49|10
303|./src/_00/output/PHP/cachethq~cachet/app/Integrations/Core/Credits.php|cachethq|cachet|Credits.php|PHP|31|41|10
304|./src/_00/output/PHP/cachethq~cachet/config/auth.php|cachethq|cachet|auth.php|PHP|31|68|12
305|./src/_00/output/PHP/cachethq~cachet/database/migrations/2015_01_05_201444_CreateComponentsTable.php|cachethq|cachet|2015_01_05_201444_CreateComponentsTable.php|PHP|31|14|6
306|./src/_00/output/PHP/cachethq~cachet/database/migrations/2015_01_05_203341_CreateUsersTable.php|cachethq|cachet|2015_01_05_203341_CreateUsersTable.php|PHP|31|14|6
307|./src/_00/output/PHP/cachethq~cachet/resources/views/emails/incidents/new-html.blade.php|cachethq|cachet|new-html.blade.php|Blade|31|5|4
308|./src/_00/output/PHP/cachethq~cachet/app/Bus/Handlers/Commands/Component/UpdateComponentCommandHandler.php|cachethq|cachet|UpdateComponentCommandHandler.php|PHP|30|22|9
309|./src/_00/output/PHP/cachethq~cachet/app/Foundation/Exceptions/Displayers/ThrottleDisplayer.php|cachethq|cachet|ThrottleDisplayer.php|PHP|30|49|9
310|./src/_00/output/PHP/cachethq~cachet/app/Models/IncidentTemplate.php|cachethq|cachet|IncidentTemplate.php|PHP|30|34|10
311|./src/_00/output/PHP/cachethq~cachet/resources/assets/sass/modules/_variables.scss|cachethq|cachet|_variables.scss|Sass|30|3|6
312|./src/_00/output/PHP/cachethq~cachet/resources/views/partials/components.blade.php|cachethq|cachet|components.blade.php|Blade|30|0|3
313|./src/_00/output/PHP/cachethq~cachet/tests/Bus/Commands/ComponentGroup/UpdateComponentGroupCommandTest.php|cachethq|cachet|UpdateComponentGroupCommandTest.php|PHP|30|14|8
314|./src/_00/output/PHP/cachethq~cachet/app/Bus/Handlers/Commands/Component/AddComponentCommandHandler.php|cachethq|cachet|AddComponentCommandHandler.php|PHP|29|22|8
315|./src/_00/output/PHP/cachethq~cachet/app/Bus/Handlers/Commands/Metric/UpdateMetricPointCommandHandler.php|cachethq|cachet|UpdateMetricPointCommandHandler.php|PHP|29|27|11
316|./src/_00/output/PHP/cachethq~cachet/resources/views/dashboard/partials/components.blade.php|cachethq|cachet|components.blade.php|Blade|29|0|1
317|./src/_00/output/PHP/cachethq~cachet/resources/views/dashboard/partials/head.blade.php|cachethq|cachet|head.blade.php|Blade|29|0|7
318|./src/_00/output/PHP/cachethq~cachet/app/Bus/Handlers/Commands/Incident/ReportMaintenanceCommandHandler.php|cachethq|cachet|ReportMaintenanceCommandHandler.php|PHP|28|27|10
319|./src/_00/output/PHP/cachethq~cachet/database/migrations/2015_01_05_202609_CreateIncidentsTable.php|cachethq|cachet|2015_01_05_202609_CreateIncidentsTable.php|PHP|28|14|6
320|./src/_00/output/PHP/cachethq~cachet/tests/Foundation/Providers/IntegrationServiceProviderTest.php|cachethq|cachet|IntegrationServiceProviderTest.php|PHP|28|14|8
321|./src/_00/output/PHP/cachethq~cachet/app/Bus/Handlers/Events/Subscriber/SendSubscriberVerificationEmailHandler.php|cachethq|cachet|SendSubscriberVerificationEmailHandler.php|PHP|27|27|7
322|./src/_00/output/PHP/cachethq~cachet/app/Bus/Handlers/Events/User/SendInviteUserEmailHandler.php|cachethq|cachet|SendInviteUserEmailHandler.php|PHP|27|27|7
323|./src/_00/output/PHP/cachethq~cachet/app/Composers/StatusPageComposer.php|cachethq|cachet|StatusPageComposer.php|PHP|27|34|9
324|./src/_00/output/PHP/cachethq~cachet/app/Composers/ThemeComposer.php|cachethq|cachet|ThemeComposer.php|PHP|27|28|6
325|./src/_00/output/PHP/cachethq~cachet/app/Foundation/Providers/ComposerServiceProvider.php|cachethq|cachet|ComposerServiceProvider.php|PHP|27|19|5
326|./src/_00/output/PHP/cachethq~cachet/app/Models/Invite.php|cachethq|cachet|Invite.php|PHP|27|31|9
327|./src/_00/output/PHP/cachethq~cachet/resources/assets/sass/_palette.scss|cachethq|cachet|_palette.scss|Sass|27|2|12
328|./src/_00/output/PHP/cachethq~cachet/resources/views/partials/nav.blade.php|cachethq|cachet|nav.blade.php|Blade|27|0|1
329|./src/_00/output/PHP/cachethq~cachet/database/migrations/2015_01_05_202826_CreateMetricsTable.php|cachethq|cachet|2015_01_05_202826_CreateMetricsTable.php|PHP|26|14|6
330|./src/_00/output/PHP/cachethq~cachet/resources/assets/sass/modules/_tabs.scss|cachethq|cachet|_tabs.scss|Sass|26|0|1
331|./src/_00/output/PHP/cachethq~cachet/resources/views/subscribe/subscribe.blade.php|cachethq|cachet|subscribe.blade.php|Blade|26|0|4
332|./src/_00/output/PHP/cachethq~cachet/app/Bus/Handlers/Commands/ComponentGroup/UpdateComponentGroupCommandHandler.php|cachethq|cachet|UpdateComponentGroupCommandHandler.php|PHP|25|22|8
333|./src/_00/output/PHP/cachethq~cachet/app/Bus/Handlers/Commands/Metric/AddMetricCommandHandler.php|cachethq|cachet|AddMetricCommandHandler.php|PHP|25|15|6
334|./src/_00/output/PHP/cachethq~cachet/database/migrations/2015_05_24_210939_create_jobs_table.php|cachethq|cachet|2015_05_24_210939_create_jobs_table.php|PHP|25|14|5
335|./src/_00/output/PHP/cachethq~cachet/database/migrations/2016_03_01_174858_AlterTableMetricPointsAddCounterColumn.php|cachethq|cachet|2016_03_01_174858_AlterTableMetricPointsAddCounterColumn.php|PHP|25|18|6
336|./src/_00/output/PHP/cachethq~cachet/package.json|cachethq|cachet|package.json|JSON|25|0|0
337|./src/_00/output/PHP/cachethq~cachet/resources/views/partials/incident.blade.php|cachethq|cachet|incident.blade.php|Blade|25|0|0
338|./src/_00/output/PHP/cachethq~cachet/resources/views/partials/incidents.blade.php|cachethq|cachet|incidents.blade.php|Blade|25|0|0
339|./src/_00/output/PHP/cachethq~cachet/tests/Bus/Commands/Metric/AddMetricPointCommandTest.php|cachethq|cachet|AddMetricPointCommandTest.php|PHP|25|14|8
340|./src/_00/output/PHP/cachethq~cachet/app/Http/Controllers/Api/GeneralController.php|cachethq|cachet|GeneralController.php|PHP|24|28|8
341|./src/_00/output/PHP/cachethq~cachet/app/Http/Routes/StatusPageRoutes.php|cachethq|cachet|StatusPageRoutes.php|PHP|24|20|7
342|./src/_00/output/PHP/cachethq~cachet/database/migrations/2015_01_05_203235_CreateSubscribersTable.php|cachethq|cachet|2015_01_05_203235_CreateSubscribersTable.php|PHP|24|14|6
343|./src/_00/output/PHP/cachethq~cachet/resources/views/partials/modals/subscribe.blade.php|cachethq|cachet|subscribe.blade.php|Blade|24|0|0
344|./src/_00/output/PHP/cachethq~cachet/resources/views/single-incident.blade.php|cachethq|cachet|single-incident.blade.php|Blade|24|0|4
345|./src/_00/output/PHP/cachethq~cachet/tests/Bus/Commands/ComponentGroup/AddComponentGroupCommandTest.php|cachethq|cachet|AddComponentGroupCommandTest.php|PHP|24|14|9
346|./src/_00/output/PHP/cachethq~cachet/tests/Bus/Commands/Subscriber/SubscribeSubscriberCommandTest.php|cachethq|cachet|SubscribeSubscriberCommandTest.php|PHP|24|14|8
347|./src/_00/output/PHP/cachethq~cachet/tests/Bus/Commands/User/InviteUserCommandTest.php|cachethq|cachet|InviteUserCommandTest.php|PHP|24|14|8
348|./src/_00/output/PHP/cachethq~cachet/app/Presenters/SubscriberPresenter.php|cachethq|cachet|SubscriberPresenter.php|PHP|23|18|6
349|./src/_00/output/PHP/cachethq~cachet/config/filesystems.php|cachethq|cachet|filesystems.php|PHP|23|40|13
350|./src/_00/output/PHP/cachethq~cachet/database/migrations/2015_01_05_202446_CreateIncidentTemplatesTable.php|cachethq|cachet|2015_01_05_202446_CreateIncidentTemplatesTable.php|PHP|23|14|5
351|./src/_00/output/PHP/cachethq~cachet/tests/Api/GeneralTest.php|cachethq|cachet|GeneralTest.php|PHP|23|14|7
352|./src/_00/output/PHP/cachethq~cachet/app/Bus/Commands/ComponentGroup/UpdateComponentGroupCommand.php|cachethq|cachet|UpdateComponentGroupCommand.php|PHP|22|48|9
353|./src/_00/output/PHP/cachethq~cachet/app/Bus/Commands/Incident/ReportMaintenanceCommand.php|cachethq|cachet|ReportMaintenanceCommand.php|PHP|22|43|8
354|./src/_00/output/PHP/cachethq~cachet/app/Bus/Commands/Metric/UpdateMetricPointCommand.php|cachethq|cachet|UpdateMetricPointCommand.php|PHP|22|48|9
355|./src/_00/output/PHP/cachethq~cachet/app/Bus/Commands/User/SignupUserCommand.php|cachethq|cachet|SignupUserCommand.php|PHP|22|43|8
356|./src/_00/output/PHP/cachethq~cachet/app/Composers/MetricsComposer.php|cachethq|cachet|MetricsComposer.php|PHP|22|27|7
357|./src/_00/output/PHP/cachethq~cachet/app/Models/Tag.php|cachethq|cachet|Tag.php|PHP|22|26|8
358|./src/_00/output/PHP/cachethq~cachet/database/migrations/2015_01_05_202730_CreateMetricPointsTable.php|cachethq|cachet|2015_01_05_202730_CreateMetricPointsTable.php|PHP|22|14|6
359|./src/_00/output/PHP/cachethq~cachet/database/migrations/2015_01_16_083825_CreateTagsTable.php|cachethq|cachet|2015_01_16_083825_CreateTagsTable.php|PHP|22|14|6
360|./src/_00/output/PHP/cachethq~cachet/database/migrations/2015_01_16_084030_CreateComponentTagTable.php|cachethq|cachet|2015_01_16_084030_CreateComponentTagTable.php|PHP|22|14|6
361|./src/_00/output/PHP/cachethq~cachet/database/migrations/2015_05_24_210948_create_failed_jobs_table.php|cachethq|cachet|2015_05_24_210948_create_failed_jobs_table.php|PHP|22|14|5
362|./src/_00/output/PHP/cachethq~cachet/database/migrations/2015_10_31_211944_CreateInvitesTable.php|cachethq|cachet|2015_10_31_211944_CreateInvitesTable.php|PHP|22|18|5
363|./src/_00/output/PHP/cachethq~cachet/database/migrations/2016_03_10_144613_AlterTableComponentGroupsMakeColumnInteger.php|cachethq|cachet|2016_03_10_144613_AlterTableComponentGroupsMakeColumnInteger.php|PHP|22|18|5
364|./src/_00/output/PHP/cachethq~cachet/database/migrations/2016_04_05_142933_create_sessions_table.php|cachethq|cachet|2016_04_05_142933_create_sessions_table.php|PHP|22|18|4
365|./src/_00/output/PHP/cachethq~cachet/app/Bus/Commands/User/AddUserCommand.php|cachethq|cachet|AddUserCommand.php|PHP|21|48|8
366|./src/_00/output/PHP/cachethq~cachet/app/Http/Middleware/Admin.php|cachethq|cachet|Admin.php|PHP|21|28|7
367|./src/_00/output/PHP/cachethq~cachet/app/Http/Middleware/Authenticate.php|cachethq|cachet|Authenticate.php|PHP|21|28|7
368|./src/_00/output/PHP/cachethq~cachet/app/Http/Middleware/ReadyForUse.php|cachethq|cachet|ReadyForUse.php|PHP|21|16|5
369|./src/_00/output/PHP/cachethq~cachet/app/Http/Middleware/RedirectIfAuthenticated.php|cachethq|cachet|RedirectIfAuthenticated.php|PHP|21|28|7
370|./src/_00/output/PHP/cachethq~cachet/app/Presenters/MetricPointPresenter.php|cachethq|cachet|MetricPointPresenter.php|PHP|21|18|6
371|./src/_00/output/PHP/cachethq~cachet/config/broadcasting.php|cachethq|cachet|broadcasting.php|PHP|21|29|11
372|./src/_00/output/PHP/cachethq~cachet/config/services.php|cachethq|cachet|services.php|PHP|21|19|9
373|./src/_00/output/PHP/cachethq~cachet/database/migrations/2015_01_05_203014_CreateSettingsTable.php|cachethq|cachet|2015_01_05_203014_CreateSettingsTable.php|PHP|21|14|5
374|./src/_00/output/PHP/cachethq~cachet/public/build/dist/js/all-b2c62d4294.js|cachethq|cachet|all-b2c62d4294.js|JavaScript|21|0|0
375|./src/_00/output/PHP/cachethq~cachet/resources/assets/sass/_errors.scss|cachethq|cachet|_errors.scss|Sass|21|0|3
376|./src/_00/output/PHP/cachethq~cachet/tests/Bus/Commands/Component/RemoveComponentCommandTest.php|cachethq|cachet|RemoveComponentCommandTest.php|PHP|21|14|7
377|./src/_00/output/PHP/cachethq~cachet/tests/Bus/Commands/ComponentGroup/RemoveComponentGroupCommandTest.php|cachethq|cachet|RemoveComponentGroupCommandTest.php|PHP|21|14|7
378|./src/_00/output/PHP/cachethq~cachet/tests/Bus/Commands/Incident/RemoveIncidentCommandTest.php|cachethq|cachet|RemoveIncidentCommandTest.php|PHP|21|14|7
379|./src/_00/output/PHP/cachethq~cachet/tests/Bus/Commands/Invite/ClaimInviteCommandTest.php|cachethq|cachet|ClaimInviteCommandTest.php|PHP|21|13|7
380|./src/_00/output/PHP/cachethq~cachet/tests/Bus/Commands/Metric/RemoveMetricCommandTest.php|cachethq|cachet|RemoveMetricCommandTest.php|PHP|21|14|7
381|./src/_00/output/PHP/cachethq~cachet/tests/Bus/Commands/Metric/RemoveMetricPointCommandTest.php|cachethq|cachet|RemoveMetricPointCommandTest.php|PHP|21|14|7
382|./src/_00/output/PHP/cachethq~cachet/tests/Bus/Commands/Subscriber/UnsubscribeSubscriberCommandTest.php|cachethq|cachet|UnsubscribeSubscriberCommandTest.php|PHP|21|14|7
383|./src/_00/output/PHP/cachethq~cachet/tests/Bus/Commands/Subscriber/UnsubscribeSubscriptionCommandTest.php|cachethq|cachet|UnsubscribeSubscriptionCommandTest.php|PHP|21|13|7
384|./src/_00/output/PHP/cachethq~cachet/tests/Bus/Commands/Subscriber/UpdateSubscriberSubscriptionCommandTest.php|cachethq|cachet|UpdateSubscriberSubscriptionCommandTest.php|PHP|21|13|7
385|./src/_00/output/PHP/cachethq~cachet/tests/Bus/Commands/Subscriber/VerifySubscriberCommandTest.php|cachethq|cachet|VerifySubscriberCommandTest.php|PHP|21|14|7
386|./src/_00/output/PHP/cachethq~cachet/tests/Bus/Commands/User/GenerateApiTokenCommandTest.php|cachethq|cachet|GenerateApiTokenCommandTest.php|PHP|21|14|7
387|./src/_00/output/PHP/cachethq~cachet/tests/Bus/Commands/User/RemoveUserCommandTest.php|cachethq|cachet|RemoveUserCommandTest.php|PHP|21|14|7
388|./src/_00/output/PHP/cachethq~cachet/app/Foundation/Exceptions/Displayers/JsonValidationDisplayer.php|cachethq|cachet|JsonValidationDisplayer.php|PHP|20|27|7
389|./src/_00/output/PHP/cachethq~cachet/app/Http/Middleware/Timezone.php|cachethq|cachet|Timezone.php|PHP|20|28|7
390|./src/_00/output/PHP/cachethq~cachet/app/Repositories/Metric/AbstractMetricRepository.php|cachethq|cachet|AbstractMetricRepository.php|PHP|20|35|8
391|./src/_00/output/PHP/cachethq~cachet/database/migrations/2015_01_05_201324_CreateComponentGroupsTable.php|cachethq|cachet|2015_01_05_201324_CreateComponentGroupsTable.php|PHP|20|14|5
392|./src/_00/output/PHP/cachethq~cachet/database/migrations/2015_05_19_214534_AlterTableComponentGroupsAddOrder.php|cachethq|cachet|2015_05_19_214534_AlterTableComponentGroupsAddOrder.php|PHP|20|14|4
393|./src/_00/output/PHP/cachethq~cachet/database/migrations/2015_05_20_073041_AlterTableIncidentsAddVisibileColumn.php|cachethq|cachet|2015_05_20_073041_AlterTableIncidentsAddVisibileColumn.php|PHP|20|14|5
394|./src/_00/output/PHP/cachethq~cachet/database/migrations/2016_01_09_141852_CreateSubscriptionsTable.php|cachethq|cachet|2016_01_09_141852_CreateSubscriptionsTable.php|PHP|20|18|4
395|./src/_00/output/PHP/cachethq~cachet/resources/views/dashboard/partials/component.blade.php|cachethq|cachet|component.blade.php|Blade|20|0|0
396|./src/_00/output/PHP/cachethq~cachet/app/Bus/Commands/ComponentGroup/AddComponentGroupCommand.php|cachethq|cachet|AddComponentGroupCommand.php|PHP|19|42|7
397|./src/_00/output/PHP/cachethq~cachet/app/Bus/Commands/Metric/AddMetricPointCommand.php|cachethq|cachet|AddMetricPointCommand.php|PHP|19|37|8
398|./src/_00/output/PHP/cachethq~cachet/app/Bus/Handlers/Commands/User/AddUserCommandHandler.php|cachethq|cachet|AddUserCommandHandler.php|PHP|19|20|6
399|./src/_00/output/PHP/cachethq~cachet/app/Bus/Handlers/Commands/User/SignupUserCommandHandler.php|cachethq|cachet|SignupUserCommandHandler.php|PHP|19|15|6
400|./src/_00/output/PHP/cachethq~cachet/app/Http/Routes/FeedRoutes.php|cachethq|cachet|FeedRoutes.php|PHP|19|20|4
401|./src/_00/output/PHP/cachethq~cachet/database/migrations/2015_01_09_083419_AlterTableUsersAdd2FA.php|cachethq|cachet|2015_01_09_083419_AlterTableUsersAdd2FA.php|PHP|19|14|4
402|./src/_00/output/PHP/cachethq~cachet/database/migrations/2015_02_28_214642_UpdateIncidentsAddScheduledAt.php|cachethq|cachet|2015_02_28_214642_UpdateIncidentsAddScheduledAt.php|PHP|19|14|4
403|./src/_00/output/PHP/cachethq~cachet/database/migrations/2015_08_02_120436_AlterTableSubscribersRemoveDeletedAt.php|cachethq|cachet|2015_08_02_120436_AlterTableSubscribersRemoveDeletedAt.php|PHP|19|18|4
404|./src/_00/output/PHP/cachethq~cachet/database/migrations/2015_08_13_214123_AlterTableMetricsAddDecimalPlacesColumn.php|cachethq|cachet|2015_08_13_214123_AlterTableMetricsAddDecimalPlacesColumn.php|PHP|19|18|4
405|./src/_00/output/PHP/cachethq~cachet/database/migrations/2015_11_03_211049_AlterTableComponentsAddEnabledColumn.php|cachethq|cachet|2015_11_03_211049_AlterTableComponentsAddEnabledColumn.php|PHP|19|18|4
406|./src/_00/output/PHP/cachethq~cachet/database/migrations/2016_01_29_154937_AlterTableComponentGroupsAddCollapsedColumn.php|cachethq|cachet|2016_01_29_154937_AlterTableComponentGroupsAddCollapsedColumn.php|PHP|19|18|4
407|./src/_00/output/PHP/cachethq~cachet/database/migrations/2016_02_18_085210_AlterTableMetricPointsChangeValueColumn.php|cachethq|cachet|2016_02_18_085210_AlterTableMetricPointsChangeValueColumn.php|PHP|19|18|4
408|./src/_00/output/PHP/cachethq~cachet/database/migrations/2016_04_29_061916_AlterTableSubscribersAddGlobalColumn.php|cachethq|cachet|2016_04_29_061916_AlterTableSubscribersAddGlobalColumn.php|PHP|19|18|4
409|./src/_00/output/PHP/cachethq~cachet/database/migrations/2016_06_02_075012_AlterTableMetricsAddOrderColumn.php|cachethq|cachet|2016_06_02_075012_AlterTableMetricsAddOrderColumn.php|PHP|19|18|4
410|./src/_00/output/PHP/cachethq~cachet/database/migrations/2016_06_05_091615_create_cache_table.php|cachethq|cachet|2016_06_05_091615_create_cache_table.php|PHP|19|18|4
411|./src/_00/output/PHP/cachethq~cachet/resources/views/partials/banner.blade.php|cachethq|cachet|banner.blade.php|Blade|19|0|0
412|./src/_00/output/PHP/cachethq~cachet/app/Bus/Handlers/Commands/ComponentGroup/AddComponentGroupCommandHandler.php|cachethq|cachet|AddComponentGroupCommandHandler.php|PHP|18|15|6
413|./src/_00/output/PHP/cachethq~cachet/app/Foundation/Exceptions/Filters/ApiFilter.php|cachethq|cachet|ApiFilter.php|PHP|18|19|5
414|./src/_00/output/PHP/cachethq~cachet/app/Http/Routes/SignupRoutes.php|cachethq|cachet|SignupRoutes.php|PHP|18|20|5
415|./src/_00/output/PHP/cachethq~cachet/app/Presenters/Traits/TimestampsTrait.php|cachethq|cachet|TimestampsTrait.php|PHP|18|23|6
416|./src/_00/output/PHP/cachethq~cachet/database/migrations/2015_12_26_162258_AlterTableMetricsAddDefaultViewColumn.php|cachethq|cachet|2015_12_26_162258_AlterTableMetricsAddDefaultViewColumn.php|PHP|18|19|4
417|./src/_00/output/PHP/cachethq~cachet/tests/AnalysisTest.php|cachethq|cachet|AnalysisTest.php|PHP|18|13|5
418|./src/_00/output/PHP/cachethq~cachet/tests/Foundation/Providers/ConfigServiceProviderTest.php|cachethq|cachet|ConfigServiceProviderTest.php|PHP|18|13|6
419|./src/_00/output/PHP/cachethq~cachet/app/Bus/Commands/Subscriber/SubscribeSubscriberCommand.php|cachethq|cachet|SubscribeSubscriberCommand.php|PHP|17|42|7
420|./src/_00/output/PHP/cachethq~cachet/app/Bus/Handlers/Commands/User/InviteUserCommandHandler.php|cachethq|cachet|InviteUserCommandHandler.php|PHP|17|20|5
421|./src/_00/output/PHP/cachethq~cachet/app/Composers/DashboardComposer.php|cachethq|cachet|DashboardComposer.php|PHP|17|15|4
422|./src/_00/output/PHP/cachethq~cachet/app/Console/Kernel.php|cachethq|cachet|Kernel.php|PHP|17|20|5
423|./src/_00/output/PHP/cachethq~cachet/resources/views/partials/component_input.blade.php|cachethq|cachet|component_input.blade.php|Blade|17|0|0
424|./src/_00/output/PHP/cachethq~cachet/tests/Bus/Events/Component/ComponentWasAddedEventTest.php|cachethq|cachet|ComponentWasAddedEventTest.php|PHP|17|8|6
425|./src/_00/output/PHP/cachethq~cachet/tests/Bus/Events/Component/ComponentWasRemovedEventTest.php|cachethq|cachet|ComponentWasRemovedEventTest.php|PHP|17|8|6
426|./src/_00/output/PHP/cachethq~cachet/tests/Bus/Events/Component/ComponentWasUpdatedEventTest.php|cachethq|cachet|ComponentWasUpdatedEventTest.php|PHP|17|8|6
427|./src/_00/output/PHP/cachethq~cachet/tests/Bus/Events/ComponentGroup/ComponentGroupWasAddedEventTest.php|cachethq|cachet|ComponentGroupWasAddedEventTest.php|PHP|17|8|6
428|./src/_00/output/PHP/cachethq~cachet/tests/Bus/Events/ComponentGroup/ComponentGroupWasRemovedEventTest.php|cachethq|cachet|ComponentGroupWasRemovedEventTest.php|PHP|17|8|6
429|./src/_00/output/PHP/cachethq~cachet/tests/Bus/Events/ComponentGroup/ComponentGroupWasUpdatedEventTest.php|cachethq|cachet|ComponentGroupWasUpdatedEventTest.php|PHP|17|8|6
430|./src/_00/output/PHP/cachethq~cachet/tests/Bus/Events/Incident/IncidentWasRemovedEventTest.php|cachethq|cachet|IncidentWasRemovedEventTest.php|PHP|17|13|6
431|./src/_00/output/PHP/cachethq~cachet/tests/Bus/Events/Incident/IncidentWasReportedEventTest.php|cachethq|cachet|IncidentWasReportedEventTest.php|PHP|17|13|6
432|./src/_00/output/PHP/cachethq~cachet/tests/Bus/Events/Incident/IncidentWasUpdatedEventTest.php|cachethq|cachet|IncidentWasUpdatedEventTest.php|PHP|17|13|6
433|./src/_00/output/PHP/cachethq~cachet/tests/Bus/Events/Incident/MaintenanceWasScheduledEventTest.php|cachethq|cachet|MaintenanceWasScheduledEventTest.php|PHP|17|13|6
434|./src/_00/output/PHP/cachethq~cachet/tests/Bus/Events/Invite/InviteWasClaimedEventTest.php|cachethq|cachet|InviteWasClaimedEventTest.php|PHP|17|8|6
435|./src/_00/output/PHP/cachethq~cachet/tests/Bus/Events/Metric/MetricPointWasAddedEventTest.php|cachethq|cachet|MetricPointWasAddedEventTest.php|PHP|17|13|6
436|./src/_00/output/PHP/cachethq~cachet/tests/Bus/Events/Metric/MetricPointWasRemovedEventTest.php|cachethq|cachet|MetricPointWasRemovedEventTest.php|PHP|17|13|6
437|./src/_00/output/PHP/cachethq~cachet/tests/Bus/Events/Metric/MetricPointWasUpdatedEventTest.php|cachethq|cachet|MetricPointWasUpdatedEventTest.php|PHP|17|13|6
438|./src/_00/output/PHP/cachethq~cachet/tests/Bus/Events/Metric/MetricWasAddedEventTest.php|cachethq|cachet|MetricWasAddedEventTest.php|PHP|17|8|6
439|./src/_00/output/PHP/cachethq~cachet/tests/Bus/Events/Metric/MetricWasRemovedEventTest.php|cachethq|cachet|MetricWasRemovedEventTest.php|PHP|17|8|6
440|./src/_00/output/PHP/cachethq~cachet/tests/Bus/Events/Metric/MetricWasUpdatedEventTest.php|cachethq|cachet|MetricWasUpdatedEventTest.php|PHP|17|8|6
441|./src/_00/output/PHP/cachethq~cachet/tests/Bus/Events/Subscriber/SubscriberHasSubscribedEventTest.php|cachethq|cachet|SubscriberHasSubscribedEventTest.php|PHP|17|8|6
442|./src/_00/output/PHP/cachethq~cachet/tests/Bus/Events/Subscriber/SubscriberHasUnsubscribedEventTest.php|cachethq|cachet|SubscriberHasUnsubscribedEventTest.php|PHP|17|8|6
443|./src/_00/output/PHP/cachethq~cachet/tests/Bus/Events/Subscriber/SubscriberHasUpdatedSubscriptionsEventTest.php|cachethq|cachet|SubscriberHasUpdatedSubscriptionsEventTest.php|PHP|17|13|6
444|./src/_00/output/PHP/cachethq~cachet/tests/Bus/Events/Subscriber/SubscriberHasVerifiedEventTest.php|cachethq|cachet|SubscriberHasVerifiedEventTest.php|PHP|17|8|6
445|./src/_00/output/PHP/cachethq~cachet/tests/Bus/Events/User/UserWasAddedEventTest.php|cachethq|cachet|UserWasAddedEventTest.php|PHP|17|13|6
446|./src/_00/output/PHP/cachethq~cachet/tests/Bus/Events/User/UserWasInvitedEventTest.php|cachethq|cachet|UserWasInvitedEventTest.php|PHP|17|13|6
447|./src/_00/output/PHP/cachethq~cachet/tests/Bus/Events/User/UserWasRemovedEventTest.php|cachethq|cachet|UserWasRemovedEventTest.php|PHP|17|13|6
448|./src/_00/output/PHP/cachethq~cachet/tests/Functional/CommandTest.php|cachethq|cachet|CommandTest.php|PHP|17|14|6
449|./src/_00/output/PHP/cachethq~cachet/app/Bus/Handlers/Commands/ComponentGroup/RemoveComponentGroupCommandHandler.php|cachethq|cachet|RemoveComponentGroupCommandHandler.php|PHP|16|16|7
450|./src/_00/output/PHP/cachethq~cachet/app/Bus/Handlers/Commands/Subscriber/VerifySubscriberCommandHandler.php|cachethq|cachet|VerifySubscriberCommandHandler.php|PHP|16|16|6
451|./src/_00/output/PHP/cachethq~cachet/app/Foundation/Exceptions/Transformers/BusTransformer.php|cachethq|cachet|BusTransformer.php|PHP|16|20|5
452|./src/_00/output/PHP/cachethq~cachet/app/Http/Middleware/SetupAlreadyCompleted.php|cachethq|cachet|SetupAlreadyCompleted.php|PHP|16|16|5
453|./src/_00/output/PHP/cachethq~cachet/app/Models/Traits/SearchableTrait.php|cachethq|cachet|SearchableTrait.php|PHP|16|21|6
454|./src/_00/output/PHP/cachethq~cachet/config/session.php|cachethq|cachet|session.php|PHP|16|131|28
455|./src/_00/output/PHP/cachethq~cachet/database/migrations/2015_06_10_122216_AlterTableComponentsDropUserIdColumn.php|cachethq|cachet|2015_06_10_122216_AlterTableComponentsDropUserIdColumn.php|PHP|16|15|4
456|./src/_00/output/PHP/cachethq~cachet/database/migrations/2015_06_10_122229_AlterTableIncidentsDropUserIdColumn.php|cachethq|cachet|2015_06_10_122229_AlterTableIncidentsDropUserIdColumn.php|PHP|16|15|4
457|./src/_00/output/PHP/cachethq~cachet/resources/assets/sass/pages/_dashboard.scss|cachethq|cachet|_dashboard.scss|Sass|16|0|3
458|./src/_00/output/PHP/cachethq~cachet/app/Bus/Handlers/Commands/Invite/ClaimInviteCommandHandler.php|cachethq|cachet|ClaimInviteCommandHandler.php|PHP|15|15|6
459|./src/_00/output/PHP/cachethq~cachet/app/Foundation/Providers/ConsoleServiceProvider.php|cachethq|cachet|ConsoleServiceProvider.php|PHP|15|24|6
460|./src/_00/output/PHP/cachethq~cachet/app/Http/Middleware/Acceptable.php|cachethq|cachet|Acceptable.php|PHP|15|17|5
461|./src/_00/output/PHP/cachethq~cachet/app/Http/Middleware/SubscribersConfigured.php|cachethq|cachet|SubscribersConfigured.php|PHP|15|16|5
462|./src/_00/output/PHP/cachethq~cachet/app/Http/Routes/SetupRoutes.php|cachethq|cachet|SetupRoutes.php|PHP|15|21|4
463|./src/_00/output/PHP/cachethq~cachet/config/markdown.php|cachethq|cachet|markdown.php|PHP|15|97|19
464|./src/_00/output/PHP/cachethq~cachet/resources/views/dashboard/partials/_error.blade.php|cachethq|cachet|_error.blade.php|Blade|15|0|0
465|./src/_00/output/PHP/cachethq~cachet/resources/views/partials/schedule.blade.php|cachethq|cachet|schedule.blade.php|Blade|15|0|0
466|./src/_00/output/PHP/cachethq~cachet/app/Bus/Handlers/Commands/Metric/RemoveMetricCommandHandler.php|cachethq|cachet|RemoveMetricCommandHandler.php|PHP|14|15|6
467|./src/_00/output/PHP/cachethq~cachet/app/Bus/Handlers/Commands/Metric/RemoveMetricPointCommandHandler.php|cachethq|cachet|RemoveMetricPointCommandHandler.php|PHP|14|15|6
468|./src/_00/output/PHP/cachethq~cachet/app/Bus/Handlers/Commands/Subscriber/UnsubscribeSubscriberCommandHandler.php|cachethq|cachet|UnsubscribeSubscriberCommandHandler.php|PHP|14|15|6
469|./src/_00/output/PHP/cachethq~cachet/app/Bus/Handlers/Commands/Subscriber/UnsubscribeSubscriptionCommandHandler.php|cachethq|cachet|UnsubscribeSubscriptionCommandHandler.php|PHP|14|15|6
470|./src/_00/output/PHP/cachethq~cachet/app/Bus/Handlers/Commands/User/RemoveUserCommandHandler.php|cachethq|cachet|RemoveUserCommandHandler.php|PHP|14|15|6
471|./src/_00/output/PHP/cachethq~cachet/app/Bus/Handlers/Events/Component/CleanupComponentSubscriptionsHandler.php|cachethq|cachet|CleanupComponentSubscriptionsHandler.php|PHP|14|21|5
472|./src/_00/output/PHP/cachethq~cachet/resources/views/dashboard/notifications/index.blade.php|cachethq|cachet|index.blade.php|Blade|14|0|1
473|./src/_00/output/PHP/cachethq~cachet/tests/AbstractTestCase.php|cachethq|cachet|AbstractTestCase.php|PHP|14|23|7
474|./src/_00/output/PHP/cachethq~cachet/tests/Api/AbstractApiTestCase.php|cachethq|cachet|AbstractApiTestCase.php|PHP|14|16|6
475|./src/_00/output/PHP/cachethq~cachet/app/Bus/Commands/Subscriber/UpdateSubscriberSubscriptionCommand.php|cachethq|cachet|UpdateSubscriberSubscriptionCommand.php|PHP|13|31|6
476|./src/_00/output/PHP/cachethq~cachet/app/Bus/Commands/User/InviteUserCommand.php|cachethq|cachet|InviteUserCommand.php|PHP|13|30|5
477|./src/_00/output/PHP/cachethq~cachet/app/Bus/Handlers/Commands/Component/RemoveComponentCommandHandler.php|cachethq|cachet|RemoveComponentCommandHandler.php|PHP|13|15|6
478|./src/_00/output/PHP/cachethq~cachet/app/Bus/Handlers/Commands/Incident/RemoveIncidentCommandHandler.php|cachethq|cachet|RemoveIncidentCommandHandler.php|PHP|13|15|6
479|./src/_00/output/PHP/cachethq~cachet/app/Bus/Handlers/Commands/User/GenerateApiTokenCommandHandler.php|cachethq|cachet|GenerateApiTokenCommandHandler.php|PHP|13|16|6
480|./src/_00/output/PHP/cachethq~cachet/app/Bus/Middleware/UseDatabaseTransactions.php|cachethq|cachet|UseDatabaseTransactions.php|PHP|13|21|4
481|./src/_00/output/PHP/cachethq~cachet/app/Models/Traits/SortableTrait.php|cachethq|cachet|SortableTrait.php|PHP|13|22|5
482|./src/_00/output/PHP/cachethq~cachet/resources/lang/ar/setup.php|cachethq|cachet|setup.php|PHP|13|8|2
483|./src/_00/output/PHP/cachethq~cachet/resources/lang/cs/setup.php|cachethq|cachet|setup.php|PHP|13|8|2
484|./src/_00/output/PHP/cachethq~cachet/resources/lang/da/setup.php|cachethq|cachet|setup.php|PHP|13|8|2
485|./src/_00/output/PHP/cachethq~cachet/resources/lang/de/setup.php|cachethq|cachet|setup.php|PHP|13|8|2
486|./src/_00/output/PHP/cachethq~cachet/resources/lang/el/setup.php|cachethq|cachet|setup.php|PHP|13|8|2
487|./src/_00/output/PHP/cachethq~cachet/resources/lang/en-UD/setup.php|cachethq|cachet|setup.php|PHP|13|8|2
488|./src/_00/output/PHP/cachethq~cachet/resources/lang/es/setup.php|cachethq|cachet|setup.php|PHP|13|8|2
489|./src/_00/output/PHP/cachethq~cachet/resources/lang/fi/setup.php|cachethq|cachet|setup.php|PHP|13|8|2
490|./src/_00/output/PHP/cachethq~cachet/resources/lang/fr/setup.php|cachethq|cachet|setup.php|PHP|13|8|2
491|./src/_00/output/PHP/cachethq~cachet/resources/lang/he/setup.php|cachethq|cachet|setup.php|PHP|13|8|2
492|./src/_00/output/PHP/cachethq~cachet/resources/lang/hu/setup.php|cachethq|cachet|setup.php|PHP|13|8|2
493|./src/_00/output/PHP/cachethq~cachet/resources/lang/id/setup.php|cachethq|cachet|setup.php|PHP|13|8|2
494|./src/_00/output/PHP/cachethq~cachet/resources/lang/it/setup.php|cachethq|cachet|setup.php|PHP|13|8|2
495|./src/_00/output/PHP/cachethq~cachet/resources/lang/ja/setup.php|cachethq|cachet|setup.php|PHP|13|8|2
496|./src/_00/output/PHP/cachethq~cachet/resources/lang/ko/setup.php|cachethq|cachet|setup.php|PHP|13|8|2
497|./src/_00/output/PHP/cachethq~cachet/resources/lang/nl/setup.php|cachethq|cachet|setup.php|PHP|13|8|2
498|./src/_00/output/PHP/cachethq~cachet/resources/lang/no/setup.php|cachethq|cachet|setup.php|PHP|13|8|2
499|./src/_00/output/PHP/cachethq~cachet/resources/lang/pl/setup.php|cachethq|cachet|setup.php|PHP|13|8|2
500|./src/_00/output/PHP/cachethq~cachet/resources/lang/pt-BR/setup.php|cachethq|cachet|setup.php|PHP|13|8|2
501|./src/_00/output/PHP/cachethq~cachet/resources/lang/pt-PT/setup.php|cachethq|cachet|setup.php|PHP|13|8|2
502|./src/_00/output/PHP/cachethq~cachet/resources/lang/ru/setup.php|cachethq|cachet|setup.php|PHP|13|8|2
503|./src/_00/output/PHP/cachethq~cachet/resources/lang/sq/setup.php|cachethq|cachet|setup.php|PHP|13|8|2
504|./src/_00/output/PHP/cachethq~cachet/resources/lang/sv-SE/setup.php|cachethq|cachet|setup.php|PHP|13|8|2
505|./src/_00/output/PHP/cachethq~cachet/resources/lang/tr/setup.php|cachethq|cachet|setup.php|PHP|13|8|2
506|./src/_00/output/PHP/cachethq~cachet/resources/lang/uk/setup.php|cachethq|cachet|setup.php|PHP|13|8|2
507|./src/_00/output/PHP/cachethq~cachet/resources/lang/vi/setup.php|cachethq|cachet|setup.php|PHP|13|8|2
508|./src/_00/output/PHP/cachethq~cachet/resources/lang/zh-CN/setup.php|cachethq|cachet|setup.php|PHP|13|8|2
509|./src/_00/output/PHP/cachethq~cachet/resources/lang/zh-TW/setup.php|cachethq|cachet|setup.php|PHP|13|8|2
510|./src/_00/output/PHP/cachethq~cachet/resources/views/emails/components/update-html.blade.php|cachethq|cachet|update-html.blade.php|Blade|13|5|2
511|./src/_00/output/PHP/cachethq~cachet/resources/views/emails/subscribers/verify-html.blade.php|cachethq|cachet|verify-html.blade.php|Blade|13|5|2
512|./src/_00/output/PHP/cachethq~cachet/resources/views/layout/dashboard.blade.php|cachethq|cachet|dashboard.blade.php|Blade|13|0|1
513|./src/_00/output/PHP/cachethq~cachet/resources/views/partials/component.blade.php|cachethq|cachet|component.blade.php|Blade|13|0|2
514|./src/_00/output/PHP/cachethq~cachet/tests/Bus/Events/Component/AbstractComponentEventTestCase.php|cachethq|cachet|AbstractComponentEventTestCase.php|PHP|13|8|5
515|./src/_00/output/PHP/cachethq~cachet/tests/Bus/Events/ComponentGroup/AbstractComponentGroupEventTestCase.php|cachethq|cachet|AbstractComponentGroupEventTestCase.php|PHP|13|8|5
516|./src/_00/output/PHP/cachethq~cachet/tests/Bus/Events/Incident/AbstractIncidentEventTestCase.php|cachethq|cachet|AbstractIncidentEventTestCase.php|PHP|13|8|5
517|./src/_00/output/PHP/cachethq~cachet/tests/Bus/Events/Invite/AbstractInviteEventTestCase.php|cachethq|cachet|AbstractInviteEventTestCase.php|PHP|13|8|5
518|./src/_00/output/PHP/cachethq~cachet/tests/Bus/Events/Metric/AbstractMetricEventTestCase.php|cachethq|cachet|AbstractMetricEventTestCase.php|PHP|13|8|5
519|./src/_00/output/PHP/cachethq~cachet/tests/Bus/Events/Subscriber/AbstractSubscriberEventTestCase.php|cachethq|cachet|AbstractSubscriberEventTestCase.php|PHP|13|8|5
520|./src/_00/output/PHP/cachethq~cachet/tests/Bus/Events/User/AbstractUserEventTestCase.php|cachethq|cachet|AbstractUserEventTestCase.php|PHP|13|13|5
521|./src/_00/output/PHP/cachethq~cachet/tests/Foundation/Providers/AppServiceProviderTest.php|cachethq|cachet|AppServiceProviderTest.php|PHP|13|13|5
522|./src/_00/output/PHP/cachethq~cachet/tests/Foundation/Providers/RepositoryServiceProviderTest.php|cachethq|cachet|RepositoryServiceProviderTest.php|PHP|13|13|5
523|./src/_00/output/PHP/cachethq~cachet/app/Models/Setting.php|cachethq|cachet|Setting.php|PHP|12|23|6
524|./src/_00/output/PHP/cachethq~cachet/resources/assets/sass/modules/_panels.scss|cachethq|cachet|_panels.scss|Sass|12|0|3
525|./src/_00/output/PHP/cachethq~cachet/resources/views/dashboard/partials/errors.blade.php|cachethq|cachet|errors.blade.php|Blade|12|0|3
526|./src/_00/output/PHP/cachethq~cachet/resources/views/emails/incidents/maintenance-text.blade.php|cachethq|cachet|maintenance-text.blade.php|Blade|12|0|4
527|./src/_00/output/PHP/cachethq~cachet/resources/views/emails/incidents/new-text.blade.php|cachethq|cachet|new-text.blade.php|Blade|12|0|5
528|./src/_00/output/PHP/cachethq~cachet/tests/Bus/Commands/CommandExistenceTest.php|cachethq|cachet|CommandExistenceTest.php|PHP|12|13|5
529|./src/_00/output/PHP/cachethq~cachet/tests/Bus/Events/EventExistenceTest.php|cachethq|cachet|EventExistenceTest.php|PHP|12|13|5
530|./src/_00/output/PHP/cachethq~cachet/app/Bus/Commands/Component/RemoveComponentCommand.php|cachethq|cachet|RemoveComponentCommand.php|PHP|11|20|5
531|./src/_00/output/PHP/cachethq~cachet/app/Bus/Commands/ComponentGroup/RemoveComponentGroupCommand.php|cachethq|cachet|RemoveComponentGroupCommand.php|PHP|11|20|5
532|./src/_00/output/PHP/cachethq~cachet/app/Bus/Commands/Incident/RemoveIncidentCommand.php|cachethq|cachet|RemoveIncidentCommand.php|PHP|11|20|5
533|./src/_00/output/PHP/cachethq~cachet/app/Bus/Commands/Invite/ClaimInviteCommand.php|cachethq|cachet|ClaimInviteCommand.php|PHP|11|20|5
534|./src/_00/output/PHP/cachethq~cachet/app/Bus/Commands/Metric/RemoveMetricCommand.php|cachethq|cachet|RemoveMetricCommand.php|PHP|11|20|5
535|./src/_00/output/PHP/cachethq~cachet/app/Bus/Commands/Metric/RemoveMetricPointCommand.php|cachethq|cachet|RemoveMetricPointCommand.php|PHP|11|20|5
536|./src/_00/output/PHP/cachethq~cachet/app/Bus/Commands/Subscriber/UnsubscribeSubscriberCommand.php|cachethq|cachet|UnsubscribeSubscriberCommand.php|PHP|11|20|5
537|./src/_00/output/PHP/cachethq~cachet/app/Bus/Commands/Subscriber/UnsubscribeSubscriptionCommand.php|cachethq|cachet|UnsubscribeSubscriptionCommand.php|PHP|11|20|5
538|./src/_00/output/PHP/cachethq~cachet/app/Bus/Commands/Subscriber/VerifySubscriberCommand.php|cachethq|cachet|VerifySubscriberCommand.php|PHP|11|20|5
539|./src/_00/output/PHP/cachethq~cachet/app/Bus/Commands/User/GenerateApiTokenCommand.php|cachethq|cachet|GenerateApiTokenCommand.php|PHP|11|20|5
540|./src/_00/output/PHP/cachethq~cachet/app/Bus/Commands/User/RemoveUserCommand.php|cachethq|cachet|RemoveUserCommand.php|PHP|11|20|5
541|./src/_00/output/PHP/cachethq~cachet/app/Bus/Events/Component/ComponentWasAddedEvent.php|cachethq|cachet|ComponentWasAddedEvent.php|PHP|11|20|5
542|./src/_00/output/PHP/cachethq~cachet/app/Bus/Events/Component/ComponentWasRemovedEvent.php|cachethq|cachet|ComponentWasRemovedEvent.php|PHP|11|20|5
543|./src/_00/output/PHP/cachethq~cachet/app/Bus/Events/Component/ComponentWasUpdatedEvent.php|cachethq|cachet|ComponentWasUpdatedEvent.php|PHP|11|20|5
544|./src/_00/output/PHP/cachethq~cachet/app/Bus/Events/ComponentGroup/ComponentGroupWasAddedEvent.php|cachethq|cachet|ComponentGroupWasAddedEvent.php|PHP|11|20|5
545|./src/_00/output/PHP/cachethq~cachet/app/Bus/Events/ComponentGroup/ComponentGroupWasRemovedEvent.php|cachethq|cachet|ComponentGroupWasRemovedEvent.php|PHP|11|20|5
546|./src/_00/output/PHP/cachethq~cachet/app/Bus/Events/ComponentGroup/ComponentGroupWasUpdatedEvent.php|cachethq|cachet|ComponentGroupWasUpdatedEvent.php|PHP|11|20|5
547|./src/_00/output/PHP/cachethq~cachet/app/Bus/Events/Incident/IncidentWasRemovedEvent.php|cachethq|cachet|IncidentWasRemovedEvent.php|PHP|11|20|5
548|./src/_00/output/PHP/cachethq~cachet/app/Bus/Events/Incident/IncidentWasReportedEvent.php|cachethq|cachet|IncidentWasReportedEvent.php|PHP|11|20|5
549|./src/_00/output/PHP/cachethq~cachet/app/Bus/Events/Incident/IncidentWasUpdatedEvent.php|cachethq|cachet|IncidentWasUpdatedEvent.php|PHP|11|20|5
550|./src/_00/output/PHP/cachethq~cachet/app/Bus/Events/Incident/MaintenanceWasScheduledEvent.php|cachethq|cachet|MaintenanceWasScheduledEvent.php|PHP|11|20|5
551|./src/_00/output/PHP/cachethq~cachet/app/Bus/Events/Invite/InviteWasClaimedEvent.php|cachethq|cachet|InviteWasClaimedEvent.php|PHP|11|18|5
552|./src/_00/output/PHP/cachethq~cachet/app/Bus/Events/Metric/MetricPointWasAddedEvent.php|cachethq|cachet|MetricPointWasAddedEvent.php|PHP|11|20|5
553|./src/_00/output/PHP/cachethq~cachet/app/Bus/Events/Metric/MetricPointWasRemovedEvent.php|cachethq|cachet|MetricPointWasRemovedEvent.php|PHP|11|20|5
554|./src/_00/output/PHP/cachethq~cachet/app/Bus/Events/Metric/MetricPointWasUpdatedEvent.php|cachethq|cachet|MetricPointWasUpdatedEvent.php|PHP|11|20|5
555|./src/_00/output/PHP/cachethq~cachet/app/Bus/Events/Metric/MetricWasAddedEvent.php|cachethq|cachet|MetricWasAddedEvent.php|PHP|11|20|5
556|./src/_00/output/PHP/cachethq~cachet/app/Bus/Events/Metric/MetricWasRemovedEvent.php|cachethq|cachet|MetricWasRemovedEvent.php|PHP|11|20|5
557|./src/_00/output/PHP/cachethq~cachet/app/Bus/Events/Metric/MetricWasUpdatedEvent.php|cachethq|cachet|MetricWasUpdatedEvent.php|PHP|11|20|5
558|./src/_00/output/PHP/cachethq~cachet/app/Bus/Events/Subscriber/SubscriberHasSubscribedEvent.php|cachethq|cachet|SubscriberHasSubscribedEvent.php|PHP|11|20|5
559|./src/_00/output/PHP/cachethq~cachet/app/Bus/Events/Subscriber/SubscriberHasUnsubscribedEvent.php|cachethq|cachet|SubscriberHasUnsubscribedEvent.php|PHP|11|20|5
560|./src/_00/output/PHP/cachethq~cachet/app/Bus/Events/Subscriber/SubscriberHasUpdatedSubscriptionsEvent.php|cachethq|cachet|SubscriberHasUpdatedSubscriptionsEvent.php|PHP|11|25|5
561|./src/_00/output/PHP/cachethq~cachet/app/Bus/Events/Subscriber/SubscriberHasVerifiedEvent.php|cachethq|cachet|SubscriberHasVerifiedEvent.php|PHP|11|20|5
562|./src/_00/output/PHP/cachethq~cachet/app/Bus/Events/User/UserWasAddedEvent.php|cachethq|cachet|UserWasAddedEvent.php|PHP|11|20|5
563|./src/_00/output/PHP/cachethq~cachet/app/Bus/Events/User/UserWasInvitedEvent.php|cachethq|cachet|UserWasInvitedEvent.php|PHP|11|20|5
564|./src/_00/output/PHP/cachethq~cachet/app/Bus/Events/User/UserWasRemovedEvent.php|cachethq|cachet|UserWasRemovedEvent.php|PHP|11|20|5
565|./src/_00/output/PHP/cachethq~cachet/app/Composers/CurrentUserComposer.php|cachethq|cachet|CurrentUserComposer.php|PHP|11|15|4
566|./src/_00/output/PHP/cachethq~cachet/artisan|cachethq|cachet|artisan|PHP|11|31|9
567|./src/_00/output/PHP/cachethq~cachet/config/mail.php|cachethq|cachet|mail.php|PHP|11|91|19
568|./src/_00/output/PHP/cachethq~cachet/resources/assets/sass/plugins/_animate.scss|cachethq|cachet|_animate.scss|Sass|11|0|2
569|./src/_00/output/PHP/cachethq~cachet/resources/views/dashboard/partials/sub-sidebar.blade.php|cachethq|cachet|sub-sidebar.blade.php|Blade|11|0|0
570|./src/_00/output/PHP/cachethq~cachet/.travis.yml|cachethq|cachet|.travis.yml|YAML|10|0|4
571|./src/_00/output/PHP/cachethq~cachet/config/cors.php|cachethq|cachet|cors.php|PHP|10|17|2
572|./src/_00/output/PHP/cachethq~cachet/config/setting.php|cachethq|cachet|setting.php|PHP|10|65|16
573|./src/_00/output/PHP/cachethq~cachet/app/Repositories/Metric/MetricInterface.php|cachethq|cachet|MetricInterface.php|PHP|9|33|6
574|./src/_00/output/PHP/cachethq~cachet/resources/assets/sass/_helpers.scss|cachethq|cachet|_helpers.scss|Sass|9|0|2
575|./src/_00/output/PHP/cachethq~cachet/resources/views/layout/clean.blade.php|cachethq|cachet|clean.blade.php|Blade|9|0|1
576|./src/_00/output/PHP/cachethq~cachet/database/seeds/DatabaseSeeder.php|cachethq|cachet|DatabaseSeeder.php|PHP|8|14|3
577|./src/_00/output/PHP/cachethq~cachet/public/index.php|cachethq|cachet|index.php|PHP|8|41|8
578|./src/_00/output/PHP/cachethq~cachet/resources/assets/sass/partials/_wrapper.scss|cachethq|cachet|_wrapper.scss|Sass|8|0|0
579|./src/_00/output/PHP/cachethq~cachet/tests/Foundation/Providers/ComposerServiceProviderTest.php|cachethq|cachet|ComposerServiceProviderTest.php|PHP|8|13|4
580|./src/_00/output/PHP/cachethq~cachet/tests/Foundation/Providers/ConsoleServiceProviderTest.php|cachethq|cachet|ConsoleServiceProviderTest.php|PHP|8|13|4
581|./src/_00/output/PHP/cachethq~cachet/tests/Foundation/Providers/EventServiceProviderTest.php|cachethq|cachet|EventServiceProviderTest.php|PHP|8|13|4
582|./src/_00/output/PHP/cachethq~cachet/tests/Foundation/Providers/RouteServiceProviderTest.php|cachethq|cachet|RouteServiceProviderTest.php|PHP|8|13|4
583|./src/_00/output/PHP/cachethq~cachet/bootstrap/autoload.php|cachethq|cachet|autoload.php|PHP|7|29|7
584|./src/_00/output/PHP/cachethq~cachet/resources/assets/sass/modules/_pager.scss|cachethq|cachet|_pager.scss|Sass|7|3|2
585|./src/_00/output/PHP/cachethq~cachet/resources/views/partials/crowdin.blade.php|cachethq|cachet|crowdin.blade.php|Blade|7|0|0
586|./src/_00/output/PHP/cachethq~cachet/app/Bus/Events/Component/ComponentEventInterface.php|cachethq|cachet|ComponentEventInterface.php|PHP|6|9|4
587|./src/_00/output/PHP/cachethq~cachet/app/Bus/Events/ComponentGroup/ComponentGroupEventInterface.php|cachethq|cachet|ComponentGroupEventInterface.php|PHP|6|9|4
588|./src/_00/output/PHP/cachethq~cachet/app/Bus/Events/Incident/IncidentEventInterface.php|cachethq|cachet|IncidentEventInterface.php|PHP|6|9|4
589|./src/_00/output/PHP/cachethq~cachet/app/Bus/Events/Invite/InviteEventInterface.php|cachethq|cachet|InviteEventInterface.php|PHP|6|9|4
590|./src/_00/output/PHP/cachethq~cachet/app/Bus/Events/Metric/MetricEventInterface.php|cachethq|cachet|MetricEventInterface.php|PHP|6|9|4
591|./src/_00/output/PHP/cachethq~cachet/app/Bus/Events/Subscriber/SubscriberEventInterface.php|cachethq|cachet|SubscriberEventInterface.php|PHP|6|9|4
592|./src/_00/output/PHP/cachethq~cachet/app/Bus/Events/User/UserEventInterface.php|cachethq|cachet|UserEventInterface.php|PHP|6|9|4
593|./src/_00/output/PHP/cachethq~cachet/app/Integrations/Contracts/Credits.php|cachethq|cachet|Credits.php|PHP|6|18|3
594|./src/_00/output/PHP/cachethq~cachet/app/Integrations/Contracts/Feed.php|cachethq|cachet|Feed.php|PHP|6|18|3
595|./src/_00/output/PHP/cachethq~cachet/app/Integrations/Contracts/Releases.php|cachethq|cachet|Releases.php|PHP|6|18|3
596|./src/_00/output/PHP/cachethq~cachet/app/Integrations/Contracts/System.php|cachethq|cachet|System.php|PHP|6|18|3
597|./src/_00/output/PHP/cachethq~cachet/bootstrap/app.php|cachethq|cachet|app.php|PHP|6|28|8
598|./src/_00/output/PHP/cachethq~cachet/public/build/dist/css/all-81fdbf996d.css|cachethq|cachet|all-81fdbf996d.css|CSS|6|17|5
599|./src/_00/output/PHP/cachethq~cachet/resources/views/partials/about-app.blade.php|cachethq|cachet|about-app.blade.php|Blade|6|0|1
600|./src/_00/output/PHP/cachethq~cachet/server.php|cachethq|cachet|server.php|PHP|6|8|4
601|./src/_00/output/PHP/cachethq~cachet/app/Bus/Events/EventInterface.php|cachethq|cachet|EventInterface.php|PHP|5|9|3
602|./src/_00/output/PHP/cachethq~cachet/app/Bus/Exceptions/ExceptionInterface.php|cachethq|cachet|ExceptionInterface.php|PHP|5|15|3
603|./src/_00/output/PHP/cachethq~cachet/config/compile.php|cachethq|cachet|compile.php|PHP|5|28|7
604|./src/_00/output/PHP/cachethq~cachet/config/css-inliner.php|cachethq|cachet|css-inliner.php|PHP|5|29|7
605|./src/_00/output/PHP/cachethq~cachet/config/view.php|cachethq|cachet|view.php|PHP|5|28|7
606|./src/_00/output/PHP/cachethq~cachet/resources/lang/ar/pagination.php|cachethq|cachet|pagination.php|PHP|5|18|5
607|./src/_00/output/PHP/cachethq~cachet/resources/lang/ca/pagination.php|cachethq|cachet|pagination.php|PHP|5|18|5
608|./src/_00/output/PHP/cachethq~cachet/resources/lang/cs/pagination.php|cachethq|cachet|pagination.php|PHP|5|18|5
609|./src/_00/output/PHP/cachethq~cachet/resources/lang/da/pagination.php|cachethq|cachet|pagination.php|PHP|5|18|5
610|./src/_00/output/PHP/cachethq~cachet/resources/lang/de/pagination.php|cachethq|cachet|pagination.php|PHP|5|18|5
611|./src/_00/output/PHP/cachethq~cachet/resources/lang/el/pagination.php|cachethq|cachet|pagination.php|PHP|5|18|5
612|./src/_00/output/PHP/cachethq~cachet/resources/lang/en-UD/pagination.php|cachethq|cachet|pagination.php|PHP|5|18|5
613|./src/_00/output/PHP/cachethq~cachet/resources/lang/es/pagination.php|cachethq|cachet|pagination.php|PHP|5|18|5
614|./src/_00/output/PHP/cachethq~cachet/resources/lang/fi/pagination.php|cachethq|cachet|pagination.php|PHP|5|18|5
615|./src/_00/output/PHP/cachethq~cachet/resources/lang/fr/pagination.php|cachethq|cachet|pagination.php|PHP|5|18|5
616|./src/_00/output/PHP/cachethq~cachet/resources/lang/he/pagination.php|cachethq|cachet|pagination.php|PHP|5|18|5
617|./src/_00/output/PHP/cachethq~cachet/resources/lang/hu/pagination.php|cachethq|cachet|pagination.php|PHP|5|18|5
618|./src/_00/output/PHP/cachethq~cachet/resources/lang/id/pagination.php|cachethq|cachet|pagination.php|PHP|5|18|5
619|./src/_00/output/PHP/cachethq~cachet/resources/lang/it/pagination.php|cachethq|cachet|pagination.php|PHP|5|18|5
620|./src/_00/output/PHP/cachethq~cachet/resources/lang/ja/pagination.php|cachethq|cachet|pagination.php|PHP|5|18|5
621|./src/_00/output/PHP/cachethq~cachet/resources/lang/ko/pagination.php|cachethq|cachet|pagination.php|PHP|5|18|5
622|./src/_00/output/PHP/cachethq~cachet/resources/lang/nl/pagination.php|cachethq|cachet|pagination.php|PHP|5|18|5
623|./src/_00/output/PHP/cachethq~cachet/resources/lang/no/pagination.php|cachethq|cachet|pagination.php|PHP|5|18|5
624|./src/_00/output/PHP/cachethq~cachet/resources/lang/pl/pagination.php|cachethq|cachet|pagination.php|PHP|5|18|5
625|./src/_00/output/PHP/cachethq~cachet/resources/lang/pt-PT/pagination.php|cachethq|cachet|pagination.php|PHP|5|18|5
626|./src/_00/output/PHP/cachethq~cachet/resources/lang/ro/pagination.php|cachethq|cachet|pagination.php|PHP|5|18|5
627|./src/_00/output/PHP/cachethq~cachet/resources/lang/ru/pagination.php|cachethq|cachet|pagination.php|PHP|5|18|5
628|./src/_00/output/PHP/cachethq~cachet/resources/lang/sq/pagination.php|cachethq|cachet|pagination.php|PHP|5|18|5
629|./src/_00/output/PHP/cachethq~cachet/resources/lang/sv-SE/pagination.php|cachethq|cachet|pagination.php|PHP|5|18|5
630|./src/_00/output/PHP/cachethq~cachet/resources/lang/tr/pagination.php|cachethq|cachet|pagination.php|PHP|5|18|5
631|./src/_00/output/PHP/cachethq~cachet/resources/lang/uk/pagination.php|cachethq|cachet|pagination.php|PHP|5|18|5
632|./src/_00/output/PHP/cachethq~cachet/resources/lang/vi/pagination.php|cachethq|cachet|pagination.php|PHP|5|18|5
633|./src/_00/output/PHP/cachethq~cachet/resources/lang/zh-CN/pagination.php|cachethq|cachet|pagination.php|PHP|5|18|5
634|./src/_00/output/PHP/cachethq~cachet/resources/lang/zh-TW/pagination.php|cachethq|cachet|pagination.php|PHP|5|18|5
635|./src/_00/output/PHP/cachethq~cachet/resources/views/emails/components/update-text.blade.php|cachethq|cachet|update-text.blade.php|Blade|5|0|2
636|./src/_00/output/PHP/cachethq~cachet/config/cachet.php|cachethq|cachet|cachet.php|PHP|4|16|5
637|./src/_00/output/PHP/cachethq~cachet/config/emoji.php|cachethq|cachet|emoji.php|PHP|4|17|5
638|./src/_00/output/PHP/cachethq~cachet/config/security.php|cachethq|cachet|security.php|PHP|4|17|4
639|./src/_00/output/PHP/cachethq~cachet/public/build/rev-manifest.json|cachethq|cachet|rev-manifest.json|JSON|4|0|0
640|./src/_00/output/PHP/cachethq~cachet/resources/assets/sass/plugins/_sortable.scss|cachethq|cachet|_sortable.scss|Sass|4|0|0
641|./src/_00/output/PHP/cachethq~cachet/resources/views/emails/subscribers/verify-text.blade.php|cachethq|cachet|verify-text.blade.php|Blade|4|0|1
642|./src/_00/output/PHP/cachethq~cachet/resources/views/emails/users/invite-html.blade.php|cachethq|cachet|invite-html.blade.php|Blade|4|0|1
643|./src/_00/output/PHP/cachethq~cachet/resources/views/emails/users/invite-text.blade.php|cachethq|cachet|invite-text.blade.php|Blade|4|0|1
644|./src/_00/output/PHP/cachethq~cachet/resources/assets/sass/modules/_well.scss|cachethq|cachet|_well.scss|Sass|3|0|0
645|./src/_00/output/PHP/cachethq~cachet/public/build/dist/css/all-2812406e36.css|cachethq|cachet|all-2812406e36.css|CSS|1|17|1
646|./src/_00/output/PHP/cachethq~cachet/public/img/cachet-logo.svg|cachethq|cachet|cachet-logo.svg|SVG|1|0|0
