Unnamed: 0|path|owner|project|file|language|code|comment|blank
0|./src/_00/output/PHP/Intervention~image/src/Image.php|Intervention|image|Image.php|PHP|513|444|97
1|./src/_00/output/PHP/Intervention~image/tests/Unit/Geometry/PolygonTest.php|Intervention|image|PolygonTest.php|PHP|381|1|65
2|./src/_00/output/PHP/Intervention~image/tests/Unit/Geometry/RectangleResizerTest.php|Intervention|image|RectangleResizerTest.php|PHP|380|23|56
3|./src/_00/output/PHP/Intervention~image/tests/Unit/Drivers/Gd/ImageTest.php|Intervention|image|ImageTest.php|PHP|333|0|58
4|./src/_00/output/PHP/Intervention~image/tests/Unit/Drivers/Imagick/ImageTest.php|Intervention|image|ImageTest.php|PHP|325|0|57
5|./src/_00/output/PHP/Intervention~image/tests/Unit/Geometry/RectangleTest.php|Intervention|image|RectangleTest.php|PHP|272|0|54
6|./src/_00/output/PHP/Intervention~image/src/Geometry/Polygon.php|Intervention|image|Polygon.php|PHP|238|151|57
7|./src/_00/output/PHP/Intervention~image/src/Geometry/Tools/RectangleResizer.php|Intervention|image|RectangleResizer.php|PHP|211|43|50
8|./src/_00/output/PHP/Intervention~image/src/Geometry/Rectangle.php|Intervention|image|Rectangle.php|PHP|190|94|43
9|./src/_00/output/PHP/Intervention~image/tests/Unit/Drivers/Gd/DriverTest.php|Intervention|image|DriverTest.php|PHP|180|1|25
10|./src/_00/output/PHP/Intervention~image/tests/Unit/Drivers/Imagick/DriverTest.php|Intervention|image|DriverTest.php|PHP|180|1|25
11|./src/_00/output/PHP/Intervention~image/src/Colors/Rgb/Decoders/HtmlColornameDecoder.php|Intervention|image|HtmlColornameDecoder.php|PHP|161|11|7
12|./src/_00/output/PHP/Intervention~image/src/Drivers/Imagick/Core.php|Intervention|image|Core.php|PHP|161|119|46
13|./src/_00/output/PHP/Intervention~image/tests/Unit/ImageManagerTest.php|Intervention|image|ImageManagerTest.php|PHP|160|19|28
14|./src/_00/output/PHP/Intervention~image/tests/Unit/CollectionTest.php|Intervention|image|CollectionTest.php|PHP|156|1|23
15|./src/_00/output/PHP/Intervention~image/tests/Unit/FormatTest.php|Intervention|image|FormatTest.php|PHP|143|0|23
16|./src/_00/output/PHP/Intervention~image/tests/Unit/Colors/Rgb/ColorTest.php|Intervention|image|ColorTest.php|PHP|135|2|29
17|./src/_00/output/PHP/Intervention~image/tests/Unit/Drivers/AbstractDecoderTest.php|Intervention|image|AbstractDecoderTest.php|PHP|134|1|20
18|./src/_00/output/PHP/Intervention~image/tests/Unit/Drivers/Imagick/InputHandlerTest.php|Intervention|image|InputHandlerTest.php|PHP|134|2|21
19|./src/_00/output/PHP/Intervention~image/src/Drivers/AbstractDecoder.php|Intervention|image|AbstractDecoder.php|PHP|130|52|32
20|./src/_00/output/PHP/Intervention~image/tests/Unit/Drivers/Gd/InputHandlerTest.php|Intervention|image|InputHandlerTest.php|PHP|130|2|21
21|./src/_00/output/PHP/Intervention~image/src/Interfaces/ImageInterface.php|Intervention|image|ImageInterface.php|PHP|126|664|80
22|./src/_00/output/PHP/Intervention~image/src/Typography/Font.php|Intervention|image|Font.php|PHP|125|110|38
23|./src/_00/output/PHP/Intervention~image/tests/Unit/Drivers/Gd/FontProcessorTest.php|Intervention|image|FontProcessorTest.php|PHP|124|0|20
24|./src/_00/output/PHP/Intervention~image/tests/Unit/Drivers/Imagick/CoreTest.php|Intervention|image|CoreTest.php|PHP|121|0|25
25|./src/_00/output/PHP/Intervention~image/src/Collection.php|Intervention|image|Collection.php|PHP|112|84|33
26|./src/_00/output/PHP/Intervention~image/tests/Unit/Drivers/Gd/CoreTest.php|Intervention|image|CoreTest.php|PHP|112|0|20
27|./src/_00/output/PHP/Intervention~image/tests/BaseTestCase.php|Intervention|image|BaseTestCase.php|PHP|107|14|18
28|./src/_00/output/PHP/Intervention~image/src/Drivers/Gd/Driver.php|Intervention|image|Driver.php|PHP|103|48|18
29|./src/_00/output/PHP/Intervention~image/src/Colors/Rgb/Color.php|Intervention|image|Color.php|PHP|102|64|17
30|./src/_00/output/PHP/Intervention~image/src/Drivers/Gd/Modifiers/TextModifier.php|Intervention|image|TextModifier.php|PHP|99|27|16
31|./src/_00/output/PHP/Intervention~image/src/Drivers/AbstractFontProcessor.php|Intervention|image|AbstractFontProcessor.php|PHP|97|58|24
32|./src/_00/output/PHP/Intervention~image/src/Drivers/Imagick/Driver.php|Intervention|image|Driver.php|PHP|96|42|21
33|./src/_00/output/PHP/Intervention~image/tests/Unit/Typography/FontTest.php|Intervention|image|FontTest.php|PHP|96|0|14
34|./src/_00/output/PHP/Intervention~image/tests/Unit/Colors/Cmyk/ColorTest.php|Intervention|image|ColorTest.php|PHP|95|2|17
35|./src/_00/output/PHP/Intervention~image/src/Drivers/Gd/Modifiers/CropModifier.php|Intervention|image|CropModifier.php|PHP|93|13|16
36|./src/_00/output/PHP/Intervention~image/src/Colors/Rgb/Colorspace.php|Intervention|image|Colorspace.php|PHP|92|33|22
37|./src/_00/output/PHP/Intervention~image/tests/Unit/Colors/Hsl/ColorTest.php|Intervention|image|ColorTest.php|PHP|92|1|18
38|./src/_00/output/PHP/Intervention~image/tests/Unit/Colors/Hsv/ColorTest.php|Intervention|image|ColorTest.php|PHP|92|1|18
39|./src/_00/output/PHP/Intervention~image/src/Format.php|Intervention|image|Format.php|PHP|90|26|15
40|./src/_00/output/PHP/Intervention~image/tests/Unit/Drivers/Gd/FrameTest.php|Intervention|image|FrameTest.php|PHP|90|2|19
41|./src/_00/output/PHP/Intervention~image/.github/workflows/run-tests.yml|Intervention|image|run-tests.yml|YAML|89|0|19
42|./src/_00/output/PHP/Intervention~image/tests/Unit/Encoders/FileExtensionEncoderTest.php|Intervention|image|FileExtensionEncoderTest.php|PHP|88|1|11
43|./src/_00/output/PHP/Intervention~image/src/Colors/Hsl/Colorspace.php|Intervention|image|Colorspace.php|PHP|87|33|20
44|./src/_00/output/PHP/Intervention~image/tests/Unit/Encoders/MediaTypeEncoderTest.php|Intervention|image|MediaTypeEncoderTest.php|PHP|87|1|11
45|./src/_00/output/PHP/Intervention~image/src/Drivers/Gd/Frame.php|Intervention|image|Frame.php|PHP|85|81|24
46|./src/_00/output/PHP/Intervention~image/src/Drivers/Imagick/Frame.php|Intervention|image|Frame.php|PHP|84|65|21
47|./src/_00/output/PHP/Intervention~image/src/Drivers/Imagick/Modifiers/TextModifier.php|Intervention|image|TextModifier.php|PHP|84|47|20
48|./src/_00/output/PHP/Intervention~image/tests/Unit/Drivers/Imagick/FrameTest.php|Intervention|image|FrameTest.php|PHP|82|2|18
49|./src/_00/output/PHP/Intervention~image/src/Colors/Cmyk/Color.php|Intervention|image|Color.php|PHP|79|64|14
50|./src/_00/output/PHP/Intervention~image/tests/Unit/MediaTypeTest.php|Intervention|image|MediaTypeTest.php|PHP|78|0|24
51|./src/_00/output/PHP/Intervention~image/tests/Unit/Geometry/PointTest.php|Intervention|image|PointTest.php|PHP|76|1|14
52|./src/_00/output/PHP/Intervention~image/src/Colors/Hsv/Colorspace.php|Intervention|image|Colorspace.php|PHP|75|33|20
53|./src/_00/output/PHP/Intervention~image/src/Drivers/Imagick/Modifiers/ContainModifier.php|Intervention|image|ContainModifier.php|PHP|75|2|18
54|./src/_00/output/PHP/Intervention~image/tests/Unit/Colors/Cmyk/ColorspaceTest.php|Intervention|image|ColorspaceTest.php|PHP|75|1|12
55|./src/_00/output/PHP/Intervention~image/src/Drivers/Gd/Modifiers/PlaceModifier.php|Intervention|image|PlaceModifier.php|PHP|74|28|12
56|./src/_00/output/PHP/Intervention~image/tests/Unit/Colors/Rgb/Decoders/HexColorDecoderTest.php|Intervention|image|HexColorDecoderTest.php|PHP|74|3|5
57|./src/_00/output/PHP/Intervention~image/src/Drivers/Gd/Modifiers/RotateModifier.php|Intervention|image|RotateModifier.php|PHP|73|17|14
58|./src/_00/output/PHP/Intervention~image/src/Resolution.php|Intervention|image|Resolution.php|PHP|73|57|18
59|./src/_00/output/PHP/Intervention~image/tests/Unit/Colors/Hsv/ChannelTest.php|Intervention|image|ChannelTest.php|PHP|73|4|19
60|./src/_00/output/PHP/Intervention~image/src/Drivers/Imagick/Modifiers/CropModifier.php|Intervention|image|CropModifier.php|PHP|72|6|15
61|./src/_00/output/PHP/Intervention~image/tests/Unit/Colors/Hsl/ChannelTest.php|Intervention|image|ChannelTest.php|PHP|72|3|19
62|./src/_00/output/PHP/Intervention~image/tests/Unit/Colors/Hsl/ColorspaceTest.php|Intervention|image|ColorspaceTest.php|PHP|72|1|14
63|./src/_00/output/PHP/Intervention~image/tests/Unit/Colors/Hsv/ColorspaceTest.php|Intervention|image|ColorspaceTest.php|PHP|72|1|14
64|./src/_00/output/PHP/Intervention~image/src/Typography/FontFactory.php|Intervention|image|FontFactory.php|PHP|70|73|26
65|./src/_00/output/PHP/Intervention~image/tests/Unit/Colors/Rgb/ColorspaceTest.php|Intervention|image|ColorspaceTest.php|PHP|69|1|13
66|./src/_00/output/PHP/Intervention~image/src/Colors/Hsl/Color.php|Intervention|image|Color.php|PHP|68|44|13
67|./src/_00/output/PHP/Intervention~image/src/Colors/Hsv/Color.php|Intervention|image|Color.php|PHP|68|44|13
68|./src/_00/output/PHP/Intervention~image/src/Drivers/Gd/Modifiers/ContainModifier.php|Intervention|image|ContainModifier.php|PHP|68|8|10
69|./src/_00/output/PHP/Intervention~image/tests/Unit/Geometry/LineTest.php|Intervention|image|LineTest.php|PHP|68|0|10
70|./src/_00/output/PHP/Intervention~image/phpcs.xml.dist|Intervention|image|phpcs.xml.dist|XML|67|0|1
71|./src/_00/output/PHP/Intervention~image/src/Drivers/Imagick/Modifiers/ResizeCanvasModifier.php|Intervention|image|ResizeCanvasModifier.php|PHP|67|2|16
72|./src/_00/output/PHP/Intervention~image/tests/Unit/FileExtensionTest.php|Intervention|image|FileExtensionTest.php|PHP|66|0|18
73|./src/_00/output/PHP/Intervention~image/readme.md|Intervention|image|readme.md|Markdown|65|0|32
74|./src/_00/output/PHP/Intervention~image/tests/Unit/Colors/Hsv/Decoders/StringColorDecoderTest.php|Intervention|image|StringColorDecoderTest.php|PHP|64|3|5
75|./src/_00/output/PHP/Intervention~image/tests/Unit/Colors/Rgb/Decoders/StringColorDecoderTest.php|Intervention|image|StringColorDecoderTest.php|PHP|64|3|5
76|./src/_00/output/PHP/Intervention~image/tests/Unit/Drivers/Imagick/Decoders/BinaryImageDecoderTest.php|Intervention|image|BinaryImageDecoderTest.php|PHP|64|0|9
77|./src/_00/output/PHP/Intervention~image/src/Drivers/Gd/Modifiers/ResizeCanvasModifier.php|Intervention|image|ResizeCanvasModifier.php|PHP|63|8|11
78|./src/_00/output/PHP/Intervention~image/src/Geometry/Line.php|Intervention|image|Line.php|PHP|61|60|19
79|./src/_00/output/PHP/Intervention~image/tests/Unit/Colors/Cmyk/ChannelTest.php|Intervention|image|ChannelTest.php|PHP|61|5|15
80|./src/_00/output/PHP/Intervention~image/tests/Unit/Colors/Rgb/ChannelTest.php|Intervention|image|ChannelTest.php|PHP|61|4|15
81|./src/_00/output/PHP/Intervention~image/tests/Unit/Drivers/Imagick/FontProcessorTest.php|Intervention|image|FontProcessorTest.php|PHP|60|0|10
82|./src/_00/output/PHP/Intervention~image/src/Drivers/Gd/Modifiers/DrawEllipseModifier.php|Intervention|image|DrawEllipseModifier.php|PHP|59|6|8
83|./src/_00/output/PHP/Intervention~image/src/Geometry/Point.php|Intervention|image|Point.php|PHP|59|51|19
84|./src/_00/output/PHP/Intervention~image/src/MediaType.php|Intervention|image|MediaType.php|PHP|59|5|4
85|./src/_00/output/PHP/Intervention~image/tests/Unit/Typography/LineTest.php|Intervention|image|LineTest.php|PHP|59|0|17
86|./src/_00/output/PHP/Intervention~image/src/ImageManager.php|Intervention|image|ImageManager.php|PHP|58|49|14
87|./src/_00/output/PHP/Intervention~image/tests/Unit/Drivers/AbstractFontProcessorTest.php|Intervention|image|AbstractFontProcessorTest.php|PHP|58|1|8
88|./src/_00/output/PHP/Intervention~image/tests/Unit/Drivers/Gd/ClonerTest.php|Intervention|image|ClonerTest.php|PHP|57|0|14
89|./src/_00/output/PHP/Intervention~image/src/Drivers/Gd/Core.php|Intervention|image|Core.php|PHP|56|45|18
90|./src/_00/output/PHP/Intervention~image/src/Drivers/Gd/FontProcessor.php|Intervention|image|FontProcessor.php|PHP|56|32|10
91|./src/_00/output/PHP/Intervention~image/src/Drivers/Imagick/Modifiers/FillModifier.php|Intervention|image|FillModifier.php|PHP|56|0|9
92|./src/_00/output/PHP/Intervention~image/CONTRIBUTING.md|Intervention|image|CONTRIBUTING.md|Markdown|55|0|25
93|./src/_00/output/PHP/Intervention~image/src/Drivers/Gd/Modifiers/TrimModifier.php|Intervention|image|TrimModifier.php|PHP|54|15|13
94|./src/_00/output/PHP/Intervention~image/src/Geometry/Factories/LineFactory.php|Intervention|image|LineFactory.php|PHP|54|50|19
95|./src/_00/output/PHP/Intervention~image/composer.json|Intervention|image|composer.json|JSON|51|0|0
96|./src/_00/output/PHP/Intervention~image/src/Drivers/AbstractDriver.php|Intervention|image|AbstractDriver.php|PHP|51|18|11
97|./src/_00/output/PHP/Intervention~image/src/Modifiers/TextModifier.php|Intervention|image|TextModifier.php|PHP|51|25|14
98|./src/_00/output/PHP/Intervention~image/src/Typography/Line.php|Intervention|image|Line.php|PHP|51|52|14
99|./src/_00/output/PHP/Intervention~image/src/Colors/Cmyk/Colorspace.php|Intervention|image|Colorspace.php|PHP|50|20|11
100|./src/_00/output/PHP/Intervention~image/src/Drivers/Gd/ColorProcessor.php|Intervention|image|ColorProcessor.php|PHP|50|17|13
101|./src/_00/output/PHP/Intervention~image/src/Drivers/Gd/Modifiers/FillModifier.php|Intervention|image|FillModifier.php|PHP|50|3|9
102|./src/_00/output/PHP/Intervention~image/tests/Unit/Geometry/EllipseTest.php|Intervention|image|EllipseTest.php|PHP|50|0|8
103|./src/_00/output/PHP/Intervention~image/src/Colors/AbstractColor.php|Intervention|image|AbstractColor.php|PHP|49|35|13
104|./src/_00/output/PHP/Intervention~image/src/File.php|Intervention|image|File.php|PHP|49|31|13
105|./src/_00/output/PHP/Intervention~image/src/FileExtension.php|Intervention|image|FileExtension.php|PHP|49|5|4
106|./src/_00/output/PHP/Intervention~image/tests/Unit/Geometry/Traits/HasBorderTest.php|Intervention|image|HasBorderTest.php|PHP|49|0|8
107|./src/_00/output/PHP/Intervention~image/src/Geometry/Ellipse.php|Intervention|image|Ellipse.php|PHP|48|47|14
108|./src/_00/output/PHP/Intervention~image/tests/Unit/Drivers/Gd/Decoders/BinaryImageDecoderTest.php|Intervention|image|BinaryImageDecoderTest.php|PHP|48|2|7
109|./src/_00/output/PHP/Intervention~image/tests/Unit/EncodedImageTest.php|Intervention|image|EncodedImageTest.php|PHP|48|1|11
110|./src/_00/output/PHP/Intervention~image/src/Drivers/Gd/Encoders/GifEncoder.php|Intervention|image|GifEncoder.php|PHP|47|3|10
111|./src/_00/output/PHP/Intervention~image/tests/ImagickTestCase.php|Intervention|image|ImagickTestCase.php|PHP|47|0|9
112|./src/_00/output/PHP/Intervention~image/tests/Unit/Drivers/Gd/Modifiers/QuantizeColorsModifierTest.php|Intervention|image|QuantizeColorsModifierTest.php|PHP|47|3|8
113|./src/_00/output/PHP/Intervention~image/src/Colors/AbstractColorChannel.php|Intervention|image|AbstractColorChannel.php|PHP|46|35|12
114|./src/_00/output/PHP/Intervention~image/tests/Unit/Drivers/Gd/Modifiers/ResizeCanvasModifierTest.php|Intervention|image|ResizeCanvasModifierTest.php|PHP|46|3|6
115|./src/_00/output/PHP/Intervention~image/tests/Unit/Drivers/Gd/Traits/CanDecodeGifTest.php|Intervention|image|CanDecodeGifTest.php|PHP|46|0|11
116|./src/_00/output/PHP/Intervention~image/tests/Unit/Drivers/Imagick/Modifiers/ResizeCanvasModifierTest.php|Intervention|image|ResizeCanvasModifierTest.php|PHP|46|3|6
117|./src/_00/output/PHP/Intervention~image/tests/Unit/ResolutionTest.php|Intervention|image|ResolutionTest.php|PHP|46|1|11
118|./src/_00/output/PHP/Intervention~image/src/Geometry/Factories/EllipseFactory.php|Intervention|image|EllipseFactory.php|PHP|45|44|17
119|./src/_00/output/PHP/Intervention~image/src/Geometry/Factories/RectangleFactory.php|Intervention|image|RectangleFactory.php|PHP|45|44|17
120|./src/_00/output/PHP/Intervention~image/tests/GdTestCase.php|Intervention|image|GdTestCase.php|PHP|45|0|8
121|./src/_00/output/PHP/Intervention~image/tests/Unit/Drivers/Gd/Modifiers/TrimModifierTest.php|Intervention|image|TrimModifierTest.php|PHP|45|3|7
122|./src/_00/output/PHP/Intervention~image/tests/Unit/Drivers/Imagick/Modifiers/TrimModifierTest.php|Intervention|image|TrimModifierTest.php|PHP|45|3|7
123|./src/_00/output/PHP/Intervention~image/src/Drivers/Gd/Cloner.php|Intervention|image|Cloner.php|PHP|44|37|14
124|./src/_00/output/PHP/Intervention~image/src/Drivers/Gd/Modifiers/DrawRectangleModifier.php|Intervention|image|DrawRectangleModifier.php|PHP|44|5|7
125|./src/_00/output/PHP/Intervention~image/src/Drivers/Imagick/FontProcessor.php|Intervention|image|FontProcessor.php|PHP|44|18|10
126|./src/_00/output/PHP/Intervention~image/tests/Unit/Colors/Hsl/Decoders/StringColorDecoderTest.php|Intervention|image|StringColorDecoderTest.php|PHP|44|3|5
127|./src/_00/output/PHP/Intervention~image/tests/Unit/Typography/FontFactoryTest.php|Intervention|image|FontFactoryTest.php|PHP|44|0|6
128|./src/_00/output/PHP/Intervention~image/src/Drivers/Gd/Decoders/FilePathImageDecoder.php|Intervention|image|FilePathImageDecoder.php|PHP|43|6|11
129|./src/_00/output/PHP/Intervention~image/src/Drivers/Gd/Modifiers/ResizeModifier.php|Intervention|image|ResizeModifier.php|PHP|43|9|9
130|./src/_00/output/PHP/Intervention~image/tests/Unit/Drivers/AbstractInputHandlerTest.php|Intervention|image|AbstractInputHandlerTest.php|PHP|43|2|10
131|./src/_00/output/PHP/Intervention~image/src/Drivers/Gd/Decoders/BinaryImageDecoder.php|Intervention|image|BinaryImageDecoder.php|PHP|41|16|13
132|./src/_00/output/PHP/Intervention~image/src/Drivers/Gd/InputHandler.php|Intervention|image|InputHandler.php|PHP|41|5|4
133|./src/_00/output/PHP/Intervention~image/src/Drivers/Imagick/InputHandler.php|Intervention|image|InputHandler.php|PHP|41|5|4
134|./src/_00/output/PHP/Intervention~image/src/Drivers/Imagick/Modifiers/AlignRotationModifier.php|Intervention|image|AlignRotationModifier.php|PHP|41|1|12
135|./src/_00/output/PHP/Intervention~image/src/Drivers/Imagick/Modifiers/DrawPolygonModifier.php|Intervention|image|DrawPolygonModifier.php|PHP|41|8|13
136|./src/_00/output/PHP/Intervention~image/tests/Unit/Drivers/Gd/Encoders/GifEncoderTest.php|Intervention|image|GifEncoderTest.php|PHP|41|3|6
137|./src/_00/output/PHP/Intervention~image/tests/Unit/Drivers/Imagick/Encoders/GifEncoderTest.php|Intervention|image|GifEncoderTest.php|PHP|41|3|6
138|./src/_00/output/PHP/Intervention~image/src/Typography/TextBlock.php|Intervention|image|TextBlock.php|PHP|40|22|11
139|./src/_00/output/PHP/Intervention~image/tests/Unit/Drivers/Gd/Decoders/DataUriImageDecoderTest.php|Intervention|image|DataUriImageDecoderTest.php|PHP|40|2|10
140|./src/_00/output/PHP/Intervention~image/tests/Unit/Drivers/Gd/Decoders/FilePathImageDecoderTest.php|Intervention|image|FilePathImageDecoderTest.php|PHP|40|2|10
141|./src/_00/output/PHP/Intervention~image/tests/Unit/Drivers/Imagick/Decoders/DataUriImageDecoderTest.php|Intervention|image|DataUriImageDecoderTest.php|PHP|40|2|10
142|./src/_00/output/PHP/Intervention~image/tests/Unit/Drivers/Imagick/Decoders/FilePathImageDecoderTest.php|Intervention|image|FilePathImageDecoderTest.php|PHP|40|2|10
143|./src/_00/output/PHP/Intervention~image/tests/Unit/FileTest.php|Intervention|image|FileTest.php|PHP|40|1|8
144|./src/_00/output/PHP/Intervention~image/src/Drivers/Gd/Modifiers/CoverModifier.php|Intervention|image|CoverModifier.php|PHP|39|6|9
145|./src/_00/output/PHP/Intervention~image/tests/Unit/Colors/Rgb/Decoders/HtmlColornameDecoderTest.php|Intervention|image|HtmlColornameDecoderTest.php|PHP|39|3|5
146|./src/_00/output/PHP/Intervention~image/src/Drivers/Imagick/ColorProcessor.php|Intervention|image|ColorProcessor.php|PHP|38|0|6
147|./src/_00/output/PHP/Intervention~image/src/Drivers/Imagick/Modifiers/DrawEllipseModifier.php|Intervention|image|DrawEllipseModifier.php|PHP|38|3|10
148|./src/_00/output/PHP/Intervention~image/src/Encoders/FileExtensionEncoder.php|Intervention|image|FileExtensionEncoder.php|PHP|38|23|10
149|./src/_00/output/PHP/Intervention~image/src/Drivers/Gd/Modifiers/DrawPolygonModifier.php|Intervention|image|DrawPolygonModifier.php|PHP|37|3|6
150|./src/_00/output/PHP/Intervention~image/src/Origin.php|Intervention|image|Origin.php|PHP|37|37|11
151|./src/_00/output/PHP/Intervention~image/tests/Traits/CanDetectProgressiveJpeg.php|Intervention|image|CanDetectProgressiveJpeg.php|PHP|37|6|14
152|./src/_00/output/PHP/Intervention~image/tests/Unit/Typography/TextBlockTest.php|Intervention|image|TextBlockTest.php|PHP|37|0|9
153|./src/_00/output/PHP/Intervention~image/src/Colors/Rgb/Decoders/HexColorDecoder.php|Intervention|image|HexColorDecoder.php|PHP|36|6|8
154|./src/_00/output/PHP/Intervention~image/src/Colors/Rgb/Decoders/StringColorDecoder.php|Intervention|image|StringColorDecoder.php|PHP|36|8|8
155|./src/_00/output/PHP/Intervention~image/src/Drivers/Imagick/Modifiers/DrawRectangleModifier.php|Intervention|image|DrawRectangleModifier.php|PHP|36|4|10
156|./src/_00/output/PHP/Intervention~image/tests/Unit/Drivers/Gd/ColorProcessorTest.php|Intervention|image|ColorProcessorTest.php|PHP|36|0|6
157|./src/_00/output/PHP/Intervention~image/tests/Unit/Drivers/Gd/Modifiers/ResizeCanvasRelativeModifierTest.php|Intervention|image|ResizeCanvasRelativeModifierTest.php|PHP|36|3|5
158|./src/_00/output/PHP/Intervention~image/tests/Unit/Drivers/Imagick/Modifiers/ResizeCanvasRelativeModifierTest.php|Intervention|image|ResizeCanvasRelativeModifierTest.php|PHP|36|3|5
159|./src/_00/output/PHP/Intervention~image/tests/Unit/Geometry/CircleTest.php|Intervention|image|CircleTest.php|PHP|36|0|6
160|./src/_00/output/PHP/Intervention~image/src/Drivers/AbstractInputHandler.php|Intervention|image|AbstractInputHandler.php|PHP|35|25|11
161|./src/_00/output/PHP/Intervention~image/src/Drivers/Gd/Modifiers/QuantizeColorsModifier.php|Intervention|image|QuantizeColorsModifier.php|PHP|35|7|14
162|./src/_00/output/PHP/Intervention~image/src/Geometry/Factories/PolygonFactory.php|Intervention|image|PolygonFactory.php|PHP|35|31|13
163|./src/_00/output/PHP/Intervention~image/tests/Unit/Drivers/AbstractEncoderTest.php|Intervention|image|AbstractEncoderTest.php|PHP|35|1|7
164|./src/_00/output/PHP/Intervention~image/tests/Unit/ModifierStackTest.php|Intervention|image|ModifierStackTest.php|PHP|35|1|9
165|./src/_00/output/PHP/Intervention~image/src/Drivers/Imagick/Decoders/NativeObjectDecoder.php|Intervention|image|NativeObjectDecoder.php|PHP|34|5|10
166|./src/_00/output/PHP/Intervention~image/src/Drivers/Imagick/Encoders/JpegEncoder.php|Intervention|image|JpegEncoder.php|PHP|34|3|9
167|./src/_00/output/PHP/Intervention~image/src/Drivers/Imagick/Modifiers/ColorspaceModifier.php|Intervention|image|ColorspaceModifier.php|PHP|34|8|9
168|./src/_00/output/PHP/Intervention~image/src/Encoders/MediaTypeEncoder.php|Intervention|image|MediaTypeEncoder.php|PHP|34|23|9
169|./src/_00/output/PHP/Intervention~image/src/Geometry/Traits/HasBorder.php|Intervention|image|HasBorder.php|PHP|34|30|11
170|./src/_00/output/PHP/Intervention~image/src/Modifiers/ContainModifier.php|Intervention|image|ContainModifier.php|PHP|34|3|6
171|./src/_00/output/PHP/Intervention~image/tests/Unit/Colors/Cmyk/Decoders/StringColorDecoderTest.php|Intervention|image|StringColorDecoderTest.php|PHP|34|2|8
172|./src/_00/output/PHP/Intervention~image/src/Drivers/Gd/Decoders/NativeObjectDecoder.php|Intervention|image|NativeObjectDecoder.php|PHP|33|6|8
173|./src/_00/output/PHP/Intervention~image/tests/Unit/Drivers/Gd/Modifiers/RemoveAnimationModifierTest.php|Intervention|image|RemoveAnimationModifierTest.php|PHP|33|3|6
174|./src/_00/output/PHP/Intervention~image/tests/Unit/Drivers/Imagick/Modifiers/RemoveAnimationModifierTest.php|Intervention|image|RemoveAnimationModifierTest.php|PHP|33|3|6
175|./src/_00/output/PHP/Intervention~image/src/Drivers/Gd/Decoders/Traits/CanDecodeGif.php|Intervention|image|CanDecodeGif.php|PHP|32|12|10
176|./src/_00/output/PHP/Intervention~image/src/Drivers/Imagick/Modifiers/DrawLineModifier.php|Intervention|image|DrawLineModifier.php|PHP|32|3|7
177|./src/_00/output/PHP/Intervention~image/src/Drivers/Imagick/Modifiers/PlaceModifier.php|Intervention|image|PlaceModifier.php|PHP|32|1|7
178|./src/_00/output/PHP/Intervention~image/src/Modifiers/ResizeCanvasModifier.php|Intervention|image|ResizeCanvasModifier.php|PHP|32|8|7
179|./src/_00/output/PHP/Intervention~image/tests/Unit/Modifiers/TextModifierTest.php|Intervention|image|TextModifierTest.php|PHP|32|0|6
180|./src/_00/output/PHP/Intervention~image/src/Drivers/Gd/Analyzers/PixelColorAnalyzer.php|Intervention|image|PixelColorAnalyzer.php|PHP|31|4|7
181|./src/_00/output/PHP/Intervention~image/src/Drivers/Gd/Decoders/AbstractDecoder.php|Intervention|image|AbstractDecoder.php|PHP|31|14|11
182|./src/_00/output/PHP/Intervention~image/src/Geometry/Circle.php|Intervention|image|Circle.php|PHP|31|29|9
183|./src/_00/output/PHP/Intervention~image/tests/Unit/Drivers/Gd/Modifiers/CropModifierTest.php|Intervention|image|CropModifierTest.php|PHP|31|3|5
184|./src/_00/output/PHP/Intervention~image/tests/Unit/Drivers/Gd/Modifiers/PlaceModifierTest.php|Intervention|image|PlaceModifierTest.php|PHP|31|3|6
185|./src/_00/output/PHP/Intervention~image/tests/Unit/Drivers/Imagick/Modifiers/CropModifierTest.php|Intervention|image|CropModifierTest.php|PHP|31|3|5
186|./src/_00/output/PHP/Intervention~image/tests/Unit/Drivers/Imagick/Modifiers/PlaceModifierTest.php|Intervention|image|PlaceModifierTest.php|PHP|31|3|6
187|./src/_00/output/PHP/Intervention~image/tests/Unit/Drivers/Imagick/Modifiers/QuantizeColorsModifierTest.php|Intervention|image|QuantizeColorsModifierTest.php|PHP|31|3|6
188|./src/_00/output/PHP/Intervention~image/tests/Unit/OriginTest.php|Intervention|image|OriginTest.php|PHP|31|0|8
189|./src/_00/output/PHP/Intervention~image/src/Drivers/Gd/Modifiers/DrawLineModifier.php|Intervention|image|DrawLineModifier.php|PHP|30|3|6
190|./src/_00/output/PHP/Intervention~image/src/Modifiers/AbstractDrawModifier.php|Intervention|image|AbstractDrawModifier.php|PHP|30|11|8
191|./src/_00/output/PHP/Intervention~image/src/Modifiers/CoverModifier.php|Intervention|image|CoverModifier.php|PHP|30|6|7
192|./src/_00/output/PHP/Intervention~image/src/Modifiers/PlaceModifier.php|Intervention|image|PlaceModifier.php|PHP|30|3|7
193|./src/_00/output/PHP/Intervention~image/src/Traits/CanBeDriverSpecialized.php|Intervention|image|CanBeDriverSpecialized.php|PHP|30|20|10
194|./src/_00/output/PHP/Intervention~image/tests/Unit/Drivers/Gd/Modifiers/FillModifierTest.php|Intervention|image|FillModifierTest.php|PHP|30|3|5
195|./src/_00/output/PHP/Intervention~image/tests/Unit/Drivers/Imagick/Modifiers/DrawLineModifierTest.php|Intervention|image|DrawLineModifierTest.php|PHP|30|3|5
196|./src/_00/output/PHP/Intervention~image/tests/Unit/Drivers/Imagick/Modifiers/FillModifierTest.php|Intervention|image|FillModifierTest.php|PHP|30|3|5
197|./src/_00/output/PHP/Intervention~image/src/Colors/Hsl/Decoders/StringColorDecoder.php|Intervention|image|StringColorDecoder.php|PHP|29|6|7
198|./src/_00/output/PHP/Intervention~image/src/Colors/Hsv/Decoders/StringColorDecoder.php|Intervention|image|StringColorDecoder.php|PHP|29|6|7
199|./src/_00/output/PHP/Intervention~image/src/Drivers/Imagick/Modifiers/QuantizeColorsModifier.php|Intervention|image|QuantizeColorsModifier.php|PHP|29|1|7
200|./src/_00/output/PHP/Intervention~image/src/Interfaces/FontInterface.php|Intervention|image|FontInterface.php|PHP|29|122|25
201|./src/_00/output/PHP/Intervention~image/src/Modifiers/CropModifier.php|Intervention|image|CropModifier.php|PHP|29|3|6
202|./src/_00/output/PHP/Intervention~image/src/Modifiers/RemoveAnimationModifier.php|Intervention|image|RemoveAnimationModifier.php|PHP|29|3|8
203|./src/_00/output/PHP/Intervention~image/tests/Unit/Drivers/Gd/Decoders/Base64ImageDecoderTest.php|Intervention|image|Base64ImageDecoderTest.php|PHP|29|2|8
204|./src/_00/output/PHP/Intervention~image/tests/Unit/Drivers/Imagick/Decoders/Base64ImageDecoderTest.php|Intervention|image|Base64ImageDecoderTest.php|PHP|29|2|8
205|./src/_00/output/PHP/Intervention~image/tests/Unit/Geometry/Factories/LineFactoryTest.php|Intervention|image|LineFactoryTest.php|PHP|29|0|5
206|./src/_00/output/PHP/Intervention~image/docker-compose.yml|Intervention|image|docker-compose.yml|YAML|28|0|1
207|./src/_00/output/PHP/Intervention~image/src/Drivers/Gd/Modifiers/SharpenModifier.php|Intervention|image|SharpenModifier.php|PHP|28|5|7
208|./src/_00/output/PHP/Intervention~image/src/Drivers/Imagick/Analyzers/PixelColorAnalyzer.php|Intervention|image|PixelColorAnalyzer.php|PHP|28|3|5
209|./src/_00/output/PHP/Intervention~image/tests/Unit/Drivers/Gd/Encoders/PngEncoderTest.php|Intervention|image|PngEncoderTest.php|PHP|28|3|6
210|./src/_00/output/PHP/Intervention~image/tests/Unit/Drivers/Imagick/Encoders/PngEncoderTest.php|Intervention|image|PngEncoderTest.php|PHP|28|3|6
211|./src/_00/output/PHP/Intervention~image/tests/Unit/Geometry/Factories/EllipseFactoryTest.php|Intervention|image|EllipseFactoryTest.php|PHP|28|0|5
212|./src/_00/output/PHP/Intervention~image/tests/Unit/Geometry/Factories/RectangleFactoryTest.php|Intervention|image|RectangleFactoryTest.php|PHP|28|0|5
213|./src/_00/output/PHP/Intervention~image/src/Drivers/Imagick/Decoders/FilePathImageDecoder.php|Intervention|image|FilePathImageDecoder.php|PHP|27|3|9
214|./src/_00/output/PHP/Intervention~image/src/Drivers/Imagick/Encoders/Jpeg2000Encoder.php|Intervention|image|Jpeg2000Encoder.php|PHP|27|0|6
215|./src/_00/output/PHP/Intervention~image/src/Drivers/Imagick/Modifiers/ColorizeModifier.php|Intervention|image|ColorizeModifier.php|PHP|27|0|7
216|./src/_00/output/PHP/Intervention~image/src/Drivers/Imagick/Modifiers/CoverModifier.php|Intervention|image|CoverModifier.php|PHP|27|0|7
217|./src/_00/output/PHP/Intervention~image/src/Interfaces/SizeInterface.php|Intervention|image|SizeInterface.php|PHP|27|109|23
218|./src/_00/output/PHP/Intervention~image/src/Modifiers/ColorspaceModifier.php|Intervention|image|ColorspaceModifier.php|PHP|27|3|8
219|./src/_00/output/PHP/Intervention~image/tests/Unit/Drivers/Gd/Encoders/JpegEncoderTest.php|Intervention|image|JpegEncoderTest.php|PHP|27|3|6
220|./src/_00/output/PHP/Intervention~image/tests/Unit/Drivers/Gd/Modifiers/TextModifierTest.php|Intervention|image|TextModifierTest.php|PHP|27|3|7
221|./src/_00/output/PHP/Intervention~image/tests/Unit/Drivers/Imagick/Encoders/JpegEncoderTest.php|Intervention|image|JpegEncoderTest.php|PHP|27|3|6
222|./src/_00/output/PHP/Intervention~image/tests/Unit/Drivers/Imagick/Modifiers/ContainModifierTest.php|Intervention|image|ContainModifierTest.php|PHP|27|3|4
223|./src/_00/output/PHP/Intervention~image/tests/Unit/Drivers/Imagick/Modifiers/TextModifierTest.php|Intervention|image|TextModifierTest.php|PHP|27|3|7
224|./src/_00/output/PHP/Intervention~image/tests/Unit/Geometry/Factories/CircleFactoryTest.php|Intervention|image|CircleFactoryTest.php|PHP|27|0|5
225|./src/_00/output/PHP/Intervention~image/src/Colors/Cmyk/Decoders/StringColorDecoder.php|Intervention|image|StringColorDecoder.php|PHP|26|6|7
226|./src/_00/output/PHP/Intervention~image/src/Drivers/Imagick/Decoders/BinaryImageDecoder.php|Intervention|image|BinaryImageDecoder.php|PHP|26|2|8
227|./src/_00/output/PHP/Intervention~image/src/Drivers/Imagick/Encoders/WebpEncoder.php|Intervention|image|WebpEncoder.php|PHP|26|0|7
228|./src/_00/output/PHP/Intervention~image/src/Drivers/Imagick/Modifiers/PixelateModifier.php|Intervention|image|PixelateModifier.php|PHP|26|0|8
229|./src/_00/output/PHP/Intervention~image/src/Drivers/Imagick/Modifiers/ResizeModifier.php|Intervention|image|ResizeModifier.php|PHP|26|3|7
230|./src/_00/output/PHP/Intervention~image/tests/Unit/Geometry/Factories/PolygonFactoryTest.php|Intervention|image|PolygonFactoryTest.php|PHP|26|0|5
231|./src/_00/output/PHP/Intervention~image/src/Drivers/Gd/Modifiers/DrawPixelModifier.php|Intervention|image|DrawPixelModifier.php|PHP|25|0|6
232|./src/_00/output/PHP/Intervention~image/src/Drivers/Imagick/Encoders/GifEncoder.php|Intervention|image|GifEncoder.php|PHP|25|0|8
233|./src/_00/output/PHP/Intervention~image/src/Drivers/Imagick/Encoders/PngEncoder.php|Intervention|image|PngEncoder.php|PHP|25|0|7
234|./src/_00/output/PHP/Intervention~image/src/Drivers/Imagick/Modifiers/BlendTransparencyModifier.php|Intervention|image|BlendTransparencyModifier.php|PHP|25|3|7
235|./src/_00/output/PHP/Intervention~image/tests/Unit/Drivers/Gd/Modifiers/FlipFlopModifierTest.php|Intervention|image|FlipFlopModifierTest.php|PHP|25|3|5
236|./src/_00/output/PHP/Intervention~image/tests/Unit/Drivers/Imagick/Modifiers/FlipFlopModifierTest.php|Intervention|image|FlipFlopModifierTest.php|PHP|25|5|5
237|./src/_00/output/PHP/Intervention~image/tests/Unit/Drivers/Imagick/Modifiers/PixelateModifierTest.php|Intervention|image|PixelateModifierTest.php|PHP|25|3|6
238|./src/_00/output/PHP/Intervention~image/src/Drivers/Gd/Decoders/DataUriImageDecoder.php|Intervention|image|DataUriImageDecoder.php|PHP|24|0|8
239|./src/_00/output/PHP/Intervention~image/src/Drivers/Gd/Modifiers/BlendTransparencyModifier.php|Intervention|image|BlendTransparencyModifier.php|PHP|24|3|7
240|./src/_00/output/PHP/Intervention~image/src/Drivers/Imagick/Encoders/AvifEncoder.php|Intervention|image|AvifEncoder.php|PHP|24|0|6
241|./src/_00/output/PHP/Intervention~image/src/EncodedImage.php|Intervention|image|EncodedImage.php|PHP|24|21|7
242|./src/_00/output/PHP/Intervention~image/src/Interfaces/DriverInterface.php|Intervention|image|DriverInterface.php|PHP|24|65|13
243|./src/_00/output/PHP/Intervention~image/src/Drivers/Imagick/Decoders/DataUriImageDecoder.php|Intervention|image|DataUriImageDecoder.php|PHP|23|0|8
244|./src/_00/output/PHP/Intervention~image/src/Drivers/Imagick/Encoders/TiffEncoder.php|Intervention|image|TiffEncoder.php|PHP|23|0|6
245|./src/_00/output/PHP/Intervention~image/src/Drivers/Imagick/Modifiers/DrawPixelModifier.php|Intervention|image|DrawPixelModifier.php|PHP|23|0|7
246|./src/_00/output/PHP/Intervention~image/src/Encoders/FilePathEncoder.php|Intervention|image|FilePathEncoder.php|PHP|23|11|5
247|./src/_00/output/PHP/Intervention~image/src/ModifierStack.php|Intervention|image|ModifierStack.php|PHP|23|18|8
248|./src/_00/output/PHP/Intervention~image/tests/Unit/Drivers/Gd/Modifiers/CoverModifierTest.php|Intervention|image|CoverModifierTest.php|PHP|23|3|4
249|./src/_00/output/PHP/Intervention~image/tests/Unit/Drivers/Gd/Modifiers/ResizeModifierTest.php|Intervention|image|ResizeModifierTest.php|PHP|23|3|4
250|./src/_00/output/PHP/Intervention~image/tests/Unit/Drivers/Imagick/Modifiers/CoverModifierTest.php|Intervention|image|CoverModifierTest.php|PHP|23|3|4
251|./src/_00/output/PHP/Intervention~image/tests/Unit/Geometry/Traits/HasBackgroundColorTest.php|Intervention|image|HasBackgroundColorTest.php|PHP|23|0|5
252|./src/_00/output/PHP/Intervention~image/tests/Unit/Modifiers/ColorspaceModifierTest.php|Intervention|image|ColorspaceModifierTest.php|PHP|23|0|7
253|./src/_00/output/PHP/Intervention~image/src/Drivers/AbstractEncoder.php|Intervention|image|AbstractEncoder.php|PHP|22|11|7
254|./src/_00/output/PHP/Intervention~image/src/Drivers/Gd/Modifiers/AlignRotationModifier.php|Intervention|image|AlignRotationModifier.php|PHP|22|0|4
255|./src/_00/output/PHP/Intervention~image/src/Drivers/Imagick/Encoders/BmpEncoder.php|Intervention|image|BmpEncoder.php|PHP|22|0|6
256|./src/_00/output/PHP/Intervention~image/src/Drivers/Imagick/Modifiers/RotateModifier.php|Intervention|image|RotateModifier.php|PHP|22|0|6
257|./src/_00/output/PHP/Intervention~image/src/Geometry/Pixel.php|Intervention|image|Pixel.php|PHP|22|18|7
258|./src/_00/output/PHP/Intervention~image/tests/Unit/Drivers/Gd/Modifiers/ContainModifierTest.php|Intervention|image|ContainModifierTest.php|PHP|22|3|4
259|./src/_00/output/PHP/Intervention~image/tests/Unit/Drivers/Imagick/ColorProcessorTest.php|Intervention|image|ColorProcessorTest.php|PHP|22|0|5
260|./src/_00/output/PHP/Intervention~image/src/Drivers/Gd/Decoders/FilePointerImageDecoder.php|Intervention|image|FilePointerImageDecoder.php|PHP|21|0|6
261|./src/_00/output/PHP/Intervention~image/src/Drivers/Imagick/Decoders/FilePointerImageDecoder.php|Intervention|image|FilePointerImageDecoder.php|PHP|21|0|6
262|./src/_00/output/PHP/Intervention~image/src/Drivers/Imagick/Encoders/HeicEncoder.php|Intervention|image|HeicEncoder.php|PHP|21|0|7
263|./src/_00/output/PHP/Intervention~image/tests/Unit/Drivers/Gd/Analyzers/PixelColorsAnalyzerTest.php|Intervention|image|PixelColorsAnalyzerTest.php|PHP|21|3|4
264|./src/_00/output/PHP/Intervention~image/tests/Unit/Drivers/Gd/Modifiers/DrawEllipseModifierTest.php|Intervention|image|DrawEllipseModifierTest.php|PHP|21|3|4
265|./src/_00/output/PHP/Intervention~image/tests/Unit/Drivers/Gd/Modifiers/DrawLineModifierTest.php|Intervention|image|DrawLineModifierTest.php|PHP|21|3|4
266|./src/_00/output/PHP/Intervention~image/tests/Unit/Drivers/Gd/Modifiers/DrawPolygonModifierTest.php|Intervention|image|DrawPolygonModifierTest.php|PHP|21|3|4
267|./src/_00/output/PHP/Intervention~image/tests/Unit/Drivers/Gd/Modifiers/DrawRectangleModifierTest.php|Intervention|image|DrawRectangleModifierTest.php|PHP|21|3|4
268|./src/_00/output/PHP/Intervention~image/tests/Unit/Drivers/Imagick/Analyzers/PixelColorsAnalyzerTest.php|Intervention|image|PixelColorsAnalyzerTest.php|PHP|21|3|4
269|./src/_00/output/PHP/Intervention~image/tests/Unit/Drivers/Imagick/Modifiers/DrawEllipseModifierTest.php|Intervention|image|DrawEllipseModifierTest.php|PHP|21|3|4
270|./src/_00/output/PHP/Intervention~image/tests/Unit/Drivers/Imagick/Modifiers/DrawPolygonModifierTest.php|Intervention|image|DrawPolygonModifierTest.php|PHP|21|3|4
271|./src/_00/output/PHP/Intervention~image/tests/Unit/Drivers/Imagick/Modifiers/DrawRectangleModifierTest.php|Intervention|image|DrawRectangleModifierTest.php|PHP|21|3|4
272|./src/_00/output/PHP/Intervention~image/.github/ISSUE_TEMPLATE/bug_report.md|Intervention|image|bug_report.md|Markdown|20|0|6
273|./src/_00/output/PHP/Intervention~image/Dockerfile|Intervention|image|Dockerfile|Dockerfile|20|2|2
274|./src/_00/output/PHP/Intervention~image/src/Drivers/Gd/Encoders/JpegEncoder.php|Intervention|image|JpegEncoder.php|PHP|20|0|6
275|./src/_00/output/PHP/Intervention~image/src/Drivers/Gd/Encoders/PngEncoder.php|Intervention|image|PngEncoder.php|PHP|20|0|5
276|./src/_00/output/PHP/Intervention~image/src/Drivers/Gd/Modifiers/ColorspaceModifier.php|Intervention|image|ColorspaceModifier.php|PHP|20|0|5
277|./src/_00/output/PHP/Intervention~image/src/Drivers/Imagick/Modifiers/TrimModifier.php|Intervention|image|TrimModifier.php|PHP|20|0|6
278|./src/_00/output/PHP/Intervention~image/src/Geometry/Traits/HasBackgroundColor.php|Intervention|image|HasBackgroundColor.php|PHP|20|15|7
279|./src/_00/output/PHP/Intervention~image/src/Interfaces/ColorInterface.php|Intervention|image|ColorInterface.php|PHP|20|65|15
280|./src/_00/output/PHP/Intervention~image/src/Interfaces/FrameInterface.php|Intervention|image|FrameInterface.php|PHP|20|73|16
281|./src/_00/output/PHP/Intervention~image/src/Modifiers/PadModifier.php|Intervention|image|PadModifier.php|PHP|20|0|4
282|./src/_00/output/PHP/Intervention~image/tests/Unit/Drivers/Gd/Decoders/SplFileInfoImageDecoderTest.php|Intervention|image|SplFileInfoImageDecoderTest.php|PHP|20|2|4
283|./src/_00/output/PHP/Intervention~image/tests/Unit/Drivers/Imagick/Decoders/SplFileInfoImageDecoderTest.php|Intervention|image|SplFileInfoImageDecoderTest.php|PHP|20|2|4
284|./src/_00/output/PHP/Intervention~image/tests/Unit/Drivers/Imagick/Modifiers/ResizeModifierTest.php|Intervention|image|ResizeModifierTest.php|PHP|20|3|4
285|./src/_00/output/PHP/Intervention~image/tests/Unit/Modifiers/PadModifierTest.php|Intervention|image|PadModifierTest.php|PHP|20|0|4
286|./src/_00/output/PHP/Intervention~image/src/Colors/Rgb/Decoders/TransparentColorDecoder.php|Intervention|image|TransparentColorDecoder.php|PHP|19|0|6
287|./src/_00/output/PHP/Intervention~image/src/Drivers/Gd/Analyzers/PixelColorsAnalyzer.php|Intervention|image|PixelColorsAnalyzer.php|PHP|19|0|6
288|./src/_00/output/PHP/Intervention~image/src/Drivers/Gd/Modifiers/ColorizeModifier.php|Intervention|image|ColorizeModifier.php|PHP|19|1|6
289|./src/_00/output/PHP/Intervention~image/src/Drivers/Imagick/Analyzers/ColorspaceAnalyzer.php|Intervention|image|ColorspaceAnalyzer.php|PHP|19|0|4
290|./src/_00/output/PHP/Intervention~image/src/Drivers/Imagick/Analyzers/PixelColorsAnalyzer.php|Intervention|image|PixelColorsAnalyzer.php|PHP|19|0|6
291|./src/_00/output/PHP/Intervention~image/src/Drivers/Imagick/Analyzers/ProfileAnalyzer.php|Intervention|image|ProfileAnalyzer.php|PHP|19|0|6
292|./src/_00/output/PHP/Intervention~image/src/Drivers/Imagick/Modifiers/ProfileModifier.php|Intervention|image|ProfileModifier.php|PHP|19|0|6
293|./src/_00/output/PHP/Intervention~image/src/Drivers/Imagick/Modifiers/ProfileRemovalModifier.php|Intervention|image|ProfileRemovalModifier.php|PHP|19|0|6
294|./src/_00/output/PHP/Intervention~image/tests/Unit/Drivers/Gd/Analyzers/PixelColorAnalyzerTest.php|Intervention|image|PixelColorAnalyzerTest.php|PHP|19|3|4
295|./src/_00/output/PHP/Intervention~image/tests/Unit/Drivers/Gd/Decoders/AbstractDecoderTest.php|Intervention|image|AbstractDecoderTest.php|PHP|19|0|5
296|./src/_00/output/PHP/Intervention~image/tests/Unit/Drivers/Gd/Modifiers/InvertModifierTest.php|Intervention|image|InvertModifierTest.php|PHP|19|3|4
297|./src/_00/output/PHP/Intervention~image/tests/Unit/Drivers/Gd/Modifiers/PixelateModifierTest.php|Intervention|image|PixelateModifierTest.php|PHP|19|3|4
298|./src/_00/output/PHP/Intervention~image/tests/Unit/Drivers/Gd/Modifiers/ResolutionModifierTest.php|Intervention|image|ResolutionModifierTest.php|PHP|19|3|4
299|./src/_00/output/PHP/Intervention~image/tests/Unit/Drivers/Gd/Modifiers/RotateModifierTest.php|Intervention|image|RotateModifierTest.php|PHP|19|3|4
300|./src/_00/output/PHP/Intervention~image/tests/Unit/Drivers/Imagick/Analyzers/PixelColorAnalyzerTest.php|Intervention|image|PixelColorAnalyzerTest.php|PHP|19|3|4
301|./src/_00/output/PHP/Intervention~image/tests/Unit/Drivers/Imagick/Modifiers/InvertModifierTest.php|Intervention|image|InvertModifierTest.php|PHP|19|3|4
302|./src/_00/output/PHP/Intervention~image/tests/Unit/Drivers/Imagick/Modifiers/ResolutionModifierTest.php|Intervention|image|ResolutionModifierTest.php|PHP|19|3|4
303|./src/_00/output/PHP/Intervention~image/tests/Unit/Drivers/Imagick/Modifiers/RotateModifierTest.php|Intervention|image|RotateModifierTest.php|PHP|19|3|4
304|./src/_00/output/PHP/Intervention~image/tests/Unit/Geometry/PixelTest.php|Intervention|image|PixelTest.php|PHP|19|1|4
305|./src/_00/output/PHP/Intervention~image/src/Drivers/Gd/Decoders/ColorObjectDecoder.php|Intervention|image|ColorObjectDecoder.php|PHP|18|0|5
306|./src/_00/output/PHP/Intervention~image/src/Drivers/Gd/Decoders/ImageObjectDecoder.php|Intervention|image|ImageObjectDecoder.php|PHP|18|0|5
307|./src/_00/output/PHP/Intervention~image/src/Drivers/Gd/Decoders/SplFileInfoImageDecoder.php|Intervention|image|SplFileInfoImageDecoder.php|PHP|18|0|5
308|./src/_00/output/PHP/Intervention~image/src/Drivers/Gd/Encoders/AvifEncoder.php|Intervention|image|AvifEncoder.php|PHP|18|0|5
309|./src/_00/output/PHP/Intervention~image/src/Drivers/Gd/Encoders/WebpEncoder.php|Intervention|image|WebpEncoder.php|PHP|18|0|5
310|./src/_00/output/PHP/Intervention~image/src/Drivers/Gd/Modifiers/BlurModifier.php|Intervention|image|BlurModifier.php|PHP|18|0|5
311|./src/_00/output/PHP/Intervention~image/src/Drivers/Gd/Modifiers/ResolutionModifier.php|Intervention|image|ResolutionModifier.php|PHP|18|0|6
312|./src/_00/output/PHP/Intervention~image/src/Drivers/Gd/Modifiers/SliceAnimationModifier.php|Intervention|image|SliceAnimationModifier.php|PHP|18|0|6
313|./src/_00/output/PHP/Intervention~image/src/Drivers/Imagick/Modifiers/RemoveAnimationModifier.php|Intervention|image|RemoveAnimationModifier.php|PHP|18|2|6
314|./src/_00/output/PHP/Intervention~image/src/Drivers/Imagick/Modifiers/SliceAnimationModifier.php|Intervention|image|SliceAnimationModifier.php|PHP|18|0|6
315|./src/_00/output/PHP/Intervention~image/tests/Unit/Drivers/Gd/Analyzers/ColorspaceAnalyzerTest.php|Intervention|image|ColorspaceAnalyzerTest.php|PHP|18|3|4
316|./src/_00/output/PHP/Intervention~image/tests/Unit/Drivers/Gd/Analyzers/ResolutionAnalyzerTest.php|Intervention|image|ResolutionAnalyzerTest.php|PHP|18|3|4
317|./src/_00/output/PHP/Intervention~image/tests/Unit/Drivers/Gd/Decoders/FilePointerImageDecoderTest.php|Intervention|image|FilePointerImageDecoderTest.php|PHP|18|2|4
318|./src/_00/output/PHP/Intervention~image/tests/Unit/Drivers/Gd/Modifiers/DrawPixelModifierTest.php|Intervention|image|DrawPixelModifierTest.php|PHP|18|3|4
319|./src/_00/output/PHP/Intervention~image/tests/Unit/Drivers/Imagick/Analyzers/ColorspaceAnalyzerTest.php|Intervention|image|ColorspaceAnalyzerTest.php|PHP|18|3|4
320|./src/_00/output/PHP/Intervention~image/tests/Unit/Drivers/Imagick/Analyzers/ProfileAnalyzerTest.php|Intervention|image|ProfileAnalyzerTest.php|PHP|18|3|4
321|./src/_00/output/PHP/Intervention~image/tests/Unit/Drivers/Imagick/Analyzers/ResolutionAnalyzerTest.php|Intervention|image|ResolutionAnalyzerTest.php|PHP|18|3|4
322|./src/_00/output/PHP/Intervention~image/tests/Unit/Drivers/Imagick/Decoders/FilePointerImageDecoderTest.php|Intervention|image|FilePointerImageDecoderTest.php|PHP|18|2|4
323|./src/_00/output/PHP/Intervention~image/tests/Unit/Drivers/Imagick/Modifiers/DrawPixelModifierTest.php|Intervention|image|DrawPixelModifierTest.php|PHP|18|3|4
324|./src/_00/output/PHP/Intervention~image/tests/Unit/Drivers/SpecializableAnalyzerTest.php|Intervention|image|SpecializableAnalyzerTest.php|PHP|18|0|4
325|./src/_00/output/PHP/Intervention~image/tests/Unit/Drivers/SpecializableModifierTest.php|Intervention|image|SpecializableModifierTest.php|PHP|18|0|4
326|./src/_00/output/PHP/Intervention~image/src/Drivers/Gd/Decoders/Base64ImageDecoder.php|Intervention|image|Base64ImageDecoder.php|PHP|17|0|5
327|./src/_00/output/PHP/Intervention~image/src/Drivers/Gd/Encoders/BmpEncoder.php|Intervention|image|BmpEncoder.php|PHP|17|0|5
328|./src/_00/output/PHP/Intervention~image/src/Drivers/Imagick/Decoders/ColorObjectDecoder.php|Intervention|image|ColorObjectDecoder.php|PHP|17|0|5
329|./src/_00/output/PHP/Intervention~image/src/Drivers/Imagick/Decoders/ImageObjectDecoder.php|Intervention|image|ImageObjectDecoder.php|PHP|17|0|5
330|./src/_00/output/PHP/Intervention~image/src/Drivers/Imagick/Decoders/SplFileInfoImageDecoder.php|Intervention|image|SplFileInfoImageDecoder.php|PHP|17|0|5
331|./src/_00/output/PHP/Intervention~image/src/Interfaces/CollectionInterface.php|Intervention|image|CollectionInterface.php|PHP|17|61|13
332|./src/_00/output/PHP/Intervention~image/src/Modifiers/FillModifier.php|Intervention|image|FillModifier.php|PHP|17|0|5
333|./src/_00/output/PHP/Intervention~image/tests/Unit/Drivers/Gd/Analyzers/HeightAnalyzerTest.php|Intervention|image|HeightAnalyzerTest.php|PHP|17|3|4
334|./src/_00/output/PHP/Intervention~image/tests/Unit/Drivers/Gd/Analyzers/WidthAnalyzerTest.php|Intervention|image|WidthAnalyzerTest.php|PHP|17|3|4
335|./src/_00/output/PHP/Intervention~image/tests/Unit/Drivers/Gd/Decoders/ImageObjectDecoderTest.php|Intervention|image|ImageObjectDecoderTest.php|PHP|17|2|4
336|./src/_00/output/PHP/Intervention~image/tests/Unit/Drivers/Gd/Encoders/AvifEncoderTest.php|Intervention|image|AvifEncoderTest.php|PHP|17|3|4
337|./src/_00/output/PHP/Intervention~image/tests/Unit/Drivers/Gd/Encoders/BmpEncoderTest.php|Intervention|image|BmpEncoderTest.php|PHP|17|3|4
338|./src/_00/output/PHP/Intervention~image/tests/Unit/Drivers/Gd/Encoders/WebpEncoderTest.php|Intervention|image|WebpEncoderTest.php|PHP|17|3|4
339|./src/_00/output/PHP/Intervention~image/tests/Unit/Drivers/Gd/Modifiers/BlurModifierTest.php|Intervention|image|BlurModifierTest.php|PHP|17|3|4
340|./src/_00/output/PHP/Intervention~image/tests/Unit/Drivers/Gd/Modifiers/BrightnessModifierTest.php|Intervention|image|BrightnessModifierTest.php|PHP|17|3|4
341|./src/_00/output/PHP/Intervention~image/tests/Unit/Drivers/Gd/Modifiers/ColorizeModifierTest.php|Intervention|image|ColorizeModifierTest.php|PHP|17|3|4
342|./src/_00/output/PHP/Intervention~image/tests/Unit/Drivers/Gd/Modifiers/ContrastModifierTest.php|Intervention|image|ContrastModifierTest.php|PHP|17|3|4
343|./src/_00/output/PHP/Intervention~image/tests/Unit/Drivers/Gd/Modifiers/GammaModifierTest.php|Intervention|image|GammaModifierTest.php|PHP|17|3|4
344|./src/_00/output/PHP/Intervention~image/tests/Unit/Drivers/Gd/Modifiers/GreyscaleModifierTest.php|Intervention|image|GreyscaleModifierTest.php|PHP|17|3|4
345|./src/_00/output/PHP/Intervention~image/tests/Unit/Drivers/Gd/Modifiers/SharpenModifierTest.php|Intervention|image|SharpenModifierTest.php|PHP|17|3|4
346|./src/_00/output/PHP/Intervention~image/tests/Unit/Drivers/Imagick/Analyzers/HeightAnalyzerTest.php|Intervention|image|HeightAnalyzerTest.php|PHP|17|3|4
347|./src/_00/output/PHP/Intervention~image/tests/Unit/Drivers/Imagick/Analyzers/WidthAnalyzerTest.php|Intervention|image|WidthAnalyzerTest.php|PHP|17|3|4
348|./src/_00/output/PHP/Intervention~image/tests/Unit/Drivers/Imagick/Decoders/ImageObjectDecoderTest.php|Intervention|image|ImageObjectDecoderTest.php|PHP|17|2|4
349|./src/_00/output/PHP/Intervention~image/tests/Unit/Drivers/Imagick/Encoders/AvifEncoderTest.php|Intervention|image|AvifEncoderTest.php|PHP|17|3|4
350|./src/_00/output/PHP/Intervention~image/tests/Unit/Drivers/Imagick/Encoders/BmpEncoderTest.php|Intervention|image|BmpEncoderTest.php|PHP|17|3|4
351|./src/_00/output/PHP/Intervention~image/tests/Unit/Drivers/Imagick/Encoders/HeicEncoderTest.php|Intervention|image|HeicEncoderTest.php|PHP|17|3|4
352|./src/_00/output/PHP/Intervention~image/tests/Unit/Drivers/Imagick/Encoders/Jpeg2000EncoderTest.php|Intervention|image|Jpeg2000EncoderTest.php|PHP|17|3|4
353|./src/_00/output/PHP/Intervention~image/tests/Unit/Drivers/Imagick/Encoders/TiffEncoderTest.php|Intervention|image|TiffEncoderTest.php|PHP|17|3|4
354|./src/_00/output/PHP/Intervention~image/tests/Unit/Drivers/Imagick/Encoders/WebpEncoderTest.php|Intervention|image|WebpEncoderTest.php|PHP|17|3|4
355|./src/_00/output/PHP/Intervention~image/tests/Unit/Drivers/Imagick/Modifiers/BlurModifierTest.php|Intervention|image|BlurModifierTest.php|PHP|17|3|4
356|./src/_00/output/PHP/Intervention~image/tests/Unit/Drivers/Imagick/Modifiers/BrightnessModifierTest.php|Intervention|image|BrightnessModifierTest.php|PHP|17|3|4
357|./src/_00/output/PHP/Intervention~image/tests/Unit/Drivers/Imagick/Modifiers/ColorizeModifierTest.php|Intervention|image|ColorizeModifierTest.php|PHP|17|3|4
358|./src/_00/output/PHP/Intervention~image/tests/Unit/Drivers/Imagick/Modifiers/ContrastModifierTest.php|Intervention|image|ContrastModifierTest.php|PHP|17|3|4
359|./src/_00/output/PHP/Intervention~image/tests/Unit/Drivers/Imagick/Modifiers/GammaModifierTest.php|Intervention|image|GammaModifierTest.php|PHP|17|3|4
360|./src/_00/output/PHP/Intervention~image/tests/Unit/Drivers/Imagick/Modifiers/GreyscaleModifierTest.php|Intervention|image|GreyscaleModifierTest.php|PHP|17|3|4
361|./src/_00/output/PHP/Intervention~image/tests/Unit/Drivers/Imagick/Modifiers/SharpenModifierTest.php|Intervention|image|SharpenModifierTest.php|PHP|17|3|4
362|./src/_00/output/PHP/Intervention~image/src/Drivers/Gd/Modifiers/BrightnessModifier.php|Intervention|image|BrightnessModifier.php|PHP|16|0|5
363|./src/_00/output/PHP/Intervention~image/src/Drivers/Gd/Modifiers/ContrastModifier.php|Intervention|image|ContrastModifier.php|PHP|16|0|5
364|./src/_00/output/PHP/Intervention~image/src/Drivers/Gd/Modifiers/FlipModifier.php|Intervention|image|FlipModifier.php|PHP|16|0|5
365|./src/_00/output/PHP/Intervention~image/src/Drivers/Gd/Modifiers/FlopModifier.php|Intervention|image|FlopModifier.php|PHP|16|0|5
366|./src/_00/output/PHP/Intervention~image/src/Drivers/Gd/Modifiers/GammaModifier.php|Intervention|image|GammaModifier.php|PHP|16|0|5
367|./src/_00/output/PHP/Intervention~image/src/Drivers/Gd/Modifiers/GreyscaleModifier.php|Intervention|image|GreyscaleModifier.php|PHP|16|0|5
368|./src/_00/output/PHP/Intervention~image/src/Drivers/Gd/Modifiers/InvertModifier.php|Intervention|image|InvertModifier.php|PHP|16|0|5
369|./src/_00/output/PHP/Intervention~image/src/Drivers/Gd/Modifiers/PixelateModifier.php|Intervention|image|PixelateModifier.php|PHP|16|0|5
370|./src/_00/output/PHP/Intervention~image/src/Drivers/Gd/Modifiers/ProfileModifier.php|Intervention|image|ProfileModifier.php|PHP|16|0|4
371|./src/_00/output/PHP/Intervention~image/src/Drivers/Gd/Modifiers/RemoveAnimationModifier.php|Intervention|image|RemoveAnimationModifier.php|PHP|16|0|5
372|./src/_00/output/PHP/Intervention~image/src/Drivers/Imagick/Decoders/Base64ImageDecoder.php|Intervention|image|Base64ImageDecoder.php|PHP|16|0|5
373|./src/_00/output/PHP/Intervention~image/src/Drivers/Imagick/Modifiers/BlurModifier.php|Intervention|image|BlurModifier.php|PHP|16|0|5
374|./src/_00/output/PHP/Intervention~image/src/Drivers/Imagick/Modifiers/BrightnessModifier.php|Intervention|image|BrightnessModifier.php|PHP|16|0|5
375|./src/_00/output/PHP/Intervention~image/src/Drivers/Imagick/Modifiers/ContrastModifier.php|Intervention|image|ContrastModifier.php|PHP|16|0|5
376|./src/_00/output/PHP/Intervention~image/src/Drivers/Imagick/Modifiers/FlipModifier.php|Intervention|image|FlipModifier.php|PHP|16|0|5
377|./src/_00/output/PHP/Intervention~image/src/Drivers/Imagick/Modifiers/FlopModifier.php|Intervention|image|FlopModifier.php|PHP|16|0|5
378|./src/_00/output/PHP/Intervention~image/src/Drivers/Imagick/Modifiers/GammaModifier.php|Intervention|image|GammaModifier.php|PHP|16|0|5
379|./src/_00/output/PHP/Intervention~image/src/Drivers/Imagick/Modifiers/GreyscaleModifier.php|Intervention|image|GreyscaleModifier.php|PHP|16|0|5
380|./src/_00/output/PHP/Intervention~image/src/Drivers/Imagick/Modifiers/InvertModifier.php|Intervention|image|InvertModifier.php|PHP|16|0|5
381|./src/_00/output/PHP/Intervention~image/src/Drivers/Imagick/Modifiers/SharpenModifier.php|Intervention|image|SharpenModifier.php|PHP|16|0|5
382|./src/_00/output/PHP/Intervention~image/src/Drivers/SpecializableDecoder.php|Intervention|image|SpecializableDecoder.php|PHP|16|0|5
383|./src/_00/output/PHP/Intervention~image/src/Encoders/AutoEncoder.php|Intervention|image|AutoEncoder.php|PHP|16|5|4
384|./src/_00/output/PHP/Intervention~image/src/Geometry/Factories/CircleFactory.php|Intervention|image|CircleFactory.php|PHP|16|12|6
385|./src/_00/output/PHP/Intervention~image/src/Interfaces/CoreInterface.php|Intervention|image|CoreInterface.php|PHP|16|54|12
386|./src/_00/output/PHP/Intervention~image/src/Interfaces/DrawableInterface.php|Intervention|image|DrawableInterface.php|PHP|16|55|12
387|./src/_00/output/PHP/Intervention~image/tests/Unit/Drivers/SpecializableDecoderTest.php|Intervention|image|SpecializableDecoderTest.php|PHP|16|0|4
388|./src/_00/output/PHP/Intervention~image/src/Colors/Cmyk/Channels/Cyan.php|Intervention|image|Cyan.php|PHP|15|0|5
389|./src/_00/output/PHP/Intervention~image/src/Colors/Hsl/Channels/Hue.php|Intervention|image|Hue.php|PHP|15|10|5
390|./src/_00/output/PHP/Intervention~image/src/Colors/Hsl/Channels/Luminance.php|Intervention|image|Luminance.php|PHP|15|10|5
391|./src/_00/output/PHP/Intervention~image/src/Colors/Hsl/Channels/Saturation.php|Intervention|image|Saturation.php|PHP|15|10|5
392|./src/_00/output/PHP/Intervention~image/src/Colors/Hsv/Channels/Hue.php|Intervention|image|Hue.php|PHP|15|10|5
393|./src/_00/output/PHP/Intervention~image/src/Colors/Hsv/Channels/Saturation.php|Intervention|image|Saturation.php|PHP|15|10|5
394|./src/_00/output/PHP/Intervention~image/src/Colors/Hsv/Channels/Value.php|Intervention|image|Value.php|PHP|15|10|5
395|./src/_00/output/PHP/Intervention~image/src/Colors/Rgb/Channels/Red.php|Intervention|image|Red.php|PHP|15|10|5
396|./src/_00/output/PHP/Intervention~image/src/Drivers/Imagick/Modifiers/ResolutionModifier.php|Intervention|image|ResolutionModifier.php|PHP|15|0|5
397|./src/_00/output/PHP/Intervention~image/src/Interfaces/ColorChannelInterface.php|Intervention|image|ColorChannelInterface.php|PHP|15|44|11
398|./src/_00/output/PHP/Intervention~image/src/Interfaces/ResolutionInterface.php|Intervention|image|ResolutionInterface.php|PHP|15|47|11
399|./src/_00/output/PHP/Intervention~image/src/Modifiers/DrawEllipseModifier.php|Intervention|image|DrawEllipseModifier.php|PHP|15|0|5
400|./src/_00/output/PHP/Intervention~image/src/Modifiers/DrawLineModifier.php|Intervention|image|DrawLineModifier.php|PHP|15|0|5
401|./src/_00/output/PHP/Intervention~image/src/Modifiers/DrawPolygonModifier.php|Intervention|image|DrawPolygonModifier.php|PHP|15|0|5
402|./src/_00/output/PHP/Intervention~image/src/Modifiers/DrawRectangleModifier.php|Intervention|image|DrawRectangleModifier.php|PHP|15|0|5
403|./src/_00/output/PHP/Intervention~image/tests/Traits/CanDetectInterlacedPng.php|Intervention|image|CanDetectInterlacedPng.php|PHP|15|6|6
404|./src/_00/output/PHP/Intervention~image/tests/Unit/Colors/Rgb/Channels/AlphaTest.php|Intervention|image|AlphaTest.php|PHP|15|1|4
405|./src/_00/output/PHP/Intervention~image/src/Drivers/Gd/Analyzers/ColorspaceAnalyzer.php|Intervention|image|ColorspaceAnalyzer.php|PHP|14|0|4
406|./src/_00/output/PHP/Intervention~image/src/Drivers/Gd/Analyzers/ResolutionAnalyzer.php|Intervention|image|ResolutionAnalyzer.php|PHP|14|0|4
407|./src/_00/output/PHP/Intervention~image/src/Drivers/Imagick/Analyzers/ResolutionAnalyzer.php|Intervention|image|ResolutionAnalyzer.php|PHP|14|0|4
408|./src/_00/output/PHP/Intervention~image/src/Interfaces/FontProcessorInterface.php|Intervention|image|FontProcessorInterface.php|PHP|14|41|9
409|./src/_00/output/PHP/Intervention~image/src/Modifiers/RotateModifier.php|Intervention|image|RotateModifier.php|PHP|14|6|5
410|./src/_00/output/PHP/Intervention~image/tests/Unit/Colors/Hsl/Channels/SaturationTest.php|Intervention|image|SaturationTest.php|PHP|14|0|4
411|./src/_00/output/PHP/Intervention~image/tests/Unit/Colors/Hsv/Channels/SaturationTest.php|Intervention|image|SaturationTest.php|PHP|14|0|4
412|./src/_00/output/PHP/Intervention~image/tests/Unit/Colors/Hsv/Channels/ValueTest.php|Intervention|image|ValueTest.php|PHP|14|0|4
413|./src/_00/output/PHP/Intervention~image/phpunit.dist.xml|Intervention|image|phpunit.dist.xml|XML|13|0|0
414|./src/_00/output/PHP/Intervention~image/src/Analyzers/PixelColorAnalyzer.php|Intervention|image|PixelColorAnalyzer.php|PHP|13|0|4
415|./src/_00/output/PHP/Intervention~image/src/Drivers/Gd/Analyzers/HeightAnalyzer.php|Intervention|image|HeightAnalyzer.php|PHP|13|0|4
416|./src/_00/output/PHP/Intervention~image/src/Drivers/Gd/Analyzers/WidthAnalyzer.php|Intervention|image|WidthAnalyzer.php|PHP|13|0|4
417|./src/_00/output/PHP/Intervention~image/src/Drivers/Gd/Modifiers/ProfileRemovalModifier.php|Intervention|image|ProfileRemovalModifier.php|PHP|13|2|4
418|./src/_00/output/PHP/Intervention~image/src/Drivers/Imagick/Analyzers/HeightAnalyzer.php|Intervention|image|HeightAnalyzer.php|PHP|13|0|4
419|./src/_00/output/PHP/Intervention~image/src/Drivers/Imagick/Analyzers/WidthAnalyzer.php|Intervention|image|WidthAnalyzer.php|PHP|13|0|4
420|./src/_00/output/PHP/Intervention~image/src/Modifiers/ColorizeModifier.php|Intervention|image|ColorizeModifier.php|PHP|13|0|4
421|./src/_00/output/PHP/Intervention~image/src/Modifiers/DrawPixelModifier.php|Intervention|image|DrawPixelModifier.php|PHP|13|0|4
422|./src/_00/output/PHP/Intervention~image/src/Traits/CanBuildFilePointer.php|Intervention|image|CanBuildFilePointer.php|PHP|13|6|4
423|./src/_00/output/PHP/Intervention~image/src/Analyzers/PixelColorsAnalyzer.php|Intervention|image|PixelColorsAnalyzer.php|PHP|12|0|4
424|./src/_00/output/PHP/Intervention~image/src/Drivers/Gd/Modifiers/CoverDownModifier.php|Intervention|image|CoverDownModifier.php|PHP|12|3|4
425|./src/_00/output/PHP/Intervention~image/src/Drivers/Gd/Modifiers/ResizeCanvasRelativeModifier.php|Intervention|image|ResizeCanvasRelativeModifier.php|PHP|12|0|4
426|./src/_00/output/PHP/Intervention~image/src/Drivers/Gd/Modifiers/ResizeDownModifier.php|Intervention|image|ResizeDownModifier.php|PHP|12|0|4
427|./src/_00/output/PHP/Intervention~image/src/Drivers/Gd/Modifiers/ScaleDownModifier.php|Intervention|image|ScaleDownModifier.php|PHP|12|0|4
428|./src/_00/output/PHP/Intervention~image/src/Drivers/Gd/Modifiers/ScaleModifier.php|Intervention|image|ScaleModifier.php|PHP|12|0|4
429|./src/_00/output/PHP/Intervention~image/src/Drivers/Imagick/Modifiers/CoverDownModifier.php|Intervention|image|CoverDownModifier.php|PHP|12|3|4
430|./src/_00/output/PHP/Intervention~image/src/Drivers/Imagick/Modifiers/ResizeCanvasRelativeModifier.php|Intervention|image|ResizeCanvasRelativeModifier.php|PHP|12|0|4
431|./src/_00/output/PHP/Intervention~image/src/Drivers/Imagick/Modifiers/ResizeDownModifier.php|Intervention|image|ResizeDownModifier.php|PHP|12|0|4
432|./src/_00/output/PHP/Intervention~image/src/Drivers/Imagick/Modifiers/ScaleDownModifier.php|Intervention|image|ScaleDownModifier.php|PHP|12|0|4
433|./src/_00/output/PHP/Intervention~image/src/Drivers/Imagick/Modifiers/ScaleModifier.php|Intervention|image|ScaleModifier.php|PHP|12|0|4
434|./src/_00/output/PHP/Intervention~image/src/Drivers/SpecializableAnalyzer.php|Intervention|image|SpecializableAnalyzer.php|PHP|12|5|4
435|./src/_00/output/PHP/Intervention~image/src/Drivers/SpecializableModifier.php|Intervention|image|SpecializableModifier.php|PHP|12|5|4
436|./src/_00/output/PHP/Intervention~image/src/Encoders/JpegEncoder.php|Intervention|image|JpegEncoder.php|PHP|12|0|4
437|./src/_00/output/PHP/Intervention~image/src/Interfaces/FileInterface.php|Intervention|image|FileInterface.php|PHP|12|27|8
438|./src/_00/output/PHP/Intervention~image/src/Modifiers/QuantizeColorsModifier.php|Intervention|image|QuantizeColorsModifier.php|PHP|12|0|4
439|./src/_00/output/PHP/Intervention~image/.github/ISSUE_TEMPLATE/feature_request.md|Intervention|image|feature_request.md|Markdown|11|0|3
440|./src/_00/output/PHP/Intervention~image/src/Interfaces/ImageManagerInterface.php|Intervention|image|ImageManagerInterface.php|PHP|11|50|7
441|./src/_00/output/PHP/Intervention~image/src/Modifiers/ProfileModifier.php|Intervention|image|ProfileModifier.php|PHP|11|0|4
442|./src/_00/output/PHP/Intervention~image/src/Colors/Rgb/Channels/Alpha.php|Intervention|image|Alpha.php|PHP|10|5|3
443|./src/_00/output/PHP/Intervention~image/src/Encoders/AvifEncoder.php|Intervention|image|AvifEncoder.php|PHP|10|0|4
444|./src/_00/output/PHP/Intervention~image/src/Encoders/BmpEncoder.php|Intervention|image|BmpEncoder.php|PHP|10|0|4
445|./src/_00/output/PHP/Intervention~image/src/Encoders/GifEncoder.php|Intervention|image|GifEncoder.php|PHP|10|0|4
446|./src/_00/output/PHP/Intervention~image/src/Encoders/HeicEncoder.php|Intervention|image|HeicEncoder.php|PHP|10|0|4
447|./src/_00/output/PHP/Intervention~image/src/Encoders/Jpeg2000Encoder.php|Intervention|image|Jpeg2000Encoder.php|PHP|10|0|4
448|./src/_00/output/PHP/Intervention~image/src/Encoders/PngEncoder.php|Intervention|image|PngEncoder.php|PHP|10|0|4
449|./src/_00/output/PHP/Intervention~image/src/Encoders/TiffEncoder.php|Intervention|image|TiffEncoder.php|PHP|10|0|4
450|./src/_00/output/PHP/Intervention~image/src/Encoders/WebpEncoder.php|Intervention|image|WebpEncoder.php|PHP|10|0|4
451|./src/_00/output/PHP/Intervention~image/src/Modifiers/BlendTransparencyModifier.php|Intervention|image|BlendTransparencyModifier.php|PHP|10|0|4
452|./src/_00/output/PHP/Intervention~image/src/Modifiers/BlurModifier.php|Intervention|image|BlurModifier.php|PHP|10|0|4
453|./src/_00/output/PHP/Intervention~image/src/Modifiers/BrightnessModifier.php|Intervention|image|BrightnessModifier.php|PHP|10|0|4
454|./src/_00/output/PHP/Intervention~image/src/Modifiers/ContrastModifier.php|Intervention|image|ContrastModifier.php|PHP|10|0|4
455|./src/_00/output/PHP/Intervention~image/src/Modifiers/GammaModifier.php|Intervention|image|GammaModifier.php|PHP|10|0|4
456|./src/_00/output/PHP/Intervention~image/src/Modifiers/PixelateModifier.php|Intervention|image|PixelateModifier.php|PHP|10|0|4
457|./src/_00/output/PHP/Intervention~image/src/Modifiers/ResizeModifier.php|Intervention|image|ResizeModifier.php|PHP|10|0|4
458|./src/_00/output/PHP/Intervention~image/src/Modifiers/ResolutionModifier.php|Intervention|image|ResolutionModifier.php|PHP|10|0|4
459|./src/_00/output/PHP/Intervention~image/src/Modifiers/SharpenModifier.php|Intervention|image|SharpenModifier.php|PHP|10|0|4
460|./src/_00/output/PHP/Intervention~image/src/Modifiers/SliceAnimationModifier.php|Intervention|image|SliceAnimationModifier.php|PHP|10|0|4
461|./src/_00/output/PHP/Intervention~image/src/Modifiers/TrimModifier.php|Intervention|image|TrimModifier.php|PHP|10|0|4
462|./src/_00/output/PHP/Intervention~image/src/Drivers/Specializable.php|Intervention|image|Specializable.php|PHP|9|0|4
463|./src/_00/output/PHP/Intervention~image/src/Drivers/SpecializableEncoder.php|Intervention|image|SpecializableEncoder.php|PHP|9|0|4
464|./src/_00/output/PHP/Intervention~image/src/Interfaces/ColorProcessorInterface.php|Intervention|image|ColorProcessorInterface.php|PHP|9|14|5
465|./src/_00/output/PHP/Intervention~image/src/Interfaces/EncodedImageInterface.php|Intervention|image|EncodedImageInterface.php|PHP|9|15|5
466|./src/_00/output/PHP/Intervention~image/src/Interfaces/PointInterface.php|Intervention|image|PointInterface.php|PHP|9|17|5
467|./src/_00/output/PHP/Intervention~image/src/Interfaces/SpecializableInterface.php|Intervention|image|SpecializableInterface.php|PHP|9|17|5
468|./src/_00/output/PHP/Intervention~image/src/Colors/Profile.php|Intervention|image|Profile.php|PHP|8|0|4
469|./src/_00/output/PHP/Intervention~image/src/Interfaces/AnalyzerInterface.php|Intervention|image|AnalyzerInterface.php|PHP|8|7|4
470|./src/_00/output/PHP/Intervention~image/src/Interfaces/ColorspaceInterface.php|Intervention|image|ColorspaceInterface.php|PHP|8|12|4
471|./src/_00/output/PHP/Intervention~image/src/Interfaces/DecoderInterface.php|Intervention|image|DecoderInterface.php|PHP|8|7|4
472|./src/_00/output/PHP/Intervention~image/src/Interfaces/EncoderInterface.php|Intervention|image|EncoderInterface.php|PHP|8|7|4
473|./src/_00/output/PHP/Intervention~image/src/Interfaces/InputHandlerInterface.php|Intervention|image|InputHandlerInterface.php|PHP|8|7|4
474|./src/_00/output/PHP/Intervention~image/src/Interfaces/ModifierInterface.php|Intervention|image|ModifierInterface.php|PHP|8|7|4
475|./src/_00/output/PHP/Intervention~image/src/Analyzers/ColorspaceAnalyzer.php|Intervention|image|ColorspaceAnalyzer.php|PHP|7|0|4
476|./src/_00/output/PHP/Intervention~image/src/Analyzers/HeightAnalyzer.php|Intervention|image|HeightAnalyzer.php|PHP|7|0|4
477|./src/_00/output/PHP/Intervention~image/src/Analyzers/ProfileAnalyzer.php|Intervention|image|ProfileAnalyzer.php|PHP|7|0|4
478|./src/_00/output/PHP/Intervention~image/src/Analyzers/ResolutionAnalyzer.php|Intervention|image|ResolutionAnalyzer.php|PHP|7|0|4
479|./src/_00/output/PHP/Intervention~image/src/Analyzers/WidthAnalyzer.php|Intervention|image|WidthAnalyzer.php|PHP|7|0|4
480|./src/_00/output/PHP/Intervention~image/src/Decoders/Base64ImageDecoder.php|Intervention|image|Base64ImageDecoder.php|PHP|7|0|4
481|./src/_00/output/PHP/Intervention~image/src/Decoders/BinaryImageDecoder.php|Intervention|image|BinaryImageDecoder.php|PHP|7|0|4
482|./src/_00/output/PHP/Intervention~image/src/Decoders/DataUriImageDecoder.php|Intervention|image|DataUriImageDecoder.php|PHP|7|0|4
483|./src/_00/output/PHP/Intervention~image/src/Decoders/FilePathImageDecoder.php|Intervention|image|FilePathImageDecoder.php|PHP|7|0|4
484|./src/_00/output/PHP/Intervention~image/src/Decoders/FilePointerImageDecoder.php|Intervention|image|FilePointerImageDecoder.php|PHP|7|0|4
485|./src/_00/output/PHP/Intervention~image/src/Decoders/ImageObjectDecoder.php|Intervention|image|ImageObjectDecoder.php|PHP|7|0|4
486|./src/_00/output/PHP/Intervention~image/src/Decoders/NativeObjectDecoder.php|Intervention|image|NativeObjectDecoder.php|PHP|7|0|4
487|./src/_00/output/PHP/Intervention~image/src/Decoders/SplFileInfoImageDecoder.php|Intervention|image|SplFileInfoImageDecoder.php|PHP|7|0|4
488|./src/_00/output/PHP/Intervention~image/src/Interfaces/ProfileInterface.php|Intervention|image|ProfileInterface.php|PHP|7|0|3
489|./src/_00/output/PHP/Intervention~image/src/Modifiers/AlignRotationModifier.php|Intervention|image|AlignRotationModifier.php|PHP|7|0|4
490|./src/_00/output/PHP/Intervention~image/src/Modifiers/FlipModifier.php|Intervention|image|FlipModifier.php|PHP|7|0|4
491|./src/_00/output/PHP/Intervention~image/src/Modifiers/FlopModifier.php|Intervention|image|FlopModifier.php|PHP|7|0|4
492|./src/_00/output/PHP/Intervention~image/src/Modifiers/GreyscaleModifier.php|Intervention|image|GreyscaleModifier.php|PHP|7|0|4
493|./src/_00/output/PHP/Intervention~image/src/Modifiers/InvertModifier.php|Intervention|image|InvertModifier.php|PHP|7|0|4
494|./src/_00/output/PHP/Intervention~image/src/Modifiers/ProfileRemovalModifier.php|Intervention|image|ProfileRemovalModifier.php|PHP|7|0|4
495|./src/_00/output/PHP/Intervention~image/src/Colors/Cmyk/Channels/Key.php|Intervention|image|Key.php|PHP|6|0|3
496|./src/_00/output/PHP/Intervention~image/src/Colors/Cmyk/Channels/Magenta.php|Intervention|image|Magenta.php|PHP|6|0|3
497|./src/_00/output/PHP/Intervention~image/src/Colors/Cmyk/Channels/Yellow.php|Intervention|image|Yellow.php|PHP|6|0|3
498|./src/_00/output/PHP/Intervention~image/src/Colors/Rgb/Channels/Blue.php|Intervention|image|Blue.php|PHP|6|0|3
499|./src/_00/output/PHP/Intervention~image/src/Colors/Rgb/Channels/Green.php|Intervention|image|Green.php|PHP|6|0|3
500|./src/_00/output/PHP/Intervention~image/src/Drivers/Gd/Modifiers/PadModifier.php|Intervention|image|PadModifier.php|PHP|6|0|3
501|./src/_00/output/PHP/Intervention~image/src/Drivers/Imagick/Modifiers/PadModifier.php|Intervention|image|PadModifier.php|PHP|6|0|3
502|./src/_00/output/PHP/Intervention~image/src/Exceptions/AnimationException.php|Intervention|image|AnimationException.php|PHP|6|0|3
503|./src/_00/output/PHP/Intervention~image/src/Exceptions/ColorException.php|Intervention|image|ColorException.php|PHP|6|0|3
504|./src/_00/output/PHP/Intervention~image/src/Exceptions/DecoderException.php|Intervention|image|DecoderException.php|PHP|6|0|3
505|./src/_00/output/PHP/Intervention~image/src/Exceptions/DriverException.php|Intervention|image|DriverException.php|PHP|6|0|3
506|./src/_00/output/PHP/Intervention~image/src/Exceptions/EncoderException.php|Intervention|image|EncoderException.php|PHP|6|0|3
507|./src/_00/output/PHP/Intervention~image/src/Exceptions/FontException.php|Intervention|image|FontException.php|PHP|6|0|3
508|./src/_00/output/PHP/Intervention~image/src/Exceptions/GeometryException.php|Intervention|image|GeometryException.php|PHP|6|0|3
509|./src/_00/output/PHP/Intervention~image/src/Exceptions/InputException.php|Intervention|image|InputException.php|PHP|6|0|3
510|./src/_00/output/PHP/Intervention~image/src/Exceptions/NotSupportedException.php|Intervention|image|NotSupportedException.php|PHP|6|0|3
511|./src/_00/output/PHP/Intervention~image/src/Exceptions/NotWritableException.php|Intervention|image|NotWritableException.php|PHP|6|0|3
512|./src/_00/output/PHP/Intervention~image/src/Exceptions/RuntimeException.php|Intervention|image|RuntimeException.php|PHP|6|0|3
513|./src/_00/output/PHP/Intervention~image/src/Interfaces/SpecializedInterface.php|Intervention|image|SpecializedInterface.php|PHP|6|0|3
514|./src/_00/output/PHP/Intervention~image/src/Modifiers/CoverDownModifier.php|Intervention|image|CoverDownModifier.php|PHP|6|0|3
515|./src/_00/output/PHP/Intervention~image/src/Modifiers/ResizeCanvasRelativeModifier.php|Intervention|image|ResizeCanvasRelativeModifier.php|PHP|6|0|3
516|./src/_00/output/PHP/Intervention~image/src/Modifiers/ResizeDownModifier.php|Intervention|image|ResizeDownModifier.php|PHP|6|0|3
517|./src/_00/output/PHP/Intervention~image/src/Modifiers/ScaleDownModifier.php|Intervention|image|ScaleDownModifier.php|PHP|6|0|3
518|./src/_00/output/PHP/Intervention~image/src/Modifiers/ScaleModifier.php|Intervention|image|ScaleModifier.php|PHP|6|0|3
519|./src/_00/output/PHP/Intervention~image/.github/FUNDING.yml|Intervention|image|FUNDING.yml|YAML|2|0|0
