Unnamed: 0|path|owner|project|file|language|code|comment|blank
0|./src/_00/output/Haskell/koalaman~shellcheck/src/ShellCheck/Analytics.hs|koalaman|shellcheck|Analytics.hs|Haskell|4432|136|535
1|./src/_00/output/Haskell/koalaman~shellcheck/src/ShellCheck/Parser.hs|koalaman|shellcheck|Parser.hs|Haskell|3122|97|422
2|./src/_00/output/Haskell/koalaman~shellcheck/src/ShellCheck/Checks/Commands.hs|koalaman|shellcheck|Commands.hs|Haskell|1232|53|188
3|./src/_00/output/Haskell/koalaman~shellcheck/src/ShellCheck/CFGAnalysis.hs|koalaman|shellcheck|CFGAnalysis.hs|Haskell|1035|219|185
4|./src/_00/output/Haskell/koalaman~shellcheck/src/ShellCheck/CFG.hs|koalaman|shellcheck|CFG.hs|Haskell|993|118|202
5|./src/_00/output/Haskell/koalaman~shellcheck/src/ShellCheck/AnalyzerLib.hs|koalaman|shellcheck|AnalyzerLib.hs|Haskell|703|95|134
6|./src/_00/output/Haskell/koalaman~shellcheck/src/ShellCheck/ASTLib.hs|koalaman|shellcheck|ASTLib.hs|Haskell|686|121|113
7|./src/_00/output/Haskell/koalaman~shellcheck/src/ShellCheck/Checks/ShellSupport.hs|koalaman|shellcheck|ShellSupport.hs|Haskell|565|27|49
8|./src/_00/output/Haskell/koalaman~shellcheck/shellcheck.hs|koalaman|shellcheck|shellcheck.hs|Haskell|540|23|72
9|./src/_00/output/Haskell/koalaman~shellcheck/src/ShellCheck/Checker.hs|koalaman|shellcheck|Checker.hs|Haskell|449|22|93
10|./src/_00/output/Haskell/koalaman~shellcheck/CHANGELOG.md|koalaman|shellcheck|CHANGELOG.md|Markdown|448|0|89
11|./src/_00/output/Haskell/koalaman~shellcheck/README.md|koalaman|shellcheck|README.md|Markdown|387|0|170
12|./src/_00/output/Haskell/koalaman~shellcheck/src/ShellCheck/Fixer.hs|koalaman|shellcheck|Fixer.hs|Haskell|287|68|57
13|./src/_00/output/Haskell/koalaman~shellcheck/shellcheck.1.md|koalaman|shellcheck|shellcheck.1.md|Markdown|278|0|128
14|./src/_00/output/Haskell/koalaman~shellcheck/src/ShellCheck/Interface.hs|koalaman|shellcheck|Interface.hs|Haskell|263|35|43
15|./src/_00/output/Haskell/koalaman~shellcheck/doc/shellcheck_logo.svg|koalaman|shellcheck|shellcheck_logo.svg|SVG|262|0|32
16|./src/_00/output/Haskell/koalaman~shellcheck/src/ShellCheck/AST.hs|koalaman|shellcheck|AST.hs|Haskell|255|16|17
17|./src/_00/output/Haskell/koalaman~shellcheck/src/ShellCheck/Formatter/Diff.hs|koalaman|shellcheck|Diff.hs|Haskell|189|24|41
18|./src/_00/output/Haskell/koalaman~shellcheck/src/ShellCheck/Debug.hs|koalaman|shellcheck|Debug.hs|Haskell|183|60|70
19|./src/_00/output/Haskell/koalaman~shellcheck/src/ShellCheck/Formatter/TTY.hs|koalaman|shellcheck|TTY.hs|Haskell|151|24|22
20|./src/_00/output/Haskell/koalaman~shellcheck/src/ShellCheck/Data.hs|koalaman|shellcheck|Data.hs|Haskell|125|16|31
21|./src/_00/output/Haskell/koalaman~shellcheck/.github/workflows/build.yml|koalaman|shellcheck|build.yml|YAML|114|1|21
22|./src/_00/output/Haskell/koalaman~shellcheck/src/ShellCheck/Formatter/JSON1.hs|koalaman|shellcheck|JSON1.hs|Haskell|97|15|16
23|./src/_00/output/Haskell/koalaman~shellcheck/src/ShellCheck/Formatter/JSON.hs|koalaman|shellcheck|JSON.hs|Haskell|82|15|14
24|./src/_00/output/Haskell/koalaman~shellcheck/.multi_arch_docker|koalaman|shellcheck|.multi_arch_docker|Bourne Again Shell|70|9|9
25|./src/_00/output/Haskell/koalaman~shellcheck/test/check_release|koalaman|shellcheck|check_release|Bourne Again Shell|64|1|14
26|./src/_00/output/Haskell/koalaman~shellcheck/test/distrotest|koalaman|shellcheck|distrotest|Bourne Again Shell|64|5|15
27|./src/_00/output/Haskell/koalaman~shellcheck/src/ShellCheck/Formatter/CheckStyle.hs|koalaman|shellcheck|CheckStyle.hs|Haskell|63|15|17
28|./src/_00/output/Haskell/koalaman~shellcheck/src/ShellCheck/Checks/ControlFlow.hs|koalaman|shellcheck|ControlFlow.hs|Haskell|59|20|22
29|./src/_00/output/Haskell/koalaman~shellcheck/striptests|koalaman|shellcheck|striptests|Bourne Again Shell|57|6|15
30|./src/_00/output/Haskell/koalaman~shellcheck/src/ShellCheck/Formatter/Format.hs|koalaman|shellcheck|Format.hs|Haskell|53|17|12
31|./src/_00/output/Haskell/koalaman~shellcheck/src/ShellCheck/Regex.hs|koalaman|shellcheck|Regex.hs|Haskell|44|23|13
32|./src/_00/output/Haskell/koalaman~shellcheck/snap/snapcraft.yaml|koalaman|shellcheck|snapcraft.yaml|YAML|43|2|11
33|./src/_00/output/Haskell/koalaman~shellcheck/src/ShellCheck/Formatter/GCC.hs|koalaman|shellcheck|GCC.hs|Haskell|39|15|11
34|./src/_00/output/Haskell/koalaman~shellcheck/test/shellcheck.hs|koalaman|shellcheck|shellcheck.hs|Haskell|39|0|2
35|./src/_00/output/Haskell/koalaman~shellcheck/.prepare_deploy|koalaman|shellcheck|.prepare_deploy|Bourne Again Shell|38|1|15
36|./src/_00/output/Haskell/koalaman~shellcheck/test/buildtest|koalaman|shellcheck|buildtest|Bourne Again Shell|36|5|10
37|./src/_00/output/Haskell/koalaman~shellcheck/src/ShellCheck/Analyzer.hs|koalaman|shellcheck|Analyzer.hs|Haskell|30|16|9
38|./src/_00/output/Haskell/koalaman~shellcheck/build/linux.armv6hf/Dockerfile|koalaman|shellcheck|Dockerfile|Dockerfile|26|27|7
39|./src/_00/output/Haskell/koalaman~shellcheck/build/run_builder|koalaman|shellcheck|run_builder|Bourne Again Shell|25|0|5
40|./src/_00/output/Haskell/koalaman~shellcheck/.github_deploy|koalaman|shellcheck|.github_deploy|Bourne Again Shell|23|1|4
41|./src/_00/output/Haskell/koalaman~shellcheck/build/darwin.aarch64/Dockerfile|koalaman|shellcheck|Dockerfile|Dockerfile|23|8|9
42|./src/_00/output/Haskell/koalaman~shellcheck/build/linux.aarch64/Dockerfile|koalaman|shellcheck|Dockerfile|Dockerfile|21|9|10
43|./src/_00/output/Haskell/koalaman~shellcheck/Dockerfile.multi-arch|koalaman|shellcheck|Dockerfile.multi-arch|Dockerfile|20|4|2
44|./src/_00/output/Haskell/koalaman~shellcheck/build/darwin.x86_64/Dockerfile|koalaman|shellcheck|Dockerfile|Dockerfile|20|6|7
45|./src/_00/output/Haskell/koalaman~shellcheck/build/windows.x86_64/build|koalaman|shellcheck|build|Bourne Shell|18|0|1
46|./src/_00/output/Haskell/koalaman~shellcheck/quicktest|koalaman|shellcheck|quicktest|Bourne Again Shell|18|3|3
47|./src/_00/output/Haskell/koalaman~shellcheck/test/stacktest|koalaman|shellcheck|stacktest|Bourne Again Shell|18|4|6
48|./src/_00/output/Haskell/koalaman~shellcheck/build/windows.x86_64/Dockerfile|koalaman|shellcheck|Dockerfile|Dockerfile|16|5|6
49|./src/_00/output/Haskell/koalaman~shellcheck/src/ShellCheck/Prelude.hs|koalaman|shellcheck|Prelude.hs|Haskell|16|21|14
50|./src/_00/output/Haskell/koalaman~shellcheck/.github/ISSUE_TEMPLATE.md|koalaman|shellcheck|ISSUE_TEMPLATE.md|Markdown|15|0|12
51|./src/_00/output/Haskell/koalaman~shellcheck/build/linux.aarch64/build|koalaman|shellcheck|build|Bourne Shell|15|0|0
52|./src/_00/output/Haskell/koalaman~shellcheck/build/linux.armv6hf/build|koalaman|shellcheck|build|Bourne Shell|15|1|0
53|./src/_00/output/Haskell/koalaman~shellcheck/build/linux.x86_64/build|koalaman|shellcheck|build|Bourne Shell|15|0|0
54|./src/_00/output/Haskell/koalaman~shellcheck/build/darwin.aarch64/build|koalaman|shellcheck|build|Bourne Shell|14|3|0
55|./src/_00/output/Haskell/koalaman~shellcheck/build/darwin.x86_64/build|koalaman|shellcheck|build|Bourne Shell|14|0|0
56|./src/_00/output/Haskell/koalaman~shellcheck/src/ShellCheck/Formatter/Quiet.hs|koalaman|shellcheck|Quiet.hs|Haskell|14|15|7
57|./src/_00/output/Haskell/koalaman~shellcheck/src/ShellCheck/Checks/Custom.hs|koalaman|shellcheck|Custom.hs|Haskell|12|4|5
58|./src/_00/output/Haskell/koalaman~shellcheck/build/build_builder|koalaman|shellcheck|build_builder|Bourne Shell|11|0|1
59|./src/_00/output/Haskell/koalaman~shellcheck/nextnumber|koalaman|shellcheck|nextnumber|Bourne Again Shell|11|1|1
60|./src/_00/output/Haskell/koalaman~shellcheck/build/README.md|koalaman|shellcheck|README.md|Markdown|9|0|4
61|./src/_00/output/Haskell/koalaman~shellcheck/quickrun|koalaman|shellcheck|quickrun|Bourne Again Shell|9|2|2
62|./src/_00/output/Haskell/koalaman~shellcheck/build/linux.x86_64/Dockerfile|koalaman|shellcheck|Dockerfile|Dockerfile|8|10|6
63|./src/_00/output/Haskell/koalaman~shellcheck/setgitversion|koalaman|shellcheck|setgitversion|Bourne Shell|7|3|1
64|./src/_00/output/Haskell/koalaman~shellcheck/.github/dependabot.yml|koalaman|shellcheck|dependabot.yml|YAML|6|0|1
65|./src/_00/output/Haskell/koalaman~shellcheck/stack.yaml|koalaman|shellcheck|stack.yaml|YAML|6|20|9
66|./src/_00/output/Haskell/koalaman~shellcheck/manpage|koalaman|shellcheck|manpage|Bourne Shell|4|0|0
