Unnamed: 0|path|owner|project|file|language|code|comment|blank
0|./src/_00/output/Haskell/PostgREST~postgrest/test/io/big_schema.sql|PostgREST|postgrest|big_schema.sql|SQL|7553|68|3769
1|./src/_00/output/Haskell/PostgREST~postgrest/test/spec/fixtures/schema.sql|PostgREST|postgrest|schema.sql|SQL|2590|464|742
2|./src/_00/output/Haskell/PostgREST~postgrest/test/spec/fixtures/openapi.json|PostgREST|postgrest|openapi.json|JSON|1607|0|0
3|./src/_00/output/Haskell/PostgREST~postgrest/test/spec/Feature/Query/RpcSpec.hs|PostgREST|postgrest|RpcSpec.hs|Haskell|1317|12|159
4|./src/_00/output/Haskell/PostgREST~postgrest/test/spec/Feature/Query/QuerySpec.hs|PostgREST|postgrest|QuerySpec.hs|Haskell|1229|7|180
5|./src/_00/output/Haskell/PostgREST~postgrest/test/io/__snapshots__/test_cli/test_schema_cache_snapshot[dbTimezones].yaml|PostgREST|postgrest|test_schema_cache_snapshot[dbTimezones].yaml|YAML|1194|0|0
6|./src/_00/output/Haskell/PostgREST~postgrest/src/PostgREST/SchemaCache.hs|PostgREST|postgrest|SchemaCache.hs|Haskell|1066|121|65
7|./src/_00/output/Haskell/PostgREST~postgrest/test/io/test_io.py|PostgREST|postgrest|test_io.py|Python|1066|103|412
8|./src/_00/output/Haskell/PostgREST~postgrest/test/load/bulk.json|PostgREST|postgrest|bulk.json|JSON|1001|0|0
9|./src/_00/output/Haskell/PostgREST~postgrest/test/spec/Feature/OpenApi/OpenApiSpec.hs|PostgREST|postgrest|OpenApiSpec.hs|Haskell|877|0|196
10|./src/_00/output/Haskell/PostgREST~postgrest/CHANGELOG.md|PostgREST|postgrest|CHANGELOG.md|Markdown|820|0|217
11|./src/_00/output/Haskell/PostgREST~postgrest/test/spec/Feature/Query/InsertSpec.hs|PostgREST|postgrest|InsertSpec.hs|Haskell|814|13|85
12|./src/_00/output/Haskell/PostgREST~postgrest/src/PostgREST/Plan.hs|PostgREST|postgrest|Plan.hs|Haskell|750|216|87
13|./src/_00/output/Haskell/PostgREST~postgrest/test/spec/Feature/Query/UpdateSpec.hs|PostgREST|postgrest|UpdateSpec.hs|Haskell|742|6|70
14|./src/_00/output/Haskell/PostgREST~postgrest/test/spec/fixtures/data.sql|PostgREST|postgrest|data.sql|SQL|598|90|205
15|./src/_00/output/Haskell/PostgREST~postgrest/docs/references/configuration.rst|PostgREST|postgrest|configuration.rst|reStructuredText|537|89|274
16|./src/_00/output/Haskell/PostgREST~postgrest/test/spec/Feature/Query/EmbedDisambiguationSpec.hs|PostgREST|postgrest|EmbedDisambiguationSpec.hs|Haskell|530|7|46
17|./src/_00/output/Haskell/PostgREST~postgrest/src/PostgREST/Error.hs|PostgREST|postgrest|Error.hs|Haskell|515|94|89
18|./src/_00/output/Haskell/PostgREST~postgrest/test/io/__snapshots__/test_cli/test_schema_cache_snapshot[dbRoutines].yaml|PostgREST|postgrest|test_schema_cache_snapshot[dbRoutines].yaml|YAML|492|0|26
19|./src/_00/output/Haskell/PostgREST~postgrest/src/PostgREST/Query/SqlFragment.hs|PostgREST|postgrest|SqlFragment.hs|Haskell|455|45|75
20|./src/_00/output/Haskell/PostgREST~postgrest/src/PostgREST/Config.hs|PostgREST|postgrest|Config.hs|Haskell|438|84|54
21|./src/_00/output/Haskell/PostgREST~postgrest/test/spec/Feature/Query/RangeSpec.hs|PostgREST|postgrest|RangeSpec.hs|Haskell|426|0|50
22|./src/_00/output/Haskell/PostgREST~postgrest/test/spec/Feature/Query/UpsertSpec.hs|PostgREST|postgrest|UpsertSpec.hs|Haskell|417|12|54
23|./src/_00/output/Haskell/PostgREST~postgrest/src/PostgREST/ApiRequest/QueryParams.hs|PostgREST|postgrest|QueryParams.hs|Haskell|416|373|73
24|./src/_00/output/Haskell/PostgREST~postgrest/src/PostgREST/Response/OpenAPI.hs|PostgREST|postgrest|OpenAPI.hs|Haskell|405|16|35
25|./src/_00/output/Haskell/PostgREST~postgrest/src/PostgREST/AppState.hs|PostgREST|postgrest|AppState.hs|Haskell|401|64|59
26|./src/_00/output/Haskell/PostgREST~postgrest/test/spec/Feature/Query/RelatedQueriesSpec.hs|PostgREST|postgrest|RelatedQueriesSpec.hs|Haskell|358|2|20
27|./src/_00/output/Haskell/PostgREST~postgrest/test/spec/Feature/Query/PlanSpec.hs|PostgREST|postgrest|PlanSpec.hs|Haskell|356|1|117
28|./src/_00/output/Haskell/PostgREST~postgrest/test/spec/Feature/Query/EmbedInnerJoinSpec.hs|PostgREST|postgrest|EmbedInnerJoinSpec.hs|Haskell|353|2|23
29|./src/_00/output/Haskell/PostgREST~postgrest/test/spec/Feature/Query/MultipleSchemaSpec.hs|PostgREST|postgrest|MultipleSchemaSpec.hs|Haskell|343|0|48
30|./src/_00/output/Haskell/PostgREST~postgrest/nix/tools/withTools.nix|PostgREST|postgrest|withTools.nix|Nix|328|19|53
31|./src/_00/output/Haskell/PostgREST~postgrest/nix/tools/devTools.nix|PostgREST|postgrest|devTools.nix|Nix|319|35|40
32|./src/_00/output/Haskell/PostgREST~postgrest/test/spec/Feature/Query/CustomMediaSpec.hs|PostgREST|postgrest|CustomMediaSpec.hs|Haskell|319|10|48
33|./src/_00/output/Haskell/PostgREST~postgrest/.github/workflows/ci.yaml|PostgREST|postgrest|ci.yaml|YAML|314|8|40
34|./src/_00/output/Haskell/PostgREST~postgrest/nix/hsie/Main.hs|PostgREST|postgrest|Main.hs|Haskell|288|28|44
35|./src/_00/output/Haskell/PostgREST~postgrest/test/spec/Feature/Query/JsonOperatorSpec.hs|PostgREST|postgrest|JsonOperatorSpec.hs|Haskell|287|2|41
36|./src/_00/output/Haskell/PostgREST~postgrest/test/spec/SpecHelper.hs|PostgREST|postgrest|SpecHelper.hs|Haskell|284|14|63
37|./src/_00/output/Haskell/PostgREST~postgrest/nix/README.md|PostgREST|postgrest|README.md|Markdown|280|0|113
38|./src/_00/output/Haskell/PostgREST~postgrest/test/spec/Feature/Query/LimitedMutationSpec.hs|PostgREST|postgrest|LimitedMutationSpec.hs|Haskell|275|0|30
39|./src/_00/output/Haskell/PostgREST~postgrest/src/PostgREST/Query.hs|PostgREST|postgrest|Query.hs|Haskell|271|16|29
40|./src/_00/output/Haskell/PostgREST~postgrest/test/spec/Feature/Query/SingularSpec.hs|PostgREST|postgrest|SingularSpec.hs|Haskell|269|11|41
41|./src/_00/output/Haskell/PostgREST~postgrest/docs/references/errors.rst|PostgREST|postgrest|errors.rst|reStructuredText|266|82|81
42|./src/_00/output/Haskell/PostgREST~postgrest/src/PostgREST/ApiRequest.hs|PostgREST|postgrest|ApiRequest.hs|Haskell|265|38|34
43|./src/_00/output/Haskell/PostgREST~postgrest/test/spec/Feature/Query/AndOrParamsSpec.hs|PostgREST|postgrest|AndOrParamsSpec.hs|Haskell|243|0|21
44|./src/_00/output/Haskell/PostgREST~postgrest/src/PostgREST/Response.hs|PostgREST|postgrest|Response.hs|Haskell|235|6|46
45|./src/_00/output/Haskell/PostgREST~postgrest/test/spec/fixtures/jsonschema.sql|PostgREST|postgrest|jsonschema.sql|SQL|227|18|35
46|./src/_00/output/Haskell/PostgREST~postgrest/src/PostgREST/Query/QueryBuilder.hs|PostgREST|postgrest|QueryBuilder.hs|Haskell|226|26|27
47|./src/_00/output/Haskell/PostgREST~postgrest/test/spec/Feature/RollbackSpec.hs|PostgREST|postgrest|RollbackSpec.hs|Haskell|225|7|33
48|./src/_00/output/Haskell/PostgREST~postgrest/src/PostgREST/ApiRequest/Types.hs|PostgREST|postgrest|Types.hs|Haskell|217|27|30
49|./src/_00/output/Haskell/PostgREST~postgrest/test/spec/Feature/Query/PostGISSpec.hs|PostgREST|postgrest|PostGISSpec.hs|Haskell|215|0|17
50|./src/_00/output/Haskell/PostgREST~postgrest/nix/tools/tests.nix|PostgREST|postgrest|tests.nix|Nix|210|14|22
51|./src/_00/output/Haskell/PostgREST~postgrest/test/spec/Main.hs|PostgREST|postgrest|Main.hs|Haskell|208|30|49
52|./src/_00/output/Haskell/PostgREST~postgrest/src/PostgREST/CLI.hs|PostgREST|postgrest|CLI.hs|Haskell|207|6|20
53|./src/_00/output/Haskell/PostgREST~postgrest/test/spec/Feature/Query/ComputedRelsSpec.hs|PostgREST|postgrest|ComputedRelsSpec.hs|Haskell|189|10|21
54|./src/_00/output/Haskell/PostgREST~postgrest/test/io/test_cli.py|PostgREST|postgrest|test_cli.py|Python|188|20|63
55|./src/_00/output/Haskell/PostgREST~postgrest/test/io/fixtures.sql|PostgREST|postgrest|fixtures.sql|SQL|182|0|46
56|./src/_00/output/Haskell/PostgREST~postgrest/nix/tools/docs.nix|PostgREST|postgrest|docs.nix|Nix|181|6|22
57|./src/_00/output/Haskell/PostgREST~postgrest/.github/workflows/build.yaml|PostgREST|postgrest|build.yaml|YAML|178|8|17
58|./src/_00/output/Haskell/PostgREST~postgrest/test/io/postgrest.py|PostgREST|postgrest|postgrest.py|Python|169|4|47
59|./src/_00/output/Haskell/PostgREST~postgrest/src/PostgREST/Config/Database.hs|PostgREST|postgrest|Database.hs|Haskell|168|12|24
60|./src/_00/output/Haskell/PostgREST~postgrest/test/spec/Feature/Query/PreferencesSpec.hs|PostgREST|postgrest|PreferencesSpec.hs|Haskell|168|0|25
61|./src/_00/output/Haskell/PostgREST~postgrest/test/io/fixtures.yaml|PostgREST|postgrest|fixtures.yaml|YAML|164|10|5
62|./src/_00/output/Haskell/PostgREST~postgrest/test/spec/Feature/Query/AggregateFunctionsSpec.hs|PostgREST|postgrest|AggregateFunctionsSpec.hs|Haskell|160|0|8
63|./src/_00/output/Haskell/PostgREST~postgrest/docs/references/api/tables_views.rst|PostgREST|postgrest|tables_views.rst|reStructuredText|157|314|263
64|./src/_00/output/Haskell/PostgREST~postgrest/src/PostgREST/ApiRequest/Preferences.hs|PostgREST|postgrest|Preferences.hs|Haskell|153|117|34
65|./src/_00/output/Haskell/PostgREST~postgrest/test/spec/Feature/Auth/AuthSpec.hs|PostgREST|postgrest|AuthSpec.hs|Haskell|153|1|25
66|./src/_00/output/Haskell/PostgREST~postgrest/docs/references/api/resource_embedding.rst|PostgREST|postgrest|resource_embedding.rst|reStructuredText|151|567|329
67|./src/_00/output/Haskell/PostgREST~postgrest/test/spec/fixtures/draft04.json|PostgREST|postgrest|draft04.json|JSON|151|0|0
68|./src/_00/output/Haskell/PostgREST~postgrest/nix/tools/loadtest.nix|PostgREST|postgrest|loadtest.nix|Nix|148|10|27
69|./src/_00/output/Haskell/PostgREST~postgrest/src/PostgREST/Query/Statements.hs|PostgREST|postgrest|Statements.hs|Haskell|143|18|25
70|./src/_00/output/Haskell/PostgREST~postgrest/src/PostgREST/Observation.hs|PostgREST|postgrest|Observation.hs|Haskell|137|4|8
71|./src/_00/output/Haskell/PostgREST~postgrest/src/PostgREST/App.hs|PostgREST|postgrest|App.hs|Haskell|136|15|32
72|./src/_00/output/Haskell/PostgREST~postgrest/test/spec/Feature/Query/DeleteSpec.hs|PostgREST|postgrest|DeleteSpec.hs|Haskell|130|0|16
73|./src/_00/output/Haskell/PostgREST~postgrest/README.md|PostgREST|postgrest|README.md|Markdown|129|0|35
74|./src/_00/output/Haskell/PostgREST~postgrest/src/PostgREST/MediaType.hs|PostgREST|postgrest|MediaType.hs|Haskell|128|44|14
75|./src/_00/output/Haskell/PostgREST~postgrest/src/PostgREST/SchemaCache/Routine.hs|PostgREST|postgrest|Routine.hs|Haskell|123|9|22
76|./src/_00/output/Haskell/PostgREST~postgrest/src/PostgREST/Auth.hs|PostgREST|postgrest|Auth.hs|Haskell|120|20|28
77|./src/_00/output/Haskell/PostgREST~postgrest/.github/workflows/test.yaml|PostgREST|postgrest|test.yaml|YAML|118|5|15
78|./src/_00/output/Haskell/PostgREST~postgrest/docs/_static/css/custom.css|PostgREST|postgrest|custom.css|CSS|115|1|35
79|./src/_00/output/Haskell/PostgREST~postgrest/.github/actions/artifact-from-cirrus/action.yaml|PostgREST|postgrest|action.yaml|YAML|112|4|3
80|./src/_00/output/Haskell/PostgREST~postgrest/test/spec/Feature/Query/NullsStripSpec.hs|PostgREST|postgrest|NullsStripSpec.hs|Haskell|111|0|15
81|./src/_00/output/Haskell/PostgREST~postgrest/test/spec/Feature/Query/QueryLimitedSpec.hs|PostgREST|postgrest|QueryLimitedSpec.hs|Haskell|108|0|15
82|./src/_00/output/Haskell/PostgREST~postgrest/default.nix|PostgREST|postgrest|default.nix|Nix|106|24|30
83|./src/_00/output/Haskell/PostgREST~postgrest/test/spec/Feature/Query/SpreadQueriesSpec.hs|PostgREST|postgrest|SpreadQueriesSpec.hs|Haskell|106|0|8
84|./src/_00/output/Haskell/PostgREST~postgrest/test/memory/memory-tests.sh|PostgREST|postgrest|memory-tests.sh|Bourne Shell|104|2|17
85|./src/_00/output/Haskell/PostgREST~postgrest/test/io/__snapshots__/test_cli/test_schema_cache_snapshot[dbTables].yaml|PostgREST|postgrest|test_schema_cache_snapshot[dbTables].yaml|YAML|101|0|4
86|./src/_00/output/Haskell/PostgREST~postgrest/nix/overlays/checked-shell-script/checked-shell-script.nix|PostgREST|postgrest|checked-shell-script.nix|Nix|99|21|24
87|./src/_00/output/Haskell/PostgREST~postgrest/test/spec/Feature/Query/ServerTimingSpec.hs|PostgREST|postgrest|ServerTimingSpec.hs|Haskell|99|0|12
88|./src/_00/output/Haskell/PostgREST~postgrest/test/io/db_config.sql|PostgREST|postgrest|db_config.sql|SQL|98|10|12
89|./src/_00/output/Haskell/PostgREST~postgrest/test/spec/Feature/OptionsSpec.hs|PostgREST|postgrest|OptionsSpec.hs|Haskell|97|0|19
90|./src/_00/output/Haskell/PostgREST~postgrest/CODE_OF_CONDUCT.md|PostgREST|postgrest|CODE_OF_CONDUCT.md|Markdown|96|0|36
91|./src/_00/output/Haskell/PostgREST~postgrest/nix/tools/release/default.nix|PostgREST|postgrest|default.nix|Nix|95|5|16
92|./src/_00/output/Haskell/PostgREST~postgrest/src/PostgREST/RangeQuery.hs|PostgREST|postgrest|RangeQuery.hs|Haskell|93|9|19
93|./src/_00/output/Haskell/PostgREST~postgrest/BACKERS.md|PostgREST|postgrest|BACKERS.md|Markdown|92|0|10
94|./src/_00/output/Haskell/PostgREST~postgrest/docs/references/observability.rst|PostgREST|postgrest|observability.rst|reStructuredText|90|134|109
95|./src/_00/output/Haskell/PostgREST~postgrest/docs/index.rst|PostgREST|postgrest|index.rst|reStructuredText|88|100|89
96|./src/_00/output/Haskell/PostgREST~postgrest/test/spec/Feature/RpcPreRequestGucsSpec.hs|PostgREST|postgrest|RpcPreRequestGucsSpec.hs|Haskell|86|0|10
97|./src/_00/output/Haskell/PostgREST~postgrest/src/PostgREST/Logger.hs|PostgREST|postgrest|Logger.hs|Haskell|85|6|12
98|./src/_00/output/Haskell/PostgREST~postgrest/nix/tools/docker/README.md|PostgREST|postgrest|README.md|Markdown|84|0|26
99|./src/_00/output/Haskell/PostgREST~postgrest/src/PostgREST/Plan/Types.hs|PostgREST|postgrest|Types.hs|Haskell|81|12|13
100|./src/_00/output/Haskell/PostgREST~postgrest/nix/tools/cabalTools.nix|PostgREST|postgrest|cabalTools.nix|Nix|79|2|4
101|./src/_00/output/Haskell/PostgREST~postgrest/docs/references/transactions.rst|PostgREST|postgrest|transactions.rst|reStructuredText|75|156|133
102|./src/_00/output/Haskell/PostgREST~postgrest/src/PostgREST/Listener.hs|PostgREST|postgrest|Listener.hs|Haskell|72|9|20
103|./src/_00/output/Haskell/PostgREST~postgrest/test/io/config.py|PostgREST|postgrest|config.py|Python|71|2|16
104|./src/_00/output/Haskell/PostgREST~postgrest/docs/how-tos/working-with-postgresql-data-types.rst|PostgREST|postgrest|working-with-postgresql-data-types.rst|reStructuredText|70|370|171
105|./src/_00/output/Haskell/PostgREST~postgrest/test/spec/Feature/Query/ErrorSpec.hs|PostgREST|postgrest|ErrorSpec.hs|Haskell|69|0|12
106|./src/_00/output/Haskell/PostgREST~postgrest/src/PostgREST/Admin.hs|PostgREST|postgrest|Admin.hs|Haskell|67|3|13
107|./src/_00/output/Haskell/PostgREST~postgrest/docs/how-tos/providing-html-content-using-htmx.rst|PostgREST|postgrest|providing-html-content-using-htmx.rst|reStructuredText|66|185|75
108|./src/_00/output/Haskell/PostgREST~postgrest/nix/tools/style.nix|PostgREST|postgrest|style.nix|Nix|64|6|10
109|./src/_00/output/Haskell/PostgREST~postgrest/docker-hub-readme.md|PostgREST|postgrest|docker-hub-readme.md|Markdown|62|0|10
110|./src/_00/output/Haskell/PostgREST~postgrest/nix/static.nix|PostgREST|postgrest|static.nix|Nix|61|20|10
111|./src/_00/output/Haskell/PostgREST~postgrest/test/spec/Feature/CorsSpec.hs|PostgREST|postgrest|CorsSpec.hs|Haskell|61|0|8
112|./src/_00/output/Haskell/PostgREST~postgrest/.github/workflows/docs.yaml|PostgREST|postgrest|docs.yaml|YAML|59|1|7
113|./src/_00/output/Haskell/PostgREST~postgrest/test/spec/Feature/OpenApi/IgnorePrivOpenApiSpec.hs|PostgREST|postgrest|IgnorePrivOpenApiSpec.hs|Haskell|59|0|23
114|./src/_00/output/Haskell/PostgREST~postgrest/docs/ecosystem.rst|PostgREST|postgrest|ecosystem.rst|reStructuredText|58|8|31
115|./src/_00/output/Haskell/PostgREST~postgrest/docs/references/api/aggregate_functions.rst|PostgREST|postgrest|aggregate_functions.rst|reStructuredText|58|143|87
116|./src/_00/output/Haskell/PostgREST~postgrest/docs/how-tos/sql-user-management-using-postgres-users-and-passwords.rst|PostgREST|postgrest|sql-user-management-using-postgres-users-and-passwords.rst|reStructuredText|57|153|102
117|./src/_00/output/Haskell/PostgREST~postgrest/docs/references/api/functions.rst|PostgREST|postgrest|functions.rst|reStructuredText|57|143|144
118|./src/_00/output/Haskell/PostgREST~postgrest/nix/UPGRADE.md|PostgREST|postgrest|UPGRADE.md|Markdown|57|0|25
119|./src/_00/output/Haskell/PostgREST~postgrest/docs/conf.py|PostgREST|postgrest|conf.py|Python|56|186|80
120|./src/_00/output/Haskell/PostgREST~postgrest/docs/tutorials/tut0.rst|PostgREST|postgrest|tut0.rst|reStructuredText|55|120|99
121|./src/_00/output/Haskell/PostgREST~postgrest/test/spec/Feature/ExtraSearchPathSpec.hs|PostgREST|postgrest|ExtraSearchPathSpec.hs|Haskell|55|0|12
122|./src/_00/output/Haskell/PostgREST~postgrest/test/spec/Feature/Query/PgSafeUpdateSpec.hs|PostgREST|postgrest|PgSafeUpdateSpec.hs|Haskell|55|0|9
123|./src/_00/output/Haskell/PostgREST~postgrest/test/spec/fixtures/jwt.sql|PostgREST|postgrest|jwt.sql|SQL|55|1|11
124|./src/_00/output/Haskell/PostgREST~postgrest/docs/explanations/install.rst|PostgREST|postgrest|install.rst|reStructuredText|53|85|76
125|./src/_00/output/Haskell/PostgREST~postgrest/docs/references/auth.rst|PostgREST|postgrest|auth.rst|reStructuredText|53|65|82
126|./src/_00/output/Haskell/PostgREST~postgrest/src/PostgREST/SchemaCache/Relationship.hs|PostgREST|postgrest|Relationship.hs|Haskell|53|9|11
127|./src/_00/output/Haskell/PostgREST~postgrest/test/spec/fixtures/privileges.sql|PostgREST|postgrest|privileges.sql|SQL|53|3|11
128|./src/_00/output/Haskell/PostgREST~postgrest/src/PostgREST/Config/PgVersion.hs|PostgREST|postgrest|PgVersion.hs|Haskell|51|1|17
129|./src/_00/output/Haskell/PostgREST~postgrest/docs/tutorials/tut1.rst|PostgREST|postgrest|tut1.rst|reStructuredText|50|120|91
130|./src/_00/output/Haskell/PostgREST~postgrest/src/PostgREST/Config/Proxy.hs|PostgREST|postgrest|Proxy.hs|Haskell|50|12|15
131|./src/_00/output/Haskell/PostgREST~postgrest/.github/scripts/arm/build.sh|PostgREST|postgrest|build.sh|Bourne Shell|49|7|16
132|./src/_00/output/Haskell/PostgREST~postgrest/shell.nix|PostgREST|postgrest|shell.nix|Nix|49|8|7
133|./src/_00/output/Haskell/PostgREST~postgrest/docs/explanations/architecture.rst|PostgREST|postgrest|architecture.rst|reStructuredText|48|1|32
134|./src/_00/output/Haskell/PostgREST~postgrest/src/PostgREST/Metrics.hs|PostgREST|postgrest|Metrics.hs|Haskell|48|0|8
135|./src/_00/output/Haskell/PostgREST~postgrest/test/io/test_big_schema.py|PostgREST|postgrest|test_big_schema.py|Python|48|5|17
136|./src/_00/output/Haskell/PostgREST~postgrest/docs/references/api/preferences.rst|PostgREST|postgrest|preferences.rst|reStructuredText|47|115|92
137|./src/_00/output/Haskell/PostgREST~postgrest/src/PostgREST/Plan/CallPlan.hs|PostgREST|postgrest|CallPlan.hs|Haskell|47|3|7
138|./src/_00/output/Haskell/PostgREST~postgrest/nix/hsie/README.md|PostgREST|postgrest|README.md|Markdown|46|0|21
139|./src/_00/output/Haskell/PostgREST~postgrest/src/PostgREST/SchemaCache/Table.hs|PostgREST|postgrest|Table.hs|Haskell|46|2|10
140|./src/_00/output/Haskell/PostgREST~postgrest/docs/explanations/db_authz.rst|PostgREST|postgrest|db_authz.rst|reStructuredText|45|76|77
141|./src/_00/output/Haskell/PostgREST~postgrest/nix/libpq.nix|PostgREST|postgrest|libpq.nix|Nix|45|9|11
142|./src/_00/output/Haskell/PostgREST~postgrest/nix/tools/memory.nix|PostgREST|postgrest|memory.nix|Nix|45|4|2
143|./src/_00/output/Haskell/PostgREST~postgrest/src/PostgREST/Unix.hs|PostgREST|postgrest|Unix.hs|Haskell|45|3|5
144|./src/_00/output/Haskell/PostgREST~postgrest/docs/_diagrams/db.tex|PostgREST|postgrest|db.tex|TeX|44|18|9
145|./src/_00/output/Haskell/PostgREST~postgrest/nix/tools/nixpkgsTools.nix|PostgREST|postgrest|nixpkgsTools.nix|Nix|44|6|7
146|./src/_00/output/Haskell/PostgREST~postgrest/test/spec/Feature/ConcurrentSpec.hs|PostgREST|postgrest|ConcurrentSpec.hs|Haskell|44|0|8
147|./src/_00/output/Haskell/PostgREST~postgrest/docs/references/api/resource_representation.rst|PostgREST|postgrest|resource_representation.rst|reStructuredText|43|48|56
148|./src/_00/output/Haskell/PostgREST~postgrest/docs/references/api/pagination_count.rst|PostgREST|postgrest|pagination_count.rst|reStructuredText|42|46|56
149|./src/_00/output/Haskell/PostgREST~postgrest/src/PostgREST/Plan/ReadPlan.hs|PostgREST|postgrest|ReadPlan.hs|Haskell|42|1|7
150|./src/_00/output/Haskell/PostgREST~postgrest/src/PostgREST/Plan/MutatePlan.hs|PostgREST|postgrest|MutatePlan.hs|Haskell|41|0|5
151|./src/_00/output/Haskell/PostgREST~postgrest/test/io/configs/no-defaults-env.yaml|PostgREST|postgrest|no-defaults-env.yaml|YAML|41|0|0
152|./src/_00/output/Haskell/PostgREST~postgrest/nix/tools/docker/default.nix|PostgREST|postgrest|default.nix|Nix|40|2|5
153|./src/_00/output/Haskell/PostgREST~postgrest/.github/CONTRIBUTING.md|PostgREST|postgrest|CONTRIBUTING.md|Markdown|39|0|16
154|./src/_00/output/Haskell/PostgREST~postgrest/docs/references/api/media_type_handlers.rst|PostgREST|postgrest|media_type_handlers.rst|reStructuredText|39|171|108
155|./src/_00/output/Haskell/PostgREST~postgrest/nix/docs-extensions/sphinx-rtd-dark-mode.nix|PostgREST|postgrest|sphinx-rtd-dark-mode.nix|Nix|39|0|7
156|./src/_00/output/Haskell/PostgREST~postgrest/nix/overlays/haskell-packages.nix|PostgREST|postgrest|haskell-packages.nix|Nix|39|40|7
157|./src/_00/output/Haskell/PostgREST~postgrest/src/PostgREST/SchemaCache/Identifiers.hs|PostgREST|postgrest|Identifiers.hs|Haskell|39|4|11
158|./src/_00/output/Haskell/PostgREST~postgrest/docs/references/connection_pool.rst|PostgREST|postgrest|connection_pool.rst|reStructuredText|38|30|41
159|./src/_00/output/Haskell/PostgREST~postgrest/.github/workflows/report.yaml|PostgREST|postgrest|report.yaml|YAML|37|0|2
160|./src/_00/output/Haskell/PostgREST~postgrest/test/io/util.py|PostgREST|postgrest|util.py|Python|37|6|16
161|./src/_00/output/Haskell/PostgREST~postgrest/nix/hsie/default.nix|PostgREST|postgrest|default.nix|Nix|36|0|0
162|./src/_00/output/Haskell/PostgREST~postgrest/nix/overlays/postgresql-legacy.nix|PostgREST|postgrest|postgresql-legacy.nix|Nix|36|11|2
163|./src/_00/output/Haskell/PostgREST~postgrest/src/PostgREST/Cors.hs|PostgREST|postgrest|Cors.hs|Haskell|36|7|8
164|./src/_00/output/Haskell/PostgREST~postgrest/.cirrus.yml|PostgREST|postgrest|.cirrus.yml|YAML|35|1|6
165|./src/_00/output/Haskell/PostgREST~postgrest/docs/how-tos/sql-user-management.rst|PostgREST|postgrest|sql-user-management.rst|reStructuredText|35|114|57
166|./src/_00/output/Haskell/PostgREST~postgrest/src/PostgREST/Config/JSPath.hs|PostgREST|postgrest|JSPath.hs|Haskell|35|4|12
167|./src/_00/output/Haskell/PostgREST~postgrest/test/spec/Feature/OpenApi/SecurityOpenApiSpec.hs|PostgREST|postgrest|SecurityOpenApiSpec.hs|Haskell|34|0|10
168|./src/_00/output/Haskell/PostgREST~postgrest/.github/actions/cache-on-main/action.yaml|PostgREST|postgrest|action.yaml|YAML|32|0|3
169|./src/_00/output/Haskell/PostgREST~postgrest/test/load/fixtures.sql|PostgREST|postgrest|fixtures.sql|SQL|32|3|5
170|./src/_00/output/Haskell/PostgREST~postgrest/docs/how-tos/providing-images-for-img.rst|PostgREST|postgrest|providing-images-for-img.rst|reStructuredText|31|52|41
171|./src/_00/output/Haskell/PostgREST~postgrest/docs/references/api/domain_representations.rst|PostgREST|postgrest|domain_representations.rst|reStructuredText|31|78|67
172|./src/_00/output/Haskell/PostgREST~postgrest/src/PostgREST/Response/Performance.hs|PostgREST|postgrest|Performance.hs|Haskell|31|6|2
173|./src/_00/output/Haskell/PostgREST~postgrest/test/spec/Feature/Query/UnicodeSpec.hs|PostgREST|postgrest|UnicodeSpec.hs|Haskell|31|0|7
174|./src/_00/output/Haskell/PostgREST~postgrest/docs/references/api/schemas.rst|PostgREST|postgrest|schemas.rst|reStructuredText|30|53|48
175|./src/_00/output/Haskell/PostgREST~postgrest/.github/scripts/arm/docker-publish.sh|PostgREST|postgrest|docker-publish.sh|Bourne Shell|29|10|11
176|./src/_00/output/Haskell/PostgREST~postgrest/docs/how-tos/create-soap-endpoint.rst|PostgREST|postgrest|create-soap-endpoint.rst|reStructuredText|29|138|34
177|./src/_00/output/Haskell/PostgREST~postgrest/.github/workflows/check.yaml|PostgREST|postgrest|check.yaml|YAML|28|1|3
178|./src/_00/output/Haskell/PostgREST~postgrest/nix/overlays/postgis.nix|PostgREST|postgrest|postgis.nix|Nix|28|0|0
179|./src/_00/output/Haskell/PostgREST~postgrest/src/PostgREST/Version.hs|PostgREST|postgrest|Version.hs|Haskell|28|7|9
180|./src/_00/output/Haskell/PostgREST~postgrest/test/spec/Feature/Auth/NoAnonSpec.hs|PostgREST|postgrest|NoAnonSpec.hs|Haskell|28|1|5
181|./src/_00/output/Haskell/PostgREST~postgrest/test/spec/Feature/ObservabilitySpec.hs|PostgREST|postgrest|ObservabilitySpec.hs|Haskell|28|0|6
182|./src/_00/output/Haskell/PostgREST~postgrest/test/spec/Feature/Query/RawOutputTypesSpec.hs|PostgREST|postgrest|RawOutputTypesSpec.hs|Haskell|28|0|5
183|./src/_00/output/Haskell/PostgREST~postgrest/docs/references/schema_cache.rst|PostgREST|postgrest|schema_cache.rst|reStructuredText|26|88|43
184|./src/_00/output/Haskell/PostgREST~postgrest/test/io/test_sanity.py|PostgREST|postgrest|test_sanity.py|Python|26|0|9
185|./src/_00/output/Haskell/PostgREST~postgrest/test/spec/Feature/OpenApi/RootSpec.hs|PostgREST|postgrest|RootSpec.hs|Haskell|26|0|5
186|./src/_00/output/Haskell/PostgREST~postgrest/.github/renovate.json|PostgREST|postgrest|renovate.json|JSON|25|0|0
187|./src/_00/output/Haskell/PostgREST~postgrest/.stylish-haskell.yaml|PostgREST|postgrest|.stylish-haskell.yaml|YAML|25|182|18
188|./src/_00/output/Haskell/PostgREST~postgrest/docs/_diagrams/README.md|PostgREST|postgrest|README.md|Markdown|25|0|14
189|./src/_00/output/Haskell/PostgREST~postgrest/docs/references/admin_server.rst|PostgREST|postgrest|admin_server.rst|reStructuredText|24|33|36
190|./src/_00/output/Haskell/PostgREST~postgrest/test/spec/Feature/Auth/NoJwtSpec.hs|PostgREST|postgrest|NoJwtSpec.hs|Haskell|24|1|6
191|./src/_00/output/Haskell/PostgREST~postgrest/docs/references/api/url_grammar.rst|PostgREST|postgrest|url_grammar.rst|reStructuredText|23|21|35
192|./src/_00/output/Haskell/PostgREST~postgrest/.github/actions/setup-nix/action.yaml|PostgREST|postgrest|action.yaml|YAML|22|0|3
193|./src/_00/output/Haskell/PostgREST~postgrest/test/doc/Main.hs|PostgREST|postgrest|Main.hs|Haskell|21|0|4
194|./src/_00/output/Haskell/PostgREST~postgrest/docs/explanations/nginx.rst|PostgREST|postgrest|nginx.rst|reStructuredText|20|50|32
195|./src/_00/output/Haskell/PostgREST~postgrest/test/pgbench/1652/new.sql|PostgREST|postgrest|new.sql|SQL|20|0|0
196|./src/_00/output/Haskell/PostgREST~postgrest/.github/PULL_REQUEST_TEMPLATE.md|PostgREST|postgrest|PULL_REQUEST_TEMPLATE.md|Markdown|19|0|1
197|./src/_00/output/Haskell/PostgREST~postgrest/src/PostgREST/Response/GucHeader.hs|PostgREST|postgrest|GucHeader.hs|Haskell|19|4|7
198|./src/_00/output/Haskell/PostgREST~postgrest/test/io/test_replica.py|PostgREST|postgrest|test_replica.py|Python|19|0|9
199|./src/_00/output/Haskell/PostgREST~postgrest/test/spec/Feature/Auth/AudienceJwtSecretSpec.hs|PostgREST|postgrest|AudienceJwtSecretSpec.hs|Haskell|19|16|10
200|./src/_00/output/Haskell/PostgREST~postgrest/docs/references/cli.rst|PostgREST|postgrest|cli.rst|reStructuredText|18|11|22
201|./src/_00/output/Haskell/PostgREST~postgrest/docs/README.md|PostgREST|postgrest|README.md|Markdown|17|0|11
202|./src/_00/output/Haskell/PostgREST~postgrest/test/pgbench/2676/old.sql|PostgREST|postgrest|old.sql|SQL|17|0|0
203|./src/_00/output/Haskell/PostgREST~postgrest/.github/codecov.yml|PostgREST|postgrest|codecov.yml|YAML|16|0|2
204|./src/_00/output/Haskell/PostgREST~postgrest/test/io/__snapshots__/test_cli/test_schema_cache_snapshot[dbMediaHandlers].yaml|PostgREST|postgrest|test_schema_cache_snapshot[dbMediaHandlers].yaml|YAML|16|0|3
205|./src/_00/output/Haskell/PostgREST~postgrest/test/pgbench/2676/new.sql|PostgREST|postgrest|new.sql|SQL|16|0|0
206|./src/_00/output/Haskell/PostgREST~postgrest/test/spec/Feature/NoSuperuserSpec.hs|PostgREST|postgrest|NoSuperuserSpec.hs|Haskell|16|0|4
207|./src/_00/output/Haskell/PostgREST~postgrest/src/PostgREST/SchemaCache/Representations.hs|PostgREST|postgrest|Representations.hs|Haskell|15|8|6
208|./src/_00/output/Haskell/PostgREST~postgrest/test/pgbench/1567/new.sql|PostgREST|postgrest|new.sql|SQL|15|0|0
209|./src/_00/output/Haskell/PostgREST~postgrest/test/pgbench/1652/old.sql|PostgREST|postgrest|old.sql|SQL|15|0|0
210|./src/_00/output/Haskell/PostgREST~postgrest/main/Main.hs|PostgREST|postgrest|Main.hs|Haskell|14|2|5
211|./src/_00/output/Haskell/PostgREST~postgrest/stack-21.7.yaml|PostgREST|postgrest|stack-21.7.yaml|YAML|14|8|2
212|./src/_00/output/Haskell/PostgREST~postgrest/test/io/replica.sql|PostgREST|postgrest|replica.sql|SQL|14|0|7
213|./src/_00/output/Haskell/PostgREST~postgrest/.github/ISSUE_TEMPLATE.md|PostgREST|postgrest|ISSUE_TEMPLATE.md|Markdown|13|0|4
214|./src/_00/output/Haskell/PostgREST~postgrest/nix/overlays/build-toolbox/build-toolbox.nix|PostgREST|postgrest|build-toolbox.nix|Nix|13|1|2
215|./src/_00/output/Haskell/PostgREST~postgrest/nix/overlays/gitignore.nix|PostgREST|postgrest|gitignore.nix|Nix|13|6|1
216|./src/_00/output/Haskell/PostgREST~postgrest/nix/overlays/slocat.nix|PostgREST|postgrest|slocat.nix|Nix|13|0|0
217|./src/_00/output/Haskell/PostgREST~postgrest/test/spec/Feature/Auth/AsymmetricJwtSpec.hs|PostgREST|postgrest|AsymmetricJwtSpec.hs|Haskell|13|1|5
218|./src/_00/output/Haskell/PostgREST~postgrest/test/spec/Feature/Auth/BinaryJwtSecretSpec.hs|PostgREST|postgrest|BinaryJwtSecretSpec.hs|Haskell|13|1|5
219|./src/_00/output/Haskell/PostgREST~postgrest/docs/references/api/computed_fields.rst|PostgREST|postgrest|computed_fields.rst|reStructuredText|12|36|27
220|./src/_00/output/Haskell/PostgREST~postgrest/docs/references/api/openapi.rst|PostgREST|postgrest|openapi.rst|reStructuredText|12|52|34
221|./src/_00/output/Haskell/PostgREST~postgrest/stack.yaml|PostgREST|postgrest|stack.yaml|YAML|12|1|2
222|./src/_00/output/Haskell/PostgREST~postgrest/test/pgbench/1567/old.sql|PostgREST|postgrest|old.sql|SQL|12|0|0
223|./src/_00/output/Haskell/PostgREST~postgrest/test/pgbench/2677/new.sql|PostgREST|postgrest|new.sql|SQL|12|0|0
224|./src/_00/output/Haskell/PostgREST~postgrest/test/spec/Feature/OpenApi/DisabledOpenApiSpec.hs|PostgREST|postgrest|DisabledOpenApiSpec.hs|Haskell|12|0|4
225|./src/_00/output/Haskell/PostgREST~postgrest/docs/integrations/systemd.rst|PostgREST|postgrest|systemd.rst|reStructuredText|11|27|21
226|./src/_00/output/Haskell/PostgREST~postgrest/nix/overlays/default.nix|PostgREST|postgrest|default.nix|Nix|11|0|0
227|./src/_00/output/Haskell/PostgREST~postgrest/.readthedocs.yaml|PostgREST|postgrest|.readthedocs.yaml|YAML|10|0|0
228|./src/_00/output/Haskell/PostgREST~postgrest/test/spec/Feature/OpenApi/ProxySpec.hs|PostgREST|postgrest|ProxySpec.hs|Haskell|10|0|3
229|./src/_00/output/Haskell/PostgREST~postgrest/.github/scripts/arm/docker-env/Dockerfile|PostgREST|postgrest|Dockerfile|Dockerfile|9|3|6
230|./src/_00/output/Haskell/PostgREST~postgrest/docs/integrations/pg-safeupdate.rst|PostgREST|postgrest|pg-safeupdate.rst|reStructuredText|8|9|13
231|./src/_00/output/Haskell/PostgREST~postgrest/docs/references/api/cors.rst|PostgREST|postgrest|cors.rst|reStructuredText|8|17|15
232|./src/_00/output/Haskell/PostgREST~postgrest/test/pgbench/README.md|PostgREST|postgrest|README.md|Markdown|8|0|5
233|./src/_00/output/Haskell/PostgREST~postgrest/test/spec/fixtures/load.sql|PostgREST|postgrest|load.sql|SQL|8|1|2
234|./src/_00/output/Haskell/PostgREST~postgrest/nix/nixpkgs-version.nix|PostgREST|postgrest|nixpkgs-version.nix|Nix|7|1|0
235|./src/_00/output/Haskell/PostgREST~postgrest/test/pgbench/2677/old.sql|PostgREST|postgrest|old.sql|SQL|7|0|0
236|./src/_00/output/Haskell/PostgREST~postgrest/docs/integrations/jwt_gen.rst|PostgREST|postgrest|jwt_gen.rst|reStructuredText|6|1|4
237|./src/_00/output/Haskell/PostgREST~postgrest/docs/references/api/options.rst|PostgREST|postgrest|options.rst|reStructuredText|6|27|13
238|./src/_00/output/Haskell/PostgREST~postgrest/nix/overlays/postgresql-libpq.nix|PostgREST|postgrest|postgresql-libpq.nix|Nix|6|0|0
239|./src/_00/output/Haskell/PostgREST~postgrest/test/spec/fixtures/roles.sql|PostgREST|postgrest|roles.sql|SQL|6|0|1
240|./src/_00/output/Haskell/PostgREST~postgrest/docs/explanations/schema_isolation.rst|PostgREST|postgrest|schema_isolation.rst|reStructuredText|5|5|7
241|./src/_00/output/Haskell/PostgREST~postgrest/test/load/put.json|PostgREST|postgrest|put.json|JSON|5|0|0
242|./src/_00/output/Haskell/PostgREST~postgrest/test/pgbench/fixtures.sql|PostgREST|postgrest|fixtures.sql|SQL|5|0|2
243|./src/_00/output/Haskell/PostgREST~postgrest/test/spec/fixtures/database.sql|PostgREST|postgrest|database.sql|SQL|5|0|1
244|./src/_00/output/Haskell/PostgREST~postgrest/cabal.project|PostgREST|postgrest|cabal.project|XML|4|0|0
245|./src/_00/output/Haskell/PostgREST~postgrest/docs/integrations/greenplum.rst|PostgREST|postgrest|greenplum.rst|reStructuredText|4|0|2
246|./src/_00/output/Haskell/PostgREST~postgrest/nix/overlays/build-toolbox/default.nix|PostgREST|postgrest|default.nix|Nix|4|1|0
247|./src/_00/output/Haskell/PostgREST~postgrest/nix/overlays/checked-shell-script/default.nix|PostgREST|postgrest|default.nix|Nix|4|2|0
248|./src/_00/output/Haskell/PostgREST~postgrest/test/io/configs/invalid.yaml|PostgREST|postgrest|invalid.yaml|YAML|4|0|0
249|./src/_00/output/Haskell/PostgREST~postgrest/test/load/post.json|PostgREST|postgrest|post.json|JSON|4|0|0
250|./src/_00/output/Haskell/PostgREST~postgrest/docs/references/api.rst|PostgREST|postgrest|api.rst|reStructuredText|3|112|9
251|./src/_00/output/Haskell/PostgREST~postgrest/nix/overlays/postgresql-future.nix|PostgREST|postgrest|postgresql-future.nix|Nix|3|16|0
252|./src/_00/output/Haskell/PostgREST~postgrest/test/load/patch.json|PostgREST|postgrest|patch.json|JSON|3|0|0
253|./src/_00/output/Haskell/PostgREST~postgrest/test/load/rpc.json|PostgREST|postgrest|rpc.json|JSON|3|0|0
254|./src/_00/output/Haskell/PostgREST~postgrest/test/spec/fixtures/lines.csv|PostgREST|postgrest|lines.csv|CSV|3|0|0
255|./src/_00/output/Haskell/PostgREST~postgrest/CONTRIBUTING.md|PostgREST|postgrest|CONTRIBUTING.md|Markdown|2|0|1
256|./src/_00/output/Haskell/PostgREST~postgrest/Setup.hs|PostgREST|postgrest|Setup.hs|Haskell|2|1|0
257|./src/_00/output/Haskell/PostgREST~postgrest/test/weeder.toml|PostgREST|postgrest|weeder.toml|TOML|2|0|0
258|./src/_00/output/Haskell/PostgREST~postgrest/.github/FUNDING.yml|PostgREST|postgrest|FUNDING.yml|YAML|1|1|1
259|./src/_00/output/Haskell/PostgREST~postgrest/static/cybertec-dark.svg|PostgREST|postgrest|cybertec-dark.svg|SVG|1|0|0
260|./src/_00/output/Haskell/PostgREST~postgrest/static/cybertec.svg|PostgREST|postgrest|cybertec.svg|SVG|1|0|0
261|./src/_00/output/Haskell/PostgREST~postgrest/test/io/__snapshots__/test_cli/test_schema_cache_snapshot[dbRepresentations].yaml|PostgREST|postgrest|test_schema_cache_snapshot[dbRepresentations].yaml|YAML|1|0|0
262|./src/_00/output/Haskell/PostgREST~postgrest/docs/shared/installation.rst|PostgREST|postgrest|installation.rst|reStructuredText|0|24|22
