Unnamed: 0|path|owner|project|file|language|code|comment|blank
0|./src/_00/output/Dart/alibaba~flutter-go/docs/api.md|alibaba|flutter-go|api.md|Markdown|1325|0|639
1|./src/_00/output/Dart/alibaba~flutter-go/lib/resources/icon_names.dart|alibaba|flutter-go|icon_names.dart|Dart|1109|6|3
2|./src/_00/output/Dart/alibaba~flutter-go/Flutter_Go 代码开发规范.md|alibaba|flutter-go|Flutter_Go 代码开发规范.md|Markdown|484|0|195
3|./src/_00/output/Dart/alibaba~flutter-go/lib/components/search_input.dart|alibaba|flutter-go|search_input.dart|Dart|450|6|58
4|./src/_00/output/Dart/alibaba~flutter-go/lib/views/login_page/login_page.dart|alibaba|flutter-go|login_page.dart|Dart|390|15|16
5|./src/_00/output/Dart/alibaba~flutter-go/CHANGE-LOG.md|alibaba|flutter-go|CHANGE-LOG.md|Markdown|355|0|3
6|./src/_00/output/Dart/alibaba~flutter-go/lib/utils/high_light_code.dart|alibaba|flutter-go|high_light_code.dart|Dart|294|24|50
7|./src/_00/output/Dart/alibaba~flutter-go/lib/utils/syntax_highlighter.dart|alibaba|flutter-go|syntax_highlighter.dart|Dart|294|23|49
8|./src/_00/output/Dart/alibaba~flutter-go/lib/model/widget.dart|alibaba|flutter-go|widget.dart|Dart|291|29|51
9|./src/_00/output/Dart/alibaba~flutter-go/lib/components/flutter_markdown/lib/src/builder.dart|alibaba|flutter-go|builder.dart|Dart|284|38|53
10|./src/_00/output/Dart/alibaba~flutter-go/lib/widgets/themes/Cupertino/CupertinoPicker/demo.dart|alibaba|flutter-go|demo.dart|Dart|273|16|19
11|./src/_00/output/Dart/alibaba~flutter-go/lib/views/first_page/main_app_bar.dart|alibaba|flutter-go|main_app_bar.dart|Dart|254|120|41
12|./src/_00/output/Dart/alibaba~flutter-go/lib/widgets/elements/Media/Canvas/Canvas/demo.dart|alibaba|flutter-go|demo.dart|Dart|246|75|33
13|./src/_00/output/Dart/alibaba~flutter-go/lib/components/flutter_markdown/lib/src/style_sheet.dart|alibaba|flutter-go|style_sheet.dart|Dart|235|34|29
14|./src/_00/output/Dart/alibaba~flutter-go/lib/views/first_page/drawer_page.dart|alibaba|flutter-go|drawer_page.dart|Dart|222|20|14
15|./src/_00/output/Dart/alibaba~flutter-go/lib/page_demo_package/PullToRefresh_chenfeihu_5553db80_52ae_4241_9c8a_5c9e1f92b096/src/index.dart|alibaba|flutter-go|index.dart|Dart|216|0|30
16|./src/_00/output/Dart/alibaba~flutter-go/lib/widgets/components/Panel/ExpansionPanel/demo.dart|alibaba|flutter-go|demo.dart|Dart|212|3|23
17|./src/_00/output/Dart/alibaba~flutter-go/lib/components/widget_demo.dart|alibaba|flutter-go|widget_demo.dart|Dart|208|9|15
18|./src/_00/output/Dart/alibaba~flutter-go/lib/views/standard_demo_page/index.dart|alibaba|flutter-go|index.dart|Dart|208|20|22
19|./src/_00/output/Dart/alibaba~flutter-go/lib/widgets/themes/Material/MaterialColor/demo.dart|alibaba|flutter-go|demo.dart|Dart|203|6|19
20|./src/_00/output/Dart/alibaba~flutter-go/ios/Runner/Assets.xcassets/Launch2.launchimage/Contents.json|alibaba|flutter-go|Contents.json|JSON|201|0|0
21|./src/_00/output/Dart/alibaba~flutter-go/pubspec.yaml|alibaba|flutter-go|pubspec.yaml|YAML|201|44|13
22|./src/_00/output/Dart/alibaba~flutter-go/lib/components/disclaimer_msg.dart|alibaba|flutter-go|disclaimer_msg.dart|Dart|192|19|21
23|./src/_00/output/Dart/alibaba~flutter-go/lib/widgets/elements/Media/Canvas/PainterSketch/demo.dart|alibaba|flutter-go|demo.dart|Dart|189|8|21
24|./src/_00/output/Dart/alibaba~flutter-go/lib/main.dart|alibaba|flutter-go|main.dart|Dart|188|15|20
25|./src/_00/output/Dart/alibaba~flutter-go/lib/resources/widget_name_to_icon.dart|alibaba|flutter-go|widget_name_to_icon.dart|Dart|173|0|1
26|./src/_00/output/Dart/alibaba~flutter-go/lib/views/first_page/search_page.dart|alibaba|flutter-go|search_page.dart|Dart|173|13|13
27|./src/_00/output/Dart/alibaba~flutter-go/lib/utils/data_utils.dart|alibaba|flutter-go|data_utils.dart|Dart|170|18|17
28|./src/_00/output/Dart/alibaba~flutter-go/lib/components/flutter_markdown/lib/src/widget.dart|alibaba|flutter-go|widget.dart|Dart|157|58|32
29|./src/_00/output/Dart/alibaba~flutter-go/lib/views/fourth_page/pages.dart|alibaba|flutter-go|pages.dart|Dart|157|14|9
30|./src/_00/output/Dart/alibaba~flutter-go/lib/widgets/components/Panel/ExpansionPanelList/demo.dart|alibaba|flutter-go|demo.dart|Dart|153|6|19
31|./src/_00/output/Dart/alibaba~flutter-go/lib/views/collection_page/collection_full_page.dart|alibaba|flutter-go|collection_full_page.dart|Dart|143|5|11
32|./src/_00/output/Dart/alibaba~flutter-go/lib/components/home_banner.dart|alibaba|flutter-go|home_banner.dart|Dart|142|10|16
33|./src/_00/output/Dart/alibaba~flutter-go/lib/components/list_refresh.dart|alibaba|flutter-go|list_refresh.dart|Dart|141|30|15
34|./src/_00/output/Dart/alibaba~flutter-go/lib/widgets/themes/Cupertino/CupertinoSliverNavigationBar/demo.dart|alibaba|flutter-go|demo.dart|Dart|140|9|6
35|./src/_00/output/Dart/alibaba~flutter-go/lib/views/issuse_message_page/issuse_message_page.dart|alibaba|flutter-go|issuse_message_page.dart|Dart|137|1|12
36|./src/_00/output/Dart/alibaba~flutter-go/lib/widgets/themes/Cupertino/CupertinoApp/demo.dart|alibaba|flutter-go|demo.dart|Dart|137|33|9
37|./src/_00/output/Dart/alibaba~flutter-go/lib/widgets/components/Scroll/ScrollbarPainter/demo.dart|alibaba|flutter-go|demo.dart|Dart|136|8|16
38|./src/_00/output/Dart/alibaba~flutter-go/lib/views/collection_page/collection_page.dart|alibaba|flutter-go|collection_page.dart|Dart|135|15|14
39|./src/_00/output/Dart/alibaba~flutter-go/lib/widgets/components/Grid/GridView/demo.dart|alibaba|flutter-go|demo.dart|Dart|133|10|7
40|./src/_00/output/Dart/alibaba~flutter-go/lib/widgets/elements/Form/Button/OutlineButton/index.dart|alibaba|flutter-go|index.dart|Dart|133|14|15
41|./src/_00/output/Dart/alibaba~flutter-go/lib/widgets/elements/Form/Button/RaisedButton/index.dart|alibaba|flutter-go|index.dart|Dart|132|14|15
42|./src/_00/output/Dart/alibaba~flutter-go/lib/views/home.dart|alibaba|flutter-go|home.dart|Dart|131|19|22
43|./src/_00/output/Dart/alibaba~flutter-go/lib/views/fourth_page/page_dragger.dart|alibaba|flutter-go|page_dragger.dart|Dart|130|0|30
44|./src/_00/output/Dart/alibaba~flutter-go/lib/widgets/components/List/ListView/demo.dart|alibaba|flutter-go|demo.dart|Dart|130|9|7
45|./src/_00/output/Dart/alibaba~flutter-go/lib/widgets/elements/Media/Canvas/PainterPath/demo.dart|alibaba|flutter-go|demo.dart|Dart|127|39|22
46|./src/_00/output/Dart/alibaba~flutter-go/lib/views/fourth_page/pager_indicator.dart|alibaba|flutter-go|pager_indicator.dart|Dart|125|0|20
47|./src/_00/output/Dart/alibaba~flutter-go/lib/widgets/elements/Frame/Stack/Stack/demo.dart|alibaba|flutter-go|demo.dart|Dart|125|8|9
48|./src/_00/output/Dart/alibaba~flutter-go/lib/widgets/components/Dialog/AlertDialog/demo.dart|alibaba|flutter-go|demo.dart|Dart|124|8|3
49|./src/_00/output/Dart/alibaba~flutter-go/ios/Runner/Assets.xcassets/AppIcon.appiconset/Contents.json|alibaba|flutter-go|Contents.json|JSON|122|0|0
50|./src/_00/output/Dart/alibaba~flutter-go/README-en.md|alibaba|flutter-go|README-en.md|Markdown|121|0|40
51|./src/_00/output/Dart/alibaba~flutter-go/lib/widgets/components/Scroll/NestedScrollView/demo.dart|alibaba|flutter-go|demo.dart|Dart|121|4|8
52|./src/_00/output/Dart/alibaba~flutter-go/lib/widgets/components/Menu/PopupMenuButton/demo.dart|alibaba|flutter-go|demo.dart|Dart|119|4|6
53|./src/_00/output/Dart/alibaba~flutter-go/lib/widgets/themes/Cupertino/index.dart|alibaba|flutter-go|index.dart|Dart|118|0|2
54|./src/_00/output/Dart/alibaba~flutter-go/lib/widgets/components/List/AnimatedList/demo.dart|alibaba|flutter-go|demo.dart|Dart|116|4|14
55|./src/_00/output/Dart/alibaba~flutter-go/lib/widgets/themes/Cupertino/CupertinoNavigationBar/demo.dart|alibaba|flutter-go|demo.dart|Dart|115|13|7
56|./src/_00/output/Dart/alibaba~flutter-go/go-cli/src/build/build_page_list.dart|alibaba|flutter-go|build_page_list.dart|Dart|114|45|26
57|./src/_00/output/Dart/alibaba~flutter-go/lib/views/first_page/main_page.dart|alibaba|flutter-go|main_page.dart|Dart|112|6|13
58|./src/_00/output/Dart/alibaba~flutter-go/lib/widgets/elements/Form/Button/IconButton/index.dart|alibaba|flutter-go|index.dart|Dart|112|13|14
59|./src/_00/output/Dart/alibaba~flutter-go/lib/widgets/elements/Form/Button/DropdownButton/demo.dart|alibaba|flutter-go|demo.dart|Dart|110|21|7
60|./src/_00/output/Dart/alibaba~flutter-go/lib/widgets/elements/Form/Button/FloatingActionButton/index.dart|alibaba|flutter-go|index.dart|Dart|110|13|15
61|./src/_00/output/Dart/alibaba~flutter-go/lib/widgets/elements/Form/Button/RawMaterialButton/index.dart|alibaba|flutter-go|index.dart|Dart|109|14|14
62|./src/_00/output/Dart/alibaba~flutter-go/lib/widgets/elements/Form/CheckBox/CheckboxListTile/demo.dart|alibaba|flutter-go|demo.dart|Dart|109|10|7
63|./src/_00/output/Dart/alibaba~flutter-go/lib/views/welcome_page/fourth_page.dart|alibaba|flutter-go|fourth_page.dart|Dart|108|1|14
64|./src/_00/output/Dart/alibaba~flutter-go/lib/widgets/components/Dialog/Dialog/demo.dart|alibaba|flutter-go|demo.dart|Dart|108|10|7
65|./src/_00/output/Dart/alibaba~flutter-go/lib/views/first_page/first_page.dart|alibaba|flutter-go|first_page.dart|Dart|106|21|14
66|./src/_00/output/Dart/alibaba~flutter-go/lib/components/widget_item_container.dart|alibaba|flutter-go|widget_item_container.dart|Dart|104|7|13
67|./src/_00/output/Dart/alibaba~flutter-go/lib/views/first_page/sub_page.dart|alibaba|flutter-go|sub_page.dart|Dart|104|7|13
68|./src/_00/output/Dart/alibaba~flutter-go/lib/widgets/elements/Form/Button/PopupMenuButton/demo.dart|alibaba|flutter-go|demo.dart|Dart|104|22|9
69|./src/_00/output/Dart/alibaba~flutter-go/lib/widgets/elements/Frame/Layout/Row/demo.dart|alibaba|flutter-go|demo.dart|Dart|101|22|11
70|./src/_00/output/Dart/alibaba~flutter-go/lib/components/cate_card.dart|alibaba|flutter-go|cate_card.dart|Dart|100|2|6
71|./src/_00/output/Dart/alibaba~flutter-go/lib/widgets/components/Bar/AppBar/demo.dart|alibaba|flutter-go|demo.dart|Dart|100|17|12
72|./src/_00/output/Dart/alibaba~flutter-go/go-cli/src/command/create_demo.dart|alibaba|flutter-go|create_demo.dart|Dart|99|12|24
73|./src/_00/output/Dart/alibaba~flutter-go/go-cli/src/command/create_page.dart|alibaba|flutter-go|create_page.dart|Dart|98|3|23
74|./src/_00/output/Dart/alibaba~flutter-go/lib/widgets/components/Menu/DropdownMenuItem/demo.dart|alibaba|flutter-go|demo.dart|Dart|98|4|4
75|./src/_00/output/Dart/alibaba~flutter-go/lib/widgets/elements/Form/Button/FlatButton/index.dart|alibaba|flutter-go|index.dart|Dart|97|16|11
76|./src/_00/output/Dart/alibaba~flutter-go/lib/widgets/themes/Material/MaterialPageRoute/demo.dart|alibaba|flutter-go|demo.dart|Dart|94|0|9
77|./src/_00/output/Dart/alibaba~flutter-go/lib/widgets/elements/Frame/Stack/IndexedStack/index.dart|alibaba|flutter-go|index.dart|Dart|93|6|9
78|./src/_00/output/Dart/alibaba~flutter-go/lib/utils/shared_preferences.dart|alibaba|flutter-go|shared_preferences.dart|Dart|92|2|24
79|./src/_00/output/Dart/alibaba~flutter-go/lib/widgets/components/Scroll/BoxScrollView/demo.dart|alibaba|flutter-go|demo.dart|Dart|92|6|6
80|./src/_00/output/Dart/alibaba~flutter-go/lib/widgets/components/Grid/GridTile/demo.dart|alibaba|flutter-go|demo.dart|Dart|91|6|3
81|./src/_00/output/Dart/alibaba~flutter-go/ios/Runner.xcodeproj/xcshareddata/xcschemes/Runner.xcscheme|alibaba|flutter-go|Runner.xcscheme|XML|90|0|0
82|./src/_00/output/Dart/alibaba~flutter-go/lib/widgets/elements/Frame/Box/FittedBox/index.dart|alibaba|flutter-go|index.dart|Dart|90|6|8
83|./src/_00/output/Dart/alibaba~flutter-go/lib/widgets/elements/Frame/Layout/Row/index.dart|alibaba|flutter-go|index.dart|Dart|90|7|12
84|./src/_00/output/Dart/alibaba~flutter-go/lib/widgets/components/Grid/GridTileBar/demo.dart|alibaba|flutter-go|demo.dart|Dart|89|6|3
85|./src/_00/output/Dart/alibaba~flutter-go/lib/widgets/elements/Frame/Align/Align/index.dart|alibaba|flutter-go|index.dart|Dart|89|0|8
86|./src/_00/output/Dart/alibaba~flutter-go/lib/components/widget_item.dart|alibaba|flutter-go|widget_item.dart|Dart|88|3|7
87|./src/_00/output/Dart/alibaba~flutter-go/lib/widgets/components/Grid/GridPaper/demo.dart|alibaba|flutter-go|demo.dart|Dart|88|6|3
88|./src/_00/output/Dart/alibaba~flutter-go/lib/widgets/elements/Media/Canvas/CircleProgressBarPainter/demo.dart|alibaba|flutter-go|demo.dart|Dart|86|6|13
89|./src/_00/output/Dart/alibaba~flutter-go/lib/components/full_screen_code_dialog.dart|alibaba|flutter-go|full_screen_code_dialog.dart|Dart|85|4|11
90|./src/_00/output/Dart/alibaba~flutter-go/lib/utils/util.dart|alibaba|flutter-go|util.dart|Dart|85|0|5
91|./src/_00/output/Dart/alibaba~flutter-go/lib/widgets/elements/Frame/Box/OverflowBox/index.dart|alibaba|flutter-go|index.dart|Dart|85|7|8
92|./src/_00/output/Dart/alibaba~flutter-go/lib/widgets/elements/Frame/Box/DecoratedBox/demo.dart|alibaba|flutter-go|demo.dart|Dart|83|13|10
93|./src/_00/output/Dart/alibaba~flutter-go/lib/widgets/elements/Frame/Expanded/Expanded/expanded_demo.dart|alibaba|flutter-go|expanded_demo.dart|Dart|83|4|2
94|./src/_00/output/Dart/alibaba~flutter-go/lib/widgets/elements/Media/Canvas/Canvas/index.dart|alibaba|flutter-go|index.dart|Dart|83|0|13
95|./src/_00/output/Dart/alibaba~flutter-go/lib/widgets/themes/Cupertino/CupertinoTabView/demo.dart|alibaba|flutter-go|demo.dart|Dart|83|6|5
96|./src/_00/output/Dart/alibaba~flutter-go/lib/utils/sql.dart|alibaba|flutter-go|sql.dart|Dart|82|8|15
97|./src/_00/output/Dart/alibaba~flutter-go/lib/widgets/elements/Frame/Stack/Stack/index.dart|alibaba|flutter-go|index.dart|Dart|82|1|9
98|./src/_00/output/Dart/alibaba~flutter-go/lib/widgets/elements/Frame/Box/SizedOverflowBox/index.dart|alibaba|flutter-go|index.dart|Dart|81|15|10
99|./src/_00/output/Dart/alibaba~flutter-go/lib/widgets/elements/Form/Button/FlatButton/demo.dart|alibaba|flutter-go|demo.dart|Dart|80|32|13
100|./src/_00/output/Dart/alibaba~flutter-go/lib/widgets/elements/Form/Button/RaisedButton/demo.dart|alibaba|flutter-go|demo.dart|Dart|80|32|11
101|./src/_00/output/Dart/alibaba~flutter-go/lib/components/loading.dart|alibaba|flutter-go|loading.dart|Dart|79|9|6
102|./src/_00/output/Dart/alibaba~flutter-go/lib/widgets/components/Bar/SliverAppBar/demo.dart|alibaba|flutter-go|demo.dart|Dart|79|41|11
103|./src/_00/output/Dart/alibaba~flutter-go/go-cli/src/command/watch_md.dart|alibaba|flutter-go|watch_md.dart|Dart|76|9|12
104|./src/_00/output/Dart/alibaba~flutter-go/lib/components/pagination.dart|alibaba|flutter-go|pagination.dart|Dart|76|6|9
105|./src/_00/output/Dart/alibaba~flutter-go/lib/widgets/elements/Form/Button/OutlineButton/demo.dart|alibaba|flutter-go|demo.dart|Dart|76|31|12
106|./src/_00/output/Dart/alibaba~flutter-go/lib/widgets/elements/Media/Image/AssetImage/index.dart|alibaba|flutter-go|index.dart|Dart|76|4|17
107|./src/_00/output/Dart/alibaba~flutter-go/lib/widgets/elements/Media/Image/index.dart|alibaba|flutter-go|index.dart|Dart|76|4|3
108|./src/_00/output/Dart/alibaba~flutter-go/android/app/build.gradle|alibaba|flutter-go|build.gradle|Gradle|75|16|21
109|./src/_00/output/Dart/alibaba~flutter-go/lib/standard_pages/index.dart|alibaba|flutter-go|index.dart|Dart|75|0|2
110|./src/_00/output/Dart/alibaba~flutter-go/lib/model/search_history.dart|alibaba|flutter-go|search_history.dart|Dart|74|10|16
111|./src/_00/output/Dart/alibaba~flutter-go/lib/widgets/elements/Form/Button/FloatingActionButton/demo.dart|alibaba|flutter-go|demo.dart|Dart|74|24|10
112|./src/_00/output/Dart/alibaba~flutter-go/go-cli/src/build/build_demo_list.dart|alibaba|flutter-go|build_demo_list.dart|Dart|73|9|12
113|./src/_00/output/Dart/alibaba~flutter-go/ios/Runner/Info.plist|alibaba|flutter-go|Info.plist|XML|73|0|0
114|./src/_00/output/Dart/alibaba~flutter-go/lib/widgets/elements/Form/Slider/Slider/demo.dart|alibaba|flutter-go|demo.dart|Dart|73|17|5
115|./src/_00/output/Dart/alibaba~flutter-go/lib/components/category.dart|alibaba|flutter-go|category.dart|Dart|71|6|17
116|./src/_00/output/Dart/alibaba~flutter-go/lib/routers/router_handler.dart|alibaba|flutter-go|router_handler.dart|Dart|71|1|12
117|./src/_00/output/Dart/alibaba~flutter-go/lib/widgets/components/Bar/ButtonBar/demo.dart|alibaba|flutter-go|demo.dart|Dart|71|12|7
118|./src/_00/output/Dart/alibaba~flutter-go/lib/widgets/components/Chip/Chip/demo.dart|alibaba|flutter-go|demo.dart|Dart|70|15|5
119|./src/_00/output/Dart/alibaba~flutter-go/lib/widgets/components/Scroll/ScrollPhysics/demo.dart|alibaba|flutter-go|demo.dart|Dart|70|5|7
120|./src/_00/output/Dart/alibaba~flutter-go/lib/widgets/elements/Frame/Box/LimitedBox/demo.dart|alibaba|flutter-go|demo.dart|Dart|70|0|2
121|./src/_00/output/Dart/alibaba~flutter-go/lib/widgets/themes/Cupertino/CupertinoPageRoute/demo.dart|alibaba|flutter-go|demo.dart|Dart|70|11|5
122|./src/_00/output/Dart/alibaba~flutter-go/lib/widgets/themes/Cupertino/CupertinoTabScaffold/demo.dart|alibaba|flutter-go|demo.dart|Dart|70|6|5
123|./src/_00/output/Dart/alibaba~flutter-go/go-cli/Readme.md|alibaba|flutter-go|Readme.md|Markdown|69|0|41
124|./src/_00/output/Dart/alibaba~flutter-go/lib/widgets/elements/Form/Button/PopupMenuButton/index.dart|alibaba|flutter-go|index.dart|Dart|69|7|9
125|./src/_00/output/Dart/alibaba~flutter-go/lib/widgets/elements/Frame/Box/DecoratedBox/index.dart|alibaba|flutter-go|index.dart|Dart|69|5|9
126|./src/_00/output/Dart/alibaba~flutter-go/lib/widgets/components/Scroll/CustomScrollView/demo.dart|alibaba|flutter-go|demo.dart|Dart|67|5|4
127|./src/_00/output/Dart/alibaba~flutter-go/lib/widgets/elements/Frame/Stack/IndexedStack/demo.dart|alibaba|flutter-go|demo.dart|Dart|67|16|7
128|./src/_00/output/Dart/alibaba~flutter-go/lib/widgets/components/List/AnimatedList/index.dart|alibaba|flutter-go|index.dart|Dart|66|18|11
129|./src/_00/output/Dart/alibaba~flutter-go/lib/widgets/components/List/ListView/index.dart|alibaba|flutter-go|index.dart|Dart|66|9|14
130|./src/_00/output/Dart/alibaba~flutter-go/lib/widgets/components/Menu/CheckedPopupMenuItem/demo.dart|alibaba|flutter-go|demo.dart|Dart|66|4|9
131|./src/_00/output/Dart/alibaba~flutter-go/lib/views/web_page/web_view_page.dart|alibaba|flutter-go|web_view_page.dart|Dart|65|7|11
132|./src/_00/output/Dart/alibaba~flutter-go/lib/widgets/elements/Form/CheckBox/Checkbox/index.dart|alibaba|flutter-go|index.dart|Dart|63|8|9
133|./src/_00/output/Dart/alibaba~flutter-go/lib/widgets/elements/Media/Icon/IconThemeData/index.dart|alibaba|flutter-go|index.dart|Dart|63|0|5
134|./src/_00/output/Dart/alibaba~flutter-go/lib/widgets/elements/Frame/Layout/Container/demo.dart|alibaba|flutter-go|demo.dart|Dart|62|6|4
135|./src/_00/output/Dart/alibaba~flutter-go/lib/widgets/elements/Form/Switch/Switch/demo.dart|alibaba|flutter-go|demo.dart|Dart|61|6|7
136|./src/_00/output/Dart/alibaba~flutter-go/lib/widgets/elements/Media/Icon/IconTheme/index.dart|alibaba|flutter-go|index.dart|Dart|61|0|5
137|./src/_00/output/Dart/alibaba~flutter-go/lib/widgets/themes/Cupertino/CupertinoIcons/demo.dart|alibaba|flutter-go|demo.dart|Dart|61|15|9
138|./src/_00/output/Dart/alibaba~flutter-go/lib/widgets/themes/Cupertino/CupertinoScrollbar/demo.dart|alibaba|flutter-go|demo.dart|Dart|61|6|5
139|./src/_00/output/Dart/alibaba~flutter-go/lib/blocs/industry_main.dart|alibaba|flutter-go|industry_main.dart|Dart|60|10|7
140|./src/_00/output/Dart/alibaba~flutter-go/lib/widgets/components/Card/Card/demo.dart|alibaba|flutter-go|demo.dart|Dart|60|16|7
141|./src/_00/output/Dart/alibaba~flutter-go/lib/widgets/elements/Form/Button/IconButton/demo.dart|alibaba|flutter-go|demo.dart|Dart|60|20|11
142|./src/_00/output/Dart/alibaba~flutter-go/lib/standard_pages/PullToRefresh_chenfeihu_cd9b8b80_52ae_4241_9c8a_5c9e1f92b096/index.dart|alibaba|flutter-go|index.dart|Dart|59|2|25
143|./src/_00/output/Dart/alibaba~flutter-go/docs/widget.md|alibaba|flutter-go|widget.md|Markdown|58|0|58
144|./src/_00/output/Dart/alibaba~flutter-go/lib/utils/provider.dart|alibaba|flutter-go|provider.dart|Dart|58|23|11
145|./src/_00/output/Dart/alibaba~flutter-go/lib/widgets/elements/Frame/Box/SizeBox/index.dart|alibaba|flutter-go|index.dart|Dart|58|5|6
146|./src/_00/output/Dart/alibaba~flutter-go/lib/widgets/elements/Frame/Box/index.dart|alibaba|flutter-go|index.dart|Dart|58|0|2
147|./src/_00/output/Dart/alibaba~flutter-go/lib/widgets/elements/Frame/Spacing/SliverPadding/sliverpadding_demo.dart|alibaba|flutter-go|sliverpadding_demo.dart|Dart|58|4|4
148|./src/_00/output/Dart/alibaba~flutter-go/CODE_OF_CONDUCT.md|alibaba|flutter-go|CODE_OF_CONDUCT.md|Markdown|57|0|19
149|./src/_00/output/Dart/alibaba~flutter-go/lib/standard_pages/PullToRefresh_chenfeihu_cd9b8b80_52ae_4241_9c8a_5c9e1f92b096/index.md|alibaba|flutter-go|index.md|Markdown|57|0|25
150|./src/_00/output/Dart/alibaba~flutter-go/lib/widgets/components/Bar/index.dart|alibaba|flutter-go|index.dart|Dart|57|6|3
151|./src/_00/output/Dart/alibaba~flutter-go/tools/parsLog.js|alibaba|flutter-go|parsLog.js|JavaScript|57|5|8
152|./src/_00/output/Dart/alibaba~flutter-go/lib/widgets/elements/Form/Slider/Slider/index.dart|alibaba|flutter-go|index.dart|Dart|56|6|24
153|./src/_00/output/Dart/alibaba~flutter-go/lib/widgets/components/Bar/TabBar/demo.dart|alibaba|flutter-go|demo.dart|Dart|55|11|7
154|./src/_00/output/Dart/alibaba~flutter-go/lib/widgets/themes/Material/MergeableMaterialItem/demo.dart|alibaba|flutter-go|demo.dart|Dart|55|7|7
155|./src/_00/output/Dart/alibaba~flutter-go/lib/blocs/industry_model.dart|alibaba|flutter-go|industry_model.dart|Dart|54|7|11
156|./src/_00/output/Dart/alibaba~flutter-go/lib/widgets/components/Grid/GridView/index.dart|alibaba|flutter-go|index.dart|Dart|54|6|24
157|./src/_00/output/Dart/alibaba~flutter-go/lib/widgets/components/Pick/DayPicker/demo.dart|alibaba|flutter-go|demo.dart|Dart|54|4|8
158|./src/_00/output/Dart/alibaba~flutter-go/lib/widgets/components/Pick/ShowdatePicker/demo.dart|alibaba|flutter-go|demo.dart|Dart|54|4|8
159|./src/_00/output/Dart/alibaba~flutter-go/lib/widgets/elements/Form/CheckBox/Checkbox/demo.dart|alibaba|flutter-go|demo.dart|Dart|54|10|8
160|./src/_00/output/Dart/alibaba~flutter-go/lib/widgets/elements/Form/Slider/SliderTheme/index.dart|alibaba|flutter-go|index.dart|Dart|53|6|14
161|./src/_00/output/Dart/alibaba~flutter-go/lib/widgets/elements/Frame/Box/ConstrainedBox/index.dart|alibaba|flutter-go|index.dart|Dart|53|7|9
162|./src/_00/output/Dart/alibaba~flutter-go/lib/widgets/components/Chip/FilterChip/demo.dart|alibaba|flutter-go|demo.dart|Dart|52|5|6
163|./src/_00/output/Dart/alibaba~flutter-go/lib/widgets/components/List/ListBody/demo.dart|alibaba|flutter-go|demo.dart|Dart|52|10|7
164|./src/_00/output/Dart/alibaba~flutter-go/lib/widgets/components/Scaffold/ScaffoldState/demo.dart|alibaba|flutter-go|demo.dart|Dart|52|19|4
165|./src/_00/output/Dart/alibaba~flutter-go/lib/widgets/components/Scroll/ScrollMetrics/demo.dart|alibaba|flutter-go|demo.dart|Dart|52|7|4
166|./src/_00/output/Dart/alibaba~flutter-go/lib/widgets/components/Scroll/index.dart|alibaba|flutter-go|index.dart|Dart|52|4|3
167|./src/_00/output/Dart/alibaba~flutter-go/lib/widgets/elements/Form/Button/DropdownButton/index.dart|alibaba|flutter-go|index.dart|Dart|52|10|10
168|./src/_00/output/Dart/alibaba~flutter-go/lib/widgets/elements/Form/Button/RawMaterialButton/demo.dart|alibaba|flutter-go|demo.dart|Dart|52|21|10
169|./src/_00/output/Dart/alibaba~flutter-go/lib/widgets/elements/Form/Button/index.dart|alibaba|flutter-go|index.dart|Dart|52|0|2
170|./src/_00/output/Dart/alibaba~flutter-go/lib/widgets/elements/Form/Input/TextField/index.dart|alibaba|flutter-go|index.dart|Dart|52|7|9
171|./src/_00/output/Dart/alibaba~flutter-go/lib/widgets/elements/Frame/Spacing/SliverPadding/product_list.dart|alibaba|flutter-go|product_list.dart|Dart|52|0|2
172|./src/_00/output/Dart/alibaba~flutter-go/lib/widgets/components/Bar/FlexibleSpaceBar/demo.dart|alibaba|flutter-go|demo.dart|Dart|51|15|9
173|./src/_00/output/Dart/alibaba~flutter-go/android/app/src/main/AndroidManifest.xml|alibaba|flutter-go|AndroidManifest.xml|XML|50|9|8
174|./src/_00/output/Dart/alibaba~flutter-go/docs/go-cli.md|alibaba|flutter-go|go-cli.md|Markdown|50|0|31
175|./src/_00/output/Dart/alibaba~flutter-go/go-cli/utils/util.dart|alibaba|flutter-go|util.dart|Dart|50|7|7
176|./src/_00/output/Dart/alibaba~flutter-go/lib/widgets/components/Tab/Tab/demo.dart|alibaba|flutter-go|demo.dart|Dart|50|4|8
177|./src/_00/output/Dart/alibaba~flutter-go/lib/widgets/elements/Form/Slider/SliderThemeData/demo.dart|alibaba|flutter-go|demo.dart|Dart|50|9|3
178|./src/_00/output/Dart/alibaba~flutter-go/lib/widgets/elements/Frame/Align/Align/demo.dart|alibaba|flutter-go|demo.dart|Dart|50|6|7
179|./src/_00/output/Dart/alibaba~flutter-go/lib/widgets/elements/Media/Canvas/PainterPath/index.dart|alibaba|flutter-go|index.dart|Dart|50|5|9
180|./src/_00/output/Dart/alibaba~flutter-go/lib/widgets/components/Bar/AppBar/index.dart|alibaba|flutter-go|index.dart|Dart|49|9|9
181|./src/_00/output/Dart/alibaba~flutter-go/lib/widgets/themes/Cupertino/CupertinoTimerPicker/demo.dart|alibaba|flutter-go|demo.dart|Dart|49|7|5
182|./src/_00/output/Dart/alibaba~flutter-go/lib/model/collection.dart|alibaba|flutter-go|collection.dart|Dart|48|15|16
183|./src/_00/output/Dart/alibaba~flutter-go/lib/widgets/components/Chip/InputChip/demo.dart|alibaba|flutter-go|demo.dart|Dart|48|9|7
184|./src/_00/output/Dart/alibaba~flutter-go/lib/widgets/elements/Media/Icon/Icon/index.dart|alibaba|flutter-go|index.dart|Dart|48|0|5
185|./src/_00/output/Dart/alibaba~flutter-go/lib/widgets/elements/Media/Icon/IconData/index.dart|alibaba|flutter-go|index.dart|Dart|48|0|7
186|./src/_00/output/Dart/alibaba~flutter-go/lib/components/list_view_item.dart|alibaba|flutter-go|list_view_item.dart|Dart|47|5|5
187|./src/_00/output/Dart/alibaba~flutter-go/lib/widgets/components/Dialog/SimpleDialog/demo.dart|alibaba|flutter-go|demo.dart|Dart|47|8|4
188|./src/_00/output/Dart/alibaba~flutter-go/lib/widgets/components/Navigation/BottomNavigationBar/index.dart|alibaba|flutter-go|index.dart|Dart|47|10|9
189|./src/_00/output/Dart/alibaba~flutter-go/.github/ISSUE_TEMPLATE/page-about.md|alibaba|flutter-go|page-about.md|Markdown|46|0|16
190|./src/_00/output/Dart/alibaba~flutter-go/ios/Runner/Base.lproj/LaunchScreen.storyboard|alibaba|flutter-go|LaunchScreen.storyboard|XML|46|1|0
191|./src/_00/output/Dart/alibaba~flutter-go/lib/widgets/components/Chip/RawChip/demo.dart|alibaba|flutter-go|demo.dart|Dart|46|5|6
192|./src/_00/output/Dart/alibaba~flutter-go/lib/widgets/components/Chip/index.dart|alibaba|flutter-go|index.dart|Dart|46|0|2
193|./src/_00/output/Dart/alibaba~flutter-go/lib/widgets/components/Menu/index.dart|alibaba|flutter-go|index.dart|Dart|46|4|3
194|./src/_00/output/Dart/alibaba~flutter-go/lib/widgets/elements/Form/CheckBox/CheckboxListTile/index.dart|alibaba|flutter-go|index.dart|Dart|46|10|8
195|./src/_00/output/Dart/alibaba~flutter-go/lib/widgets/elements/Form/Switch/Switch/index.dart|alibaba|flutter-go|index.dart|Dart|46|6|17
196|./src/_00/output/Dart/alibaba~flutter-go/lib/widgets/elements/Frame/Box/SizedOverflowBox/demo.dart|alibaba|flutter-go|demo.dart|Dart|46|1|6
197|./src/_00/output/Dart/alibaba~flutter-go/analysis_options.yaml|alibaba|flutter-go|analysis_options.yaml|YAML|45|0|0
198|./src/_00/output/Dart/alibaba~flutter-go/lib/widgets/elements/Frame/Table/Table/table_demo.dart|alibaba|flutter-go|table_demo.dart|Dart|45|4|2
199|./src/_00/output/Dart/alibaba~flutter-go/lib/widgets/elements/Media/Icon/IconTheme/demo.dart|alibaba|flutter-go|demo.dart|Dart|45|5|6
200|./src/_00/output/Dart/alibaba~flutter-go/lib/components/single_theme_color.dart|alibaba|flutter-go|single_theme_color.dart|Dart|44|1|3
201|./src/_00/output/Dart/alibaba~flutter-go/lib/routers/routers.dart|alibaba|flutter-go|routers.dart|Dart|43|9|2
202|./src/_00/output/Dart/alibaba~flutter-go/lib/widgets/components/Bar/TabBar/index.dart|alibaba|flutter-go|index.dart|Dart|43|6|15
203|./src/_00/output/Dart/alibaba~flutter-go/lib/widgets/elements/Frame/Spacing/AnimatedPadding/animatedPadding_demo.dart|alibaba|flutter-go|animatedPadding_demo.dart|Dart|43|4|6
204|./src/_00/output/Dart/alibaba~flutter-go/lib/widgets/themes/Cupertino/CupertinoNavigationBar/index.dart|alibaba|flutter-go|index.dart|Dart|43|6|6
205|./src/_00/output/Dart/alibaba~flutter-go/lib/widgets/themes/Material/MaterialButton/demo.dart|alibaba|flutter-go|demo.dart|Dart|43|4|3
206|./src/_00/output/Dart/alibaba~flutter-go/lib/widgets/components/Bar/SnackBar/demo.dart|alibaba|flutter-go|demo.dart|Dart|42|12|4
207|./src/_00/output/Dart/alibaba~flutter-go/lib/widgets/components/Menu/PopupMenuDivider/demo.dart|alibaba|flutter-go|demo.dart|Dart|42|4|4
208|./src/_00/output/Dart/alibaba~flutter-go/lib/widgets/themes/Material/MaterialApp/index.dart|alibaba|flutter-go|index.dart|Dart|42|4|7
209|./src/_00/output/Dart/alibaba~flutter-go/lib/model/user_info_cache.dart|alibaba|flutter-go|user_info_cache.dart|Dart|41|8|13
210|./src/_00/output/Dart/alibaba~flutter-go/lib/widgets/components/Bar/SnackBarAction/demo.dart|alibaba|flutter-go|demo.dart|Dart|41|10|3
211|./src/_00/output/Dart/alibaba~flutter-go/lib/widgets/components/Scroll/ScrollView/demo.dart|alibaba|flutter-go|demo.dart|Dart|41|4|2
212|./src/_00/output/Dart/alibaba~flutter-go/lib/widgets/components/Scroll/ScrollView/index.dart|alibaba|flutter-go|index.dart|Dart|41|4|8
213|./src/_00/output/Dart/alibaba~flutter-go/lib/widgets/elements/Form/Radio/Radio/demo.dart|alibaba|flutter-go|demo.dart|Dart|41|6|4
214|./src/_00/output/Dart/alibaba~flutter-go/lib/widgets/elements/Media/Icon/IconThemeData/demo.dart|alibaba|flutter-go|demo.dart|Dart|41|6|7
215|./src/_00/output/Dart/alibaba~flutter-go/lib/widgets/themes/Cupertino/CupertinoTabBar/demo.dart|alibaba|flutter-go|demo.dart|Dart|41|6|5
216|./src/_00/output/Dart/alibaba~flutter-go/android/app/google-services.json|alibaba|flutter-go|google-services.json|JSON|40|0|0
217|./src/_00/output/Dart/alibaba~flutter-go/lib/widgets/components/List/ListBody/index.dart|alibaba|flutter-go|index.dart|Dart|40|9|9
218|./src/_00/output/Dart/alibaba~flutter-go/lib/widgets/components/Navigation/BottomNavigationBar/demo.dart|alibaba|flutter-go|demo.dart|Dart|40|8|5
219|./src/_00/output/Dart/alibaba~flutter-go/lib/widgets/elements/Frame/Layout/Column/demo.dart|alibaba|flutter-go|demo.dart|Dart|40|25|7
220|./src/_00/output/Dart/alibaba~flutter-go/lib/widgets/elements/Media/Image/FileImage/file_image_demo.dart|alibaba|flutter-go|file_image_demo.dart|Dart|40|4|7
221|./src/_00/output/Dart/alibaba~flutter-go/lib/widgets/themes/Cupertino/CupertinoApp/index.dart|alibaba|flutter-go|index.dart|Dart|40|4|6
222|./src/_00/output/Dart/alibaba~flutter-go/lib/widgets/themes/Material/index.dart|alibaba|flutter-go|index.dart|Dart|40|0|2
223|./src/_00/output/Dart/alibaba~flutter-go/go-cli/utils/tpl.md|alibaba|flutter-go|tpl.md|Markdown|39|0|21
224|./src/_00/output/Dart/alibaba~flutter-go/lib/standard_pages/standard_for_slider_sanfan_8ab2b5c2_42ae_4241_9c8a_5c9e1f92b096/index.dart|alibaba|flutter-go|index.dart|Dart|39|0|19
225|./src/_00/output/Dart/alibaba~flutter-go/lib/views/first_page/first_page_item.dart|alibaba|flutter-go|first_page_item.dart|Dart|39|6|4
226|./src/_00/output/Dart/alibaba~flutter-go/lib/widgets/components/Bar/FlexibleSpaceBar/index.dart|alibaba|flutter-go|index.dart|Dart|39|9|9
227|./src/_00/output/Dart/alibaba~flutter-go/lib/widgets/components/Chip/ChoiceChip/demo.dart|alibaba|flutter-go|demo.dart|Dart|39|7|7
228|./src/_00/output/Dart/alibaba~flutter-go/lib/widgets/components/Progress/CircularProgressIndicator/demo.dart|alibaba|flutter-go|demo.dart|Dart|39|0|2
229|./src/_00/output/Dart/alibaba~flutter-go/lib/widgets/components/Scaffold/Scaffold/demo.dart|alibaba|flutter-go|demo.dart|Dart|39|10|7
230|./src/_00/output/Dart/alibaba~flutter-go/lib/widgets/components/Scroll/ScrollMetrics/index.dart|alibaba|flutter-go|index.dart|Dart|39|4|6
231|./src/_00/output/Dart/alibaba~flutter-go/lib/widgets/elements/Form/Input/TextField/text_field_demo.dart|alibaba|flutter-go|text_field_demo.dart|Dart|39|2|3
232|./src/_00/output/Dart/alibaba~flutter-go/lib/widgets/elements/Frame/Layout/Column/index.dart|alibaba|flutter-go|index.dart|Dart|39|6|10
233|./src/_00/output/Dart/alibaba~flutter-go/lib/standard_pages/standard_sanfan_ee4feb8e_32ae_4241_9c8a_5c9e1f92b096/index.dart|alibaba|flutter-go|index.dart|Dart|38|0|15
234|./src/_00/output/Dart/alibaba~flutter-go/lib/widgets/components/Bar/BottomAppBar/demo.dart|alibaba|flutter-go|demo.dart|Dart|38|8|4
235|./src/_00/output/Dart/alibaba~flutter-go/lib/widgets/components/Bar/SliverAppBar/index.dart|alibaba|flutter-go|index.dart|Dart|38|9|9
236|./src/_00/output/Dart/alibaba~flutter-go/lib/widgets/components/Bar/SnackBar/index.dart|alibaba|flutter-go|index.dart|Dart|38|9|7
237|./src/_00/output/Dart/alibaba~flutter-go/lib/widgets/components/Navigation/BottomNavigationBarItem/index.dart|alibaba|flutter-go|index.dart|Dart|38|9|9
238|./src/_00/output/Dart/alibaba~flutter-go/docs/needWidget.md|alibaba|flutter-go|needWidget.md|Markdown|37|0|2
239|./src/_00/output/Dart/alibaba~flutter-go/lib/standard_pages/test_abc_84f38e00_42ae_4241_9c8a_5c9e1f92b096/index.dart|alibaba|flutter-go|index.dart|Dart|37|0|14
240|./src/_00/output/Dart/alibaba~flutter-go/lib/views/widget_page/widget_page.dart|alibaba|flutter-go|widget_page.dart|Dart|37|5|10
241|./src/_00/output/Dart/alibaba~flutter-go/lib/widgets/components/Bar/BottomAppBar/index.dart|alibaba|flutter-go|index.dart|Dart|37|9|9
242|./src/_00/output/Dart/alibaba~flutter-go/lib/widgets/components/Bar/ButtonBar/index.dart|alibaba|flutter-go|index.dart|Dart|37|10|9
243|./src/_00/output/Dart/alibaba~flutter-go/lib/widgets/components/Menu/PopupMenuButton/index.dart|alibaba|flutter-go|index.dart|Dart|37|4|7
244|./src/_00/output/Dart/alibaba~flutter-go/lib/widgets/components/Scaffold/Scaffold/index.dart|alibaba|flutter-go|index.dart|Dart|37|6|20
245|./src/_00/output/Dart/alibaba~flutter-go/lib/widgets/components/Scroll/ScrollbarPainter/index.dart|alibaba|flutter-go|index.dart|Dart|37|4|6
246|./src/_00/output/Dart/alibaba~flutter-go/lib/widgets/elements/Frame/Box/LimitedBox/index.dart|alibaba|flutter-go|index.dart|Dart|37|5|9
247|./src/_00/output/Dart/alibaba~flutter-go/lib/widgets/elements/Media/Image/Image/index.dart|alibaba|flutter-go|index.dart|Dart|37|4|6
248|./src/_00/output/Dart/alibaba~flutter-go/lib/widgets/elements/Media/Image/RawImage/index.dart|alibaba|flutter-go|index.dart|Dart|37|4|8
249|./src/_00/output/Dart/alibaba~flutter-go/lib/widgets/elements/Media/Image/RawImage/raw_image_demo.dart|alibaba|flutter-go|raw_image_demo.dart|Dart|37|5|8
250|./src/_00/output/Dart/alibaba~flutter-go/lib/widgets/themes/Cupertino/CupertinoScrollbar/index.dart|alibaba|flutter-go|index.dart|Dart|37|0|7
251|./src/_00/output/Dart/alibaba~flutter-go/lib/widgets/themes/Material/MaterialButton/index.dart|alibaba|flutter-go|index.dart|Dart|37|4|6
252|./src/_00/output/Dart/alibaba~flutter-go/ios/Runner/GoogleService-Info.plist|alibaba|flutter-go|GoogleService-Info.plist|XML|36|0|0
253|./src/_00/output/Dart/alibaba~flutter-go/ios/Runner/Images.xcassets/LaunchImage-2.launchimage/Contents.json|alibaba|flutter-go|Contents.json|JSON|36|0|0
254|./src/_00/output/Dart/alibaba~flutter-go/lib/standard_pages/standard_for_slider_sanfan_8ab2b5c2_42ae_4241_9c8a_5c9e1f92b096/index.md|alibaba|flutter-go|index.md|Markdown|36|0|19
255|./src/_00/output/Dart/alibaba~flutter-go/lib/widgets/components/Menu/DropdownMenuItem/index.dart|alibaba|flutter-go|index.dart|Dart|36|4|6
256|./src/_00/output/Dart/alibaba~flutter-go/lib/widgets/components/Pick/MonthPicker/demo.dart|alibaba|flutter-go|demo.dart|Dart|36|4|7
257|./src/_00/output/Dart/alibaba~flutter-go/lib/widgets/components/Pick/YearPicker/demo.dart|alibaba|flutter-go|demo.dart|Dart|36|4|7
258|./src/_00/output/Dart/alibaba~flutter-go/lib/widgets/components/Scroll/CustomScrollView/index.dart|alibaba|flutter-go|index.dart|Dart|36|4|6
259|./src/_00/output/Dart/alibaba~flutter-go/lib/widgets/components/Scroll/NestedScrollView/index.dart|alibaba|flutter-go|index.dart|Dart|36|4|5
260|./src/_00/output/Dart/alibaba~flutter-go/lib/widgets/elements/Form/Switch/AnimatedSwitcher/demo.dart|alibaba|flutter-go|demo.dart|Dart|36|9|5
261|./src/_00/output/Dart/alibaba~flutter-go/lib/widgets/elements/Form/Text/Text/index.dart|alibaba|flutter-go|index.dart|Dart|36|0|11
262|./src/_00/output/Dart/alibaba~flutter-go/lib/widgets/elements/Frame/Box/OverflowBox/demo.dart|alibaba|flutter-go|demo.dart|Dart|36|4|4
263|./src/_00/output/Dart/alibaba~flutter-go/lib/widgets/elements/Frame/Layout/Container/index.dart|alibaba|flutter-go|index.dart|Dart|36|6|7
264|./src/_00/output/Dart/alibaba~flutter-go/lib/widgets/elements/Frame/Spacing/SliverPadding/index.dart|alibaba|flutter-go|index.dart|Dart|36|4|6
265|./src/_00/output/Dart/alibaba~flutter-go/lib/widgets/themes/Cupertino/CupertinoPageRoute/index.dart|alibaba|flutter-go|index.dart|Dart|36|6|6
266|./src/_00/output/Dart/alibaba~flutter-go/lib/widgets/themes/Cupertino/CupertinoTabView/index.dart|alibaba|flutter-go|index.dart|Dart|36|0|15
267|./src/_00/output/Dart/alibaba~flutter-go/lib/widgets/themes/Material/MaterialAccentColor/index.dart|alibaba|flutter-go|index.dart|Dart|36|0|6
268|./src/_00/output/Dart/alibaba~flutter-go/android/build.gradle|alibaba|flutter-go|build.gradle|Gradle|35|6|4
269|./src/_00/output/Dart/alibaba~flutter-go/ios/Runner/Assets.xcassets/LaunchImage.imageset/Contents.json|alibaba|flutter-go|Contents.json|JSON|35|0|0
270|./src/_00/output/Dart/alibaba~flutter-go/lib/standard_pages/standard_sanfan_ee4feb8e_32ae_4241_9c8a_5c9e1f92b096/index.md|alibaba|flutter-go|index.md|Markdown|35|0|15
271|./src/_00/output/Dart/alibaba~flutter-go/lib/utils/net_utils.dart|alibaba|flutter-go|net_utils.dart|Dart|35|14|6
272|./src/_00/output/Dart/alibaba~flutter-go/lib/widgets/components/Card/Card/index.dart|alibaba|flutter-go|index.dart|Dart|35|9|8
273|./src/_00/output/Dart/alibaba~flutter-go/lib/widgets/components/Chip/RawChip/index.dart|alibaba|flutter-go|index.dart|Dart|35|4|7
274|./src/_00/output/Dart/alibaba~flutter-go/lib/widgets/components/Menu/CheckedPopupMenuItem/index.dart|alibaba|flutter-go|index.dart|Dart|35|4|6
275|./src/_00/output/Dart/alibaba~flutter-go/lib/widgets/components/Panel/ExpansionPanelList/index.dart|alibaba|flutter-go|index.dart|Dart|35|4|6
276|./src/_00/output/Dart/alibaba~flutter-go/lib/widgets/components/Progress/CircularProgressIndicator/index.dart|alibaba|flutter-go|index.dart|Dart|35|4|7
277|./src/_00/output/Dart/alibaba~flutter-go/lib/widgets/components/Progress/LinearProgressIndicator/index.dart|alibaba|flutter-go|index.dart|Dart|35|4|6
278|./src/_00/output/Dart/alibaba~flutter-go/lib/widgets/components/Scroll/ScrollPhysics/index.dart|alibaba|flutter-go|index.dart|Dart|35|4|5
279|./src/_00/output/Dart/alibaba~flutter-go/lib/widgets/elements/Frame/Box/UnconstrainedBox/index.dart|alibaba|flutter-go|index.dart|Dart|35|6|8
280|./src/_00/output/Dart/alibaba~flutter-go/lib/widgets/elements/Frame/Expanded/Expanded/index.dart|alibaba|flutter-go|index.dart|Dart|35|0|5
281|./src/_00/output/Dart/alibaba~flutter-go/lib/widgets/elements/Frame/Layout/Center/index.dart|alibaba|flutter-go|index.dart|Dart|35|5|8
282|./src/_00/output/Dart/alibaba~flutter-go/lib/widgets/elements/Media/Image/FadeInImage/index.dart|alibaba|flutter-go|index.dart|Dart|35|4|7
283|./src/_00/output/Dart/alibaba~flutter-go/lib/widgets/themes/Cupertino/CupertinoSegmentedControl/index.dart|alibaba|flutter-go|index.dart|Dart|35|0|11
284|./src/_00/output/Dart/alibaba~flutter-go/lib/standard_pages/local_hnaxu_5d7178d0_42ae_4241_9c8a_5c9e1f92b096/index.md|alibaba|flutter-go|index.md|Markdown|34|0|13
285|./src/_00/output/Dart/alibaba~flutter-go/lib/standard_pages/test_abc_84f38e00_42ae_4241_9c8a_5c9e1f92b096/index.md|alibaba|flutter-go|index.md|Markdown|34|0|14
286|./src/_00/output/Dart/alibaba~flutter-go/lib/widgets/components/Grid/SliverGrid/demo.dart|alibaba|flutter-go|demo.dart|Dart|34|18|4
287|./src/_00/output/Dart/alibaba~flutter-go/lib/widgets/components/Grid/SliverGrid/index.dart|alibaba|flutter-go|index.dart|Dart|34|6|12
288|./src/_00/output/Dart/alibaba~flutter-go/lib/widgets/components/Grid/index.dart|alibaba|flutter-go|index.dart|Dart|34|6|3
289|./src/_00/output/Dart/alibaba~flutter-go/lib/widgets/components/Menu/PopupMenuDivider/index.dart|alibaba|flutter-go|index.dart|Dart|34|4|6
290|./src/_00/output/Dart/alibaba~flutter-go/lib/widgets/components/Pick/index.dart|alibaba|flutter-go|index.dart|Dart|34|0|2
291|./src/_00/output/Dart/alibaba~flutter-go/lib/widgets/elements/Frame/Spacing/AnimatedPadding/index.dart|alibaba|flutter-go|index.dart|Dart|34|4|6
292|./src/_00/output/Dart/alibaba~flutter-go/lib/widgets/elements/Frame/Table/Table/index.dart|alibaba|flutter-go|index.dart|Dart|34|0|4
293|./src/_00/output/Dart/alibaba~flutter-go/lib/widgets/elements/Media/Icon/index.dart|alibaba|flutter-go|index.dart|Dart|34|0|2
294|./src/_00/output/Dart/alibaba~flutter-go/lib/widgets/elements/Media/Image/ExactAssetImage/index.dart|alibaba|flutter-go|index.dart|Dart|34|4|8
295|./src/_00/output/Dart/alibaba~flutter-go/lib/widgets/elements/Media/Image/MemoryImage/memory_image_demo.dart|alibaba|flutter-go|memory_image_demo.dart|Dart|34|4|6
296|./src/_00/output/Dart/alibaba~flutter-go/lib/widgets/themes/Cupertino/CupertinoPageScaffold/index.dart|alibaba|flutter-go|index.dart|Dart|34|6|5
297|./src/_00/output/Dart/alibaba~flutter-go/lib/widgets/themes/Cupertino/CupertinoPicker/index.dart|alibaba|flutter-go|index.dart|Dart|34|6|6
298|./src/_00/output/Dart/alibaba~flutter-go/lib/widgets/themes/Cupertino/CupertinoTimerPicker/index.dart|alibaba|flutter-go|index.dart|Dart|34|0|14
299|./src/_00/output/Dart/alibaba~flutter-go/lib/widgets/themes/Material/MaterialPageRoute/index.dart|alibaba|flutter-go|index.dart|Dart|34|0|7
300|./src/_00/output/Dart/alibaba~flutter-go/lib/widgets/components/Grid/GridTileBar/index.dart|alibaba|flutter-go|index.dart|Dart|33|6|10
301|./src/_00/output/Dart/alibaba~flutter-go/lib/widgets/components/Panel/ExpansionPanelRadio/index.dart|alibaba|flutter-go|index.dart|Dart|33|5|7
302|./src/_00/output/Dart/alibaba~flutter-go/lib/widgets/components/Progress/RefreshProgressIndicator/index.dart|alibaba|flutter-go|index.dart|Dart|33|5|6
303|./src/_00/output/Dart/alibaba~flutter-go/lib/widgets/components/Scroll/Scrollable/index.dart|alibaba|flutter-go|index.dart|Dart|33|4|6
304|./src/_00/output/Dart/alibaba~flutter-go/lib/widgets/components/Tab/Tab/index.dart|alibaba|flutter-go|index.dart|Dart|33|4|6
305|./src/_00/output/Dart/alibaba~flutter-go/lib/widgets/elements/Form/Radio/Radio/index.dart|alibaba|flutter-go|index.dart|Dart|33|6|7
306|./src/_00/output/Dart/alibaba~flutter-go/lib/widgets/elements/Frame/Box/ConstrainedBox/demo.dart|alibaba|flutter-go|demo.dart|Dart|33|8|4
307|./src/_00/output/Dart/alibaba~flutter-go/lib/widgets/elements/Frame/Box/RotatedBox/index.dart|alibaba|flutter-go|index.dart|Dart|33|5|7
308|./src/_00/output/Dart/alibaba~flutter-go/lib/widgets/elements/Media/Icon/ImageIcon/index.dart|alibaba|flutter-go|index.dart|Dart|33|0|4
309|./src/_00/output/Dart/alibaba~flutter-go/lib/widgets/elements/Media/Image/DecorationImage/index.dart|alibaba|flutter-go|index.dart|Dart|33|4|9
310|./src/_00/output/Dart/alibaba~flutter-go/lib/widgets/elements/Media/Image/FileImage/index.dart|alibaba|flutter-go|index.dart|Dart|33|4|6
311|./src/_00/output/Dart/alibaba~flutter-go/lib/widgets/elements/Media/Image/MemoryImage/index.dart|alibaba|flutter-go|index.dart|Dart|33|5|6
312|./src/_00/output/Dart/alibaba~flutter-go/lib/widgets/elements/Media/Image/NetworkImage/index.dart|alibaba|flutter-go|index.dart|Dart|33|4|6
313|./src/_00/output/Dart/alibaba~flutter-go/lib/widgets/themes/Cupertino/CupertinoPageScaffold/demo.dart|alibaba|flutter-go|demo.dart|Dart|33|9|5
314|./src/_00/output/Dart/alibaba~flutter-go/lib/widgets/themes/Cupertino/CupertinoPopupSurface/index.dart|alibaba|flutter-go|index.dart|Dart|33|6|5
315|./src/_00/output/Dart/alibaba~flutter-go/lib/widgets/themes/Material/MaterialColor/index.dart|alibaba|flutter-go|index.dart|Dart|33|4|7
316|./src/_00/output/Dart/alibaba~flutter-go/lib/widgets/themes/Material/MergeableMaterialItem/index.dart|alibaba|flutter-go|index.dart|Dart|33|5|7
317|./src/_00/output/Dart/alibaba~flutter-go/lib/views/fourth_page/page_reveal.dart|alibaba|flutter-go|page_reveal.dart|Dart|32|0|11
318|./src/_00/output/Dart/alibaba~flutter-go/lib/widgets/components/Chip/ChipThemeData/index.dart|alibaba|flutter-go|index.dart|Dart|32|4|6
319|./src/_00/output/Dart/alibaba~flutter-go/lib/widgets/components/Chip/InputChip/index.dart|alibaba|flutter-go|index.dart|Dart|32|4|6
320|./src/_00/output/Dart/alibaba~flutter-go/lib/widgets/components/Dialog/AboutDialog/demo.dart|alibaba|flutter-go|demo.dart|Dart|32|8|4
321|./src/_00/output/Dart/alibaba~flutter-go/lib/widgets/components/index.dart|alibaba|flutter-go|index.dart|Dart|32|4|2
322|./src/_00/output/Dart/alibaba~flutter-go/go-cli/src/cli_command_runder.dart|alibaba|flutter-go|cli_command_runder.dart|Dart|31|3|8
323|./src/_00/output/Dart/alibaba~flutter-go/lib/widgets/components/Chip/Chip/index.dart|alibaba|flutter-go|index.dart|Dart|31|4|5
324|./src/_00/output/Dart/alibaba~flutter-go/lib/widgets/components/Chip/ChipTheme/index.dart|alibaba|flutter-go|index.dart|Dart|31|4|6
325|./src/_00/output/Dart/alibaba~flutter-go/lib/widgets/components/Chip/ChoiceChip/index.dart|alibaba|flutter-go|index.dart|Dart|31|4|5
326|./src/_00/output/Dart/alibaba~flutter-go/lib/widgets/components/Dialog/Dialog/index.dart|alibaba|flutter-go|index.dart|Dart|31|6|13
327|./src/_00/output/Dart/alibaba~flutter-go/lib/widgets/components/List/AnimatedList/model.dart|alibaba|flutter-go|model.dart|Dart|31|6|7
328|./src/_00/output/Dart/alibaba~flutter-go/lib/widgets/components/Pick/CityPIcker/demo.dart|alibaba|flutter-go|demo.dart|Dart|31|7|4
329|./src/_00/output/Dart/alibaba~flutter-go/lib/widgets/components/Scroll/BoxScrollView/index.dart|alibaba|flutter-go|index.dart|Dart|31|4|5
330|./src/_00/output/Dart/alibaba~flutter-go/lib/widgets/elements/Form/Radio/RadioListTile/demo.dart|alibaba|flutter-go|demo.dart|Dart|31|6|5
331|./src/_00/output/Dart/alibaba~flutter-go/lib/widgets/elements/Frame/Box/FittedBox/demo.dart|alibaba|flutter-go|demo.dart|Dart|31|9|4
332|./src/_00/output/Dart/alibaba~flutter-go/lib/widgets/themes/Cupertino/CupertinoColors/demo.dart|alibaba|flutter-go|demo.dart|Dart|31|9|5
333|./src/_00/output/Dart/alibaba~flutter-go/lib/widgets/themes/Cupertino/CupertinoSlider/index.dart|alibaba|flutter-go|index.dart|Dart|31|0|8
334|./src/_00/output/Dart/alibaba~flutter-go/lib/widgets/themes/Cupertino/CupertinoSliverNavigationBar/index.dart|alibaba|flutter-go|index.dart|Dart|31|0|7
335|./src/_00/output/Dart/alibaba~flutter-go/lib/widgets/themes/Cupertino/CupertinoTabScaffold/index.dart|alibaba|flutter-go|index.dart|Dart|31|0|18
336|./src/_00/output/Dart/alibaba~flutter-go/.cirrus.yml|alibaba|flutter-go|.cirrus.yml|YAML|30|1|1
337|./src/_00/output/Dart/alibaba~flutter-go/lib/model/user_info.dart|alibaba|flutter-go|user_info.dart|Dart|30|0|2
338|./src/_00/output/Dart/alibaba~flutter-go/lib/utils/example_code_parser.dart|alibaba|flutter-go|example_code_parser.dart|Dart|30|4|7
339|./src/_00/output/Dart/alibaba~flutter-go/lib/widgets/components/Bar/SnackBarAction/index.dart|alibaba|flutter-go|index.dart|Dart|30|6|10
340|./src/_00/output/Dart/alibaba~flutter-go/lib/widgets/components/Chip/FilterChip/index.dart|alibaba|flutter-go|index.dart|Dart|30|4|6
341|./src/_00/output/Dart/alibaba~flutter-go/lib/widgets/components/Navigation/BottomNavigationBarItem/demo.dart|alibaba|flutter-go|demo.dart|Dart|30|9|4
342|./src/_00/output/Dart/alibaba~flutter-go/lib/widgets/components/Pick/DayPicker/index.dart|alibaba|flutter-go|index.dart|Dart|30|4|6
343|./src/_00/output/Dart/alibaba~flutter-go/lib/widgets/components/Pick/MonthPicker/index.dart|alibaba|flutter-go|index.dart|Dart|30|4|6
344|./src/_00/output/Dart/alibaba~flutter-go/lib/widgets/elements/Frame/Spacing/Padding/index.dart|alibaba|flutter-go|index.dart|Dart|30|4|6
345|./src/_00/output/Dart/alibaba~flutter-go/lib/widgets/themes/Cupertino/CupertinoButton/index.dart|alibaba|flutter-go|index.dart|Dart|30|6|5
346|./src/_00/output/Dart/alibaba~flutter-go/lib/widgets/themes/Cupertino/CupertinoSwitch/demo.dart|alibaba|flutter-go|demo.dart|Dart|30|6|3
347|./src/_00/output/Dart/alibaba~flutter-go/lib/widgets/themes/Cupertino/CupertinoTabBar/index.dart|alibaba|flutter-go|index.dart|Dart|30|0|12
348|./src/_00/output/Dart/alibaba~flutter-go/ios/Runner/Base.lproj/Main.storyboard|alibaba|flutter-go|Main.storyboard|XML|29|1|0
349|./src/_00/output/Dart/alibaba~flutter-go/lib/routers/application.dart|alibaba|flutter-go|application.dart|Dart|29|4|6
350|./src/_00/output/Dart/alibaba~flutter-go/lib/widgets/components/Dialog/AlertDialog/index.dart|alibaba|flutter-go|index.dart|Dart|29|6|7
351|./src/_00/output/Dart/alibaba~flutter-go/lib/widgets/components/Dialog/SimpleDialog/index.dart|alibaba|flutter-go|index.dart|Dart|29|6|11
352|./src/_00/output/Dart/alibaba~flutter-go/lib/widgets/components/Grid/GridPaper/index.dart|alibaba|flutter-go|index.dart|Dart|29|6|7
353|./src/_00/output/Dart/alibaba~flutter-go/lib/widgets/components/Grid/GridTile/index.dart|alibaba|flutter-go|index.dart|Dart|29|6|10
354|./src/_00/output/Dart/alibaba~flutter-go/lib/widgets/components/Pick/YearPicker/index.dart|alibaba|flutter-go|index.dart|Dart|29|4|6
355|./src/_00/output/Dart/alibaba~flutter-go/lib/blocs/industry_bloc.dart|alibaba|flutter-go|industry_bloc.dart|Dart|28|12|1
356|./src/_00/output/Dart/alibaba~flutter-go/lib/widgets/components/Dialog/AboutDialog/index.dart|alibaba|flutter-go|index.dart|Dart|28|6|9
357|./src/_00/output/Dart/alibaba~flutter-go/lib/widgets/components/Dialog/index.dart|alibaba|flutter-go|index.dart|Dart|28|0|2
358|./src/_00/output/Dart/alibaba~flutter-go/lib/widgets/components/Menu/PopupMenuEntry/index.dart|alibaba|flutter-go|index.dart|Dart|28|4|6
359|./src/_00/output/Dart/alibaba~flutter-go/lib/widgets/components/Menu/PopupMenuItem/index.dart|alibaba|flutter-go|index.dart|Dart|28|4|6
360|./src/_00/output/Dart/alibaba~flutter-go/lib/widgets/components/Menu/PopupMenuItemState/index.dart|alibaba|flutter-go|index.dart|Dart|28|4|7
361|./src/_00/output/Dart/alibaba~flutter-go/lib/widgets/components/Panel/ExpansionPanel/index.dart|alibaba|flutter-go|index.dart|Dart|28|4|8
362|./src/_00/output/Dart/alibaba~flutter-go/lib/widgets/components/Pick/CityPIcker/index.dart|alibaba|flutter-go|index.dart|Dart|28|6|5
363|./src/_00/output/Dart/alibaba~flutter-go/lib/widgets/components/Pick/ShowdatePicker/index.dart|alibaba|flutter-go|index.dart|Dart|28|4|6
364|./src/_00/output/Dart/alibaba~flutter-go/lib/widgets/components/Scaffold/ScaffoldState/index.dart|alibaba|flutter-go|index.dart|Dart|28|6|11
365|./src/_00/output/Dart/alibaba~flutter-go/lib/widgets/elements/Form/Text/RichText/index.dart|alibaba|flutter-go|index.dart|Dart|28|0|10
366|./src/_00/output/Dart/alibaba~flutter-go/lib/widgets/elements/Frame/Layout/index.dart|alibaba|flutter-go|index.dart|Dart|28|0|2
367|./src/_00/output/Dart/alibaba~flutter-go/lib/widgets/elements/Media/Canvas/index.dart|alibaba|flutter-go|index.dart|Dart|28|0|2
368|./src/_00/output/Dart/alibaba~flutter-go/lib/widgets/elements/Media/Image/FadeInImage/fade_in_image_demo.dart|alibaba|flutter-go|fade_in_image_demo.dart|Dart|28|4|2
369|./src/_00/output/Dart/alibaba~flutter-go/lib/widgets/themes/Cupertino/CupertinoIcons/index.dart|alibaba|flutter-go|index.dart|Dart|28|6|6
370|./src/_00/output/Dart/alibaba~flutter-go/lib/widgets/themes/Cupertino/CupertinoSegmentedControl/demo.dart|alibaba|flutter-go|demo.dart|Dart|28|0|2
371|./src/_00/output/Dart/alibaba~flutter-go/lib/widgets/components/Chip/ChipThemeData/demo.dart|alibaba|flutter-go|demo.dart|Dart|27|5|4
372|./src/_00/output/Dart/alibaba~flutter-go/lib/widgets/elements/Form/Radio/RadioListTile/index.dart|alibaba|flutter-go|index.dart|Dart|27|6|8
373|./src/_00/output/Dart/alibaba~flutter-go/lib/widgets/elements/Form/Slider/SliderThemeData/index.dart|alibaba|flutter-go|index.dart|Dart|27|6|12
374|./src/_00/output/Dart/alibaba~flutter-go/lib/widgets/elements/Media/Canvas/CircleProgressBarPainter/index.dart|alibaba|flutter-go|index.dart|Dart|27|0|5
375|./src/_00/output/Dart/alibaba~flutter-go/lib/widgets/themes/Cupertino/CupertinoColors/index.dart|alibaba|flutter-go|index.dart|Dart|27|6|6
376|./src/_00/output/Dart/alibaba~flutter-go/lib/widgets/themes/Cupertino/CupertinoPopupSurface/demo.dart|alibaba|flutter-go|demo.dart|Dart|27|8|5
377|./src/_00/output/Dart/alibaba~flutter-go/ios/Flutter/AppFrameworkInfo.plist|alibaba|flutter-go|AppFrameworkInfo.plist|XML|26|0|0
378|./src/_00/output/Dart/alibaba~flutter-go/lib/blocs/industry_api.dart|alibaba|flutter-go|industry_api.dart|Dart|26|41|5
379|./src/_00/output/Dart/alibaba~flutter-go/lib/components/flutter_markdown/README.md|alibaba|flutter-go|README.md|Markdown|26|0|13
380|./src/_00/output/Dart/alibaba~flutter-go/lib/widgets/components/Chip/ChipTheme/demo.dart|alibaba|flutter-go|demo.dart|Dart|26|27|7
381|./src/_00/output/Dart/alibaba~flutter-go/lib/widgets/elements/Form/Text/RichText/demo.dart|alibaba|flutter-go|demo.dart|Dart|26|6|3
382|./src/_00/output/Dart/alibaba~flutter-go/lib/widgets/elements/Media/Canvas/PainterSketch/index.dart|alibaba|flutter-go|index.dart|Dart|26|0|6
383|./src/_00/output/Dart/alibaba~flutter-go/lib/widgets/themes/Cupertino/CupertinoSwitch/index.dart|alibaba|flutter-go|index.dart|Dart|26|0|8
384|./src/_00/output/Dart/alibaba~flutter-go/lib/page_demo_package/RangeSlider_RangeSlider_e5f958bc_52ae_4241_9c8a_5c9e1f92b096/src/index.dart|alibaba|flutter-go|index.dart|Dart|25|3|2
385|./src/_00/output/Dart/alibaba~flutter-go/lib/widgets/elements/Form/Switch/AnimatedSwitcher/index.dart|alibaba|flutter-go|index.dart|Dart|25|6|12
386|./src/_00/output/Dart/alibaba~flutter-go/lib/widgets/elements/Media/Image/NetworkImage/network_image_demo.dart|alibaba|flutter-go|network_image_demo.dart|Dart|25|4|2
387|./src/_00/output/Dart/alibaba~flutter-go/lib/model/version.dart|alibaba|flutter-go|version.dart|Dart|24|0|5
388|./src/_00/output/Dart/alibaba~flutter-go/lib/widgets/elements/Form/Switch/SwitchListTile/index.dart|alibaba|flutter-go|index.dart|Dart|24|6|9
389|./src/_00/output/Dart/alibaba~flutter-go/lib/widgets/elements/Media/Image/paintImage/index.dart|alibaba|flutter-go|index.dart|Dart|24|4|8
390|./src/_00/output/Dart/alibaba~flutter-go/android/app/.project|alibaba|flutter-go|.project|XML|23|0|0
391|./src/_00/output/Dart/alibaba~flutter-go/lib/widgets/elements/Frame/Box/UnconstrainedBox/demo.dart|alibaba|flutter-go|demo.dart|Dart|23|0|1
392|./src/_00/output/Dart/alibaba~flutter-go/lib/widgets/themes/Cupertino/CupertinoSlider/demo.dart|alibaba|flutter-go|demo.dart|Dart|23|6|3
393|./src/_00/output/Dart/alibaba~flutter-go/lib/components/markdown.dart|alibaba|flutter-go|markdown.dart|Dart|22|2|4
394|./src/_00/output/Dart/alibaba~flutter-go/lib/utils/style.dart|alibaba|flutter-go|style.dart|Dart|22|2|5
395|./src/_00/output/Dart/alibaba~flutter-go/lib/views/user_page/user_page.dart|alibaba|flutter-go|user_page.dart|Dart|22|0|4
396|./src/_00/output/Dart/alibaba~flutter-go/lib/widgets/components/List/index.dart|alibaba|flutter-go|index.dart|Dart|22|6|3
397|./src/_00/output/Dart/alibaba~flutter-go/lib/widgets/components/Panel/index.dart|alibaba|flutter-go|index.dart|Dart|22|0|2
398|./src/_00/output/Dart/alibaba~flutter-go/lib/widgets/elements/Form/Slider/index.dart|alibaba|flutter-go|index.dart|Dart|22|0|2
399|./src/_00/output/Dart/alibaba~flutter-go/lib/widgets/elements/Form/Switch/index.dart|alibaba|flutter-go|index.dart|Dart|22|0|2
400|./src/_00/output/Dart/alibaba~flutter-go/lib/widgets/elements/Frame/Spacing/index.dart|alibaba|flutter-go|index.dart|Dart|22|0|2
401|./src/_00/output/Dart/alibaba~flutter-go/lib/widgets/elements/Media/Image/DecorationImage/decorationImage_demo.dart|alibaba|flutter-go|decorationImage_demo.dart|Dart|22|0|1
402|./src/_00/output/Dart/alibaba~flutter-go/.ci/Dockerfile|alibaba|flutter-go|Dockerfile|Dockerfile|21|1|8
403|./src/_00/output/Dart/alibaba~flutter-go/lib/blocs/industry_state.dart|alibaba|flutter-go|industry_state.dart|Dart|21|7|6
404|./src/_00/output/Dart/alibaba~flutter-go/lib/model/story.dart|alibaba|flutter-go|story.dart|Dart|21|0|3
405|./src/_00/output/Dart/alibaba~flutter-go/lib/widgets/elements/Frame/Box/RotatedBox/demo.dart|alibaba|flutter-go|demo.dart|Dart|21|0|1
406|./src/_00/output/Dart/alibaba~flutter-go/lib/widgets/elements/Media/Image/DecorationImagePainter/index.dart|alibaba|flutter-go|index.dart|Dart|21|4|5
407|./src/_00/output/Dart/alibaba~flutter-go/lib/widgets/themes/Cupertino/CupertinoButton/demo.dart|alibaba|flutter-go|demo.dart|Dart|21|9|4
408|./src/_00/output/Dart/alibaba~flutter-go/ios/Runner/Assets.xcassets/Image.imageset/Contents.json|alibaba|flutter-go|Contents.json|JSON|20|0|0
409|./src/_00/output/Dart/alibaba~flutter-go/lib/widgets/elements/Form/Switch/SwitchListTile/demo.dart|alibaba|flutter-go|demo.dart|Dart|20|6|3
410|./src/_00/output/Dart/alibaba~flutter-go/lib/widgets/elements/Media/Image/AssetImage/assetImage_demo.dart|alibaba|flutter-go|assetImage_demo.dart|Dart|20|0|1
411|./src/_00/output/Dart/alibaba~flutter-go/docs/contribute.md|alibaba|flutter-go|contribute.md|Markdown|19|0|16
412|./src/_00/output/Dart/alibaba~flutter-go/lib/api/api.dart|alibaba|flutter-go|api.dart|Dart|19|2|15
413|./src/_00/output/Dart/alibaba~flutter-go/lib/page_demo_package/index.dart|alibaba|flutter-go|index.dart|Dart|19|0|1
414|./src/_00/output/Dart/alibaba~flutter-go/lib/widgets/elements/Frame/Box/SizeBox/demo.dart|alibaba|flutter-go|demo.dart|Dart|19|0|1
415|./src/_00/output/Dart/alibaba~flutter-go/lib/widgets/elements/Media/Image/ExactAssetImage/exact_asset_image_demo.dart|alibaba|flutter-go|exact_asset_image_demo.dart|Dart|19|0|1
416|./src/_00/output/Dart/alibaba~flutter-go/lib/standard_pages/RangeSlider_hanxu_cbffbf7c_52ae_4241_9c8a_5c9e1f92b096/index.dart|alibaba|flutter-go|index.dart|Dart|18|0|15
417|./src/_00/output/Dart/alibaba~flutter-go/lib/widgets/elements/Form/index.dart|alibaba|flutter-go|index.dart|Dart|18|0|1
418|./src/_00/output/Dart/alibaba~flutter-go/lib/widgets/elements/Frame/index.dart|alibaba|flutter-go|index.dart|Dart|18|1|1
419|./src/_00/output/Dart/alibaba~flutter-go/android/.project|alibaba|flutter-go|.project|XML|17|0|0
420|./src/_00/output/Dart/alibaba~flutter-go/docs/push-pr.md|alibaba|flutter-go|push-pr.md|Markdown|17|0|18
421|./src/_00/output/Dart/alibaba~flutter-go/lib/widgets/elements/Frame/Spacing/Padding/padding_demo.dart|alibaba|flutter-go|padding_demo.dart|Dart|17|4|2
422|./src/_00/output/Dart/alibaba~flutter-go/go-cli/src/command/build.dart|alibaba|flutter-go|build.dart|Dart|16|8|8
423|./src/_00/output/Dart/alibaba~flutter-go/lib/event/event_model.dart|alibaba|flutter-go|event_model.dart|Dart|16|1|2
424|./src/_00/output/Dart/alibaba~flutter-go/lib/model/responseData.dart|alibaba|flutter-go|responseData.dart|Dart|16|0|4
425|./src/_00/output/Dart/alibaba~flutter-go/lib/views/welcome_page/index.dart|alibaba|flutter-go|index.dart|Dart|16|6|5
426|./src/_00/output/Dart/alibaba~flutter-go/lib/widgets/components/Navigation/index.dart|alibaba|flutter-go|index.dart|Dart|16|6|3
427|./src/_00/output/Dart/alibaba~flutter-go/lib/widgets/components/Progress/index.dart|alibaba|flutter-go|index.dart|Dart|16|0|2
428|./src/_00/output/Dart/alibaba~flutter-go/lib/widgets/components/Scaffold/index.dart|alibaba|flutter-go|index.dart|Dart|16|6|3
429|./src/_00/output/Dart/alibaba~flutter-go/lib/widgets/elements/Form/CheckBox/index.dart|alibaba|flutter-go|index.dart|Dart|16|0|2
430|./src/_00/output/Dart/alibaba~flutter-go/lib/widgets/elements/Form/Radio/index.dart|alibaba|flutter-go|index.dart|Dart|16|0|2
431|./src/_00/output/Dart/alibaba~flutter-go/lib/widgets/elements/Form/Text/index.dart|alibaba|flutter-go|index.dart|Dart|16|0|2
432|./src/_00/output/Dart/alibaba~flutter-go/lib/widgets/elements/Frame/Stack/index.dart|alibaba|flutter-go|index.dart|Dart|16|0|2
433|./src/_00/output/Dart/alibaba~flutter-go/.github/ISSUE_TEMPLATE/bug-report.md|alibaba|flutter-go|bug-report.md|Markdown|15|0|11
434|./src/_00/output/Dart/alibaba~flutter-go/lib/page_demo_package/readme.md|alibaba|flutter-go|readme.md|Markdown|15|0|5
435|./src/_00/output/Dart/alibaba~flutter-go/lib/standard_pages/RangeSlider_hanxu_cbffbf7c_52ae_4241_9c8a_5c9e1f92b096/index.md|alibaba|flutter-go|index.md|Markdown|15|0|15
436|./src/_00/output/Dart/alibaba~flutter-go/lib/widgets/components/Scroll/Scrollable/demo.dart|alibaba|flutter-go|demo.dart|Dart|15|4|3
437|./src/_00/output/Dart/alibaba~flutter-go/lib/widgets/elements/Frame/Layout/Center/demo.dart|alibaba|flutter-go|demo.dart|Dart|15|0|1
438|./src/_00/output/Dart/alibaba~flutter-go/lib/widgets/elements/Media/Icon/Icon/demo.dart|alibaba|flutter-go|demo.dart|Dart|15|5|3
439|./src/_00/output/Dart/alibaba~flutter-go/lib/widgets/elements/Media/Icon/IconData/demo.dart|alibaba|flutter-go|demo.dart|Dart|15|6|3
440|./src/_00/output/Dart/alibaba~flutter-go/mupp_build_env_init.sh|alibaba|flutter-go|mupp_build_env_init.sh|Bourne Shell|15|2|0
441|./src/_00/output/Dart/alibaba~flutter-go/ios/Runner/AppDelegate.m|alibaba|flutter-go|AppDelegate.m|Objective-C|14|1|7
442|./src/_00/output/Dart/alibaba~flutter-go/lib/widgets/elements/Media/Image/Image/demo.dart|alibaba|flutter-go|demo.dart|Dart|14|4|2
443|./src/_00/output/Dart/alibaba~flutter-go/test/widget_test.dart|alibaba|flutter-go|widget_test.dart|Dart|14|9|6
444|./src/_00/output/Dart/alibaba~flutter-go/go-cli/pubspec.yaml|alibaba|flutter-go|pubspec.yaml|YAML|13|6|5
445|./src/_00/output/Dart/alibaba~flutter-go/lib/blocs/industry_event.dart|alibaba|flutter-go|industry_event.dart|Dart|13|7|6
446|./src/_00/output/Dart/alibaba~flutter-go/lib/page_demo_package/local_ab_2c1d57d0_42ae_4241_9c8a_5c9e1f92b096/src/index.dart|alibaba|flutter-go|index.dart|Dart|13|0|2
447|./src/_00/output/Dart/alibaba~flutter-go/lib/widgets/elements/Form/Text/Text/demo.dart|alibaba|flutter-go|demo.dart|Dart|13|6|3
448|./src/_00/output/Dart/alibaba~flutter-go/lib/widgets/elements/Media/Image/precacheImage/index.dart|alibaba|flutter-go|index.dart|Dart|13|4|3
449|./src/_00/output/Dart/alibaba~flutter-go/lib/widgets/index.dart|alibaba|flutter-go|index.dart|Dart|13|0|2
450|./src/_00/output/Dart/alibaba~flutter-go/android/settings.gradle|alibaba|flutter-go|settings.gradle|Gradle|12|0|3
451|./src/_00/output/Dart/alibaba~flutter-go/go-cli/bin/goCli.dart|alibaba|flutter-go|goCli.dart|Dart|12|2|3
452|./src/_00/output/Dart/alibaba~flutter-go/ios/Runner/AppDelegate.swift|alibaba|flutter-go|AppDelegate.swift|Swift|12|0|1
453|./src/_00/output/Dart/alibaba~flutter-go/lib/page_demo_package/demoName_yourName_1a29aa8e_32ae_4241_9c8a_5c9e1f92b096/src/index.dart|alibaba|flutter-go|index.dart|Dart|12|0|2
454|./src/_00/output/Dart/alibaba~flutter-go/.github/ISSUE_TEMPLATE/feature-request.md|alibaba|flutter-go|feature-request.md|Markdown|11|0|7
455|./src/_00/output/Dart/alibaba~flutter-go/lib/widgets/404.dart|alibaba|flutter-go|404.dart|Dart|11|0|1
456|./src/_00/output/Dart/alibaba~flutter-go/lib/widgets/elements/Media/Icon/ImageIcon/demo.dart|alibaba|flutter-go|demo.dart|Dart|11|6|2
457|./src/_00/output/Dart/alibaba~flutter-go/android/app/src/main/kotlin/fluttergo/ali/com/fluttergo/MainActivity.kt|alibaba|flutter-go|MainActivity.kt|Kotlin|10|0|3
458|./src/_00/output/Dart/alibaba~flutter-go/ios/Runner.xcworkspace/contents.xcworkspacedata|alibaba|flutter-go|contents.xcworkspacedata|XML|10|0|0
459|./src/_00/output/Dart/alibaba~flutter-go/lib/widgets/components/Card/index.dart|alibaba|flutter-go|index.dart|Dart|10|6|3
460|./src/_00/output/Dart/alibaba~flutter-go/lib/widgets/components/Progress/LinearProgressIndicator/demo.dart|alibaba|flutter-go|demo.dart|Dart|10|0|1
461|./src/_00/output/Dart/alibaba~flutter-go/lib/widgets/components/Tab/index.dart|alibaba|flutter-go|index.dart|Dart|10|4|3
462|./src/_00/output/Dart/alibaba~flutter-go/lib/widgets/elements/Form/Input/index.dart|alibaba|flutter-go|index.dart|Dart|10|7|3
463|./src/_00/output/Dart/alibaba~flutter-go/lib/widgets/elements/Frame/Align/index.dart|alibaba|flutter-go|index.dart|Dart|10|0|2
464|./src/_00/output/Dart/alibaba~flutter-go/lib/widgets/elements/Frame/Expanded/index.dart|alibaba|flutter-go|index.dart|Dart|10|0|3
465|./src/_00/output/Dart/alibaba~flutter-go/lib/widgets/elements/Frame/Table/index.dart|alibaba|flutter-go|index.dart|Dart|10|0|2
466|./src/_00/output/Dart/alibaba~flutter-go/lib/widgets/elements/Media/index.dart|alibaba|flutter-go|index.dart|Dart|10|4|2
467|./src/_00/output/Dart/alibaba~flutter-go/lib/widgets/elements/index.dart|alibaba|flutter-go|index.dart|Dart|10|4|2
468|./src/_00/output/Dart/alibaba~flutter-go/.github/ISSUE_TEMPLATE/question.md|alibaba|flutter-go|question.md|Markdown|9|0|5
469|./src/_00/output/Dart/alibaba~flutter-go/go-cli/src/exception/demo.dart|alibaba|flutter-go|demo.dart|Dart|9|8|4
470|./src/_00/output/Dart/alibaba~flutter-go/ios/Flutter/flutter_export_environment.sh|alibaba|flutter-go|flutter_export_environment.sh|Bourne Shell|9|1|0
471|./src/_00/output/Dart/alibaba~flutter-go/lib/model/base.dart|alibaba|flutter-go|base.dart|Dart|9|0|1
472|./src/_00/output/Dart/alibaba~flutter-go/lib/page_demo_package/info.json|alibaba|flutter-go|info.json|JSON|9|0|8
473|./src/_00/output/Dart/alibaba~flutter-go/lib/standard_pages/PullToRefresh_chenfeihu_cd9b8b80_52ae_4241_9c8a_5c9e1f92b096/.page.json|alibaba|flutter-go|.page.json|JSON|9|0|1
474|./src/_00/output/Dart/alibaba~flutter-go/lib/standard_pages/RangeSlider_hanxu_cbffbf7c_52ae_4241_9c8a_5c9e1f92b096/.page.json|alibaba|flutter-go|.page.json|JSON|9|0|1
475|./src/_00/output/Dart/alibaba~flutter-go/lib/standard_pages/local_hnaxu_5d7178d0_42ae_4241_9c8a_5c9e1f92b096/.page.json|alibaba|flutter-go|.page.json|JSON|9|0|1
476|./src/_00/output/Dart/alibaba~flutter-go/lib/standard_pages/standard_for_slider_sanfan_8ab2b5c2_42ae_4241_9c8a_5c9e1f92b096/.page.json|alibaba|flutter-go|.page.json|JSON|9|0|1
477|./src/_00/output/Dart/alibaba~flutter-go/lib/standard_pages/standard_sanfan_ee4feb8e_32ae_4241_9c8a_5c9e1f92b096/.page.json|alibaba|flutter-go|.page.json|JSON|9|0|1
478|./src/_00/output/Dart/alibaba~flutter-go/lib/standard_pages/test_abc_84f38e00_42ae_4241_9c8a_5c9e1f92b096/.page.json|alibaba|flutter-go|.page.json|JSON|9|0|1
479|./src/_00/output/Dart/alibaba~flutter-go/android/app/src/main/res/drawable/launch_background.xml|alibaba|flutter-go|launch_background.xml|XML|8|2|1
480|./src/_00/output/Dart/alibaba~flutter-go/ios/Runner.xcworkspace/xcshareddata/IDEWorkspaceChecks.plist|alibaba|flutter-go|IDEWorkspaceChecks.plist|XML|8|0|0
481|./src/_00/output/Dart/alibaba~flutter-go/ios/Runner.xcworkspace/xcshareddata/WorkspaceSettings.xcsettings|alibaba|flutter-go|WorkspaceSettings.xcsettings|XML|8|0|0
482|./src/_00/output/Dart/alibaba~flutter-go/ios/Runner/Runner.entitlements|alibaba|flutter-go|Runner.entitlements|XML|8|0|0
483|./src/_00/output/Dart/alibaba~flutter-go/ios/Runner/main.m|alibaba|flutter-go|main.m|Objective-C|8|0|1
484|./src/_00/output/Dart/alibaba~flutter-go/lib/page_demo_package/PullToRefresh_chenfeihu_5553db80_52ae_4241_9c8a_5c9e1f92b096/.demo.json|alibaba|flutter-go|.demo.json|JSON|8|0|1
485|./src/_00/output/Dart/alibaba~flutter-go/lib/page_demo_package/RangeSlider_RangeSlider_e5f958bc_52ae_4241_9c8a_5c9e1f92b096/.demo.json|alibaba|flutter-go|.demo.json|JSON|8|0|0
486|./src/_00/output/Dart/alibaba~flutter-go/lib/page_demo_package/demoName_yourName_1a29aa8e_32ae_4241_9c8a_5c9e1f92b096/.demo.json|alibaba|flutter-go|.demo.json|JSON|8|0|1
487|./src/_00/output/Dart/alibaba~flutter-go/lib/page_demo_package/local_ab_2c1d57d0_42ae_4241_9c8a_5c9e1f92b096/.demo.json|alibaba|flutter-go|.demo.json|JSON|8|0|1
488|./src/_00/output/Dart/alibaba~flutter-go/lib/widgets/themes/index.dart|alibaba|flutter-go|index.dart|Dart|8|4|2
489|./src/_00/output/Dart/alibaba~flutter-go/README.md|alibaba|flutter-go|README.md|Markdown|7|0|10
490|./src/_00/output/Dart/alibaba~flutter-go/ios/Runner.xcodeproj/project.xcworkspace/contents.xcworkspacedata|alibaba|flutter-go|contents.xcworkspacedata|XML|7|0|0
491|./src/_00/output/Dart/alibaba~flutter-go/lib/widgets/elements/Media/Image/DecorationImagePainter/decoration_image_painter_demo.dart|alibaba|flutter-go|decoration_image_painter_demo.dart|Dart|7|23|5
492|./src/_00/output/Dart/alibaba~flutter-go/lib/widgets/elements/Media/Image/paintImage/paint_image_demo.dart|alibaba|flutter-go|paint_image_demo.dart|Dart|7|4|2
493|./src/_00/output/Dart/alibaba~flutter-go/lib/widgets/elements/Media/Image/precacheImage/precache_image_demo.dart|alibaba|flutter-go|precache_image_demo.dart|Dart|7|4|2
494|./src/_00/output/Dart/alibaba~flutter-go/android/app/.classpath|alibaba|flutter-go|.classpath|XML|6|0|0
495|./src/_00/output/Dart/alibaba~flutter-go/android/app/src/main/res/layout/activity_main.xml|alibaba|flutter-go|activity_main.xml|XML|6|0|2
496|./src/_00/output/Dart/alibaba~flutter-go/android/app/src/main/res/values/styles.xml|alibaba|flutter-go|styles.xml|XML|6|2|0
497|./src/_00/output/Dart/alibaba~flutter-go/ios/Runner/Assets.xcassets/Contents.json|alibaba|flutter-go|Contents.json|JSON|6|0|0
498|./src/_00/output/Dart/alibaba~flutter-go/lib/blocs/search_result.dart|alibaba|flutter-go|search_result.dart|Dart|5|8|1
499|./src/_00/output/Dart/alibaba~flutter-go/lib/utils/analytics.dart|alibaba|flutter-go|analytics.dart|Dart|5|1|1
500|./src/_00/output/Dart/alibaba~flutter-go/tools/getPR.sh|alibaba|flutter-go|getPR.sh|Bourne Shell|5|5|8
501|./src/_00/output/Dart/alibaba~flutter-go/android/app/src/profile/AndroidManifest.xml|alibaba|flutter-go|AndroidManifest.xml|XML|4|3|0
502|./src/_00/output/Dart/alibaba~flutter-go/ios/Runner/AppDelegate.h|alibaba|flutter-go|AppDelegate.h|C/C++ Header|4|0|2
503|./src/_00/output/Dart/alibaba~flutter-go/lib/components/flutter_markdown/lib/flutter_markdown.dart|alibaba|flutter-go|flutter_markdown.dart|Dart|4|4|2
504|./src/_00/output/Dart/alibaba~flutter-go/lib/event/event_bus.dart|alibaba|flutter-go|event_bus.dart|Dart|4|0|1
505|./src/_00/output/Dart/alibaba~flutter-go/lib/resources/shared_preferences_keys.dart|alibaba|flutter-go|shared_preferences_keys.dart|Dart|4|28|4
506|./src/_00/output/Dart/alibaba~flutter-go/go-cli/config.json|alibaba|flutter-go|config.json|JSON|3|0|0
507|./src/_00/output/Dart/alibaba~flutter-go/ios/Runner/Assets.xcassets/LaunchImage.imageset/README.md|alibaba|flutter-go|README.md|Markdown|3|0|2
508|./src/_00/output/Dart/alibaba~flutter-go/android/.settings/org.eclipse.buildship.core.prefs|alibaba|flutter-go|org.eclipse.buildship.core.prefs|INI|2|0|0
509|./src/_00/output/Dart/alibaba~flutter-go/android/app/.settings/org.eclipse.buildship.core.prefs|alibaba|flutter-go|org.eclipse.buildship.core.prefs|INI|2|0|0
510|./src/_00/output/Dart/alibaba~flutter-go/go-cli/src/config.dart|alibaba|flutter-go|config.dart|Dart|2|1|1
511|./src/_00/output/Dart/alibaba~flutter-go/lib/page_demo_package/PullToRefresh_chenfeihu_5553db80_52ae_4241_9c8a_5c9e1f92b096/index.dart|alibaba|flutter-go|index.dart|Dart|2|7|2
512|./src/_00/output/Dart/alibaba~flutter-go/lib/page_demo_package/RangeSlider_RangeSlider_e5f958bc_52ae_4241_9c8a_5c9e1f92b096/index.dart|alibaba|flutter-go|index.dart|Dart|2|7|2
513|./src/_00/output/Dart/alibaba~flutter-go/lib/page_demo_package/demoName_yourName_1a29aa8e_32ae_4241_9c8a_5c9e1f92b096/index.dart|alibaba|flutter-go|index.dart|Dart|2|7|2
514|./src/_00/output/Dart/alibaba~flutter-go/lib/page_demo_package/local_ab_2c1d57d0_42ae_4241_9c8a_5c9e1f92b096/index.dart|alibaba|flutter-go|index.dart|Dart|2|7|2
515|./src/_00/output/Dart/alibaba~flutter-go/CONTRIBUTING.md|alibaba|flutter-go|CONTRIBUTING.md|Markdown|1|0|0
516|./src/_00/output/Dart/alibaba~flutter-go/android/app/release/output.json|alibaba|flutter-go|output.json|JSON|1|0|0
517|./src/_00/output/Dart/alibaba~flutter-go/go-cli/src/version.dart|alibaba|flutter-go|version.dart|Dart|1|0|0
518|./src/_00/output/Dart/alibaba~flutter-go/ios/Runner/Runner-Bridging-Header.h|alibaba|flutter-go|Runner-Bridging-Header.h|C/C++ Header|1|0|0
519|./src/_00/output/Dart/alibaba~flutter-go/lib/page_demo_package/.demo.json|alibaba|flutter-go|.demo.json|JSON|1|0|0
520|./src/_00/output/Dart/alibaba~flutter-go/lib/standard_pages/.pages.json|alibaba|flutter-go|.pages.json|JSON|1|0|0
521|./src/_00/output/Dart/alibaba~flutter-go/test/imp2.dart|alibaba|flutter-go|imp2.dart|Dart|1|0|0
522|./src/_00/output/Dart/alibaba~flutter-go/lib/model/cat.dart|alibaba|flutter-go|cat.dart|Dart|0|107|0
523|./src/_00/output/Dart/alibaba~flutter-go/lib/widgets/components/Progress/RefreshProgressIndicator/demo.dart|alibaba|flutter-go|demo.dart|Dart|0|0|1
524|./src/_00/output/Dart/alibaba~flutter-go/lib/widgets/themes/Material/MaterialApp/demo.dart|alibaba|flutter-go|demo.dart|Dart|0|29|1
