Unnamed: 0|path|owner|project|file|language|code|comment|blank
0|./src/_00/output/Dart/alibaba~flutter_boost/doc/api/boost_flutter_binding/BoostFlutterBinding-mixin.html|alibaba|flutter_boost|BoostFlutterBinding-mixin.html|HTML|1258|0|477
1|./src/_00/output/Dart/alibaba~flutter_boost/doc/api/static-assets/styles.css|alibaba|flutter_boost|styles.css|CSS|816|22|184
2|./src/_00/output/Dart/alibaba~flutter_boost/doc/api/static-assets/highlight.pack.js|alibaba|flutter_boost|highlight.pack.js|JavaScript|770|5|0
3|./src/_00/output/Dart/alibaba~flutter_boost/doc/api/boost_container/NavigatorExtState-class.html|alibaba|flutter_boost|NavigatorExtState-class.html|HTML|720|0|294
4|./src/_00/output/Dart/alibaba~flutter_boost/lib/src/flutter_boost_app.dart|alibaba|flutter_boost|flutter_boost_app.dart|Dart|690|57|109
5|./src/_00/output/Dart/alibaba~flutter_boost/android/src/main/java/com/idlefish/flutterboost/Messages.java|alibaba|flutter_boost|Messages.java|Java|566|14|33
6|./src/_00/output/Dart/alibaba~flutter_boost/doc/api/flutter_boost_app/FlutterBoostAppState-class.html|alibaba|flutter_boost|FlutterBoostAppState-class.html|HTML|524|0|288
7|./src/_00/output/Dart/alibaba~flutter_boost/example/lib/case/image_pick.dart|alibaba|flutter_boost|image_pick.dart|Dart|505|12|33
8|./src/_00/output/Dart/alibaba~flutter_boost/example/lib/flutter_page.dart|alibaba|flutter_boost|flutter_page.dart|Dart|493|3|17
9|./src/_00/output/Dart/alibaba~flutter_boost/ios/Classes/messages.m|alibaba|flutter_boost|messages.m|Objective-C|493|5|28
10|./src/_00/output/Dart/alibaba~flutter_boost/docs/install.md|alibaba|flutter_boost|install.md|Markdown|481|0|132
11|./src/_00/output/Dart/alibaba~flutter_boost/lib/src/messages.dart|alibaba|flutter_boost|messages.dart|Dart|473|10|36
12|./src/_00/output/Dart/alibaba~flutter_boost/example/lib/case/webview_flutter_demo.dart|alibaba|flutter_boost|webview_flutter_demo.dart|Dart|457|17|44
13|./src/_00/output/Dart/alibaba~flutter_boost/example/lib/main.dart|alibaba|flutter_boost|main.dart|Dart|427|28|27
14|./src/_00/output/Dart/alibaba~flutter_boost/android/src/main/java/com/idlefish/flutterboost/containers/FlutterBoostFragment.java|alibaba|flutter_boost|FlutterBoostFragment.java|Java|396|43|76
15|./src/_00/output/Dart/alibaba~flutter_boost/doc/api/static-assets/script.js|alibaba|flutter_boost|script.js|JavaScript|392|21|88
16|./src/_00/output/Dart/alibaba~flutter_boost/CHANGELOG.md|alibaba|flutter_boost|CHANGELOG.md|Markdown|376|0|91
17|./src/_00/output/Dart/alibaba~flutter_boost/android/src/main/java/com/idlefish/flutterboost/FlutterBoostPlugin.java|alibaba|flutter_boost|FlutterBoostPlugin.java|Java|366|10|48
18|./src/_00/output/Dart/alibaba~flutter_boost/doc/api/boost_container/NavigatorExt-class.html|alibaba|flutter_boost|NavigatorExt-class.html|HTML|356|0|153
19|./src/_00/output/Dart/alibaba~flutter_boost/example_new_for_ios/macos/Runner/Base.lproj/MainMenu.xib|alibaba|flutter_boost|MainMenu.xib|XML|339|0|0
20|./src/_00/output/Dart/alibaba~flutter_boost/android/src/main/java/com/idlefish/flutterboost/containers/FlutterBoostActivity.java|alibaba|flutter_boost|FlutterBoostActivity.java|Java|319|29|66
21|./src/_00/output/Dart/alibaba~flutter_boost/doc/api/boost_container/BoostContainerState-class.html|alibaba|flutter_boost|BoostContainerState-class.html|HTML|319|0|150
22|./src/_00/output/Dart/alibaba~flutter_boost/doc/api/boost_container/BoostContainer-class.html|alibaba|flutter_boost|BoostContainer-class.html|HTML|305|0|143
23|./src/_00/output/Dart/alibaba~flutter_boost/doc/api/page_visibility/PageVisibilityBinding-class.html|alibaba|flutter_boost|PageVisibilityBinding-class.html|HTML|294|0|183
24|./src/_00/output/Dart/alibaba~flutter_boost/INTEGRATION.md|alibaba|flutter_boost|INTEGRATION.md|Markdown|281|0|56
25|./src/_00/output/Dart/alibaba~flutter_boost/doc/api/flutter_boost_app/FlutterBoostApp-class.html|alibaba|flutter_boost|FlutterBoostApp-class.html|HTML|281|0|134
26|./src/_00/output/Dart/alibaba~flutter_boost/doc/api/boost_navigator/BoostNavigator-class.html|alibaba|flutter_boost|BoostNavigator-class.html|HTML|279|0|142
27|./src/_00/output/Dart/alibaba~flutter_boost/doc/api/flutter_boost_app/BoostPage-class.html|alibaba|flutter_boost|BoostPage-class.html|HTML|279|0|135
28|./src/_00/output/Dart/alibaba~flutter_boost/doc/api/boost_container/BoostContainerWidget-class.html|alibaba|flutter_boost|BoostContainerWidget-class.html|HTML|269|0|126
29|./src/_00/output/Dart/alibaba~flutter_boost/doc/api/boost_flutter_router_api/BoostFlutterRouterApi-class.html|alibaba|flutter_boost|BoostFlutterRouterApi-class.html|HTML|260|0|142
30|./src/_00/output/Dart/alibaba~flutter_boost/example_new_for_ios/ios/Runner/SnapKit/Constraint.swift|alibaba|flutter_boost|Constraint.swift|Swift|259|37|45
31|./src/_00/output/Dart/alibaba~flutter_boost/doc/api/messages/FlutterRouterApi-class.html|alibaba|flutter_boost|FlutterRouterApi-class.html|HTML|245|0|148
32|./src/_00/output/Dart/alibaba~flutter_boost/doc/api/flutter_boost_app/FlutterBoostAppState/build.html|alibaba|flutter_boost|build.html|HTML|240|0|52
33|./src/_00/output/Dart/alibaba~flutter_boost/example_new_for_ios/lib/pages/main_page.dart|alibaba|flutter_boost|main_page.dart|Dart|237|12|23
34|./src/_00/output/Dart/alibaba~flutter_boost/doc/api/boost_lifecycle_binding/BoostLifecycleBinding-class.html|alibaba|flutter_boost|BoostLifecycleBinding-class.html|HTML|235|0|143
35|./src/_00/output/Dart/alibaba~flutter_boost/ios/Classes/container/FBFlutterViewContainer.m|alibaba|flutter_boost|FBFlutterViewContainer.m|Objective-C|234|51|47
36|./src/_00/output/Dart/alibaba~flutter_boost/doc/api/flutter_boost_app/BoostNavigatorObserver-class.html|alibaba|flutter_boost|BoostNavigatorObserver-class.html|HTML|232|0|115
37|./src/_00/output/Dart/alibaba~flutter_boost/example/lib/simple_page_widgets.dart|alibaba|flutter_boost|simple_page_widgets.dart|Dart|230|29|26
38|./src/_00/output/Dart/alibaba~flutter_boost/doc/api/index.html|alibaba|flutter_boost|index.html|HTML|227|0|61
39|./src/_00/output/Dart/alibaba~flutter_boost/doc/api/messages/FlutterRouterApi/setup.html|alibaba|flutter_boost|setup.html|HTML|225|0|52
40|./src/_00/output/Dart/alibaba~flutter_boost/android/src/main/java/com/idlefish/flutterboost/FlutterBoost.java|alibaba|flutter_boost|FlutterBoost.java|Java|215|91|52
41|./src/_00/output/Dart/alibaba~flutter_boost/doc/api/boost_container/BoostContainerState/build.html|alibaba|flutter_boost|build.html|HTML|215|0|52
42|./src/_00/output/Dart/alibaba~flutter_boost/doc/api/boost_flutter_binding/BoostFlutterBinding/handleAppLifecycleStateChanged.html|alibaba|flutter_boost|handleAppLifecycleStateChanged.html|HTML|214|0|51
43|./src/_00/output/Dart/alibaba~flutter_boost/doc/api/boost_flutter_binding/BoostFlutterBinding/initInstances.html|alibaba|flutter_boost|initInstances.html|HTML|213|0|51
44|./src/_00/output/Dart/alibaba~flutter_boost/doc/api/messages/CommonParams-class.html|alibaba|flutter_boost|CommonParams-class.html|HTML|213|0|115
45|./src/_00/output/Dart/alibaba~flutter_boost/example/android/app/src/main/java/com/idlefish/flutterboost/containers/FlutterBoostView.java|alibaba|flutter_boost|FlutterBoostView.java|Java|207|0|37
46|./src/_00/output/Dart/alibaba~flutter_boost/doc/api/overlay_entry/BoostSpecificEntryRefreshMode-class.html|alibaba|flutter_boost|BoostSpecificEntryRefreshMode-class.html|HTML|203|0|102
47|./src/_00/output/Dart/alibaba~flutter_boost/doc/api/messages/NativeRouterApi-class.html|alibaba|flutter_boost|NativeRouterApi-class.html|HTML|202|0|118
48|./src/_00/output/Dart/alibaba~flutter_boost/doc/api/boost_flutter_binding/BoostFlutterBinding/changeAppLifecycleState.html|alibaba|flutter_boost|changeAppLifecycleState.html|HTML|201|0|52
49|./src/_00/output/Dart/alibaba~flutter_boost/doc/api/page_visibility/GlobalPageVisibilityObserver-class.html|alibaba|flutter_boost|GlobalPageVisibilityObserver-class.html|HTML|201|0|119
50|./src/_00/output/Dart/alibaba~flutter_boost/doc/api/boost_flutter_binding/BoostFlutterBinding/instance.html|alibaba|flutter_boost|instance.html|HTML|199|0|52
51|./src/_00/output/Dart/alibaba~flutter_boost/doc/api/boost_interceptor/PushInterceptorHandler-class.html|alibaba|flutter_boost|PushInterceptorHandler-class.html|HTML|191|0|101
52|./src/_00/output/Dart/alibaba~flutter_boost/doc/api/boost_container/NavigatorExtState/pop.html|alibaba|flutter_boost|pop.html|HTML|189|0|51
53|./src/_00/output/Dart/alibaba~flutter_boost/doc/api/messages/StackInfo-class.html|alibaba|flutter_boost|StackInfo-class.html|HTML|189|0|103
54|./src/_00/output/Dart/alibaba~flutter_boost/doc/api/page_visibility/PageVisibilityObserver-class.html|alibaba|flutter_boost|PageVisibilityObserver-class.html|HTML|189|0|105
55|./src/_00/output/Dart/alibaba~flutter_boost/doc/api/boost_flutter_binding/BoostFlutterBinding/BoostFlutterBinding.html|alibaba|flutter_boost|BoostFlutterBinding.html|HTML|188|0|48
56|./src/_00/output/Dart/alibaba~flutter_boost/doc/api/boost_navigator/PageInfo-class.html|alibaba|flutter_boost|PageInfo-class.html|HTML|188|0|99
57|./src/_00/output/Dart/alibaba~flutter_boost/doc/api/boost_interceptor/InterceptorResultType-class.html|alibaba|flutter_boost|InterceptorResultType-class.html|HTML|187|0|99
58|./src/_00/output/Dart/alibaba~flutter_boost/docs/routeAPI.md|alibaba|flutter_boost|routeAPI.md|Markdown|186|0|46
59|./src/_00/output/Dart/alibaba~flutter_boost/doc/api/flutter_boost_app/FlutterBoostAppState/initState.html|alibaba|flutter_boost|initState.html|HTML|182|0|55
60|./src/_00/output/Dart/alibaba~flutter_boost/doc/api/flutter_boost_app/FlutterBoostAppState/popUntil.html|alibaba|flutter_boost|popUntil.html|HTML|182|0|56
61|./src/_00/output/Dart/alibaba~flutter_boost/lib/src/page_visibility.dart|alibaba|flutter_boost|page_visibility.dart|Dart|182|25|55
62|./src/_00/output/Dart/alibaba~flutter_boost/doc/api/boost_channel/BoostChannel-class.html|alibaba|flutter_boost|BoostChannel-class.html|HTML|177|0|96
63|./src/_00/output/Dart/alibaba~flutter_boost/doc/api/boost_interceptor/BoostInterceptorOption-class.html|alibaba|flutter_boost|BoostInterceptorOption-class.html|HTML|174|0|89
64|./src/_00/output/Dart/alibaba~flutter_boost/doc/api/flutter_boost_app/FlutterBoostAppState/pop.html|alibaba|flutter_boost|pop.html|HTML|172|0|55
65|./src/_00/output/Dart/alibaba~flutter_boost/example_new_for_ios/ios/Runner/SnapKit/ConstraintConstantTarget.swift|alibaba|flutter_boost|ConstraintConstantTarget.swift|Swift|172|22|19
66|./src/_00/output/Dart/alibaba~flutter_boost/doc/api/logger/Logger-class.html|alibaba|flutter_boost|Logger-class.html|HTML|170|0|95
67|./src/_00/output/Dart/alibaba~flutter_boost/doc/api/boost_interceptor/InterceptorState-class.html|alibaba|flutter_boost|InterceptorState-class.html|HTML|169|0|91
68|./src/_00/output/Dart/alibaba~flutter_boost/example/android/app/src/main/java/io/flutter/embedding/android/LifecycleView.java|alibaba|flutter_boost|LifecycleView.java|Java|169|11|41
69|./src/_00/output/Dart/alibaba~flutter_boost/example/lib/case/radial_hero_animation.dart|alibaba|flutter_boost|radial_hero_animation.dart|Dart|169|12|17
70|./src/_00/output/Dart/alibaba~flutter_boost/doc/api/boost_interceptor/BoostInterceptor-class.html|alibaba|flutter_boost|BoostInterceptor-class.html|HTML|165|0|88
71|./src/_00/output/Dart/alibaba~flutter_boost/doc/api/flutter_boost_app/FlutterBoostAppState/dispose.html|alibaba|flutter_boost|dispose.html|HTML|165|0|51
72|./src/_00/output/Dart/alibaba~flutter_boost/example_new_for_ios/ios/Runner/SnapKit/ConstraintMaker.swift|alibaba|flutter_boost|ConstraintMaker.swift|Swift|165|22|37
73|./src/_00/output/Dart/alibaba~flutter_boost/lib/src/boost_container.dart|alibaba|flutter_boost|boost_container.dart|Dart|165|31|35
74|./src/_00/output/Dart/alibaba~flutter_boost/ios/Classes/FlutterBoost.m|alibaba|flutter_boost|FlutterBoost.m|Objective-C|164|27|36
75|./src/_00/output/Dart/alibaba~flutter_boost/doc/api/flutter_boost_app/FlutterBoostAppState/pushContainer.html|alibaba|flutter_boost|pushContainer.html|HTML|157|0|54
76|./src/_00/output/Dart/alibaba~flutter_boost/doc/api/boost_navigator/BoostNavigator/push.html|alibaba|flutter_boost|push.html|HTML|153|0|53
77|./src/_00/output/Dart/alibaba~flutter_boost/ios/Classes/FlutterBoostPlugin.m|alibaba|flutter_boost|FlutterBoostPlugin.m|Objective-C|153|29|27
78|./src/_00/output/Dart/alibaba~flutter_boost/doc/api/flutter_boost_app/FlutterBoostAppState/pushWithResult.html|alibaba|flutter_boost|pushWithResult.html|HTML|152|0|52
79|./src/_00/output/Dart/alibaba~flutter_boost/example/lib/tab/simple_widget.dart|alibaba|flutter_boost|simple_widget.dart|Dart|152|0|9
80|./src/_00/output/Dart/alibaba~flutter_boost/example_new_for_ios/ios/Runner/SnapKit/ConstraintAttributes.swift|alibaba|flutter_boost|ConstraintAttributes.swift|Swift|149|24|30
81|./src/_00/output/Dart/alibaba~flutter_boost/example/lib/case/test_input.dart|alibaba|flutter_boost|test_input.dart|Dart|148|2|11
82|./src/_00/output/Dart/alibaba~flutter_boost/doc/api/flutter_boost_app/FlutterBoostAppState/remove.html|alibaba|flutter_boost|remove.html|HTML|147|0|54
83|./src/_00/output/Dart/alibaba~flutter_boost/android/src/main/java/com/idlefish/flutterboost/FlutterBoostUtils.java|alibaba|flutter_boost|FlutterBoostUtils.java|Java|146|7|17
84|./src/_00/output/Dart/alibaba~flutter_boost/example_new_for_ios/ios/Runner/Controllers/HomeViewController.swift|alibaba|flutter_boost|HomeViewController.swift|Swift|146|27|41
85|./src/_00/output/Dart/alibaba~flutter_boost/lib/src/boost_lifecycle_binding.dart|alibaba|flutter_boost|boost_lifecycle_binding.dart|Dart|145|17|34
86|./src/_00/output/Dart/alibaba~flutter_boost/doc/api/flutter_boost_app/FlutterBoostAppState/onReceiveEventFromNative.html|alibaba|flutter_boost|onReceiveEventFromNative.html|HTML|144|0|55
87|./src/_00/output/Dart/alibaba~flutter_boost/example_new_for_ios/ios/Runner/SnapKit/ConstraintMakerExtendable.swift|alibaba|flutter_boost|ConstraintMakerExtendable.swift|Swift|144|22|29
88|./src/_00/output/Dart/alibaba~flutter_boost/doc/api/flutter_boost_app/FlutterBoostAppState/addEventListener.html|alibaba|flutter_boost|addEventListener.html|HTML|143|0|55
89|./src/_00/output/Dart/alibaba~flutter_boost/doc/api/boost_container/BoostContainerState/didUpdateWidget.html|alibaba|flutter_boost|didUpdateWidget.html|HTML|142|0|51
90|./src/_00/output/Dart/alibaba~flutter_boost/doc/api/boost_container/BoostContainerWidget/operator_equals.html|alibaba|flutter_boost|operator_equals.html|HTML|141|0|51
91|./src/_00/output/Dart/alibaba~flutter_boost/doc/api/flutter_boost_app/FlutterBoostAppState/pushPage.html|alibaba|flutter_boost|pushPage.html|HTML|141|0|52
92|./src/_00/output/Dart/alibaba~flutter_boost/doc/api/boost_container/BoostContainerState/dispose.html|alibaba|flutter_boost|dispose.html|HTML|140|0|51
93|./src/_00/output/Dart/alibaba~flutter_boost/doc/api/boost_container/BoostContainerState/initState.html|alibaba|flutter_boost|initState.html|HTML|139|0|51
94|./src/_00/output/Dart/alibaba~flutter_boost/doc/api/flutter_boost_app/FlutterBoostAppState/onContainerShow.html|alibaba|flutter_boost|onContainerShow.html|HTML|138|0|53
95|./src/_00/output/Dart/alibaba~flutter_boost/doc/api/flutter_boost_app/FlutterBoostAppState/refreshOnPush.html|alibaba|flutter_boost|refreshOnPush.html|HTML|137|0|52
96|./src/_00/output/Dart/alibaba~flutter_boost/example_new_for_ios/ios/Runner/SnapKit/ConstraintDSL.swift|alibaba|flutter_boost|ConstraintDSL.swift|Swift|137|25|47
97|./src/_00/output/Dart/alibaba~flutter_boost/doc/api/flutter_boost_app/FlutterBoostAppState/onNativeResult.html|alibaba|flutter_boost|onNativeResult.html|HTML|136|0|52
98|./src/_00/output/Dart/alibaba~flutter_boost/doc/api/boost_container/NavigatorExtState/NavigatorExtState.html|alibaba|flutter_boost|NavigatorExtState.html|HTML|135|0|48
99|./src/_00/output/Dart/alibaba~flutter_boost/doc/api/flutter_boost_app/FlutterBoostAppState/pendNativeResult.html|alibaba|flutter_boost|pendNativeResult.html|HTML|135|0|52
100|./src/_00/output/Dart/alibaba~flutter_boost/doc/api/flutter_boost_app/FlutterBoostAppState/refreshOnMoveToTop.html|alibaba|flutter_boost|refreshOnMoveToTop.html|HTML|135|0|52
101|./src/_00/output/Dart/alibaba~flutter_boost/doc/api/flutter_boost_app/FlutterBoostAppState/refreshOnRemove.html|alibaba|flutter_boost|refreshOnRemove.html|HTML|135|0|52
102|./src/_00/output/Dart/alibaba~flutter_boost/doc/api/flutter_boost_app/FlutterBoostAppState/refresh.html|alibaba|flutter_boost|refresh.html|HTML|134|0|53
103|./src/_00/output/Dart/alibaba~flutter_boost/doc/api/flutter_boost_app/FlutterBoostAppState/pageSize.html|alibaba|flutter_boost|pageSize.html|HTML|133|0|52
104|./src/_00/output/Dart/alibaba~flutter_boost/doc/api/flutter_boost_app/FlutterBoostAppState/getTopPageInfo.html|alibaba|flutter_boost|getTopPageInfo.html|HTML|132|0|52
105|./src/_00/output/Dart/alibaba~flutter_boost/doc/api/flutter_boost_app/FlutterBoostAppState/interceptors.html|alibaba|flutter_boost|interceptors.html|HTML|132|0|53
106|./src/_00/output/Dart/alibaba~flutter_boost/doc/api/flutter_boost_app/FlutterBoostAppState/popWithResult.html|alibaba|flutter_boost|popWithResult.html|HTML|132|0|52
107|./src/_00/output/Dart/alibaba~flutter_boost/doc/api/flutter_boost_app/FlutterBoostAppState/removeWithResult.html|alibaba|flutter_boost|removeWithResult.html|HTML|132|0|52
108|./src/_00/output/Dart/alibaba~flutter_boost/doc/api/flutter_boost_app/FlutterBoostAppState/onContainerHide.html|alibaba|flutter_boost|onContainerHide.html|HTML|131|0|52
109|./src/_00/output/Dart/alibaba~flutter_boost/doc/api/overlay_entry/overlay_entry-library.html|alibaba|flutter_boost|overlay_entry-library.html|HTML|130|0|73
110|./src/_00/output/Dart/alibaba~flutter_boost/example/lib/case/apng_vs_gif_route.dart|alibaba|flutter_boost|apng_vs_gif_route.dart|Dart|130|1|9
111|./src/_00/output/Dart/alibaba~flutter_boost/example_new_for_ios/lib/main.dart|alibaba|flutter_boost|main.dart|Dart|130|18|19
112|./src/_00/output/Dart/alibaba~flutter_boost/android/gradlew|alibaba|flutter_boost|gradlew|Bourne Shell|129|22|21
113|./src/_00/output/Dart/alibaba~flutter_boost/doc/api/boost_container/BoostContainerWidget/hashCode.html|alibaba|flutter_boost|hashCode.html|HTML|129|0|52
114|./src/_00/output/Dart/alibaba~flutter_boost/doc/api/flutter_boost_app/FlutterBoostAppState/boostFlutterRouterApi.html|alibaba|flutter_boost|boostFlutterRouterApi.html|HTML|129|0|53
115|./src/_00/output/Dart/alibaba~flutter_boost/doc/api/flutter_boost_app/FlutterBoostAppState/containers.html|alibaba|flutter_boost|containers.html|HTML|129|0|53
116|./src/_00/output/Dart/alibaba~flutter_boost/doc/api/flutter_boost_app/FlutterBoostAppState/nativeRouterApi.html|alibaba|flutter_boost|nativeRouterApi.html|HTML|129|0|53
117|./src/_00/output/Dart/alibaba~flutter_boost/doc/api/flutter_boost_app/FlutterBoostAppState/onBackground.html|alibaba|flutter_boost|onBackground.html|HTML|129|0|52
118|./src/_00/output/Dart/alibaba~flutter_boost/doc/api/flutter_boost_app/FlutterBoostAppState/onForeground.html|alibaba|flutter_boost|onForeground.html|HTML|129|0|52
119|./src/_00/output/Dart/alibaba~flutter_boost/doc/api/flutter_boost_app/FlutterBoostAppState/topContainer.html|alibaba|flutter_boost|topContainer.html|HTML|129|0|53
120|./src/_00/output/Dart/alibaba~flutter_boost/doc/api/overlay_entry/refreshSpecificOverlayEntries.html|alibaba|flutter_boost|refreshSpecificOverlayEntries.html|HTML|128|0|52
121|./src/_00/output/Dart/alibaba~flutter_boost/doc/api/boost_container/NavigatorExt/createState.html|alibaba|flutter_boost|createState.html|HTML|127|0|51
122|./src/_00/output/Dart/alibaba~flutter_boost/doc/api/boost_navigator/boost_navigator-library.html|alibaba|flutter_boost|boost_navigator-library.html|HTML|127|0|74
123|./src/_00/output/Dart/alibaba~flutter_boost/example/android/app/src/main/java/com/idlefish/flutterboost/example/RunBall.java|alibaba|flutter_boost|RunBall.java|Java|125|49|26
124|./src/_00/output/Dart/alibaba~flutter_boost/example/android/app/src/main/java/com/idlefish/flutterboost/example/tab/TabCustomViewActivity.java|alibaba|flutter_boost|TabCustomViewActivity.java|Java|125|7|24
125|./src/_00/output/Dart/alibaba~flutter_boost/example/lib/case/show_dialog_demo.dart|alibaba|flutter_boost|show_dialog_demo.dart|Dart|125|0|6
126|./src/_00/output/Dart/alibaba~flutter_boost/example/lib/case/system_ui_overlay_style.dart|alibaba|flutter_boost|system_ui_overlay_style.dart|Dart|125|4|10
127|./src/_00/output/Dart/alibaba~flutter_boost/doc/api/boost_interceptor/boost_interceptor-library.html|alibaba|flutter_boost|boost_interceptor-library.html|HTML|124|0|68
128|./src/_00/output/Dart/alibaba~flutter_boost/doc/api/flutter_boost_app/flutter_boost_app-library.html|alibaba|flutter_boost|flutter_boost_app-library.html|HTML|123|0|75
129|./src/_00/output/Dart/alibaba~flutter_boost/example/lib/case/flutter_rebuild_demo.dart|alibaba|flutter_boost|flutter_rebuild_demo.dart|Dart|123|0|9
130|./src/_00/output/Dart/alibaba~flutter_boost/example_new_for_ios/ios/Runner/SnapKit/Debugging.swift|alibaba|flutter_boost|Debugging.swift|Swift|123|22|24
131|./src/_00/output/Dart/alibaba~flutter_boost/doc/api/boost_container/BoostContainer/toString.html|alibaba|flutter_boost|toString.html|HTML|122|0|51
132|./src/_00/output/Dart/alibaba~flutter_boost/doc/api/flutter_boost_app/FlutterBoostAppState/FlutterBoostAppState.html|alibaba|flutter_boost|FlutterBoostAppState.html|HTML|122|0|48
133|./src/_00/output/Dart/alibaba~flutter_boost/example/lib/case/asset_image_route.dart|alibaba|flutter_boost|asset_image_route.dart|Dart|122|1|9
134|./src/_00/output/Dart/alibaba~flutter_boost/example_new_for_ios/ios/Runner/Assets.xcassets/AppIcon.appiconset/Contents.json|alibaba|flutter_boost|Contents.json|JSON|122|0|0
135|./src/_00/output/Dart/alibaba~flutter_boost/doc/api/page_visibility/PageVisibilityBinding/dispatchPageBackgroundEvent.html|alibaba|flutter_boost|dispatchPageBackgroundEvent.html|HTML|121|0|55
136|./src/_00/output/Dart/alibaba~flutter_boost/doc/api/page_visibility/PageVisibilityBinding/dispatchPageForgroundEvent.html|alibaba|flutter_boost|dispatchPageForgroundEvent.html|HTML|121|0|55
137|./src/_00/output/Dart/alibaba~flutter_boost/doc/api/page_visibility/PageVisibilityBinding/dispatchPageHideEvent.html|alibaba|flutter_boost|dispatchPageHideEvent.html|HTML|121|0|54
138|./src/_00/output/Dart/alibaba~flutter_boost/doc/api/page_visibility/PageVisibilityBinding/dispatchPageShowEvent.html|alibaba|flutter_boost|dispatchPageShowEvent.html|HTML|121|0|54
139|./src/_00/output/Dart/alibaba~flutter_boost/example/android/gradlew|alibaba|flutter_boost|gradlew|Bourne Again Shell|121|20|19
140|./src/_00/output/Dart/alibaba~flutter_boost/doc/api/boost_container/boost_container-library.html|alibaba|flutter_boost|boost_container-library.html|HTML|120|0|67
141|./src/_00/output/Dart/alibaba~flutter_boost/doc/api/flutter_boost_app/FlutterBoostApp/createState.html|alibaba|flutter_boost|createState.html|HTML|120|0|51
142|./src/_00/output/Dart/alibaba~flutter_boost/doc/api/flutter_boost_app/BoostPage/toString.html|alibaba|flutter_boost|toString.html|HTML|119|0|51
143|./src/_00/output/Dart/alibaba~flutter_boost/doc/api/boost_container/BoostContainerWidget/createState.html|alibaba|flutter_boost|createState.html|HTML|118|0|51
144|./src/_00/output/Dart/alibaba~flutter_boost/example/android/app/src/main/java/com/idlefish/flutterboost/example/tab/TabMainActivity.java|alibaba|flutter_boost|TabMainActivity.java|Java|118|12|27
145|./src/_00/output/Dart/alibaba~flutter_boost/example/lib/case/platform_view_perf.dart|alibaba|flutter_boost|platform_view_perf.dart|Dart|118|0|4
146|./src/_00/output/Dart/alibaba~flutter_boost/doc/api/boost_navigator/BoostNavigator/pushReplacement.html|alibaba|flutter_boost|pushReplacement.html|HTML|116|0|54
147|./src/_00/output/Dart/alibaba~flutter_boost/doc/api/flutter_boost_app/BoostNavigatorObserver/didRemove.html|alibaba|flutter_boost|didRemove.html|HTML|116|0|51
148|./src/_00/output/Dart/alibaba~flutter_boost/doc/api/page_visibility/PageVisibilityBinding/addObserver.html|alibaba|flutter_boost|addObserver.html|HTML|116|0|52
149|./src/_00/output/Dart/alibaba~flutter_boost/doc/api/messages/NativeRouterApi/popRoute.html|alibaba|flutter_boost|popRoute.html|HTML|115|0|52
150|./src/_00/output/Dart/alibaba~flutter_boost/doc/api/messages/NativeRouterApi/pushFlutterRoute.html|alibaba|flutter_boost|pushFlutterRoute.html|HTML|115|0|52
151|./src/_00/output/Dart/alibaba~flutter_boost/doc/api/messages/NativeRouterApi/pushNativeRoute.html|alibaba|flutter_boost|pushNativeRoute.html|HTML|115|0|52
152|./src/_00/output/Dart/alibaba~flutter_boost/doc/api/messages/NativeRouterApi/saveStackToHost.html|alibaba|flutter_boost|saveStackToHost.html|HTML|115|0|52
153|./src/_00/output/Dart/alibaba~flutter_boost/doc/api/messages/NativeRouterApi/sendEventToNative.html|alibaba|flutter_boost|sendEventToNative.html|HTML|115|0|52
154|./src/_00/output/Dart/alibaba~flutter_boost/doc/api/boost_container/NavigatorExt/NavigatorExt.html|alibaba|flutter_boost|NavigatorExt.html|HTML|114|0|48
155|./src/_00/output/Dart/alibaba~flutter_boost/doc/api/flutter_boost_app/BoostNavigatorObserver/didPush.html|alibaba|flutter_boost|didPush.html|HTML|114|0|51
156|./src/_00/output/Dart/alibaba~flutter_boost/doc/api/page_visibility/PageVisibilityBinding/dispatchGlobalPageHideEvent.html|alibaba|flutter_boost|dispatchGlobalPageHideEvent.html|HTML|114|0|54
157|./src/_00/output/Dart/alibaba~flutter_boost/doc/api/page_visibility/PageVisibilityBinding/dispatchGlobalPagePopEvent.html|alibaba|flutter_boost|dispatchGlobalPagePopEvent.html|HTML|114|0|54
158|./src/_00/output/Dart/alibaba~flutter_boost/doc/api/page_visibility/PageVisibilityBinding/dispatchGlobalPagePushEvent.html|alibaba|flutter_boost|dispatchGlobalPagePushEvent.html|HTML|114|0|54
159|./src/_00/output/Dart/alibaba~flutter_boost/doc/api/page_visibility/PageVisibilityBinding/dispatchGlobalPageShowEvent.html|alibaba|flutter_boost|dispatchGlobalPageShowEvent.html|HTML|114|0|54
160|./src/_00/output/Dart/alibaba~flutter_boost/doc/api/page_visibility/PageVisibilityBinding/removeObserver.html|alibaba|flutter_boost|removeObserver.html|HTML|114|0|52
161|./src/_00/output/Dart/alibaba~flutter_boost/doc/api/boost_lifecycle_binding/BoostLifecycleBinding/containerDidShow.html|alibaba|flutter_boost|containerDidShow.html|HTML|113|0|54
162|./src/_00/output/Dart/alibaba~flutter_boost/doc/api/flutter_boost_app/BoostPage/createRoute.html|alibaba|flutter_boost|createRoute.html|HTML|113|0|51
163|./src/_00/output/Dart/alibaba~flutter_boost/doc/api/messages/NativeRouterApi/getStackFromHost.html|alibaba|flutter_boost|getStackFromHost.html|HTML|113|0|52
164|./src/_00/output/Dart/alibaba~flutter_boost/doc/api/boost_container/BoostContainer/addPage.html|alibaba|flutter_boost|addPage.html|HTML|112|0|52
165|./src/_00/output/Dart/alibaba~flutter_boost/doc/api/boost_container/BoostContainer/removePage.html|alibaba|flutter_boost|removePage.html|HTML|112|0|52
166|./src/_00/output/Dart/alibaba~flutter_boost/doc/api/boost_navigator/BoostNavigator/routeFactory.html|alibaba|flutter_boost|routeFactory.html|HTML|112|0|63
167|./src/_00/output/Dart/alibaba~flutter_boost/doc/api/flutter_boost_app/BoostNavigatorObserver/didPop.html|alibaba|flutter_boost|didPop.html|HTML|112|0|51
168|./src/_00/output/Dart/alibaba~flutter_boost/doc/api/page_visibility/PageVisibilityBinding/dispatchPageShowEventOnPageShowFirstTime.html|alibaba|flutter_boost|dispatchPageShowEventOnPageShowFirstTime.html|HTML|112|0|52
169|./src/_00/output/Dart/alibaba~flutter_boost/doc/api/flutter_boost_app/FlutterBoostApp/FlutterBoostApp.html|alibaba|flutter_boost|FlutterBoostApp.html|HTML|111|0|49
170|./src/_00/output/Dart/alibaba~flutter_boost/doc/api/page_visibility/PageVisibilityBinding/addGlobalObserver.html|alibaba|flutter_boost|addGlobalObserver.html|HTML|111|0|52
171|./src/_00/output/Dart/alibaba~flutter_boost/doc/api/page_visibility/PageVisibilityBinding/removeGlobalObserver.html|alibaba|flutter_boost|removeGlobalObserver.html|HTML|111|0|52
172|./src/_00/output/Dart/alibaba~flutter_boost/android/src/main/java/com/idlefish/flutterboost/FlutterBoostSetupOptions.java|alibaba|flutter_boost|FlutterBoostSetupOptions.java|Java|110|4|24
173|./src/_00/output/Dart/alibaba~flutter_boost/doc/api/boost_flutter_router_api/BoostFlutterRouterApi/pushRoute.html|alibaba|flutter_boost|pushRoute.html|HTML|110|0|51
174|./src/_00/output/Dart/alibaba~flutter_boost/doc/api/boost_navigator/BoostNavigator/of.html|alibaba|flutter_boost|of.html|HTML|110|0|52
175|./src/_00/output/Dart/alibaba~flutter_boost/doc/api/page_visibility/PageVisibilityBinding/dispatchGlobalBackgroundEvent.html|alibaba|flutter_boost|dispatchGlobalBackgroundEvent.html|HTML|110|0|53
176|./src/_00/output/Dart/alibaba~flutter_boost/doc/api/page_visibility/PageVisibilityBinding/dispatchGlobalForgroundEvent.html|alibaba|flutter_boost|dispatchGlobalForgroundEvent.html|HTML|110|0|53
177|./src/_00/output/Dart/alibaba~flutter_boost/doc/api/page_visibility/PageVisibilityBinding/dispatchPagePopEvent.html|alibaba|flutter_boost|dispatchPagePopEvent.html|HTML|110|0|53
178|./src/_00/output/Dart/alibaba~flutter_boost/doc/api/page_visibility/PageVisibilityBinding/dispatchPagePushEvent.html|alibaba|flutter_boost|dispatchPagePushEvent.html|HTML|110|0|53
179|./src/_00/output/Dart/alibaba~flutter_boost/doc/api/boost_flutter_router_api/BoostFlutterRouterApi/sendEventToFlutter.html|alibaba|flutter_boost|sendEventToFlutter.html|HTML|109|0|51
180|./src/_00/output/Dart/alibaba~flutter_boost/doc/api/messages/messages-library.html|alibaba|flutter_boost|messages-library.html|HTML|109|0|67
181|./src/_00/output/Dart/alibaba~flutter_boost/doc/api/boost_interceptor/BoostInterceptorOption/toString.html|alibaba|flutter_boost|toString.html|HTML|108|0|51
182|./src/_00/output/Dart/alibaba~flutter_boost/doc/api/boost_channel/boost_channel-library.html|alibaba|flutter_boost|boost_channel-library.html|HTML|107|0|65
183|./src/_00/output/Dart/alibaba~flutter_boost/doc/api/boost_container/BoostContainerState/refreshContainer.html|alibaba|flutter_boost|refreshContainer.html|HTML|107|0|52
184|./src/_00/output/Dart/alibaba~flutter_boost/doc/api/boost_lifecycle_binding/BoostLifecycleBinding/containerDidPop.html|alibaba|flutter_boost|containerDidPop.html|HTML|107|0|53
185|./src/_00/output/Dart/alibaba~flutter_boost/doc/api/boost_navigator/BoostNavigator/remove.html|alibaba|flutter_boost|remove.html|HTML|107|0|52
186|./src/_00/output/Dart/alibaba~flutter_boost/doc/api/boost_container/BoostContainer/key.html|alibaba|flutter_boost|key.html|HTML|106|0|48
187|./src/_00/output/Dart/alibaba~flutter_boost/doc/api/boost_container/BoostContainer/navigator.html|alibaba|flutter_boost|navigator.html|HTML|106|0|53
188|./src/_00/output/Dart/alibaba~flutter_boost/doc/api/boost_container/BoostContainer/pageInfo.html|alibaba|flutter_boost|pageInfo.html|HTML|106|0|48
189|./src/_00/output/Dart/alibaba~flutter_boost/doc/api/boost_container/BoostContainer/pages.html|alibaba|flutter_boost|pages.html|HTML|106|0|53
190|./src/_00/output/Dart/alibaba~flutter_boost/doc/api/boost_container/BoostContainer/topPage.html|alibaba|flutter_boost|topPage.html|HTML|106|0|53
191|./src/_00/output/Dart/alibaba~flutter_boost/doc/api/boost_navigator/BoostNavigator/isFlutterPage.html|alibaba|flutter_boost|isFlutterPage.html|HTML|106|0|52
192|./src/_00/output/Dart/alibaba~flutter_boost/doc/api/overlay_entry/refreshAllOverlayEntries.html|alibaba|flutter_boost|refreshAllOverlayEntries.html|HTML|106|0|54
193|./src/_00/output/Dart/alibaba~flutter_boost/example_new_for_ios/lib/pages/lifecycle_test_page.dart|alibaba|flutter_boost|lifecycle_test_page.dart|Dart|106|5|18
194|./src/_00/output/Dart/alibaba~flutter_boost/doc/api/boost_container/BoostContainer/of.html|alibaba|flutter_boost|of.html|HTML|105|0|52
195|./src/_00/output/Dart/alibaba~flutter_boost/doc/api/boost_flutter_router_api/BoostFlutterRouterApi/onBackground.html|alibaba|flutter_boost|onBackground.html|HTML|105|0|51
196|./src/_00/output/Dart/alibaba~flutter_boost/doc/api/boost_flutter_router_api/BoostFlutterRouterApi/onContainerHide.html|alibaba|flutter_boost|onContainerHide.html|HTML|105|0|51
197|./src/_00/output/Dart/alibaba~flutter_boost/doc/api/boost_flutter_router_api/BoostFlutterRouterApi/onContainerShow.html|alibaba|flutter_boost|onContainerShow.html|HTML|105|0|51
198|./src/_00/output/Dart/alibaba~flutter_boost/doc/api/boost_flutter_router_api/BoostFlutterRouterApi/onForeground.html|alibaba|flutter_boost|onForeground.html|HTML|105|0|51
199|./src/_00/output/Dart/alibaba~flutter_boost/doc/api/boost_flutter_router_api/BoostFlutterRouterApi/onNativeResult.html|alibaba|flutter_boost|onNativeResult.html|HTML|105|0|51
200|./src/_00/output/Dart/alibaba~flutter_boost/doc/api/boost_flutter_router_api/BoostFlutterRouterApi/popRoute.html|alibaba|flutter_boost|popRoute.html|HTML|105|0|51
201|./src/_00/output/Dart/alibaba~flutter_boost/doc/api/boost_flutter_router_api/BoostFlutterRouterApi/removeRoute.html|alibaba|flutter_boost|removeRoute.html|HTML|105|0|51
202|./src/_00/output/Dart/alibaba~flutter_boost/doc/api/boost_lifecycle_binding/BoostLifecycleBinding/hasShownPageIds.html|alibaba|flutter_boost|hasShownPageIds.html|HTML|105|0|48
203|./src/_00/output/Dart/alibaba~flutter_boost/doc/api/boost_navigator/BoostNavigator/instance.html|alibaba|flutter_boost|instance.html|HTML|105|0|53
204|./src/_00/output/Dart/alibaba~flutter_boost/doc/api/boost_navigator/BoostNavigator/popUntil.html|alibaba|flutter_boost|popUntil.html|HTML|105|0|52
205|./src/_00/output/Dart/alibaba~flutter_boost/doc/api/page_visibility/PageVisibilityBinding/instance.html|alibaba|flutter_boost|instance.html|HTML|105|0|48
206|./src/_00/output/Dart/alibaba~flutter_boost/doc/api/page_visibility/page_visibility-library.html|alibaba|flutter_boost|page_visibility-library.html|HTML|105|0|62
207|./src/_00/output/Dart/alibaba~flutter_boost/test/pop_until.dart|alibaba|flutter_boost|pop_until.dart|Dart|105|1|10
208|./src/_00/output/Dart/alibaba~flutter_boost/doc/api/boost_container/BoostContainer/BoostContainer.html|alibaba|flutter_boost|BoostContainer.html|HTML|104|0|48
209|./src/_00/output/Dart/alibaba~flutter_boost/doc/api/boost_container/BoostContainer/numPages.html|alibaba|flutter_boost|numPages.html|HTML|104|0|52
210|./src/_00/output/Dart/alibaba~flutter_boost/doc/api/boost_container/BoostContainerState/container.html|alibaba|flutter_boost|container.html|HTML|104|0|53
211|./src/_00/output/Dart/alibaba~flutter_boost/doc/api/boost_flutter_router_api/BoostFlutterRouterApi/popUntilRoute.html|alibaba|flutter_boost|popUntilRoute.html|HTML|104|0|52
212|./src/_00/output/Dart/alibaba~flutter_boost/doc/api/boost_lifecycle_binding/BoostLifecycleBinding/routeDidPush.html|alibaba|flutter_boost|routeDidPush.html|HTML|104|0|52
213|./src/_00/output/Dart/alibaba~flutter_boost/doc/api/boost_navigator/BoostNavigator/appState.html|alibaba|flutter_boost|appState.html|HTML|104|0|48
214|./src/_00/output/Dart/alibaba~flutter_boost/doc/api/boost_navigator/BoostNavigator/getTopByContext.html|alibaba|flutter_boost|getTopByContext.html|HTML|104|0|52
215|./src/_00/output/Dart/alibaba~flutter_boost/doc/api/boost_navigator/BoostNavigator/getTopPageInfo.html|alibaba|flutter_boost|getTopPageInfo.html|HTML|104|0|52
216|./src/_00/output/Dart/alibaba~flutter_boost/doc/api/boost_navigator/BoostNavigator/pop.html|alibaba|flutter_boost|pop.html|HTML|104|0|52
217|./src/_00/output/Dart/alibaba~flutter_boost/doc/api/flutter_boost_app/BoostPage/create.html|alibaba|flutter_boost|create.html|HTML|104|0|52
218|./src/_00/output/Dart/alibaba~flutter_boost/doc/api/flutter_boost_app/BoostPage/didComplete.html|alibaba|flutter_boost|didComplete.html|HTML|104|0|52
219|./src/_00/output/Dart/alibaba~flutter_boost/doc/api/flutter_boost_app/BoostPage/popped.html|alibaba|flutter_boost|popped.html|HTML|104|0|53
220|./src/_00/output/Dart/alibaba~flutter_boost/doc/api/boost_flutter_router_api/BoostFlutterRouterApi/BoostFlutterRouterApi.html|alibaba|flutter_boost|BoostFlutterRouterApi.html|HTML|103|0|48
221|./src/_00/output/Dart/alibaba~flutter_boost/doc/api/boost_interceptor/PushInterceptorHandler/resolve.html|alibaba|flutter_boost|resolve.html|HTML|103|0|52
222|./src/_00/output/Dart/alibaba~flutter_boost/doc/api/boost_lifecycle_binding/BoostLifecycleBinding/containerDidPush.html|alibaba|flutter_boost|containerDidPush.html|HTML|103|0|52
223|./src/_00/output/Dart/alibaba~flutter_boost/doc/api/boost_lifecycle_binding/BoostLifecycleBinding/routeDidPop.html|alibaba|flutter_boost|routeDidPop.html|HTML|103|0|52
224|./src/_00/output/Dart/alibaba~flutter_boost/doc/api/boost_navigator/BoostNavigator/pageSize.html|alibaba|flutter_boost|pageSize.html|HTML|103|0|52
225|./src/_00/output/Dart/alibaba~flutter_boost/doc/api/flutter_boost_app/FlutterBoostApp/interceptors.html|alibaba|flutter_boost|interceptors.html|HTML|103|0|48
226|./src/_00/output/Dart/alibaba~flutter_boost/doc/api/messages/CommonParams/decode.html|alibaba|flutter_boost|decode.html|HTML|103|0|52
227|./src/_00/output/Dart/alibaba~flutter_boost/docs/lifecycle.md|alibaba|flutter_boost|lifecycle.md|Markdown|103|0|32
228|./src/_00/output/Dart/alibaba~flutter_boost/example/android/app/src/main/java/com/idlefish/flutterboost/example/FlutterFragmentPageActivity.java|alibaba|flutter_boost|FlutterFragmentPageActivity.java|Java|103|5|21
229|./src/_00/output/Dart/alibaba~flutter_boost/doc/api/messages/CommonParams/encode.html|alibaba|flutter_boost|encode.html|HTML|102|0|52
230|./src/_00/output/Dart/alibaba~flutter_boost/doc/api/boost_channel/BoostChannel/sendEventToNative.html|alibaba|flutter_boost|sendEventToNative.html|HTML|101|0|54
231|./src/_00/output/Dart/alibaba~flutter_boost/doc/api/boost_container/BoostContainerWidget/container.html|alibaba|flutter_boost|container.html|HTML|101|0|48
232|./src/_00/output/Dart/alibaba~flutter_boost/doc/api/boost_lifecycle_binding/BoostLifecycleBinding/appDidEnterBackground.html|alibaba|flutter_boost|appDidEnterBackground.html|HTML|101|0|52
233|./src/_00/output/Dart/alibaba~flutter_boost/doc/api/boost_lifecycle_binding/BoostLifecycleBinding/appDidEnterForeground.html|alibaba|flutter_boost|appDidEnterForeground.html|HTML|101|0|52
234|./src/_00/output/Dart/alibaba~flutter_boost/doc/api/boost_lifecycle_binding/BoostLifecycleBinding/containerDidHide.html|alibaba|flutter_boost|containerDidHide.html|HTML|101|0|52
235|./src/_00/output/Dart/alibaba~flutter_boost/doc/api/flutter_boost_app/BoostPage/BoostPage.html|alibaba|flutter_boost|BoostPage.html|HTML|101|0|48
236|./src/_00/output/Dart/alibaba~flutter_boost/doc/api/flutter_boost_app/BoostPage/pageInfo.html|alibaba|flutter_boost|pageInfo.html|HTML|101|0|48
237|./src/_00/output/Dart/alibaba~flutter_boost/doc/api/flutter_boost_app/BoostPage/route.html|alibaba|flutter_boost|route.html|HTML|101|0|53
238|./src/_00/output/Dart/alibaba~flutter_boost/doc/api/boost_lifecycle_binding/BoostLifecycleBinding/routeDidRemove.html|alibaba|flutter_boost|routeDidRemove.html|HTML|100|0|52
239|./src/_00/output/Dart/alibaba~flutter_boost/doc/api/flutter_boost_app/FlutterBoostApp/appBuilder.html|alibaba|flutter_boost|appBuilder.html|HTML|100|0|48
240|./src/_00/output/Dart/alibaba~flutter_boost/doc/api/flutter_boost_app/FlutterBoostApp/initialRoute.html|alibaba|flutter_boost|initialRoute.html|HTML|100|0|48
241|./src/_00/output/Dart/alibaba~flutter_boost/example/android/app/src/main/AndroidManifest.xml|alibaba|flutter_boost|AndroidManifest.xml|XML|100|9|16
242|./src/_00/output/Dart/alibaba~flutter_boost/doc/api/boost_flutter_router_api/BoostFlutterRouterApi/appState.html|alibaba|flutter_boost|appState.html|HTML|99|0|48
243|./src/_00/output/Dart/alibaba~flutter_boost/doc/api/overlay_entry/BoostSpecificEntryRefreshMode/toString.html|alibaba|flutter_boost|toString.html|HTML|99|0|49
244|./src/_00/output/Dart/alibaba~flutter_boost/doc/api/page_visibility/PageVisibilityObserver/onPageShow.html|alibaba|flutter_boost|onPageShow.html|HTML|99|0|52
245|./src/_00/output/Dart/alibaba~flutter_boost/android/src/main/java/com/idlefish/flutterboost/containers/FlutterTextureHooker.java|alibaba|flutter_boost|FlutterTextureHooker.java|Java|98|17|18
246|./src/_00/output/Dart/alibaba~flutter_boost/doc/api/boost_container/BoostContainerWidget/BoostContainerWidget.html|alibaba|flutter_boost|BoostContainerWidget.html|HTML|98|0|48
247|./src/_00/output/Dart/alibaba~flutter_boost/doc/api/boost_interceptor/InterceptorResultType/toString.html|alibaba|flutter_boost|toString.html|HTML|98|0|49
248|./src/_00/output/Dart/alibaba~flutter_boost/doc/api/boost_lifecycle_binding/BoostLifecycleBinding/instance.html|alibaba|flutter_boost|instance.html|HTML|98|0|48
249|./src/_00/output/Dart/alibaba~flutter_boost/doc/api/messages/FlutterRouterApi/onBackground.html|alibaba|flutter_boost|onBackground.html|HTML|98|0|52
250|./src/_00/output/Dart/alibaba~flutter_boost/doc/api/messages/FlutterRouterApi/onContainerHide.html|alibaba|flutter_boost|onContainerHide.html|HTML|98|0|52
251|./src/_00/output/Dart/alibaba~flutter_boost/doc/api/messages/FlutterRouterApi/onContainerShow.html|alibaba|flutter_boost|onContainerShow.html|HTML|98|0|52
252|./src/_00/output/Dart/alibaba~flutter_boost/doc/api/messages/FlutterRouterApi/onForeground.html|alibaba|flutter_boost|onForeground.html|HTML|98|0|52
253|./src/_00/output/Dart/alibaba~flutter_boost/doc/api/messages/FlutterRouterApi/onNativeResult.html|alibaba|flutter_boost|onNativeResult.html|HTML|98|0|52
254|./src/_00/output/Dart/alibaba~flutter_boost/doc/api/messages/FlutterRouterApi/popRoute.html|alibaba|flutter_boost|popRoute.html|HTML|98|0|52
255|./src/_00/output/Dart/alibaba~flutter_boost/doc/api/messages/FlutterRouterApi/pushRoute.html|alibaba|flutter_boost|pushRoute.html|HTML|98|0|52
256|./src/_00/output/Dart/alibaba~flutter_boost/doc/api/messages/FlutterRouterApi/removeRoute.html|alibaba|flutter_boost|removeRoute.html|HTML|98|0|52
257|./src/_00/output/Dart/alibaba~flutter_boost/doc/api/messages/FlutterRouterApi/sendEventToFlutter.html|alibaba|flutter_boost|sendEventToFlutter.html|HTML|98|0|52
258|./src/_00/output/Dart/alibaba~flutter_boost/example/lib/case/media_query.dart|alibaba|flutter_boost|media_query.dart|Dart|98|0|10
259|./src/_00/output/Dart/alibaba~flutter_boost/doc/api/boost_channel/BoostChannel/addEventListener.html|alibaba|flutter_boost|addEventListener.html|HTML|97|0|52
260|./src/_00/output/Dart/alibaba~flutter_boost/doc/api/boost_container/BoostContainerState/BoostContainerState.html|alibaba|flutter_boost|BoostContainerState.html|HTML|97|0|48
261|./src/_00/output/Dart/alibaba~flutter_boost/doc/api/messages/NativeRouterApi/NativeRouterApi.html|alibaba|flutter_boost|NativeRouterApi.html|HTML|97|0|48
262|./src/_00/output/Dart/alibaba~flutter_boost/doc/api/messages/StackInfo/decode.html|alibaba|flutter_boost|decode.html|HTML|97|0|52
263|./src/_00/output/Dart/alibaba~flutter_boost/lib/src/boost_navigator.dart|alibaba|flutter_boost|boost_navigator.dart|Dart|97|41|27
264|./src/_00/output/Dart/alibaba~flutter_boost/doc/api/boost_interceptor/BoostInterceptor/onPush.html|alibaba|flutter_boost|onPush.html|HTML|96|0|52
265|./src/_00/output/Dart/alibaba~flutter_boost/doc/api/boost_interceptor/PushInterceptorHandler/next.html|alibaba|flutter_boost|next.html|HTML|96|0|52
266|./src/_00/output/Dart/alibaba~flutter_boost/doc/api/messages/CommonParams/arguments.html|alibaba|flutter_boost|arguments.html|HTML|96|0|48
267|./src/_00/output/Dart/alibaba~flutter_boost/doc/api/messages/CommonParams/key.html|alibaba|flutter_boost|key.html|HTML|96|0|48
268|./src/_00/output/Dart/alibaba~flutter_boost/doc/api/messages/CommonParams/opaque.html|alibaba|flutter_boost|opaque.html|HTML|96|0|48
269|./src/_00/output/Dart/alibaba~flutter_boost/doc/api/messages/CommonParams/pageName.html|alibaba|flutter_boost|pageName.html|HTML|96|0|48
270|./src/_00/output/Dart/alibaba~flutter_boost/doc/api/messages/CommonParams/uniqueId.html|alibaba|flutter_boost|uniqueId.html|HTML|96|0|48
271|./src/_00/output/Dart/alibaba~flutter_boost/doc/api/messages/StackInfo/encode.html|alibaba|flutter_boost|encode.html|HTML|96|0|52
272|./src/_00/output/Dart/alibaba~flutter_boost/doc/api/logger/Logger/log.html|alibaba|flutter_boost|log.html|HTML|95|0|52
273|./src/_00/output/Dart/alibaba~flutter_boost/doc/api/boost_channel/BoostChannel/instance.html|alibaba|flutter_boost|instance.html|HTML|94|0|53
274|./src/_00/output/Dart/alibaba~flutter_boost/example_new_for_ios/ios/Runner/SnapKit/ConstraintView+Extensions.swift|alibaba|flutter_boost|ConstraintView+Extensions.swift|Swift|94|22|36
275|./src/_00/output/Dart/alibaba~flutter_boost/doc/api/boost_interceptor/BoostInterceptorOption/arguments.html|alibaba|flutter_boost|arguments.html|HTML|93|0|48
276|./src/_00/output/Dart/alibaba~flutter_boost/doc/api/boost_interceptor/BoostInterceptorOption/name.html|alibaba|flutter_boost|name.html|HTML|93|0|48
277|./src/_00/output/Dart/alibaba~flutter_boost/doc/api/boost_interceptor/PushInterceptorHandler/future.html|alibaba|flutter_boost|future.html|HTML|93|0|52
278|./src/_00/output/Dart/alibaba~flutter_boost/doc/api/boost_interceptor/PushInterceptorHandler/isCompleted.html|alibaba|flutter_boost|isCompleted.html|HTML|93|0|52
279|./src/_00/output/Dart/alibaba~flutter_boost/doc/api/boost_navigator/PageInfo/PageInfo.html|alibaba|flutter_boost|PageInfo.html|HTML|93|0|48
280|./src/_00/output/Dart/alibaba~flutter_boost/doc/api/messages/StackInfo/containers.html|alibaba|flutter_boost|containers.html|HTML|93|0|48
281|./src/_00/output/Dart/alibaba~flutter_boost/doc/api/messages/StackInfo/routes.html|alibaba|flutter_boost|routes.html|HTML|93|0|48
282|./src/_00/output/Dart/alibaba~flutter_boost/doc/api/page_visibility/GlobalPageVisibilityObserver/onBackground.html|alibaba|flutter_boost|onBackground.html|HTML|93|0|52
283|./src/_00/output/Dart/alibaba~flutter_boost/doc/api/page_visibility/GlobalPageVisibilityObserver/onForeground.html|alibaba|flutter_boost|onForeground.html|HTML|93|0|52
284|./src/_00/output/Dart/alibaba~flutter_boost/doc/api/page_visibility/GlobalPageVisibilityObserver/onPageHide.html|alibaba|flutter_boost|onPageHide.html|HTML|93|0|52
285|./src/_00/output/Dart/alibaba~flutter_boost/doc/api/page_visibility/GlobalPageVisibilityObserver/onPagePop.html|alibaba|flutter_boost|onPagePop.html|HTML|93|0|52
286|./src/_00/output/Dart/alibaba~flutter_boost/doc/api/page_visibility/GlobalPageVisibilityObserver/onPagePush.html|alibaba|flutter_boost|onPagePush.html|HTML|93|0|52
287|./src/_00/output/Dart/alibaba~flutter_boost/doc/api/page_visibility/GlobalPageVisibilityObserver/onPageShow.html|alibaba|flutter_boost|onPageShow.html|HTML|93|0|52
288|./src/_00/output/Dart/alibaba~flutter_boost/doc/api/page_visibility/PageVisibilityObserver/onPageHide.html|alibaba|flutter_boost|onPageHide.html|HTML|93|0|52
289|./src/_00/output/Dart/alibaba~flutter_boost/test/pop.dart|alibaba|flutter_boost|pop.dart|Dart|93|2|10
290|./src/_00/output/Dart/alibaba~flutter_boost/doc/api/boost_flutter_binding/boost_flutter_binding-library.html|alibaba|flutter_boost|boost_flutter_binding-library.html|HTML|92|0|57
291|./src/_00/output/Dart/alibaba~flutter_boost/doc/api/boost_flutter_router_api/boost_flutter_router_api-library.html|alibaba|flutter_boost|boost_flutter_router_api-library.html|HTML|92|0|57
292|./src/_00/output/Dart/alibaba~flutter_boost/doc/api/boost_navigator/PageInfo/arguments.html|alibaba|flutter_boost|arguments.html|HTML|92|0|48
293|./src/_00/output/Dart/alibaba~flutter_boost/doc/api/boost_navigator/PageInfo/pageName.html|alibaba|flutter_boost|pageName.html|HTML|92|0|48
294|./src/_00/output/Dart/alibaba~flutter_boost/doc/api/boost_navigator/PageInfo/uniqueId.html|alibaba|flutter_boost|uniqueId.html|HTML|92|0|48
295|./src/_00/output/Dart/alibaba~flutter_boost/doc/api/boost_navigator/PageInfo/withContainer.html|alibaba|flutter_boost|withContainer.html|HTML|92|0|48
296|./src/_00/output/Dart/alibaba~flutter_boost/doc/api/flutter_boost_app/BoostNavigatorObserver/BoostNavigatorObserver.html|alibaba|flutter_boost|BoostNavigatorObserver.html|HTML|92|0|48
297|./src/_00/output/Dart/alibaba~flutter_boost/doc/api/logger/Logger/error.html|alibaba|flutter_boost|error.html|HTML|92|0|52
298|./src/_00/output/Dart/alibaba~flutter_boost/doc/api/messages/FlutterRouterApi/FlutterRouterApi.html|alibaba|flutter_boost|FlutterRouterApi.html|HTML|92|0|48
299|./src/_00/output/Dart/alibaba~flutter_boost/doc/api/boost_lifecycle_binding/boost_lifecycle_binding-library.html|alibaba|flutter_boost|boost_lifecycle_binding-library.html|HTML|91|0|58
300|./src/_00/output/Dart/alibaba~flutter_boost/doc/api/logger/logger-library.html|alibaba|flutter_boost|logger-library.html|HTML|91|0|58
301|./src/_00/output/Dart/alibaba~flutter_boost/android/src/main/java/com/idlefish/flutterboost/containers/FlutterContainerManager.java|alibaba|flutter_boost|FlutterContainerManager.java|Java|90|6|21
302|./src/_00/output/Dart/alibaba~flutter_boost/doc/api/boost_interceptor/InterceptorState/data.html|alibaba|flutter_boost|data.html|HTML|90|0|48
303|./src/_00/output/Dart/alibaba~flutter_boost/doc/api/boost_interceptor/InterceptorState/type.html|alibaba|flutter_boost|type.html|HTML|90|0|48
304|./src/_00/output/Dart/alibaba~flutter_boost/doc/api/boost_navigator/routeFactoryWrapper.html|alibaba|flutter_boost|routeFactoryWrapper.html|HTML|90|0|50
305|./src/_00/output/Dart/alibaba~flutter_boost/doc/api/page_visibility/PageVisibilityObserver/onBackground.html|alibaba|flutter_boost|onBackground.html|HTML|90|0|52
306|./src/_00/output/Dart/alibaba~flutter_boost/doc/api/page_visibility/PageVisibilityObserver/onForeground.html|alibaba|flutter_boost|onForeground.html|HTML|90|0|52
307|./src/_00/output/Dart/alibaba~flutter_boost/doc/api/boost_interceptor/BoostInterceptorOption/BoostInterceptorOption.html|alibaba|flutter_boost|BoostInterceptorOption.html|HTML|89|0|48
308|./src/_00/output/Dart/alibaba~flutter_boost/doc/api/boost_interceptor/InterceptorState/InterceptorState.html|alibaba|flutter_boost|InterceptorState.html|HTML|89|0|48
309|./src/_00/output/Dart/alibaba~flutter_boost/doc/api/messages/CommonParams/CommonParams.html|alibaba|flutter_boost|CommonParams.html|HTML|89|0|48
310|./src/_00/output/Dart/alibaba~flutter_boost/example/lib/case/bottom_navigation_bar_demo.dart|alibaba|flutter_boost|bottom_navigation_bar_demo.dart|Dart|89|0|12
311|./src/_00/output/Dart/alibaba~flutter_boost/example_new_for_ios/macos/Runner.xcodeproj/xcshareddata/xcschemes/Runner.xcscheme|alibaba|flutter_boost|Runner.xcscheme|XML|89|0|0
312|./src/_00/output/Dart/alibaba~flutter_boost/lib/src/container_overlay.dart|alibaba|flutter_boost|container_overlay.dart|Dart|89|31|22
313|./src/_00/output/Dart/alibaba~flutter_boost/doc/api/page_visibility/GlobalPageVisibilityObserver/GlobalPageVisibilityObserver.html|alibaba|flutter_boost|GlobalPageVisibilityObserver.html|HTML|87|0|48
314|./src/_00/output/Dart/alibaba~flutter_boost/example/ios/Runner.xcodeproj/xcshareddata/xcschemes/Runner.xcscheme|alibaba|flutter_boost|Runner.xcscheme|XML|87|0|0
315|./src/_00/output/Dart/alibaba~flutter_boost/example/lib/case/image_cache_route.dart|alibaba|flutter_boost|image_cache_route.dart|Dart|87|0|5
316|./src/_00/output/Dart/alibaba~flutter_boost/example_new_for_ios/ios/Runner.xcodeproj/xcshareddata/xcschemes/Runner.xcscheme|alibaba|flutter_boost|Runner.xcscheme|XML|87|0|0
317|./src/_00/output/Dart/alibaba~flutter_boost/doc/api/messages/StackInfo/StackInfo.html|alibaba|flutter_boost|StackInfo.html|HTML|86|0|48
318|./src/_00/output/Dart/alibaba~flutter_boost/test/push_replacement.dart|alibaba|flutter_boost|push_replacement.dart|Dart|86|1|9
319|./src/_00/output/Dart/alibaba~flutter_boost/doc/api/boost_interceptor/PushInterceptorHandler/PushInterceptorHandler.html|alibaba|flutter_boost|PushInterceptorHandler.html|HTML|85|0|48
320|./src/_00/output/Dart/alibaba~flutter_boost/doc/api/page_visibility/PageVisibilityObserver/PageVisibilityObserver.html|alibaba|flutter_boost|PageVisibilityObserver.html|HTML|85|0|48
321|./src/_00/output/Dart/alibaba~flutter_boost/test/push.dart|alibaba|flutter_boost|push.dart|Dart|85|1|7
322|./src/_00/output/Dart/alibaba~flutter_boost/Frequently Asked Question.md|alibaba|flutter_boost|Frequently Asked Question.md|Markdown|84|0|12
323|./src/_00/output/Dart/alibaba~flutter_boost/doc/api/logger/Logger/Logger.html|alibaba|flutter_boost|Logger.html|HTML|84|0|48
324|./src/_00/output/Dart/alibaba~flutter_boost/doc/api/__404error.html|alibaba|flutter_boost|__404error.html|HTML|82|0|33
325|./src/_00/output/Dart/alibaba~flutter_boost/doc/api/boost_interceptor/BoostInterceptor/BoostInterceptor.html|alibaba|flutter_boost|BoostInterceptor.html|HTML|82|0|48
326|./src/_00/output/Dart/alibaba~flutter_boost/example/lib/case/rotation_transition.dart|alibaba|flutter_boost|rotation_transition.dart|Dart|82|6|14
327|./src/_00/output/Dart/alibaba~flutter_boost/example/lib/case/safe_area.dart|alibaba|flutter_boost|safe_area.dart|Dart|81|0|3
328|./src/_00/output/Dart/alibaba~flutter_boost/doc/api/boost_navigator/FlutterBoostRouteFactory.html|alibaba|flutter_boost|FlutterBoostRouteFactory.html|HTML|80|0|48
329|./src/_00/output/Dart/alibaba~flutter_boost/doc/api/overlay_entry/overlayKey.html|alibaba|flutter_boost|overlayKey.html|HTML|80|0|48
330|./src/_00/output/Dart/alibaba~flutter_boost/doc/api/flutter_boost_app/FlutterBoostAppBuilder.html|alibaba|flutter_boost|FlutterBoostAppBuilder.html|HTML|79|0|48
331|./src/_00/output/Dart/alibaba~flutter_boost/example/lib/case/clipboard_example.dart|alibaba|flutter_boost|clipboard_example.dart|Dart|78|1|4
332|./src/_00/output/Dart/alibaba~flutter_boost/example/lib/case/native_view_demo.dart|alibaba|flutter_boost|native_view_demo.dart|Dart|78|0|3
333|./src/_00/output/Dart/alibaba~flutter_boost/example_new_for_ios/ios/Runner/SnapKit/ConstraintMakerRelatable.swift|alibaba|flutter_boost|ConstraintMakerRelatable.swift|Swift|78|22|15
334|./src/_00/output/Dart/alibaba~flutter_boost/doc/api/static-assets/github.css|alibaba|flutter_boost|github.css|CSS|77|3|19
335|./src/_00/output/Dart/alibaba~flutter_boost/lib/src/boost_flutter_router_api.dart|alibaba|flutter_boost|boost_flutter_router_api.dart|Dart|77|8|17
336|./src/_00/output/Dart/alibaba~flutter_boost/doc/api/boost_channel/EventListener.html|alibaba|flutter_boost|EventListener.html|HTML|76|0|48
337|./src/_00/output/Dart/alibaba~flutter_boost/example/lib/case/transparent_widget.dart|alibaba|flutter_boost|transparent_widget.dart|Dart|76|1|4
338|./src/_00/output/Dart/alibaba~flutter_boost/example/android/app/src/main/java/com/idlefish/flutterboost/example/MainActivity.java|alibaba|flutter_boost|MainActivity.java|Java|73|1|16
339|./src/_00/output/Dart/alibaba~flutter_boost/example/lib/case/native_view.dart|alibaba|flutter_boost|native_view.dart|Dart|69|4|3
340|./src/_00/output/Dart/alibaba~flutter_boost/example_new_for_ios/ios/Runner/BoostDelegate.swift|alibaba|flutter_boost|BoostDelegate.swift|Swift|69|21|23
341|./src/_00/output/Dart/alibaba~flutter_boost/example/ios/Runner/AppDelegate.m|alibaba|flutter_boost|AppDelegate.m|Objective-C|68|15|34
342|./src/_00/output/Dart/alibaba~flutter_boost/example_new_for_ios/lib/pages/simple_page.dart|alibaba|flutter_boost|simple_page.dart|Dart|68|0|5
343|./src/_00/output/Dart/alibaba~flutter_boost/example_new_for_ios/macos/Runner/Assets.xcassets/AppIcon.appiconset/Contents.json|alibaba|flutter_boost|Contents.json|JSON|68|0|0
344|./src/_00/output/Dart/alibaba~flutter_boost/example/android/app/src/main/res/layout/native_page.xml|alibaba|flutter_boost|native_page.xml|XML|67|0|7
345|./src/_00/output/Dart/alibaba~flutter_boost/example/android/app/src/main/res/layout/trans_native_page.xml|alibaba|flutter_boost|trans_native_page.xml|XML|67|0|7
346|./src/_00/output/Dart/alibaba~flutter_boost/ios/Classes/messages.h|alibaba|flutter_boost|messages.h|C/C++ Header|67|8|11
347|./src/_00/output/Dart/alibaba~flutter_boost/test/initial_route.dart|alibaba|flutter_boost|initial_route.dart|Dart|66|1|6
348|./src/_00/output/Dart/alibaba~flutter_boost/.github/ISSUE_TEMPLATE/bug.yml|alibaba|flutter_boost|bug.yml|YAML|65|0|0
349|./src/_00/output/Dart/alibaba~flutter_boost/example/android/gradlew.bat|alibaba|flutter_boost|gradlew.bat|DOS Batch|64|2|24
350|./src/_00/output/Dart/alibaba~flutter_boost/android/src/main/java/com/idlefish/flutterboost/FlutterBoostRouteOptions.java|alibaba|flutter_boost|FlutterBoostRouteOptions.java|Java|63|3|18
351|./src/_00/output/Dart/alibaba~flutter_boost/example/ios/Runner/UIViewControllerDemo.xib|alibaba|flutter_boost|UIViewControllerDemo.xib|XML|63|0|0
352|./src/_00/output/Dart/alibaba~flutter_boost/example/lib/case/flutter_to_flutter_sample.dart|alibaba|flutter_boost|flutter_to_flutter_sample.dart|Dart|62|3|4
353|./src/_00/output/Dart/alibaba~flutter_boost/example_new_for_ios/ios/Runner/SnapKit/ConstraintViewDSL.swift|alibaba|flutter_boost|ConstraintViewDSL.swift|Swift|62|22|17
354|./src/_00/output/Dart/alibaba~flutter_boost/example/android/app/src/main/java/com/idlefish/flutterboost/example/NativePageActivity.java|alibaba|flutter_boost|NativePageActivity.java|Java|61|0|16
355|./src/_00/output/Dart/alibaba~flutter_boost/example/android/app/src/main/res/layout/tab_bottom.xml|alibaba|flutter_boost|tab_bottom.xml|XML|61|0|11
356|./src/_00/output/Dart/alibaba~flutter_boost/example/ios/Runner/Info.plist|alibaba|flutter_boost|Info.plist|XML|61|0|0
357|./src/_00/output/Dart/alibaba~flutter_boost/example/lib/case/details.dart|alibaba|flutter_boost|details.dart|Dart|61|0|2
358|./src/_00/output/Dart/alibaba~flutter_boost/android/gradlew.bat|alibaba|flutter_boost|gradlew.bat|DOS Batch|59|2|23
359|./src/_00/output/Dart/alibaba~flutter_boost/example/android/app/build.gradle|alibaba|flutter_boost|build.gradle|Gradle|59|10|13
360|./src/_00/output/Dart/alibaba~flutter_boost/example/android/app/src/main/java/com/idlefish/flutterboost/example/GlRenderer.java|alibaba|flutter_boost|GlRenderer.java|Java|59|9|14
361|./src/_00/output/Dart/alibaba~flutter_boost/README.md|alibaba|flutter_boost|README.md|Markdown|58|0|27
362|./src/_00/output/Dart/alibaba~flutter_boost/example/lib/case/popUntil.dart|alibaba|flutter_boost|popUntil.dart|Dart|57|1|6
363|./src/_00/output/Dart/alibaba~flutter_boost/example/lib/case/state_restoration.dart|alibaba|flutter_boost|state_restoration.dart|Dart|57|4|7
364|./src/_00/output/Dart/alibaba~flutter_boost/example/ios/Runner/MyFlutterBoostDelegate.m|alibaba|flutter_boost|MyFlutterBoostDelegate.m|Objective-C|56|17|18
365|./src/_00/output/Dart/alibaba~flutter_boost/example/android/app/src/main/java/com/idlefish/flutterboost/example/NativeRouter.java|alibaba|flutter_boost|NativeRouter.java|Java|55|0|16
366|./src/_00/output/Dart/alibaba~flutter_boost/README_CN.md|alibaba|flutter_boost|README_CN.md|Markdown|54|0|34
367|./src/_00/output/Dart/alibaba~flutter_boost/example/lib/case/hero_animation.dart|alibaba|flutter_boost|hero_animation.dart|Dart|54|6|3
368|./src/_00/output/Dart/alibaba~flutter_boost/example_new_for_ios/ios/Runner/SnapKit/LayoutConstraintItem.swift|alibaba|flutter_boost|LayoutConstraintItem.swift|Swift|54|22|17
369|./src/_00/output/Dart/alibaba~flutter_boost/pigeon/messages.dart|alibaba|flutter_boost|messages.dart|Dart|54|6|7
370|./src/_00/output/Dart/alibaba~flutter_boost/docs/event.md|alibaba|flutter_boost|event.md|Markdown|53|0|19
371|./src/_00/output/Dart/alibaba~flutter_boost/ios/Classes/container/FBFlutterContainerManager.m|alibaba|flutter_boost|FBFlutterContainerManager.m|Objective-C|53|23|11
372|./src/_00/output/Dart/alibaba~flutter_boost/example/lib/case/dual_screen.dart|alibaba|flutter_boost|dual_screen.dart|Dart|51|0|2
373|./src/_00/output/Dart/alibaba~flutter_boost/example/android/app/src/main/java/com/idlefish/flutterboost/example/SimpleTextView.java|alibaba|flutter_boost|SimpleTextView.java|Java|50|0|9
374|./src/_00/output/Dart/alibaba~flutter_boost/example/android/app/src/main/res/layout/flutter_fragment_page.xml|alibaba|flutter_boost|flutter_fragment_page.xml|XML|49|0|8
375|./src/_00/output/Dart/alibaba~flutter_boost/example/lib/case/willpop.dart|alibaba|flutter_boost|willpop.dart|Dart|46|0|4
376|./src/_00/output/Dart/alibaba~flutter_boost/example_new_for_ios/android/app/build.gradle|alibaba|flutter_boost|build.gradle|Gradle|46|3|10
377|./src/_00/output/Dart/alibaba~flutter_boost/example_new_for_ios/ios/Runner/Info.plist|alibaba|flutter_boost|Info.plist|XML|45|0|0
378|./src/_00/output/Dart/alibaba~flutter_boost/example/android/app/src/main/java/com/idlefish/flutterboost/example/FitSystemWindowFrameLayout.java|alibaba|flutter_boost|FitSystemWindowFrameLayout.java|Java|44|0|11
379|./src/_00/output/Dart/alibaba~flutter_boost/example/android/app/src/main/java/com/taobao/idlefish/flutterboostexample/FitSystemWindowFrameLayout.java|alibaba|flutter_boost|FitSystemWindowFrameLayout.java|Java|44|0|11
380|./src/_00/output/Dart/alibaba~flutter_boost/android/build.gradle|alibaba|flutter_boost|build.gradle|Gradle|43|0|10
381|./src/_00/output/Dart/alibaba~flutter_boost/android/src/main/java/com/idlefish/flutterboost/Assert.java|alibaba|flutter_boost|Assert.java|Java|43|50|13
382|./src/_00/output/Dart/alibaba~flutter_boost/example/ios/Runner/FLNativeView.m|alibaba|flutter_boost|FLNativeView.m|Objective-C|43|0|10
383|./src/_00/output/Dart/alibaba~flutter_boost/example/ios/Runner/NativeViewController.m|alibaba|flutter_boost|NativeViewController.m|Objective-C|43|19|13
384|./src/_00/output/Dart/alibaba~flutter_boost/example/ohos/entry/src/ohosTest/ets/testrunner/OpenHarmonyTestRunner.ts|alibaba|flutter_boost|OpenHarmonyTestRunner.ts|TypeScript|43|14|7
385|./src/_00/output/Dart/alibaba~flutter_boost/example_new_for_ios/ios/Runner/AppDelegate.swift|alibaba|flutter_boost|AppDelegate.swift|Swift|43|7|19
386|./src/_00/output/Dart/alibaba~flutter_boost/example/lib/case/counter_demo.dart|alibaba|flutter_boost|counter_demo.dart|Dart|42|36|8
387|./src/_00/output/Dart/alibaba~flutter_boost/lib/src/boost_channel.dart|alibaba|flutter_boost|boost_channel.dart|Dart|42|16|11
388|./src/_00/output/Dart/alibaba~flutter_boost/example/lib/case/platform_view.dart|alibaba|flutter_boost|platform_view.dart|Dart|41|0|9
389|./src/_00/output/Dart/alibaba~flutter_boost/example/lib/case/simple_webview.dart|alibaba|flutter_boost|simple_webview.dart|Dart|41|9|9
390|./src/_00/output/Dart/alibaba~flutter_boost/example/ohos/entry/src/main/module.json5|alibaba|flutter_boost|module.json5|JSON5|41|0|0
391|./src/_00/output/Dart/alibaba~flutter_boost/lib/src/boost_interceptor.dart|alibaba|flutter_boost|boost_interceptor.dart|Dart|41|27|15
392|./src/_00/output/Dart/alibaba~flutter_boost/example_new_for_ios/ios/Runner/SnapKit/ConstraintPriority.swift|alibaba|flutter_boost|ConstraintPriority.swift|Swift|40|23|14
393|./src/_00/output/Dart/alibaba~flutter_boost/example_new_for_ios/ios/Runner/SnapKit/ConstraintPriorityTarget.swift|alibaba|flutter_boost|ConstraintPriorityTarget.swift|Swift|40|22|23
394|./src/_00/output/Dart/alibaba~flutter_boost/example_new_for_ios/ios/Runner/SnapKit/ConstraintMakerPrioritizable.swift|alibaba|flutter_boost|ConstraintMakerPrioritizable.swift|Swift|39|22|9
395|./src/_00/output/Dart/alibaba~flutter_boost/example_new_for_ios/ios/Runner/SnapKit/ConstraintDescription.swift|alibaba|flutter_boost|ConstraintDescription.swift|Swift|38|23|8
396|./src/_00/output/Dart/alibaba~flutter_boost/example_new_for_ios/ios/Runner/SnapKit/ConstraintInsetTarget.swift|alibaba|flutter_boost|ConstraintInsetTarget.swift|Swift|38|22|12
397|./src/_00/output/Dart/alibaba~flutter_boost/example/lib/case/selection_screen.dart|alibaba|flutter_boost|selection_screen.dart|Dart|37|2|1
398|./src/_00/output/Dart/alibaba~flutter_boost/example/lib/case/animation_demo.dart|alibaba|flutter_boost|animation_demo.dart|Dart|36|6|8
399|./src/_00/output/Dart/alibaba~flutter_boost/example/ohos/entry/src/ohosTest/module.json5|alibaba|flutter_boost|module.json5|JSON5|36|14|1
400|./src/_00/output/Dart/alibaba~flutter_boost/example/pubspec.yaml|alibaba|flutter_boost|pubspec.yaml|YAML|36|41|13
401|./src/_00/output/Dart/alibaba~flutter_boost/example_new_for_ios/ios/Runner/Base.lproj/LaunchScreen.storyboard|alibaba|flutter_boost|LaunchScreen.storyboard|XML|36|1|0
402|./src/_00/output/Dart/alibaba~flutter_boost/example_new_for_ios/ios/Runner/SnapKit/ConstraintOffsetTarget.swift|alibaba|flutter_boost|ConstraintOffsetTarget.swift|Swift|36|22|11
403|./src/_00/output/Dart/alibaba~flutter_boost/example_new_for_ios/ios/Runner/SnapKit/ConstraintRelatableTarget.swift|alibaba|flutter_boost|ConstraintRelatableTarget.swift|Swift|35|22|15
404|./src/_00/output/Dart/alibaba~flutter_boost/example/android/app/src/main/java/com/idlefish/flutterboost/example/tab/TabView.java|alibaba|flutter_boost|TabView.java|Java|34|0|8
405|./src/_00/output/Dart/alibaba~flutter_boost/example/lib/case/demo_painter.dart|alibaba|flutter_boost|demo_painter.dart|Dart|34|2|5
406|./src/_00/output/Dart/alibaba~flutter_boost/example_new_for_ios/ios/Runner/SnapKit/ConstraintMakerEditable.swift|alibaba|flutter_boost|ConstraintMakerEditable.swift|Swift|34|22|8
407|./src/_00/output/Dart/alibaba~flutter_boost/example_new_for_ios/ios/Runner/SnapKit/ConstraintMultiplierTarget.swift|alibaba|flutter_boost|ConstraintMultiplierTarget.swift|Swift|33|22|20
408|./src/_00/output/Dart/alibaba~flutter_boost/example_new_for_ios/lib/pages/dialog_page.dart|alibaba|flutter_boost|dialog_page.dart|Dart|33|1|3
409|./src/_00/output/Dart/alibaba~flutter_boost/example/android/app/src/main/java/com/idlefish/flutterboost/example/MyFlutterBoostDelegate.java|alibaba|flutter_boost|MyFlutterBoostDelegate.java|Java|32|3|7
410|./src/_00/output/Dart/alibaba~flutter_boost/example_new_for_ios/macos/Runner/Info.plist|alibaba|flutter_boost|Info.plist|XML|32|0|0
411|./src/_00/output/Dart/alibaba~flutter_boost/example/android/app/src/main/java/com/idlefish/flutterboost/example/MyApplication.java|alibaba|flutter_boost|MyApplication.java|Java|31|1|6
412|./src/_00/output/Dart/alibaba~flutter_boost/example_new_for_ios/ios/Runner/SnapKit/ConstraintLayoutGuideDSL.swift|alibaba|flutter_boost|ConstraintLayoutGuideDSL.swift|Swift|31|22|13
413|./src/_00/output/Dart/alibaba~flutter_boost/lib/src/boost_flutter_binding.dart|alibaba|flutter_boost|boost_flutter_binding.dart|Dart|31|4|6
414|./src/_00/output/Dart/alibaba~flutter_boost/example/android/app/src/main/java/com/idlefish/flutterboost/example/TextPlatformViewFactory.java|alibaba|flutter_boost|TextPlatformViewFactory.java|Java|30|0|11
415|./src/_00/output/Dart/alibaba~flutter_boost/example/ios/Runner/UIViewControllerDemo.m|alibaba|flutter_boost|UIViewControllerDemo.m|Objective-C|30|8|15
416|./src/_00/output/Dart/alibaba~flutter_boost/example_new_for_ios/android/app/src/main/AndroidManifest.xml|alibaba|flutter_boost|AndroidManifest.xml|XML|30|11|0
417|./src/_00/output/Dart/alibaba~flutter_boost/flutter_boost_android.iml|alibaba|flutter_boost|flutter_boost_android.iml|XML|30|0|0
418|./src/_00/output/Dart/alibaba~flutter_boost/example/ios/Runner/GeneratedPluginRegistrant.m|alibaba|flutter_boost|GeneratedPluginRegistrant.m|Objective-C|29|4|9
419|./src/_00/output/Dart/alibaba~flutter_boost/example_new_for_ios/ios/Runner/SnapKit/ConstraintMakerRelatable+Extensions.swift|alibaba|flutter_boost|ConstraintMakerRelatable+Extensions.swift|Swift|28|22|7
420|./src/_00/output/Dart/alibaba~flutter_boost/example_new_for_ios/ios/Runner/SnapKit/LayoutConstraint.swift|alibaba|flutter_boost|LayoutConstraint.swift|Swift|28|26|7
421|./src/_00/output/Dart/alibaba~flutter_boost/ios/flutter_boost.podspec|alibaba|flutter_boost|flutter_boost.podspec|Ruby|28|3|5
422|./src/_00/output/Dart/alibaba~flutter_boost/example/flutter_boost_example_android.iml|alibaba|flutter_boost|flutter_boost_example_android.iml|XML|27|0|0
423|./src/_00/output/Dart/alibaba~flutter_boost/example/ohos/build-profile.json5|alibaba|flutter_boost|build-profile.json5|JSON5|27|0|0
424|./src/_00/output/Dart/alibaba~flutter_boost/example_new_for_ios/android/build.gradle|alibaba|flutter_boost|build.gradle|Gradle|27|0|4
425|./src/_00/output/Dart/alibaba~flutter_boost/example_new_for_ios/ios/Runner/SnapKit/ConstraintItem.swift|alibaba|flutter_boost|ConstraintItem.swift|Swift|27|24|10
426|./src/_00/output/Dart/alibaba~flutter_boost/ios/Classes/FlutterBoost.h|alibaba|flutter_boost|FlutterBoost.h|C/C++ Header|27|55|23
427|./src/_00/output/Dart/alibaba~flutter_boost/pubspec.yaml|alibaba|flutter_boost|pubspec.yaml|YAML|27|0|5
428|./src/_00/output/Dart/alibaba~flutter_boost/example/android/app/src/main/java/com/idlefish/flutterboost/example/RunBallView.java|alibaba|flutter_boost|RunBallView.java|Java|26|0|6
429|./src/_00/output/Dart/alibaba~flutter_boost/example/ios/Flutter/AppFrameworkInfo.plist|alibaba|flutter_boost|AppFrameworkInfo.plist|XML|26|0|0
430|./src/_00/output/Dart/alibaba~flutter_boost/example/lib/case/return_data.dart|alibaba|flutter_boost|return_data.dart|Dart|26|0|2
431|./src/_00/output/Dart/alibaba~flutter_boost/example_new_for_ios/web/index.html|alibaba|flutter_boost|index.html|HTML|26|13|6
432|./src/_00/output/Dart/alibaba~flutter_boost/example/android/app/src/main/java/com/idlefish/flutterboost/example/GlSurface.java|alibaba|flutter_boost|GlSurface.java|Java|25|0|7
433|./src/_00/output/Dart/alibaba~flutter_boost/example/android/app/src/main/java/com/idlefish/flutterboost/example/PerfTestActivity.java|alibaba|flutter_boost|PerfTestActivity.java|Java|25|0|4
434|./src/_00/output/Dart/alibaba~flutter_boost/example/android/build.gradle|alibaba|flutter_boost|build.gradle|Gradle|25|0|4
435|./src/_00/output/Dart/alibaba~flutter_boost/example_new_for_ios/ios/Runner/Base.lproj/Main.storyboard|alibaba|flutter_boost|Main.storyboard|XML|25|1|0
436|./src/_00/output/Dart/alibaba~flutter_boost/example/ohos/entry/src/main/resources/base/element/string.json|alibaba|flutter_boost|string.json|JSON|24|0|0
437|./src/_00/output/Dart/alibaba~flutter_boost/example/ohos/entry/src/main/resources/zh_CN/element/string.json|alibaba|flutter_boost|string.json|JSON|24|0|0
438|./src/_00/output/Dart/alibaba~flutter_boost/example_new_for_ios/ios/Runner/SnapKit/ConstraintLayoutSupportDSL.swift|alibaba|flutter_boost|ConstraintLayoutSupportDSL.swift|Swift|24|22|10
439|./src/_00/output/Dart/alibaba~flutter_boost/ios/Classes/Options.m|alibaba|flutter_boost|Options.m|Objective-C|24|24|4
440|./src/_00/output/Dart/alibaba~flutter_boost/example/android/app/src/main/java/com/idlefish/flutterboost/example/tab/FriendFlutterFragment.java|alibaba|flutter_boost|FriendFlutterFragment.java|Java|23|0|8
441|./src/_00/output/Dart/alibaba~flutter_boost/example/android/app/src/main/java/com/idlefish/flutterboost/example/tab/MsgFlutterFragment.java|alibaba|flutter_boost|MsgFlutterFragment.java|Java|23|0|8
442|./src/_00/output/Dart/alibaba~flutter_boost/example/android/app/src/main/res/layout/tab_custom_view.xml|alibaba|flutter_boost|tab_custom_view.xml|XML|23|0|3
443|./src/_00/output/Dart/alibaba~flutter_boost/example/flutter_boost_example.iml|alibaba|flutter_boost|flutter_boost_example.iml|XML|23|0|0
444|./src/_00/output/Dart/alibaba~flutter_boost/example_new_for_ios/ios/Runner/Assets.xcassets/LaunchImage.imageset/Contents.json|alibaba|flutter_boost|Contents.json|JSON|23|0|0
445|./src/_00/output/Dart/alibaba~flutter_boost/example_new_for_ios/web/manifest.json|alibaba|flutter_boost|manifest.json|JSON|23|0|0
446|./src/_00/output/Dart/alibaba~flutter_boost/lib/src/boost_cache_widget.dart|alibaba|flutter_boost|boost_cache_widget.dart|Dart|23|6|6
447|./src/_00/output/Dart/alibaba~flutter_boost/example_new_for_ios/ios/Runner/SnapKit/ConstraintDirectionalInsetTarget.swift|alibaba|flutter_boost|ConstraintDirectionalInsetTarget.swift|Swift|22|22|5
448|./src/_00/output/Dart/alibaba~flutter_boost/example_new_for_ios/ios/Runner/SnapKit/ConstraintRelation.swift|alibaba|flutter_boost|ConstraintRelation.swift|Swift|22|22|4
449|./src/_00/output/Dart/alibaba~flutter_boost/example_new_for_ios/lib/pages/replacement_page.dart|alibaba|flutter_boost|replacement_page.dart|Dart|22|0|3
450|./src/_00/output/Dart/alibaba~flutter_boost/example/android/app/src/main/java/com/idlefish/flutterboost/example/RunBallViewFactory.java|alibaba|flutter_boost|RunBallViewFactory.java|Java|21|0|3
451|./src/_00/output/Dart/alibaba~flutter_boost/example/android/app/src/main/java/com/idlefish/flutterboost/example/TextViewFactory.java|alibaba|flutter_boost|TextViewFactory.java|Java|21|0|3
452|./src/_00/output/Dart/alibaba~flutter_boost/example/android/app/src/main/java/com/idlefish/flutterboost/example/Ball.java|alibaba|flutter_boost|Ball.java|Java|20|0|3
453|./src/_00/output/Dart/alibaba~flutter_boost/example/android/app/src/main/java/com/idlefish/flutterboost/example/GlSurfaceFactory.java|alibaba|flutter_boost|GlSurfaceFactory.java|Java|20|0|3
454|./src/_00/output/Dart/alibaba~flutter_boost/flutter_boost.iml|alibaba|flutter_boost|flutter_boost.iml|XML|20|0|0
455|./src/_00/output/Dart/alibaba~flutter_boost/.travis.yml|alibaba|flutter_boost|.travis.yml|YAML|19|1|1
456|./src/_00/output/Dart/alibaba~flutter_boost/doc/api/static-assets/readme.md|alibaba|flutter_boost|readme.md|Markdown|19|0|3
457|./src/_00/output/Dart/alibaba~flutter_boost/example/ios/Runner/ReturnDataViewConntroller.m|alibaba|flutter_boost|ReturnDataViewConntroller.m|Objective-C|19|7|10
458|./src/_00/output/Dart/alibaba~flutter_boost/example_new_for_ios/ios/Runner/SnapKit/ConstraintMakerFinalizable.swift|alibaba|flutter_boost|ConstraintMakerFinalizable.swift|Swift|19|22|8
459|./src/_00/output/Dart/alibaba~flutter_boost/ios/Classes/FlutterBoostPlugin.h|alibaba|flutter_boost|FlutterBoostPlugin.h|C/C++ Header|19|23|5
460|./src/_00/output/Dart/alibaba~flutter_boost/example/android/app/src/main/res/layout/native_fragment.xml|alibaba|flutter_boost|native_fragment.xml|XML|18|0|0
461|./src/_00/output/Dart/alibaba~flutter_boost/example/ios/Runner.xcworkspace/xcuserdata/wubian.xcuserdatad/WorkspaceSettings.xcsettings|alibaba|flutter_boost|WorkspaceSettings.xcsettings|XML|18|0|0
462|./src/_00/output/Dart/alibaba~flutter_boost/ios/Classes/container/FBLifecycle.m|alibaba|flutter_boost|FBLifecycle.m|Objective-C|18|23|3
463|./src/_00/output/Dart/alibaba~flutter_boost/example_new_for_ios/ios/Runner/SnapKit/Typealiases.swift|alibaba|flutter_boost|Typealiases.swift|Swift|17|22|3
464|./src/_00/output/Dart/alibaba~flutter_boost/example_new_for_ios/pubspec.yaml|alibaba|flutter_boost|pubspec.yaml|YAML|17|47|15
465|./src/_00/output/Dart/alibaba~flutter_boost/ios/Classes/Options.h|alibaba|flutter_boost|Options.h|C/C++ Header|17|39|19
466|./src/_00/output/Dart/alibaba~flutter_boost/example/ohos/entry/src/main/resources/en_US/element/string.json|alibaba|flutter_boost|string.json|JSON|16|0|0
467|./src/_00/output/Dart/alibaba~flutter_boost/example/ohos/entry/src/ohosTest/resources/base/element/string.json|alibaba|flutter_boost|string.json|JSON|16|0|0
468|./src/_00/output/Dart/alibaba~flutter_boost/example/ohos/oh-package.json5|alibaba|flutter_boost|oh-package.json5|JSON5|16|0|0
469|./src/_00/output/Dart/alibaba~flutter_boost/example/android/app/src/main/res/menu/bottom_navigation_menu.xml|alibaba|flutter_boost|bottom_navigation_menu.xml|XML|15|0|0
470|./src/_00/output/Dart/alibaba~flutter_boost/lib/src/boost_operation_queue.dart|alibaba|flutter_boost|boost_operation_queue.dart|Dart|15|8|6
471|./src/_00/output/Dart/alibaba~flutter_boost/docs/pr.md|alibaba|flutter_boost|pr.md|Markdown|14|0|9
472|./src/_00/output/Dart/alibaba~flutter_boost/example/android/app/src/main/res/layout/tab_main_page.xml|alibaba|flutter_boost|tab_main_page.xml|XML|14|0|3
473|./src/_00/output/Dart/alibaba~flutter_boost/example/ohos/entry/build-profile.json5|alibaba|flutter_boost|build-profile.json5|JSON5|14|14|1
474|./src/_00/output/Dart/alibaba~flutter_boost/example/test/widget_test.dart|alibaba|flutter_boost|widget_test.dart|Dart|14|7|3
475|./src/_00/output/Dart/alibaba~flutter_boost/android/src/main/java/com/idlefish/flutterboost/containers/FlutterActivityLaunchConfigs.java|alibaba|flutter_boost|FlutterActivityLaunchConfigs.java|Java|13|5|5
476|./src/_00/output/Dart/alibaba~flutter_boost/android/src/main/java/com/idlefish/flutterboost/containers/FlutterViewContainer.java|alibaba|flutter_boost|FlutterViewContainer.java|Java|13|6|4
477|./src/_00/output/Dart/alibaba~flutter_boost/example/android/app/src/main/java/com/idlefish/flutterboost/example/tab/NativeFragment.java|alibaba|flutter_boost|NativeFragment.java|Java|13|0|4
478|./src/_00/output/Dart/alibaba~flutter_boost/example/android/app/src/main/res/values/colors.xml|alibaba|flutter_boost|colors.xml|XML|13|0|1
479|./src/_00/output/Dart/alibaba~flutter_boost/example/ohos/oh-package-lock.json5|alibaba|flutter_boost|oh-package-lock.json5|JSON5|13|0|0
480|./src/_00/output/Dart/alibaba~flutter_boost/ios/Classes/container/FBFlutterViewContainer.h|alibaba|flutter_boost|FBFlutterViewContainer.h|C/C++ Header|13|23|5
481|./src/_00/output/Dart/alibaba~flutter_boost/lib/flutter_boost.dart|alibaba|flutter_boost|flutter_boost.dart|Dart|13|3|2
482|./src/_00/output/Dart/alibaba~flutter_boost/example/android/app/src/main/java/com/idlefish/flutterboost/example/TransparencyPageActivity.java|alibaba|flutter_boost|TransparencyPageActivity.java|Java|12|0|3
483|./src/_00/output/Dart/alibaba~flutter_boost/example/android/app/src/main/res/values/styles.xml|alibaba|flutter_boost|styles.xml|XML|12|2|1
484|./src/_00/output/Dart/alibaba~flutter_boost/example/android/settings.gradle|alibaba|flutter_boost|settings.gradle|Gradle|12|0|3
485|./src/_00/output/Dart/alibaba~flutter_boost/example/ohos/entry/oh-package.json5|alibaba|flutter_boost|oh-package.json5|JSON5|12|0|0
486|./src/_00/output/Dart/alibaba~flutter_boost/example_new_for_ios/ios/Runner/SnapKit/ConstraintLayoutGuide.swift|alibaba|flutter_boost|ConstraintLayoutGuide.swift|Swift|12|22|3
487|./src/_00/output/Dart/alibaba~flutter_boost/example_new_for_ios/macos/Runner/DebugProfile.entitlements|alibaba|flutter_boost|DebugProfile.entitlements|XML|12|0|0
488|./src/_00/output/Dart/alibaba~flutter_boost/example_new_for_ios/macos/Runner/MainFlutterWindow.swift|alibaba|flutter_boost|MainFlutterWindow.swift|Swift|12|0|3
489|./src/_00/output/Dart/alibaba~flutter_boost/ios/Classes/FlutterBoostDelegate.h|alibaba|flutter_boost|FlutterBoostDelegate.h|C/C++ Header|12|26|5
490|./src/_00/output/Dart/alibaba~flutter_boost/lib/src/logger.dart|alibaba|flutter_boost|logger.dart|Dart|12|3|3
491|./src/_00/output/Dart/alibaba~flutter_boost/example/android/app/src/main/res/values/strings.xml|alibaba|flutter_boost|strings.xml|XML|11|0|0
492|./src/_00/output/Dart/alibaba~flutter_boost/example/ios/Runner/Base.lproj/Main.storyboard|alibaba|flutter_boost|Main.storyboard|XML|11|0|0
493|./src/_00/output/Dart/alibaba~flutter_boost/example/ios/Runner/FLNativeView.h|alibaba|flutter_boost|FLNativeView.h|C/C++ Header|11|0|4
494|./src/_00/output/Dart/alibaba~flutter_boost/example_new_for_ios/ios/Runner/SnapKit/ConstraintLayoutSupport.swift|alibaba|flutter_boost|ConstraintLayoutSupport.swift|Swift|11|22|3
495|./src/_00/output/Dart/alibaba~flutter_boost/ios/Classes/container/FBFlutterContainerManager.h|alibaba|flutter_boost|FBFlutterContainerManager.h|C/C++ Header|11|23|2
496|./src/_00/output/Dart/alibaba~flutter_boost/lib/src/util.dart|alibaba|flutter_boost|util.dart|Dart|11|7|3
497|./src/_00/output/Dart/alibaba~flutter_boost/ohos/oh-package.json5|alibaba|flutter_boost|oh-package.json5|JSON5|11|0|0
498|./src/_00/output/Dart/alibaba~flutter_boost/ohos/src/main/module.json5|alibaba|flutter_boost|module.json5|JSON5|11|0|0
499|./src/_00/output/Dart/alibaba~flutter_boost/example/ohos/AppScope/app.json5|alibaba|flutter_boost|app.json5|JSON5|10|0|0
500|./src/_00/output/Dart/alibaba~flutter_boost/example_new_for_ios/README.md|alibaba|flutter_boost|README.md|Markdown|10|0|6
501|./src/_00/output/Dart/alibaba~flutter_boost/example_new_for_ios/ios/Runner.xcworkspace/contents.xcworkspacedata|alibaba|flutter_boost|contents.xcworkspacedata|XML|10|0|0
502|./src/_00/output/Dart/alibaba~flutter_boost/example_new_for_ios/ios/Runner/SnapKit/ConstraintConfig.swift|alibaba|flutter_boost|ConstraintConfig.swift|Swift|10|22|5
503|./src/_00/output/Dart/alibaba~flutter_boost/example_new_for_ios/ios/Runner/SnapKit/ConstraintInsets.swift|alibaba|flutter_boost|ConstraintInsets.swift|Swift|10|22|3
504|./src/_00/output/Dart/alibaba~flutter_boost/example_new_for_ios/ios/Runner/SnapKit/ConstraintView.swift|alibaba|flutter_boost|ConstraintView.swift|Swift|10|22|3
505|./src/_00/output/Dart/alibaba~flutter_boost/ohos/build-profile.json5|alibaba|flutter_boost|build-profile.json5|JSON5|10|0|0
506|./src/_00/output/Dart/alibaba~flutter_boost/.github/no-response.yml|alibaba|flutter_boost|no-response.yml|YAML|9|4|4
507|./src/_00/output/Dart/alibaba~flutter_boost/android/src/main/java/com/idlefish/flutterboost/containers/LifecycleStage.java|alibaba|flutter_boost|LifecycleStage.java|Java|9|3|2
508|./src/_00/output/Dart/alibaba~flutter_boost/docs/issue.md|alibaba|flutter_boost|issue.md|Markdown|9|0|5
509|./src/_00/output/Dart/alibaba~flutter_boost/example/android/app/src/main/java/com/idlefish/flutterboost/example/TextPlatformViewPlugin.java|alibaba|flutter_boost|TextPlatformViewPlugin.java|Java|9|0|2
510|./src/_00/output/Dart/alibaba~flutter_boost/example/android/app/src/main/res/drawable/ic_dashboard.xml|alibaba|flutter_boost|ic_dashboard.xml|XML|9|0|0
511|./src/_00/output/Dart/alibaba~flutter_boost/example/android/app/src/main/res/drawable/ic_home.xml|alibaba|flutter_boost|ic_home.xml|XML|9|0|0
512|./src/_00/output/Dart/alibaba~flutter_boost/example/ios/Runner/GeneratedPluginRegistrant.h|alibaba|flutter_boost|GeneratedPluginRegistrant.h|C/C++ Header|9|4|6
513|./src/_00/output/Dart/alibaba~flutter_boost/example_new_for_ios/android/app/src/main/res/values-night/styles.xml|alibaba|flutter_boost|styles.xml|XML|9|8|1
514|./src/_00/output/Dart/alibaba~flutter_boost/example_new_for_ios/android/app/src/main/res/values/styles.xml|alibaba|flutter_boost|styles.xml|XML|9|8|1
515|./src/_00/output/Dart/alibaba~flutter_boost/example_new_for_ios/ios/Runner/SnapKit/ConstraintDirectionalInsets.swift|alibaba|flutter_boost|ConstraintDirectionalInsets.swift|Swift|9|22|3
516|./src/_00/output/Dart/alibaba~flutter_boost/example_new_for_ios/ios/Runner/SnapKit/ConstraintLayoutGuide+Extensions.swift|alibaba|flutter_boost|ConstraintLayoutGuide+Extensions.swift|Swift|9|22|5
517|./src/_00/output/Dart/alibaba~flutter_boost/example_new_for_ios/ios/Runner/SnapKit/UILayoutSupport+Extensions.swift|alibaba|flutter_boost|UILayoutSupport+Extensions.swift|Swift|9|22|5
518|./src/_00/output/Dart/alibaba~flutter_boost/ios/Classes/container/FBFlutterContainer.h|alibaba|flutter_boost|FBFlutterContainer.h|C/C++ Header|9|23|1
519|./src/_00/output/Dart/alibaba~flutter_boost/android/src/main/java/com/idlefish/flutterboost/FlutterBoostDelegate.java|alibaba|flutter_boost|FlutterBoostDelegate.java|Java|8|3|2
520|./src/_00/output/Dart/alibaba~flutter_boost/example/ios/Runner.xcodeproj/project.xcworkspace/xcuserdata/jidong.xcuserdatad/WorkspaceSettings.xcsettings|alibaba|flutter_boost|WorkspaceSettings.xcsettings|XML|8|0|0
521|./src/_00/output/Dart/alibaba~flutter_boost/example/ios/Runner.xcworkspace/xcshareddata/IDEWorkspaceChecks.plist|alibaba|flutter_boost|IDEWorkspaceChecks.plist|XML|8|0|0
522|./src/_00/output/Dart/alibaba~flutter_boost/example/ios/Runner.xcworkspace/xcshareddata/WorkspaceSettings.xcsettings|alibaba|flutter_boost|WorkspaceSettings.xcsettings|XML|8|0|0
523|./src/_00/output/Dart/alibaba~flutter_boost/example/ios/Runner/main.m|alibaba|flutter_boost|main.m|Objective-C|8|0|1
524|./src/_00/output/Dart/alibaba~flutter_boost/example/ohos/AppScope/resources/base/element/string.json|alibaba|flutter_boost|string.json|JSON|8|0|0
525|./src/_00/output/Dart/alibaba~flutter_boost/example/ohos/entry/src/ohosTest/resources/base/element/color.json|alibaba|flutter_boost|color.json|JSON|8|0|0
526|./src/_00/output/Dart/alibaba~flutter_boost/example_new_for_ios/android/app/src/main/kotlin/com/example/example/MainActivity.kt|alibaba|flutter_boost|MainActivity.kt|Kotlin|8|0|3
527|./src/_00/output/Dart/alibaba~flutter_boost/example_new_for_ios/android/settings.gradle|alibaba|flutter_boost|settings.gradle|Gradle|8|0|3
528|./src/_00/output/Dart/alibaba~flutter_boost/example_new_for_ios/ios/Runner.xcworkspace/xcshareddata/WorkspaceSettings.xcsettings|alibaba|flutter_boost|WorkspaceSettings.xcsettings|XML|8|0|0
529|./src/_00/output/Dart/alibaba~flutter_boost/example_new_for_ios/macos/Runner/AppDelegate.swift|alibaba|flutter_boost|AppDelegate.swift|Swift|8|0|1
530|./src/_00/output/Dart/alibaba~flutter_boost/example_new_for_ios/macos/Runner/Release.entitlements|alibaba|flutter_boost|Release.entitlements|XML|8|0|0
531|./src/_00/output/Dart/alibaba~flutter_boost/ohos/src/main/resources/zh_CN/element/string.json|alibaba|flutter_boost|string.json|JSON|8|0|0
532|./src/_00/output/Dart/alibaba~flutter_boost/example/android/app/src/main/res/drawable/ic_settings.xml|alibaba|flutter_boost|ic_settings.xml|XML|7|0|0
533|./src/_00/output/Dart/alibaba~flutter_boost/example_new_for_ios/ios/Runner.xcodeproj/project.xcworkspace/contents.xcworkspacedata|alibaba|flutter_boost|contents.xcworkspacedata|XML|7|0|0
534|./src/_00/output/Dart/alibaba~flutter_boost/example_new_for_ios/ios/Runner/Controllers/HybridViewController.swift|alibaba|flutter_boost|HybridViewController.swift|Swift|7|7|2
535|./src/_00/output/Dart/alibaba~flutter_boost/example_new_for_ios/macos/Runner.xcworkspace/contents.xcworkspacedata|alibaba|flutter_boost|contents.xcworkspacedata|XML|7|0|0
536|./src/_00/output/Dart/alibaba~flutter_boost/analysis_options.yaml|alibaba|flutter_boost|analysis_options.yaml|YAML|6|0|1
537|./src/_00/output/Dart/alibaba~flutter_boost/android/src/main/java/com/idlefish/flutterboost/EventListener.java|alibaba|flutter_boost|EventListener.java|Java|5|3|3
538|./src/_00/output/Dart/alibaba~flutter_boost/example/README.md|alibaba|flutter_boost|README.md|Markdown|5|0|3
539|./src/_00/output/Dart/alibaba~flutter_boost/example/ios/Runner.xcworkspace/xcuserdata/zhongchengguo.xcuserdatad/xcdebugger/Breakpoints_v2.xcbkptlist|alibaba|flutter_boost|Breakpoints_v2.xcbkptlist|XML|5|0|0
540|./src/_00/output/Dart/alibaba~flutter_boost/example/ios/Runner/MyFlutterBoostDelegate.h|alibaba|flutter_boost|MyFlutterBoostDelegate.h|C/C++ Header|5|7|4
541|./src/_00/output/Dart/alibaba~flutter_boost/example/ios/Runner/NativeViewController.h|alibaba|flutter_boost|NativeViewController.h|C/C++ Header|5|7|5
542|./src/_00/output/Dart/alibaba~flutter_boost/example/ios/Runner/UIViewControllerDemo.h|alibaba|flutter_boost|UIViewControllerDemo.h|C/C++ Header|5|7|5
543|./src/_00/output/Dart/alibaba~flutter_boost/example/ohos/entry/src/main/resources/base/profile/main_pages.json|alibaba|flutter_boost|main_pages.json|JSON|5|0|0
544|./src/_00/output/Dart/alibaba~flutter_boost/example/ohos/entry/src/ohosTest/resources/base/profile/test_pages.json|alibaba|flutter_boost|test_pages.json|JSON|5|0|0
545|./src/_00/output/Dart/alibaba~flutter_boost/example/ohos/hvigor/hvigor-config.json5|alibaba|flutter_boost|hvigor-config.json5|JSON5|5|0|0
546|./src/_00/output/Dart/alibaba~flutter_boost/example/ohos/hvigorfile.ts|alibaba|flutter_boost|hvigorfile.ts|TypeScript|5|14|2
547|./src/_00/output/Dart/alibaba~flutter_boost/android/src/main/java/com/idlefish/flutterboost/ListenerRemover.java|alibaba|flutter_boost|ListenerRemover.java|Java|4|6|2
548|./src/_00/output/Dart/alibaba~flutter_boost/example/android/app/src/main/res/color/selector_tab.xml|alibaba|flutter_boost|selector_tab.xml|XML|4|0|0
549|./src/_00/output/Dart/alibaba~flutter_boost/example/ios/Runner/AppDelegate.h|alibaba|flutter_boost|AppDelegate.h|C/C++ Header|4|7|4
550|./src/_00/output/Dart/alibaba~flutter_boost/example/ios/Runner/ReturnDataViewConntroller.h|alibaba|flutter_boost|ReturnDataViewConntroller.h|C/C++ Header|4|7|6
551|./src/_00/output/Dart/alibaba~flutter_boost/example_new_for_ios/android/app/src/main/res/drawable-v21/launch_background.xml|alibaba|flutter_boost|launch_background.xml|XML|4|7|1
552|./src/_00/output/Dart/alibaba~flutter_boost/example_new_for_ios/android/app/src/main/res/drawable/launch_background.xml|alibaba|flutter_boost|launch_background.xml|XML|4|7|1
553|./src/_00/output/Dart/alibaba~flutter_boost/example_new_for_ios/android/app/src/profile/AndroidManifest.xml|alibaba|flutter_boost|AndroidManifest.xml|XML|4|3|0
554|./src/_00/output/Dart/alibaba~flutter_boost/ios/Classes/container/FBLifecycle.h|alibaba|flutter_boost|FBLifecycle.h|C/C++ Header|4|23|1
555|./src/_00/output/Dart/alibaba~flutter_boost/android/src/main/AndroidManifest.xml|alibaba|flutter_boost|AndroidManifest.xml|XML|3|0|3
556|./src/_00/output/Dart/alibaba~flutter_boost/example_new_for_ios/ios/Runner/Assets.xcassets/LaunchImage.imageset/README.md|alibaba|flutter_boost|README.md|Markdown|3|0|2
557|./src/_00/output/Dart/alibaba~flutter_boost/run_pigeon.sh|alibaba|flutter_boost|run_pigeon.sh|Bourne Shell|2|3|1
558|./src/_00/output/Dart/alibaba~flutter_boost/android/settings.gradle|alibaba|flutter_boost|settings.gradle|Gradle|1|0|0
559|./src/_00/output/Dart/alibaba~flutter_boost/doc/api/categories.json|alibaba|flutter_boost|categories.json|JSON|1|0|0
560|./src/_00/output/Dart/alibaba~flutter_boost/doc/api/index.json|alibaba|flutter_boost|index.json|JSON|1|0|0
561|./src/_00/output/Dart/alibaba~flutter_boost/doc/api/static-assets/play_button.svg|alibaba|flutter_boost|play_button.svg|SVG|1|0|0
562|./src/_00/output/Dart/alibaba~flutter_boost/example/android/app/proguard-rules.pro|alibaba|flutter_boost|proguard-rules.pro|ProGuard|1|21|4
563|./src/_00/output/Dart/alibaba~flutter_boost/example/android/settings_aar.gradle|alibaba|flutter_boost|settings_aar.gradle|Gradle|1|0|0
564|./src/_00/output/Dart/alibaba~flutter_boost/example/ios/ServiceDefinitions.json|alibaba|flutter_boost|ServiceDefinitions.json|JSON|1|0|0
565|./src/_00/output/Dart/alibaba~flutter_boost/example/ohos/entry/hvigorfile.ts|alibaba|flutter_boost|hvigorfile.ts|TypeScript|1|15|1
566|./src/_00/output/Dart/alibaba~flutter_boost/example_new_for_ios/ios/Runner/Runner-Bridging-Header.h|alibaba|flutter_boost|Runner-Bridging-Header.h|C/C++ Header|1|0|0
567|./src/_00/output/Dart/alibaba~flutter_boost/example_new_for_ios/test/widget_test.dart|alibaba|flutter_boost|widget_test.dart|Dart|1|6|1
568|./src/_00/output/Dart/alibaba~flutter_boost/ohos/hvigorfile.ts|alibaba|flutter_boost|hvigorfile.ts|TypeScript|1|0|0
