Unnamed: 0|path|owner|project|file|language|code|comment|blank
0|./src/_00/output/Dart/hiddify~hiddify-next/lib/singbox/service/ffi_singbox_service.dart|hiddify|hiddify-next|ffi_singbox_service.dart|Dart|452|0|33
1|./src/_00/output/Dart/hiddify~hiddify-next/lib/features/profile/data/profile_repository.dart|hiddify|hiddify-next|profile_repository.dart|Dart|424|2|36
2|./src/_00/output/Dart/hiddify~hiddify-next/lib/features/config_option/data/config_option_repository.dart|hiddify|hiddify-next|config_option_repository.dart|Dart|422|4|56
3|./src/_00/output/Dart/hiddify~hiddify-next/lib/features/profile/widget/profile_tile.dart|hiddify|hiddify-next|profile_tile.dart|Dart|415|3|27
4|./src/_00/output/Dart/hiddify~hiddify-next/assets/translations/strings_ckb-KUR.i18n.json|hiddify|hiddify-next|strings_ckb-KUR.i18n.json|JSON|413|0|0
5|./src/_00/output/Dart/hiddify~hiddify-next/assets/translations/strings_en.i18n.json|hiddify|hiddify-next|strings_en.i18n.json|JSON|413|0|0
6|./src/_00/output/Dart/hiddify~hiddify-next/assets/translations/strings_fa.i18n.json|hiddify|hiddify-next|strings_fa.i18n.json|JSON|413|0|0
7|./src/_00/output/Dart/hiddify~hiddify-next/assets/translations/strings_zh-CN.i18n.json|hiddify|hiddify-next|strings_zh-CN.i18n.json|JSON|413|0|0
8|./src/_00/output/Dart/hiddify~hiddify-next/assets/translations/strings_ru.i18n.json|hiddify|hiddify-next|strings_ru.i18n.json|JSON|411|0|0
9|./src/_00/output/Dart/hiddify~hiddify-next/lib/gen/singbox_generated_bindings.dart|hiddify|hiddify-next|singbox_generated_bindings.dart|Dart|394|8|152
10|./src/_00/output/Dart/hiddify~hiddify-next/assets/translations/strings_pt-BR.i18n.json|hiddify|hiddify-next|strings_pt-BR.i18n.json|JSON|386|0|0
11|./src/_00/output/Dart/hiddify~hiddify-next/lib/features/config_option/overview/config_options_page.dart|hiddify|hiddify-next|config_options_page.dart|Dart|372|23|9
12|./src/_00/output/Dart/hiddify~hiddify-next/assets/translations/strings_zh-TW.i18n.json|hiddify|hiddify-next|strings_zh-TW.i18n.json|JSON|364|0|0
13|./src/_00/output/Dart/hiddify~hiddify-next/assets/translations/strings_id.i18n.json|hiddify|hiddify-next|strings_id.i18n.json|JSON|361|0|0
14|./src/_00/output/Dart/hiddify~hiddify-next/assets/translations/strings_tr.i18n.json|hiddify|hiddify-next|strings_tr.i18n.json|JSON|360|0|0
15|./src/_00/output/Dart/hiddify~hiddify-next/assets/translations/strings_es.i18n.json|hiddify|hiddify-next|strings_es.i18n.json|JSON|354|0|0
16|./src/_00/output/Dart/hiddify~hiddify-next/lib/core/router/routes.dart|hiddify|hiddify-next|routes.dart|Dart|352|0|47
17|./src/_00/output/Dart/hiddify~hiddify-next/lib/features/profile/details/profile_details_page.dart|hiddify|hiddify-next|profile_details_page.dart|Dart|343|0|12
18|./src/_00/output/Dart/hiddify~hiddify-next/macos/Runner/Base.lproj/MainMenu.xib|hiddify|hiddify-next|MainMenu.xib|XML|343|0|0
19|./src/_00/output/Dart/hiddify~hiddify-next/.github/workflows/build.yml|hiddify|hiddify-next|build.yml|YAML|342|15|56
20|./src/_00/output/Dart/hiddify~hiddify-next/android/app/src/main/kotlin/com/hiddify/hiddify/bg/BoxService.kt|hiddify|hiddify-next|BoxService.kt|Kotlin|319|1|41
21|./src/_00/output/Dart/hiddify~hiddify-next/lib/core/database/schemas/drift_schema_v3.json|hiddify|hiddify-next|drift_schema_v3.json|JSON|286|0|0
22|./src/_00/output/Dart/hiddify~hiddify-next/lib/singbox/service/platform_singbox_service.dart|hiddify|hiddify-next|platform_singbox_service.dart|Dart|263|1|25
23|./src/_00/output/Dart/hiddify~hiddify-next/lib/features/profile/add/add_profile_modal.dart|hiddify|hiddify-next|add_profile_modal.dart|Dart|246|1|13
24|./src/_00/output/Dart/hiddify~hiddify-next/lib/features/settings/widgets/settings_input_dialog.dart|hiddify|hiddify-next|settings_input_dialog.dart|Dart|242|0|17
25|./src/_00/output/Dart/hiddify~hiddify-next/windows/runner/win32_window.cpp|hiddify|hiddify-next|win32_window.cpp|C++|242|29|64
26|./src/_00/output/Dart/hiddify~hiddify-next/lib/singbox/generated/core.pb.dart|hiddify|hiddify-next|core.pb.dart|Dart|232|9|33
27|./src/_00/output/Dart/hiddify~hiddify-next/lib/features/log/overview/logs_overview_page.dart|hiddify|hiddify-next|logs_overview_page.dart|Dart|226|0|6
28|./src/_00/output/Dart/hiddify~hiddify-next/lib/features/connection/data/connection_repository.dart|hiddify|hiddify-next|connection_repository.dart|Dart|225|0|17
29|./src/_00/output/Dart/hiddify~hiddify-next/lib/core/database/schema_versions.dart|hiddify|hiddify-next|schema_versions.dart|Dart|223|1|7
30|./src/_00/output/Dart/hiddify~hiddify-next/CHANGELOG.md|hiddify|hiddify-next|CHANGELOG.md|Markdown|220|0|77
31|./src/_00/output/Dart/hiddify~hiddify-next/lib/features/common/qr_code_scanner_screen.dart|hiddify|hiddify-next|qr_code_scanner_screen.dart|Dart|218|1|23
32|./src/_00/output/Dart/hiddify~hiddify-next/lib/features/geo_asset/data/geo_asset_repository.dart|hiddify|hiddify-next|geo_asset_repository.dart|Dart|211|1|20
33|./src/_00/output/Dart/hiddify~hiddify-next/lib/features/per_app_proxy/overview/per_app_proxy_page.dart|hiddify|hiddify-next|per_app_proxy_page.dart|Dart|199|0|6
34|./src/_00/output/Dart/hiddify~hiddify-next/android/app/src/main/kotlin/com/hiddify/hiddify/MethodHandler.kt|hiddify|hiddify-next|MethodHandler.kt|Kotlin|196|0|18
35|./src/_00/output/Dart/hiddify~hiddify-next/Makefile|hiddify|hiddify-next|Makefile|make|194|0|60
36|./src/_00/output/Dart/hiddify~hiddify-next/ios/SingBoxPacketTunnel/SingBox/ExtensionPlatformInterface.swift|hiddify|hiddify-next|ExtensionPlatformInterface.swift|Swift|192|7|34
37|./src/_00/output/Dart/hiddify~hiddify-next/lib/bootstrap.dart|hiddify|hiddify-next|bootstrap.dart|Dart|189|0|20
38|./src/_00/output/Dart/hiddify~hiddify-next/ios/Runner/Handlers/MethodHandler.swift|hiddify|hiddify-next|MethodHandler.swift|Swift|188|6|9
39|./src/_00/output/Dart/hiddify~hiddify-next/lib/features/intro/widget/intro_page.dart|hiddify|hiddify-next|intro_page.dart|Dart|186|0|11
40|./src/_00/output/Dart/hiddify~hiddify-next/ios/Runner/VPN/VPNManager.swift|hiddify|hiddify-next|VPNManager.swift|Swift|184|7|23
41|./src/_00/output/Dart/hiddify~hiddify-next/lib/features/home/widget/connection_button.dart|hiddify|hiddify-next|connection_button.dart|Dart|184|1|9
42|./src/_00/output/Dart/hiddify~hiddify-next/lib/features/config_option/overview/warp_options_widgets.dart|hiddify|hiddify-next|warp_options_widgets.dart|Dart|175|0|8
43|./src/_00/output/Dart/hiddify~hiddify-next/lib/core/database/schemas/drift_schema_v2.json|hiddify|hiddify-next|drift_schema_v2.json|JSON|174|0|0
44|./src/_00/output/Dart/hiddify~hiddify-next/lib/features/proxy/active/active_proxy_footer.dart|hiddify|hiddify-next|active_proxy_footer.dart|Dart|171|0|9
45|./src/_00/output/Dart/hiddify~hiddify-next/android/app/src/main/kotlin/com/hiddify/hiddify/PlatformSettingsHandler.kt|hiddify|hiddify-next|PlatformSettingsHandler.kt|Kotlin|170|0|19
46|./src/_00/output/Dart/hiddify~hiddify-next/lib/features/profile/overview/profiles_overview_page.dart|hiddify|hiddify-next|profiles_overview_page.dart|Dart|170|0|9
47|./src/_00/output/Dart/hiddify~hiddify-next/lib/features/settings/about/about_page.dart|hiddify|hiddify-next|about_page.dart|Dart|168|0|5
48|./src/_00/output/Dart/hiddify~hiddify-next/lib/core/widget/adaptive_menu.dart|hiddify|hiddify-next|adaptive_menu.dart|Dart|167|0|14
49|./src/_00/output/Dart/hiddify~hiddify-next/lib/features/profile/details/profile_details_notifier.dart|hiddify|hiddify-next|profile_details_notifier.dart|Dart|163|0|16
50|./src/_00/output/Dart/hiddify~hiddify-next/android/app/src/main/kotlin/com/hiddify/hiddify/bg/VPNService.kt|hiddify|hiddify-next|VPNService.kt|Kotlin|162|0|27
51|./src/_00/output/Dart/hiddify~hiddify-next/lib/features/common/adaptive_root_scaffold.dart|hiddify|hiddify-next|adaptive_root_scaffold.dart|Dart|161|1|14
52|./src/_00/output/Dart/hiddify~hiddify-next/lib/core/database/schemas/drift_schema_v1.json|hiddify|hiddify-next|drift_schema_v1.json|JSON|160|0|0
53|./src/_00/output/Dart/hiddify~hiddify-next/test/core/database/generated_migrations/schema_v3.dart|hiddify|hiddify-next|schema_v3.dart|Dart|160|3|5
54|./src/_00/output/Dart/hiddify~hiddify-next/lib/core/utils/preferences_utils.dart|hiddify|hiddify-next|preferences_utils.dart|Dart|156|0|16
55|./src/_00/output/Dart/hiddify~hiddify-next/lib/features/proxy/overview/proxies_overview_notifier.dart|hiddify|hiddify-next|proxies_overview_notifier.dart|Dart|154|0|12
56|./src/_00/output/Dart/hiddify~hiddify-next/lib/features/proxy/overview/proxies_overview_page.dart|hiddify|hiddify-next|proxies_overview_page.dart|Dart|154|1|12
57|./src/_00/output/Dart/hiddify~hiddify-next/lib/features/proxy/data/proxy_repository.dart|hiddify|hiddify-next|proxy_repository.dart|Dart|152|1|9
58|./src/_00/output/Dart/hiddify~hiddify-next/lib/features/connection/notifier/connection_notifier.dart|hiddify|hiddify-next|connection_notifier.dart|Dart|150|1|14
59|./src/_00/output/Dart/hiddify~hiddify-next/lib/features/profile/notifier/profile_notifier.dart|hiddify|hiddify-next|profile_notifier.dart|Dart|148|0|9
60|./src/_00/output/Dart/hiddify~hiddify-next/ios/Shared/CommandClient.swift|hiddify|hiddify-next|CommandClient.swift|Swift|147|0|19
61|./src/_00/output/Dart/hiddify~hiddify-next/android/app/src/main/kotlin/com/hiddify/hiddify/bg/DefaultNetworkListener.kt|hiddify|hiddify-next|DefaultNetworkListener.kt|Kotlin|145|12|23
62|./src/_00/output/Dart/hiddify~hiddify-next/pubspec.yaml|hiddify|hiddify-next|pubspec.yaml|YAML|144|3|10
63|./src/_00/output/Dart/hiddify~hiddify-next/android/app/src/main/kotlin/com/hiddify/hiddify/MainActivity.kt|hiddify|hiddify-next|MainActivity.kt|Kotlin|140|0|19
64|./src/_00/output/Dart/hiddify~hiddify-next/ios/SingBoxPacketTunnel/SingBox/ExtensionProvider.swift|hiddify|hiddify-next|ExtensionProvider.swift|Swift|139|6|22
65|./src/_00/output/Dart/hiddify~hiddify-next/lib/features/stats/widget/side_bar_stats_overview.dart|hiddify|hiddify-next|side_bar_stats_overview.dart|Dart|138|0|5
66|./src/_00/output/Dart/hiddify~hiddify-next/README.md|hiddify|hiddify-next|README.md|Markdown|133|0|60
67|./src/_00/output/Dart/hiddify~hiddify-next/README_ja.md|hiddify|hiddify-next|README_ja.md|Markdown|133|0|61
68|./src/_00/output/Dart/hiddify~hiddify-next/lib/features/log/overview/logs_overview_notifier.dart|hiddify|hiddify-next|logs_overview_notifier.dart|Dart|133|0|13
69|./src/_00/output/Dart/hiddify~hiddify-next/lib/features/profile/data/profile_data_source.dart|hiddify|hiddify-next|profile_data_source.dart|Dart|133|0|14
70|./src/_00/output/Dart/hiddify~hiddify-next/README_br.md|hiddify|hiddify-next|README_br.md|Markdown|132|0|60
71|./src/_00/output/Dart/hiddify~hiddify-next/lib/core/notification/in_app_notification_controller.dart|hiddify|hiddify-next|in_app_notification_controller.dart|Dart|132|0|11
72|./src/_00/output/Dart/hiddify~hiddify-next/README_fa.md|hiddify|hiddify-next|README_fa.md|Markdown|130|0|62
73|./src/_00/output/Dart/hiddify~hiddify-next/android/app/src/main/kotlin/com/hiddify/hiddify/bg/ServiceNotification.kt|hiddify|hiddify-next|ServiceNotification.kt|Kotlin|130|0|15
74|./src/_00/output/Dart/hiddify~hiddify-next/README_cn.md|hiddify|hiddify-next|README_cn.md|Markdown|129|0|60
75|./src/_00/output/Dart/hiddify~hiddify-next/lib/features/home/widget/home_page.dart|hiddify|hiddify-next|home_page.dart|Dart|129|0|7
76|./src/_00/output/Dart/hiddify~hiddify-next/README_ru.md|hiddify|hiddify-next|README_ru.md|Markdown|128|0|51
77|./src/_00/output/Dart/hiddify~hiddify-next/lib/features/proxy/active/ip_widget.dart|hiddify|hiddify-next|ip_widget.dart|Dart|128|0|13
78|./src/_00/output/Dart/hiddify~hiddify-next/lib/features/system_tray/notifier/system_tray_notifier.dart|hiddify|hiddify-next|system_tray_notifier.dart|Dart|128|0|12
79|./src/_00/output/Dart/hiddify~hiddify-next/android/app/src/main/kotlin/com/hiddify/hiddify/bg/PlatformInterfaceWrapper.kt|hiddify|hiddify-next|PlatformInterfaceWrapper.kt|Kotlin|127|0|25
80|./src/_00/output/Dart/hiddify~hiddify-next/android/app/src/main/kotlin/com/hiddify/hiddify/bg/LocalResolver.kt|hiddify|hiddify-next|LocalResolver.kt|Kotlin|126|0|8
81|./src/_00/output/Dart/hiddify~hiddify-next/android/app/src/main/AndroidManifest.xml|hiddify|hiddify-next|AndroidManifest.xml|XML|119|6|15
82|./src/_00/output/Dart/hiddify~hiddify-next/android/app/src/main/kotlin/com/hiddify/hiddify/utils/CommandClient.kt|hiddify|hiddify-next|CommandClient.kt|Kotlin|119|0|20
83|./src/_00/output/Dart/hiddify~hiddify-next/lib/features/common/general_pref_tiles.dart|hiddify|hiddify-next|general_pref_tiles.dart|Dart|118|0|13
84|./src/_00/output/Dart/hiddify~hiddify-next/lib/utils/alerts.dart|hiddify|hiddify-next|alerts.dart|Dart|118|0|15
85|./src/_00/output/Dart/hiddify~hiddify-next/lib/core/preferences/preferences_migration.dart|hiddify|hiddify-next|preferences_migration.dart|Dart|115|0|20
86|./src/_00/output/Dart/hiddify~hiddify-next/lib/features/profile/notifier/profiles_update_notifier.dart|hiddify|hiddify-next|profiles_update_notifier.dart|Dart|114|0|13
87|./src/_00/output/Dart/hiddify~hiddify-next/lib/features/geo_asset/widget/geo_asset_tile.dart|hiddify|hiddify-next|geo_asset_tile.dart|Dart|111|0|5
88|./src/_00/output/Dart/hiddify~hiddify-next/android/app/build.gradle|hiddify|hiddify-next|build.gradle|Gradle|109|2|19
89|./src/_00/output/Dart/hiddify~hiddify-next/lib/features/proxy/active/active_proxy_notifier.dart|hiddify|hiddify-next|active_proxy_notifier.dart|Dart|108|4|15
90|./src/_00/output/Dart/hiddify~hiddify-next/lib/features/proxy/model/ip_info_entity.dart|hiddify|hiddify-next|ip_info_entity.dart|Dart|107|21|8
91|./src/_00/output/Dart/hiddify~hiddify-next/lib/features/settings/widgets/advanced_setting_tiles.dart|hiddify|hiddify-next|advanced_setting_tiles.dart|Dart|107|0|5
92|./src/_00/output/Dart/hiddify~hiddify-next/android/app/src/main/kotlin/com/hiddify/hiddify/Settings.kt|hiddify|hiddify-next|Settings.kt|Kotlin|104|0|22
93|./src/_00/output/Dart/hiddify~hiddify-next/lib/core/http_client/dio_http_client.dart|hiddify|hiddify-next|dio_http_client.dart|Dart|102|2|12
94|./src/_00/output/Dart/hiddify~hiddify-next/LICENSE.md|hiddify|hiddify-next|LICENSE.md|Markdown|101|0|90
95|./src/_00/output/Dart/hiddify~hiddify-next/lib/core/router/app_router.dart|hiddify|hiddify-next|app_router.dart|Dart|101|3|17
96|./src/_00/output/Dart/hiddify~hiddify-next/lib/features/settings/widgets/general_setting_tiles.dart|hiddify|hiddify-next|general_setting_tiles.dart|Dart|101|0|5
97|./src/_00/output/Dart/hiddify~hiddify-next/.github/ISSUE_TEMPLATE/bug_report.yaml|hiddify|hiddify-next|bug_report.yaml|YAML|99|1|5
98|./src/_00/output/Dart/hiddify~hiddify-next/lib/features/geo_asset/overview/geo_assets_overview_page.dart|hiddify|hiddify-next|geo_assets_overview_page.dart|Dart|99|0|3
99|./src/_00/output/Dart/hiddify~hiddify-next/lib/utils/link_parsers.dart|hiddify|hiddify-next|link_parsers.dart|Dart|99|4|11
100|./src/_00/output/Dart/hiddify~hiddify-next/ios/Runner.xcodeproj/xcshareddata/xcschemes/Runner.xcscheme|hiddify|hiddify-next|Runner.xcscheme|XML|98|0|0
101|./src/_00/output/Dart/hiddify~hiddify-next/lib/core/preferences/general_preferences.dart|hiddify|hiddify-next|general_preferences.dart|Dart|98|1|19
102|./src/_00/output/Dart/hiddify~hiddify-next/lib/singbox/model/singbox_config_option.dart|hiddify|hiddify-next|singbox_config_option.dart|Dart|98|0|12
103|./src/_00/output/Dart/hiddify~hiddify-next/macos/Runner.xcodeproj/xcshareddata/xcschemes/Runner.xcscheme|hiddify|hiddify-next|Runner.xcscheme|XML|98|0|0
104|./src/_00/output/Dart/hiddify~hiddify-next/test/core/database/generated_migrations/schema_v2.dart|hiddify|hiddify-next|schema_v2.dart|Dart|98|3|3
105|./src/_00/output/Dart/hiddify~hiddify-next/ios/Runner.xcodeproj/xcshareddata/xcschemes/SingBoxPacketTunnel.xcscheme|hiddify|hiddify-next|SingBoxPacketTunnel.xcscheme|XML|96|0|0
106|./src/_00/output/Dart/hiddify~hiddify-next/lib/features/app_update/widget/new_version_dialog.dart|hiddify|hiddify-next|new_version_dialog.dart|Dart|96|0|6
107|./src/_00/output/Dart/hiddify~hiddify-next/test/features/profile/data/profile_parser_test.dart|hiddify|hiddify-next|profile_parser_test.dart|Dart|96|0|9
108|./src/_00/output/Dart/hiddify~hiddify-next/test/core/database/generated_migrations/schema_v1.dart|hiddify|hiddify-next|schema_v1.dart|Dart|94|3|3
109|./src/_00/output/Dart/hiddify~hiddify-next/CODE_OF_CONDUCT.md|hiddify|hiddify-next|CODE_OF_CONDUCT.md|Markdown|93|0|35
110|./src/_00/output/Dart/hiddify~hiddify-next/android/app/src/main/kotlin/com/hiddify/hiddify/bg/ServiceConnection.kt|hiddify|hiddify-next|ServiceConnection.kt|Kotlin|93|0|16
111|./src/_00/output/Dart/hiddify~hiddify-next/lib/features/profile/data/profile_parser.dart|hiddify|hiddify-next|profile_parser.dart|Dart|92|8|8
112|./src/_00/output/Dart/hiddify~hiddify-next/lib/singbox/model/singbox_config_enum.dart|hiddify|hiddify-next|singbox_config_enum.dart|Dart|92|2|23
113|./src/_00/output/Dart/hiddify~hiddify-next/lib/features/proxy/widget/proxy_tile.dart|hiddify|hiddify-next|proxy_tile.dart|Dart|91|0|5
114|./src/_00/output/Dart/hiddify~hiddify-next/lib/features/config_option/widget/preference_tile.dart|hiddify|hiddify-next|preference_tile.dart|Dart|89|0|6
115|./src/_00/output/Dart/hiddify~hiddify-next/lib/features/stats/widget/stats_card.dart|hiddify|hiddify-next|stats_card.dart|Dart|89|0|5
116|./src/_00/output/Dart/hiddify~hiddify-next/lib/features/config_option/notifier/config_option_notifier.dart|hiddify|hiddify-next|config_option_notifier.dart|Dart|87|0|8
117|./src/_00/output/Dart/hiddify~hiddify-next/CONTRIBUTING.md|hiddify|hiddify-next|CONTRIBUTING.md|Markdown|84|0|38
118|./src/_00/output/Dart/hiddify~hiddify-next/lib/core/analytics/analytics_logger.dart|hiddify|hiddify-next|analytics_logger.dart|Dart|84|2|12
119|./src/_00/output/Dart/hiddify~hiddify-next/windows/flutter/CMakeLists.txt|hiddify|hiddify-next|CMakeLists.txt|CMake|84|14|11
120|./src/_00/output/Dart/hiddify~hiddify-next/lib/features/stats/widget/connection_stats_card.dart|hiddify|hiddify-next|connection_stats_card.dart|Dart|83|0|4
121|./src/_00/output/Dart/hiddify~hiddify-next/linux/CMakeLists.txt|hiddify|hiddify-next|CMakeLists.txt|CMake|83|38|30
122|./src/_00/output/Dart/hiddify~hiddify-next/lib/features/proxy/active/active_proxy_delay_indicator.dart|hiddify|hiddify-next|active_proxy_delay_indicator.dart|Dart|82|0|3
123|./src/_00/output/Dart/hiddify~hiddify-next/lib/features/app_update/notifier/app_update_notifier.dart|hiddify|hiddify-next|app_update_notifier.dart|Dart|80|0|7
124|./src/_00/output/Dart/hiddify~hiddify-next/lib/features/profile/data/profile_data_mapper.dart|hiddify|hiddify-next|profile_data_mapper.dart|Dart|80|0|5
125|./src/_00/output/Dart/hiddify~hiddify-next/lib/features/connection/widget/experimental_feature_notice.dart|hiddify|hiddify-next|experimental_feature_notice.dart|Dart|78|0|6
126|./src/_00/output/Dart/hiddify~hiddify-next/ios/Runner/Info.plist|hiddify|hiddify-next|Info.plist|XML|76|0|0
127|./src/_00/output/Dart/hiddify~hiddify-next/lib/features/config_option/notifier/warp_option_notifier.dart|hiddify|hiddify-next|warp_option_notifier.dart|Dart|75|0|11
128|./src/_00/output/Dart/hiddify~hiddify-next/lib/features/config_option/widget/quick_settings_modal.dart|hiddify|hiddify-next|quick_settings_modal.dart|Dart|75|5|4
129|./src/_00/output/Dart/hiddify~hiddify-next/lib/features/profile/overview/profiles_overview_notifier.dart|hiddify|hiddify-next|profiles_overview_notifier.dart|Dart|74|0|10
130|./src/_00/output/Dart/hiddify~hiddify-next/linux/my_application.cc|hiddify|hiddify-next|my_application.cc|C++|74|11|19
131|./src/_00/output/Dart/hiddify~hiddify-next/ios/Runner/VPN/Helpers/Stored.swift|hiddify|hiddify-next|Stored.swift|Swift|73|6|7
132|./src/_00/output/Dart/hiddify~hiddify-next/lib/features/shortcut/shortcut_wrapper.dart|hiddify|hiddify-next|shortcut_wrapper.dart|Dart|73|5|12
133|./src/_00/output/Dart/hiddify~hiddify-next/lib/utils/custom_text_form_field.dart|hiddify|hiddify-next|custom_text_form_field.dart|Dart|73|0|4
134|./src/_00/output/Dart/hiddify~hiddify-next/android/app/src/main/kotlin/com/hiddify/hiddify/EventHandler.kt|hiddify|hiddify-next|EventHandler.kt|Kotlin|70|0|12
135|./src/_00/output/Dart/hiddify~hiddify-next/lib/features/app/widget/app.dart|hiddify|hiddify-next|app.dart|Dart|70|0|6
136|./src/_00/output/Dart/hiddify~hiddify-next/windows/packaging/exe/inno_setup.sas|hiddify|hiddify-next|inno_setup.sas|SAS|70|0|5
137|./src/_00/output/Dart/hiddify~hiddify-next/windows/runner/Runner.rc|hiddify|hiddify-next|Runner.rc|Windows Resource File|69|29|23
138|./src/_00/output/Dart/hiddify~hiddify-next/macos/Runner/Assets.xcassets/AppIcon.appiconset/Contents.json|hiddify|hiddify-next|Contents.json|JSON|68|0|0
139|./src/_00/output/Dart/hiddify~hiddify-next/lib/core/logger/custom_logger.dart|hiddify|hiddify-next|custom_logger.dart|Dart|67|1|16
140|./src/_00/output/Dart/hiddify~hiddify-next/linux/flutter/CMakeLists.txt|hiddify|hiddify-next|CMakeLists.txt|CMake|66|13|9
141|./src/_00/output/Dart/hiddify~hiddify-next/lib/features/connection/model/connection_failure.dart|hiddify|hiddify-next|connection_failure.dart|Dart|65|0|10
142|./src/_00/output/Dart/hiddify~hiddify-next/lib/core/analytics/analytics_controller.dart|hiddify|hiddify-next|analytics_controller.dart|Dart|64|1|10
143|./src/_00/output/Dart/hiddify~hiddify-next/lib/features/log/data/log_repository.dart|hiddify|hiddify-next|log_repository.dart|Dart|64|0|6
144|./src/_00/output/Dart/hiddify~hiddify-next/lib/features/connection/data/connection_platform_source.dart|hiddify|hiddify-next|connection_platform_source.dart|Dart|63|2|4
145|./src/_00/output/Dart/hiddify~hiddify-next/windows/CMakeLists.txt|hiddify|hiddify-next|CMakeLists.txt|CMake|63|27|22
146|./src/_00/output/Dart/hiddify~hiddify-next/lib/core/database/app_database.dart|hiddify|hiddify-next|app_database.dart|Dart|61|3|6
147|./src/_00/output/Dart/hiddify~hiddify-next/android/app/src/main/kotlin/com/hiddify/hiddify/ShortcutActivity.kt|hiddify|hiddify-next|ShortcutActivity.kt|Kotlin|60|0|7
148|./src/_00/output/Dart/hiddify~hiddify-next/lib/core/model/failures.dart|hiddify|hiddify-next|failures.dart|Dart|60|4|9
149|./src/_00/output/Dart/hiddify~hiddify-next/lib/utils/async_mutation.dart|hiddify|hiddify-next|async_mutation.dart|Dart|59|5|10
150|./src/_00/output/Dart/hiddify~hiddify-next/lib/singbox/service/singbox_service.dart|hiddify|hiddify-next|singbox_service.dart|Dart|57|18|20
151|./src/_00/output/Dart/hiddify~hiddify-next/lib/features/common/qr_code_dialog.dart|hiddify|hiddify-next|qr_code_dialog.dart|Dart|56|0|5
152|./src/_00/output/Dart/hiddify~hiddify-next/lib/singbox/generated/core.pbgrpc.dart|hiddify|hiddify-next|core.pbgrpc.dart|Dart|56|9|14
153|./src/_00/output/Dart/hiddify~hiddify-next/lib/utils/placeholders.dart|hiddify|hiddify-next|placeholders.dart|Dart|56|1|8
154|./src/_00/output/Dart/hiddify~hiddify-next/android/app/src/main/kotlin/com/hiddify/hiddify/StatsChannel.kt|hiddify|hiddify-next|StatsChannel.kt|Kotlin|55|0|9
155|./src/_00/output/Dart/hiddify~hiddify-next/ios/SingBoxPacketTunnel/TrafficReader.swift|hiddify|hiddify-next|TrafficReader.swift|Swift|55|8|7
156|./src/_00/output/Dart/hiddify~hiddify-next/windows/runner/utils.cpp|hiddify|hiddify-next|utils.cpp|C++|54|2|9
157|./src/_00/output/Dart/hiddify~hiddify-next/.github/release_message.md|hiddify|hiddify-next|release_message.md|Markdown|53|0|14
158|./src/_00/output/Dart/hiddify~hiddify-next/lib/singbox/generated/core.pbjson.dart|hiddify|hiddify-next|core.pbjson.dart|Dart|53|13|11
159|./src/_00/output/Dart/hiddify~hiddify-next/lib/core/logger/logger_controller.dart|hiddify|hiddify-next|logger_controller.dart|Dart|52|0|13
160|./src/_00/output/Dart/hiddify~hiddify-next/lib/features/geo_asset/data/geo_asset_data_source.dart|hiddify|hiddify-next|geo_asset_data_source.dart|Dart|52|0|7
161|./src/_00/output/Dart/hiddify~hiddify-next/android/app/src/main/kotlin/com/hiddify/hiddify/bg/ServiceBinder.kt|hiddify|hiddify-next|ServiceBinder.kt|Kotlin|51|0|8
162|./src/_00/output/Dart/hiddify~hiddify-next/lib/features/app_update/data/app_update_repository.dart|hiddify|hiddify-next|app_update_repository.dart|Dart|51|0|5
163|./src/_00/output/Dart/hiddify~hiddify-next/android/app/src/main/kotlin/com/hiddify/hiddify/ActiveGroupsChannel.kt|hiddify|hiddify-next|ActiveGroupsChannel.kt|Kotlin|50|0|10
164|./src/_00/output/Dart/hiddify~hiddify-next/android/app/src/main/kotlin/com/hiddify/hiddify/bg/DefaultNetworkMonitor.kt|hiddify|hiddify-next|DefaultNetworkMonitor.kt|Kotlin|50|0|8
165|./src/_00/output/Dart/hiddify~hiddify-next/android/app/src/main/res/drawable/ic_banner_foreground.xml|hiddify|hiddify-next|ic_banner_foreground.xml|XML|50|0|3
166|./src/_00/output/Dart/hiddify~hiddify-next/lib/core/widget/animated_text.dart|hiddify|hiddify-next|animated_text.dart|Dart|50|0|3
167|./src/_00/output/Dart/hiddify~hiddify-next/lib/features/per_app_proxy/data/per_app_proxy_repository.dart|hiddify|hiddify-next|per_app_proxy_repository.dart|Dart|50|0|5
168|./src/_00/output/Dart/hiddify~hiddify-next/windows/runner/win32_window.h|hiddify|hiddify-next|win32_window.h|C/C++ Header|50|31|23
169|./src/_00/output/Dart/hiddify~hiddify-next/android/app/src/main/kotlin/com/hiddify/hiddify/GroupsChannel.kt|hiddify|hiddify-next|GroupsChannel.kt|Kotlin|49|0|9
170|./src/_00/output/Dart/hiddify~hiddify-next/lib/core/directories/directories_provider.dart|hiddify|hiddify-next|directories_provider.dart|Dart|49|0|8
171|./src/_00/output/Dart/hiddify~hiddify-next/lib/features/geo_asset/overview/geo_assets_overview_notifier.dart|hiddify|hiddify-next|geo_assets_overview_notifier.dart|Dart|49|0|6
172|./src/_00/output/Dart/hiddify~hiddify-next/lib/features/home/widget/empty_profiles_home_body.dart|hiddify|hiddify-next|empty_profiles_home_body.dart|Dart|49|0|6
173|./src/_00/output/Dart/hiddify~hiddify-next/windows/runner/flutter_window.cpp|hiddify|hiddify-next|flutter_window.cpp|C++|49|8|15
174|./src/_00/output/Dart/hiddify~hiddify-next/macos/Runner/Info.plist|hiddify|hiddify-next|Info.plist|XML|48|0|0
175|./src/_00/output/Dart/hiddify~hiddify-next/lib/core/model/optional_range.dart|hiddify|hiddify-next|optional_range.dart|Dart|47|0|9
176|./src/_00/output/Dart/hiddify~hiddify-next/lib/features/geo_asset/model/default_geo_assets.dart|hiddify|hiddify-next|default_geo_assets.dart|Dart|47|2|4
177|./src/_00/output/Dart/hiddify~hiddify-next/windows/runner/main.cpp|hiddify|hiddify-next|main.cpp|C++|47|4|13
178|./src/_00/output/Dart/hiddify~hiddify-next/ios/Runner/Handlers/StatsEventHandler.swift|hiddify|hiddify-next|StatsEventHandler.swift|Swift|46|0|8
179|./src/_00/output/Dart/hiddify~hiddify-next/lib/features/common/nested_app_bar.dart|hiddify|hiddify-next|nested_app_bar.dart|Dart|46|0|5
180|./src/_00/output/Dart/hiddify~hiddify-next/lib/features/window/notifier/window_notifier.dart|hiddify|hiddify-next|window_notifier.dart|Dart|46|5|9
181|./src/_00/output/Dart/hiddify~hiddify-next/.vscode/launch.json|hiddify|hiddify-next|launch.json|JSON|45|0|1
182|./src/_00/output/Dart/hiddify~hiddify-next/lib/core/utils/exception_handler.dart|hiddify|hiddify-next|exception_handler.dart|Dart|45|0|3
183|./src/_00/output/Dart/hiddify~hiddify-next/lib/features/profile/model/profile_entity.dart|hiddify|hiddify-next|profile_entity.dart|Dart|45|0|12
184|./src/_00/output/Dart/hiddify~hiddify-next/lib/singbox/model/singbox_status.dart|hiddify|hiddify-next|singbox_status.dart|Dart|45|0|5
185|./src/_00/output/Dart/hiddify~hiddify-next/lib/singbox/service/core_singbox_service.dart|hiddify|hiddify-next|core_singbox_service.dart|Dart|45|0|3
186|./src/_00/output/Dart/hiddify~hiddify-next/lib/core/widget/custom_alert_dialog.dart|hiddify|hiddify-next|custom_alert_dialog.dart|Dart|44|0|6
187|./src/_00/output/Dart/hiddify~hiddify-next/lib/features/window/widget/window_wrapper.dart|hiddify|hiddify-next|window_wrapper.dart|Dart|44|0|10
188|./src/_00/output/Dart/hiddify~hiddify-next/ios/Runner/Base.lproj/LaunchScreen.storyboard|hiddify|hiddify-next|LaunchScreen.storyboard|XML|43|1|0
189|./src/_00/output/Dart/hiddify~hiddify-next/ios/Runner/Handlers/ActiveGroupsEventHandler.swift|hiddify|hiddify-next|ActiveGroupsEventHandler.swift|Swift|43|0|6
190|./src/_00/output/Dart/hiddify~hiddify-next/ios/Runner/Handlers/GroupsEventHandler.swift|hiddify|hiddify-next|GroupsEventHandler.swift|Swift|43|0|7
191|./src/_00/output/Dart/hiddify~hiddify-next/lib/features/system_tray/widget/system_tray_wrapper.dart|hiddify|hiddify-next|system_tray_wrapper.dart|Dart|43|0|10
192|./src/_00/output/Dart/hiddify~hiddify-next/lib/features/connection/widget/connection_wrapper.dart|hiddify|hiddify-next|connection_wrapper.dart|Dart|41|10|7
193|./src/_00/output/Dart/hiddify~hiddify-next/lib/utils/sentry_riverpod_observer.dart|hiddify|hiddify-next|sentry_riverpod_observer.dart|Dart|41|0|3
194|./src/_00/output/Dart/hiddify~hiddify-next/.github/auto_translator.py|hiddify|hiddify-next|auto_translator.py|Python|40|0|11
195|./src/_00/output/Dart/hiddify~hiddify-next/lib/features/profile/model/profile_failure.dart|hiddify|hiddify-next|profile_failure.dart|Dart|40|0|7
196|./src/_00/output/Dart/hiddify~hiddify-next/lib/features/proxy/model/proxy_failure.dart|hiddify|hiddify-next|proxy_failure.dart|Dart|40|0|7
197|./src/_00/output/Dart/hiddify~hiddify-next/lib/features/settings/data/settings_repository.dart|hiddify|hiddify-next|settings_repository.dart|Dart|40|0|4
198|./src/_00/output/Dart/hiddify~hiddify-next/lib/features/settings/notifier/platform_settings_notifier.dart|hiddify|hiddify-next|platform_settings_notifier.dart|Dart|40|0|5
199|./src/_00/output/Dart/hiddify~hiddify-next/ios/SingBoxPacketTunnel/Logger.swift|hiddify|hiddify-next|Logger.swift|Swift|39|6|7
200|./src/_00/output/Dart/hiddify~hiddify-next/lib/core/database/tables/database_tables.dart|hiddify|hiddify-next|database_tables.dart|Dart|39|0|5
201|./src/_00/output/Dart/hiddify~hiddify-next/lib/features/deep_link/notifier/deep_link_notifier.dart|hiddify|hiddify-next|deep_link_notifier.dart|Dart|39|0|7
202|./src/_00/output/Dart/hiddify~hiddify-next/lib/utils/uri_utils.dart|hiddify|hiddify-next|uri_utils.dart|Dart|39|0|5
203|./src/_00/output/Dart/hiddify~hiddify-next/android/app/src/main/kotlin/com/hiddify/hiddify/bg/TileService.kt|hiddify|hiddify-next|TileService.kt|Kotlin|38|0|10
204|./src/_00/output/Dart/hiddify~hiddify-next/web/index.html|hiddify|hiddify-next|index.html|HTML|38|13|8
205|./src/_00/output/Dart/hiddify~hiddify-next/lib/core/theme/app_theme.dart|hiddify|hiddify-next|app_theme.dart|Dart|37|0|3
206|./src/_00/output/Dart/hiddify~hiddify-next/lib/core/widget/shimmer_skeleton.dart|hiddify|hiddify-next|shimmer_skeleton.dart|Dart|37|0|3
207|./src/_00/output/Dart/hiddify~hiddify-next/lib/core/widget/tip_card.dart|hiddify|hiddify-next|tip_card.dart|Dart|37|0|3
208|./src/_00/output/Dart/hiddify~hiddify-next/lib/features/settings/widgets/platform_settings_tiles.dart|hiddify|hiddify-next|platform_settings_tiles.dart|Dart|37|0|6
209|./src/_00/output/Dart/hiddify~hiddify-next/linux/packaging/appimage/AppRun|hiddify|hiddify-next|AppRun|Bourne Again Shell|37|6|9
210|./src/_00/output/Dart/hiddify~hiddify-next/macos/Flutter/GeneratedPluginRegistrant.swift|hiddify|hiddify-next|GeneratedPluginRegistrant.swift|Swift|36|3|3
211|./src/_00/output/Dart/hiddify~hiddify-next/lib/core/theme/theme_extensions.dart|hiddify|hiddify-next|theme_extensions.dart|Dart|35|0|5
212|./src/_00/output/Dart/hiddify~hiddify-next/lib/core/widget/skeleton_widget.dart|hiddify|hiddify-next|skeleton_widget.dart|Dart|35|0|4
213|./src/_00/output/Dart/hiddify~hiddify-next/lib/features/app_update/data/github_release_parser.dart|hiddify|hiddify-next|github_release_parser.dart|Dart|35|0|1
214|./src/_00/output/Dart/hiddify~hiddify-next/lib/features/geo_asset/model/geo_asset_failure.dart|hiddify|hiddify-next|geo_asset_failure.dart|Dart|35|0|6
215|./src/_00/output/Dart/hiddify~hiddify-next/android/app/src/main/kotlin/com/hiddify/hiddify/Application.kt|hiddify|hiddify-next|Application.kt|Kotlin|34|0|9
216|./src/_00/output/Dart/hiddify~hiddify-next/appcast.xml|hiddify|hiddify-next|appcast.xml|XML|34|0|0
217|./src/_00/output/Dart/hiddify~hiddify-next/lib/core/haptic/haptic_service.dart|hiddify|hiddify-next|haptic_service.dart|Dart|34|0|7
218|./src/_00/output/Dart/hiddify~hiddify-next/lib/core/widget/animated_visibility.dart|hiddify|hiddify-next|animated_visibility.dart|Dart|34|0|4
219|./src/_00/output/Dart/hiddify~hiddify-next/lib/features/connection/model/connection_status.dart|hiddify|hiddify-next|connection_status.dart|Dart|34|0|7
220|./src/_00/output/Dart/hiddify~hiddify-next/ios/Runner/Handlers/StatusEventHandler.swift|hiddify|hiddify-next|StatusEventHandler.swift|Swift|33|6|7
221|./src/_00/output/Dart/hiddify~hiddify-next/ios/SingBoxPacketTunnel/SingBox/Extension+RunBlocking.swift|hiddify|hiddify-next|Extension+RunBlocking.swift|Swift|33|6|4
222|./src/_00/output/Dart/hiddify~hiddify-next/lib/features/settings/overview/settings_overview_page.dart|hiddify|hiddify-next|settings_overview_page.dart|Dart|33|0|3
223|./src/_00/output/Dart/hiddify~hiddify-next/lib/singbox/model/singbox_outbound.dart|hiddify|hiddify-next|singbox_outbound.dart|Dart|33|0|7
224|./src/_00/output/Dart/hiddify~hiddify-next/test/core/utils/ip_utils_test.dart|hiddify|hiddify-next|ip_utils_test.dart|Dart|33|0|3
225|./src/_00/output/Dart/hiddify~hiddify-next/windows/flutter/generated_plugin_registrant.cc|hiddify|hiddify-next|generated_plugin_registrant.cc|C++|33|4|4
226|./src/_00/output/Dart/hiddify~hiddify-next/ios/Runner/Handlers/AlertsEventHandler.swift|hiddify|hiddify-next|AlertsEventHandler.swift|Swift|32|6|7
227|./src/_00/output/Dart/hiddify~hiddify-next/ios/Runner/Handlers/LogsEventHandler.swift|hiddify|hiddify-next|LogsEventHandler.swift|Swift|32|11|6
228|./src/_00/output/Dart/hiddify~hiddify-next/test/core/database/migrations_test.dart|hiddify|hiddify-next|migrations_test.dart|Dart|32|0|10
229|./src/_00/output/Dart/hiddify~hiddify-next/lib/features/auto_start/notifier/auto_start_notifier.dart|hiddify|hiddify-next|auto_start_notifier.dart|Dart|31|0|6
230|./src/_00/output/Dart/hiddify~hiddify-next/lib/features/per_app_proxy/overview/per_app_proxy_notifier.dart|hiddify|hiddify-next|per_app_proxy_notifier.dart|Dart|31|2|3
231|./src/_00/output/Dart/hiddify~hiddify-next/linux/flutter/generated_plugin_registrant.cc|hiddify|hiddify-next|generated_plugin_registrant.cc|C++|31|4|4
232|./src/_00/output/Dart/hiddify~hiddify-next/ios/Runner/AppDelegate.swift|hiddify|hiddify-next|AppDelegate.swift|Swift|30|0|5
233|./src/_00/output/Dart/hiddify~hiddify-next/lib/core/localization/locale_preferences.dart|hiddify|hiddify-next|locale_preferences.dart|Dart|30|1|3
234|./src/_00/output/Dart/hiddify~hiddify-next/lib/features/common/confirmation_dialogs.dart|hiddify|hiddify-next|confirmation_dialogs.dart|Dart|30|0|1
235|./src/_00/output/Dart/hiddify~hiddify-next/lib/features/geo_asset/notifier/geo_asset_notifier.dart|hiddify|hiddify-next|geo_asset_notifier.dart|Dart|30|0|3
236|./src/_00/output/Dart/hiddify~hiddify-next/lib/features/log/data/log_parser.dart|hiddify|hiddify-next|log_parser.dart|Dart|30|1|2
237|./src/_00/output/Dart/hiddify~hiddify-next/lib/features/profile/data/profile_data_providers.dart|hiddify|hiddify-next|profile_data_providers.dart|Dart|30|0|4
238|./src/_00/output/Dart/hiddify~hiddify-next/lib/features/proxy/model/proxy_entity.dart|hiddify|hiddify-next|proxy_entity.dart|Dart|30|0|8
239|./src/_00/output/Dart/hiddify~hiddify-next/android/app/src/main/res/drawable/ic_launcher_foreground.xml|hiddify|hiddify-next|ic_launcher_foreground.xml|XML|29|0|0
240|./src/_00/output/Dart/hiddify~hiddify-next/ios/exportOptions.plist|hiddify|hiddify-next|exportOptions.plist|XML|29|0|0
241|./src/_00/output/Dart/hiddify~hiddify-next/lib/features/geo_asset/data/geo_asset_data_mapper.dart|hiddify|hiddify-next|geo_asset_data_mapper.dart|Dart|29|0|2
242|./src/_00/output/Dart/hiddify~hiddify-next/lib/features/stats/data/stats_repository.dart|hiddify|hiddify-next|stats_repository.dart|Dart|29|0|4
243|./src/_00/output/Dart/hiddify~hiddify-next/lib/singbox/model/singbox_proxy_type.dart|hiddify|hiddify-next|singbox_proxy_type.dart|Dart|29|0|6
244|./src/_00/output/Dart/hiddify~hiddify-next/lib/utils/bottom_sheet_page.dart|hiddify|hiddify-next|bottom_sheet_page.dart|Dart|29|0|3
245|./src/_00/output/Dart/hiddify~hiddify-next/project.inlang/settings.json|hiddify|hiddify-next|settings.json|JSON|29|0|0
246|./src/_00/output/Dart/hiddify~hiddify-next/.github/workflows/ci.yml|hiddify|hiddify-next|ci.yml|YAML|28|0|3
247|./src/_00/output/Dart/hiddify~hiddify-next/android/app/src/main/kotlin/com/hiddify/hiddify/LogHandler.kt|hiddify|hiddify-next|LogHandler.kt|Kotlin|28|0|9
248|./src/_00/output/Dart/hiddify~hiddify-next/android/app/src/main/kotlin/com/hiddify/hiddify/utils/OutboundMapper.kt|hiddify|hiddify-next|OutboundMapper.kt|Kotlin|28|0|3
249|./src/_00/output/Dart/hiddify~hiddify-next/ios/Runner/Base.lproj/Main.storyboard|hiddify|hiddify-next|Main.storyboard|XML|28|1|0
250|./src/_00/output/Dart/hiddify~hiddify-next/ios/Runner/Handlers/PlatformMethodHandler.swift|hiddify|hiddify-next|PlatformMethodHandler.swift|Swift|28|6|7
251|./src/_00/output/Dart/hiddify~hiddify-next/lib/features/config_option/model/config_option_failure.dart|hiddify|hiddify-next|config_option_failure.dart|Dart|28|0|5
252|./src/_00/output/Dart/hiddify~hiddify-next/lib/features/geo_asset/data/geo_asset_data_providers.dart|hiddify|hiddify-next|geo_asset_data_providers.dart|Dart|28|0|4
253|./src/_00/output/Dart/hiddify~hiddify-next/lib/core/analytics/analytics_filter.dart|hiddify|hiddify-next|analytics_filter.dart|Dart|27|0|4
254|./src/_00/output/Dart/hiddify~hiddify-next/lib/core/preferences/preferences_provider.dart|hiddify|hiddify-next|preferences_provider.dart|Dart|27|1|5
255|./src/_00/output/Dart/hiddify~hiddify-next/lib/features/profile/notifier/active_profile_notifier.dart|hiddify|hiddify-next|active_profile_notifier.dart|Dart|27|1|3
256|./src/_00/output/Dart/hiddify~hiddify-next/lib/singbox/model/singbox_rule.dart|hiddify|hiddify-next|singbox_rule.dart|Dart|27|0|8
257|./src/_00/output/Dart/hiddify~hiddify-next/linux/packaging/deb/make_config.yaml|hiddify|hiddify-next|make_config.yaml|YAML|27|0|6
258|./src/_00/output/Dart/hiddify~hiddify-next/ios/Flutter/AppFrameworkInfo.plist|hiddify|hiddify-next|AppFrameworkInfo.plist|XML|26|0|0
259|./src/_00/output/Dart/hiddify~hiddify-next/lib/core/app_info/app_info_provider.dart|hiddify|hiddify-next|app_info_provider.dart|Dart|26|0|4
260|./src/_00/output/Dart/hiddify~hiddify-next/lib/utils/text_utils.dart|hiddify|hiddify-next|text_utils.dart|Dart|26|0|4
261|./src/_00/output/Dart/hiddify~hiddify-next/linux/packaging/appimage/make_config.yaml|hiddify|hiddify-next|make_config.yaml|YAML|26|9|8
262|./src/_00/output/Dart/hiddify~hiddify-next/android/app/src/main/kotlin/com/hiddify/hiddify/bg/BootReceiver.kt|hiddify|hiddify-next|BootReceiver.kt|Kotlin|25|0|5
263|./src/_00/output/Dart/hiddify~hiddify-next/ios/packaging/ios/make_config.yaml|hiddify|hiddify-next|make_config.yaml|YAML|25|9|8
264|./src/_00/output/Dart/hiddify~hiddify-next/lib/core/logger/logger.dart|hiddify|hiddify-next|logger.dart|Dart|25|0|5
265|./src/_00/output/Dart/hiddify~hiddify-next/lib/core/model/app_info_entity.dart|hiddify|hiddify-next|app_info_entity.dart|Dart|25|1|6
266|./src/_00/output/Dart/hiddify~hiddify-next/lib/utils/sentry_utils.dart|hiddify|hiddify-next|sentry_utils.dart|Dart|25|0|4
267|./src/_00/output/Dart/hiddify~hiddify-next/windows/flutter/generated_plugins.cmake|hiddify|hiddify-next|generated_plugins.cmake|CMake|25|3|5
268|./src/_00/output/Dart/hiddify~hiddify-next/ios/Runner/Runner.entitlements|hiddify|hiddify-next|Runner.entitlements|XML|24|0|0
269|./src/_00/output/Dart/hiddify~hiddify-next/ios/Shared/FilePath.swift|hiddify|hiddify-next|FilePath.swift|Swift|24|6|8
270|./src/_00/output/Dart/hiddify~hiddify-next/lib/features/log/model/log_level.dart|hiddify|hiddify-next|log_level.dart|Dart|24|1|4
271|./src/_00/output/Dart/hiddify~hiddify-next/lib/singbox/model/warp_account.dart|hiddify|hiddify-next|warp_account.dart|Dart|24|0|2
272|./src/_00/output/Dart/hiddify~hiddify-next/ios/Runner/Assets.xcassets/LaunchImage.imageset/Contents.json|hiddify|hiddify-next|Contents.json|JSON|23|0|0
273|./src/_00/output/Dart/hiddify~hiddify-next/ios/Runner/Handlers/FileMethodHandler.swift|hiddify|hiddify-next|FileMethodHandler.swift|Swift|23|6|6
274|./src/_00/output/Dart/hiddify~hiddify-next/lib/core/theme/theme_preferences.dart|hiddify|hiddify-next|theme_preferences.dart|Dart|23|0|3
275|./src/_00/output/Dart/hiddify~hiddify-next/lib/features/geo_asset/data/geo_asset_path_resolver.dart|hiddify|hiddify-next|geo_asset_path_resolver.dart|Dart|23|1|7
276|./src/_00/output/Dart/hiddify~hiddify-next/lib/features/stats/notifier/stats_notifier.dart|hiddify|hiddify-next|stats_notifier.dart|Dart|23|0|2
277|./src/_00/output/Dart/hiddify~hiddify-next/ios/SingBoxPacketTunnel/SingBoxPacketTunnel.entitlements|hiddify|hiddify-next|SingBoxPacketTunnel.entitlements|XML|22|0|0
278|./src/_00/output/Dart/hiddify~hiddify-next/lib/core/http_client/http_client_provider.dart|hiddify|hiddify-next|http_client_provider.dart|Dart|22|0|3
279|./src/_00/output/Dart/hiddify~hiddify-next/lib/features/app_update/model/app_update_failure.dart|hiddify|hiddify-next|app_update_failure.dart|Dart|22|0|4
280|./src/_00/output/Dart/hiddify~hiddify-next/lib/features/connection/data/connection_data_providers.dart|hiddify|hiddify-next|connection_data_providers.dart|Dart|22|0|2
281|./src/_00/output/Dart/hiddify~hiddify-next/lib/features/log/model/log_failure.dart|hiddify|hiddify-next|log_failure.dart|Dart|22|0|4
282|./src/_00/output/Dart/hiddify~hiddify-next/lib/features/settings/model/settings_failure.dart|hiddify|hiddify-next|settings_failure.dart|Dart|22|0|4
283|./src/_00/output/Dart/hiddify~hiddify-next/lib/features/stats/model/stats_failure.dart|hiddify|hiddify-next|stats_failure.dart|Dart|22|0|4
284|./src/_00/output/Dart/hiddify~hiddify-next/linux/flutter/generated_plugins.cmake|hiddify|hiddify-next|generated_plugins.cmake|CMake|22|3|5
285|./src/_00/output/Dart/hiddify~hiddify-next/linux/packaging/rpm/make_config.yaml|hiddify|hiddify-next|make_config.yaml|YAML|22|0|6
286|./src/_00/output/Dart/hiddify~hiddify-next/windows/runner/CMakeLists.txt|hiddify|hiddify-next|CMakeLists.txt|CMake|22|12|6
287|./src/_00/output/Dart/hiddify~hiddify-next/android/settings.gradle|hiddify|hiddify-next|settings.gradle|Gradle|21|0|4
288|./src/_00/output/Dart/hiddify~hiddify-next/ios/Runner/Assets.xcassets/LaunchBackground.imageset/Contents.json|hiddify|hiddify-next|Contents.json|JSON|21|0|0
289|./src/_00/output/Dart/hiddify~hiddify-next/lib/core/theme/app_theme_mode.dart|hiddify|hiddify-next|app_theme_mode.dart|Dart|21|0|4
290|./src/_00/output/Dart/hiddify~hiddify-next/lib/features/log/data/log_data_providers.dart|hiddify|hiddify-next|log_data_providers.dart|Dart|21|0|3
291|./src/_00/output/Dart/hiddify~hiddify-next/lib/features/per_app_proxy/model/per_app_proxy_mode.dart|hiddify|hiddify-next|per_app_proxy_mode.dart|Dart|21|0|3
292|./src/_00/output/Dart/hiddify~hiddify-next/distribute_options.yaml|hiddify|hiddify-next|distribute_options.yaml|YAML|20|0|2
293|./src/_00/output/Dart/hiddify~hiddify-next/ios/Local Packages/Package.swift|hiddify|hiddify-next|Package.swift|Swift|20|4|2
294|./src/_00/output/Dart/hiddify~hiddify-next/lib/features/geo_asset/model/geo_asset_entity.dart|hiddify|hiddify-next|geo_asset_entity.dart|Dart|20|0|7
295|./src/_00/output/Dart/hiddify~hiddify-next/lib/features/settings/widgets/sections_widgets.dart|hiddify|hiddify-next|sections_widgets.dart|Dart|20|0|5
296|./src/_00/output/Dart/hiddify~hiddify-next/test/core/database/generated_migrations/schema.dart|hiddify|hiddify-next|schema.dart|Dart|20|3|1
297|./src/_00/output/Dart/hiddify~hiddify-next/windows/runner/flutter_window.h|hiddify|hiddify-next|flutter_window.h|C/C++ Header|20|5|8
298|./src/_00/output/Dart/hiddify~hiddify-next/.github/workflows/add_signed_microsft.yml|hiddify|hiddify-next|add_signed_microsft.yml|YAML|19|0|6
299|./src/_00/output/Dart/hiddify~hiddify-next/build.yaml|hiddify|hiddify-next|build.yaml|YAML|19|0|0
300|./src/_00/output/Dart/hiddify~hiddify-next/ios/SingBoxPacketTunnel/SingBox/SingBox.swift|hiddify|hiddify-next|SingBox.swift|Swift|19|38|2
301|./src/_00/output/Dart/hiddify~hiddify-next/lib/core/widget/adaptive_icon.dart|hiddify|hiddify-next|adaptive_icon.dart|Dart|19|0|4
302|./src/_00/output/Dart/hiddify~hiddify-next/.github/workflows/release.yml|hiddify|hiddify-next|release.yml|YAML|18|0|2
303|./src/_00/output/Dart/hiddify~hiddify-next/analysis_options.yaml|hiddify|hiddify-next|analysis_options.yaml|YAML|18|1|3
304|./src/_00/output/Dart/hiddify~hiddify-next/lib/core/localization/locale_extensions.dart|hiddify|hiddify-next|locale_extensions.dart|Dart|18|0|2
305|./src/_00/output/Dart/hiddify~hiddify-next/lib/core/model/constants.dart|hiddify|hiddify-next|constants.dart|Dart|18|0|1
306|./src/_00/output/Dart/hiddify~hiddify-next/lib/core/model/environment.dart|hiddify|hiddify-next|environment.dart|Dart|18|0|7
307|./src/_00/output/Dart/hiddify~hiddify-next/lib/features/app_update/model/remote_version_entity.dart|hiddify|hiddify-next|remote_version_entity.dart|Dart|18|0|4
308|./src/_00/output/Dart/hiddify~hiddify-next/lib/features/profile/details/profile_details_state.dart|hiddify|hiddify-next|profile_details_state.dart|Dart|18|0|4
309|./src/_00/output/Dart/hiddify~hiddify-next/lib/features/profile/model/profile_sort_enum.dart|hiddify|hiddify-next|profile_sort_enum.dart|Dart|18|0|4
310|./src/_00/output/Dart/hiddify~hiddify-next/lib/features/stats/model/stats_entity.dart|hiddify|hiddify-next|stats_entity.dart|Dart|18|0|4
311|./src/_00/output/Dart/hiddify~hiddify-next/lib/singbox/model/singbox_stats.dart|hiddify|hiddify-next|singbox_stats.dart|Dart|18|0|4
312|./src/_00/output/Dart/hiddify~hiddify-next/lib/utils/callback_debouncer.dart|hiddify|hiddify-next|callback_debouncer.dart|Dart|18|2|5
313|./src/_00/output/Dart/hiddify~hiddify-next/lib/utils/riverpod_utils.dart|hiddify|hiddify-next|riverpod_utils.dart|Dart|18|0|5
314|./src/_00/output/Dart/hiddify~hiddify-next/web/manifest.json|hiddify|hiddify-next|manifest.json|JSON|18|0|0
315|./src/_00/output/Dart/hiddify~hiddify-next/ios/SingBoxPacketTunnel/PacketTunnelProvider.swift|hiddify|hiddify-next|PacketTunnelProvider.swift|Swift|17|14|6
316|./src/_00/output/Dart/hiddify~hiddify-next/lib/features/app_update/notifier/app_update_state.dart|hiddify|hiddify-next|app_update_state.dart|Dart|17|0|2
317|./src/_00/output/Dart/hiddify~hiddify-next/lib/utils/custom_loggers.dart|hiddify|hiddify-next|custom_loggers.dart|Dart|17|9|5
318|./src/_00/output/Dart/hiddify~hiddify-next/lib/utils/utils.dart|hiddify|hiddify-next|utils.dart|Dart|17|0|0
319|./src/_00/output/Dart/hiddify~hiddify-next/macos/Runner/MainFlutterWindow.swift|hiddify|hiddify-next|MainFlutterWindow.swift|Swift|17|1|4
320|./src/_00/output/Dart/hiddify~hiddify-next/android/app/src/main/kotlin/com/hiddify/hiddify/constant/SettingsKey.kt|hiddify|hiddify-next|SettingsKey.kt|Kotlin|16|1|7
321|./src/_00/output/Dart/hiddify~hiddify-next/android/app/src/main/kotlin/com/hiddify/hiddify/ktx/Wrappers.kt|hiddify|hiddify-next|Wrappers.kt|Kotlin|16|0|3
322|./src/_00/output/Dart/hiddify~hiddify-next/android/build.gradle|hiddify|hiddify-next|build.gradle|Gradle|16|0|2
323|./src/_00/output/Dart/hiddify~hiddify-next/ios/Shared/Outbound.swift|hiddify|hiddify-next|Outbound.swift|Swift|16|0|2
324|./src/_00/output/Dart/hiddify~hiddify-next/lib/core/utils/ip_utils.dart|hiddify|hiddify-next|ip_utils.dart|Dart|16|1|1
325|./src/_00/output/Dart/hiddify~hiddify-next/lib/features/config_option/data/config_option_data_providers.dart|hiddify|hiddify-next|config_option_data_providers.dart|Dart|16|0|2
326|./src/_00/output/Dart/hiddify~hiddify-next/windows/packaging/exe/make_config.yaml|hiddify|hiddify-next|make_config.yaml|YAML|16|0|0
327|./src/_00/output/Dart/hiddify~hiddify-next/windows/packaging/msix/make_config.yaml|hiddify|hiddify-next|make_config.yaml|YAML|16|0|0
328|./src/_00/output/Dart/hiddify~hiddify-next/windows/runner/runner.exe.manifest|hiddify|hiddify-next|runner.exe.manifest|XML|16|4|0
329|./src/_00/output/Dart/hiddify~hiddify-next/.github/workflows/winget.yml|hiddify|hiddify-next|winget.yml|YAML|15|0|2
330|./src/_00/output/Dart/hiddify~hiddify-next/android/app/src/main/kotlin/com/hiddify/hiddify/bg/AppChangeReceiver.kt|hiddify|hiddify-next|AppChangeReceiver.kt|Kotlin|15|16|6
331|./src/_00/output/Dart/hiddify~hiddify-next/ios/SingBoxPacketTunnel/Info.plist|hiddify|hiddify-next|Info.plist|XML|15|0|0
332|./src/_00/output/Dart/hiddify~hiddify-next/lib/core/model/region.dart|hiddify|hiddify-next|region.dart|Dart|15|0|2
333|./src/_00/output/Dart/hiddify~hiddify-next/lib/features/log/overview/logs_overview_state.dart|hiddify|hiddify-next|logs_overview_state.dart|Dart|15|0|3
334|./src/_00/output/Dart/hiddify~hiddify-next/.gitchangelog.rc|hiddify|hiddify-next|.gitchangelog.rc|Windows Resource File|14|0|3
335|./src/_00/output/Dart/hiddify~hiddify-next/android/app/src/main/kotlin/com/hiddify/hiddify/ktx/Continuations.kt|hiddify|hiddify-next|Continuations.kt|Kotlin|14|0|4
336|./src/_00/output/Dart/hiddify~hiddify-next/android/app/src/main/res/values-night-v31/styles.xml|hiddify|hiddify-next|styles.xml|XML|14|6|1
337|./src/_00/output/Dart/hiddify~hiddify-next/android/app/src/main/res/values-v31/styles.xml|hiddify|hiddify-next|styles.xml|XML|14|6|1
338|./src/_00/output/Dart/hiddify~hiddify-next/ios/Runner/Assets.xcassets/AppIcon.appiconset/Contents.json|hiddify|hiddify-next|Contents.json|JSON|14|0|0
339|./src/_00/output/Dart/hiddify~hiddify-next/lib/features/per_app_proxy/model/installed_package_info.dart|hiddify|hiddify-next|installed_package_info.dart|Dart|14|0|3
340|./src/_00/output/Dart/hiddify~hiddify-next/macos/Runner/Release.entitlements|hiddify|hiddify-next|Release.entitlements|XML|14|18|1
341|./src/_00/output/Dart/hiddify~hiddify-next/.github/ISSUE_TEMPLATE/feature_request.yaml|hiddify|hiddify-next|feature_request.yaml|YAML|13|1|0
342|./src/_00/output/Dart/hiddify~hiddify-next/.github/sync_translate.sh|hiddify|hiddify-next|sync_translate.sh|Bourne Shell|13|17|9
343|./src/_00/output/Dart/hiddify~hiddify-next/android/app/src/main/res/values-night/styles.xml|hiddify|hiddify-next|styles.xml|XML|13|8|1
344|./src/_00/output/Dart/hiddify~hiddify-next/android/app/src/main/res/values/styles.xml|hiddify|hiddify-next|styles.xml|XML|13|8|1
345|./src/_00/output/Dart/hiddify~hiddify-next/android/app/src/main/res/xml/shortcuts.xml|hiddify|hiddify-next|shortcuts.xml|XML|13|0|0
346|./src/_00/output/Dart/hiddify~hiddify-next/lib/core/utils/ffi_utils.dart|hiddify|hiddify-next|ffi_utils.dart|Dart|13|0|2
347|./src/_00/output/Dart/hiddify~hiddify-next/lib/core/utils/throttler.dart|hiddify|hiddify-next|throttler.dart|Dart|13|0|3
348|./src/_00/output/Dart/hiddify~hiddify-next/lib/features/log/data/log_path_resolver.dart|hiddify|hiddify-next|log_path_resolver.dart|Dart|13|0|6
349|./src/_00/output/Dart/hiddify~hiddify-next/lib/core/database/connection/database_connection.dart|hiddify|hiddify-next|database_connection.dart|Dart|12|0|2
350|./src/_00/output/Dart/hiddify~hiddify-next/lib/features/proxy/data/proxy_data_providers.dart|hiddify|hiddify-next|proxy_data_providers.dart|Dart|12|0|2
351|./src/_00/output/Dart/hiddify~hiddify-next/lib/utils/mutation_state.dart|hiddify|hiddify-next|mutation_state.dart|Dart|12|1|4
352|./src/_00/output/Dart/hiddify~hiddify-next/lib/utils/number_formatters.dart|hiddify|hiddify-next|number_formatters.dart|Dart|12|0|6
353|./src/_00/output/Dart/hiddify~hiddify-next/lib/utils/validators.dart|hiddify|hiddify-next|validators.dart|Dart|12|3|3
354|./src/_00/output/Dart/hiddify~hiddify-next/.vscode/extensions.json|hiddify|hiddify-next|extensions.json|JSON|11|0|0
355|./src/_00/output/Dart/hiddify~hiddify-next/android/app/src/main/kotlin/com/hiddify/hiddify/bg/ProxyService.kt|hiddify|hiddify-next|ProxyService.kt|Kotlin|11|0|6
356|./src/_00/output/Dart/hiddify~hiddify-next/android/app/src/main/res/drawable/ic_launcher_background.xml|hiddify|hiddify-next|ic_launcher_background.xml|XML|11|1|0
357|./src/_00/output/Dart/hiddify~hiddify-next/ios/Runner/VPN/VPNConfig.swift|hiddify|hiddify-next|VPNConfig.swift|Swift|11|6|5
358|./src/_00/output/Dart/hiddify~hiddify-next/lib/core/database/converters/duration_converter.dart|hiddify|hiddify-next|duration_converter.dart|Dart|11|0|2
359|./src/_00/output/Dart/hiddify~hiddify-next/lib/features/log/model/log_entity.dart|hiddify|hiddify-next|log_entity.dart|Dart|11|0|2
360|./src/_00/output/Dart/hiddify~hiddify-next/lib/features/profile/data/profile_path_resolver.dart|hiddify|hiddify-next|profile_path_resolver.dart|Dart|11|0|6
361|./src/_00/output/Dart/hiddify~hiddify-next/lib/features/app_update/data/app_update_data_providers.dart|hiddify|hiddify-next|app_update_data_providers.dart|Dart|10|0|2
362|./src/_00/output/Dart/hiddify~hiddify-next/macos/Runner.xcworkspace/contents.xcworkspacedata|hiddify|hiddify-next|contents.xcworkspacedata|XML|10|0|0
363|./src/_00/output/Dart/hiddify~hiddify-next/macos/packaging/dmg/make_config.yaml|hiddify|hiddify-next|make_config.yaml|YAML|10|0|0
364|./src/_00/output/Dart/hiddify~hiddify-next/android/app/src/main/kotlin/com/hiddify/hiddify/constant/Alert.kt|hiddify|hiddify-next|Alert.kt|Kotlin|9|0|1
365|./src/_00/output/Dart/hiddify~hiddify-next/android/app/src/main/res/drawable/launch_background.xml|hiddify|hiddify-next|launch_background.xml|XML|9|0|0
366|./src/_00/output/Dart/hiddify~hiddify-next/assets/images/logo.svg|hiddify|hiddify-next|logo.svg|SVG|9|0|1
367|./src/_00/output/Dart/hiddify~hiddify-next/ios/Runner/Extensions/Bundle+Properties.swift|hiddify|hiddify-next|Bundle+Properties.swift|Swift|9|6|3
368|./src/_00/output/Dart/hiddify~hiddify-next/lib/core/widget/spaced_list_widget.dart|hiddify|hiddify-next|spaced_list_widget.dart|Dart|9|0|1
369|./src/_00/output/Dart/hiddify~hiddify-next/scripts/package_windows.ps1|hiddify|hiddify-next|package_windows.ps1|PowerShell|9|4|5
370|./src/_00/output/Dart/hiddify~hiddify-next/windows/runner/resource.h|hiddify|hiddify-next|resource.h|C/C++ Header|9|6|1
371|./src/_00/output/Dart/hiddify~hiddify-next/ios/Runner.xcworkspace/xcshareddata/WorkspaceSettings.xcsettings|hiddify|hiddify-next|WorkspaceSettings.xcsettings|XML|8|0|0
372|./src/_00/output/Dart/hiddify~hiddify-next/lib/core/localization/translations.dart|hiddify|hiddify-next|translations.dart|Dart|8|0|3
373|./src/_00/output/Dart/hiddify~hiddify-next/lib/core/utils/json_converters.dart|hiddify|hiddify-next|json_converters.dart|Dart|8|0|3
374|./src/_00/output/Dart/hiddify~hiddify-next/lib/features/stats/data/stats_data_providers.dart|hiddify|hiddify-next|stats_data_providers.dart|Dart|8|0|2
375|./src/_00/output/Dart/hiddify~hiddify-next/macos/Runner.xcworkspace/xcshareddata/IDEWorkspaceChecks.plist|hiddify|hiddify-next|IDEWorkspaceChecks.plist|XML|8|0|0
376|./src/_00/output/Dart/hiddify~hiddify-next/macos/Runner/AppDelegate.swift|hiddify|hiddify-next|AppDelegate.swift|Swift|8|14|2
377|./src/_00/output/Dart/hiddify~hiddify-next/windows/runner/utils.h|hiddify|hiddify-next|utils.h|C/C++ Header|8|6|5
378|./src/_00/output/Dart/hiddify~hiddify-next/.github/dependabot.yml|hiddify|hiddify-next|dependabot.yml|YAML|7|4|3
379|./src/_00/output/Dart/hiddify~hiddify-next/android/app/src/main/kotlin/com/hiddify/hiddify/constant/Status.kt|hiddify|hiddify-next|Status.kt|Kotlin|7|0|1
380|./src/_00/output/Dart/hiddify~hiddify-next/android/app/src/main/res/values/strings.xml|hiddify|hiddify-next|strings.xml|XML|7|0|0
381|./src/_00/output/Dart/hiddify~hiddify-next/ios/Runner.xcodeproj/project.xcworkspace/contents.xcworkspacedata|hiddify|hiddify-next|contents.xcworkspacedata|XML|7|0|0
382|./src/_00/output/Dart/hiddify~hiddify-next/ios/RunnerTests/RunnerTests.swift|hiddify|hiddify-next|RunnerTests.swift|Swift|7|2|3
383|./src/_00/output/Dart/hiddify~hiddify-next/lib/features/per_app_proxy/data/per_app_proxy_data_providers.dart|hiddify|hiddify-next|per_app_proxy_data_providers.dart|Dart|7|0|2
384|./src/_00/output/Dart/hiddify~hiddify-next/lib/features/settings/data/settings_data_providers.dart|hiddify|hiddify-next|settings_data_providers.dart|Dart|7|0|2
385|./src/_00/output/Dart/hiddify~hiddify-next/lib/main.dart|hiddify|hiddify-next|main.dart|Dart|7|0|1
386|./src/_00/output/Dart/hiddify~hiddify-next/lib/main_prod.dart|hiddify|hiddify-next|main_prod.dart|Dart|7|0|1
387|./src/_00/output/Dart/hiddify~hiddify-next/lib/singbox/service/singbox_service_provider.dart|hiddify|hiddify-next|singbox_service_provider.dart|Dart|7|0|2
388|./src/_00/output/Dart/hiddify~hiddify-next/linux/my_application.h|hiddify|hiddify-next|my_application.h|C/C++ Header|7|7|4
389|./src/_00/output/Dart/hiddify~hiddify-next/macos/RunnerTests/RunnerTests.swift|hiddify|hiddify-next|RunnerTests.swift|Swift|7|2|3
390|./src/_00/output/Dart/hiddify~hiddify-next/android/app/src/main/kotlin/com/hiddify/hiddify/constant/Action.kt|hiddify|hiddify-next|Action.kt|Kotlin|6|0|1
391|./src/_00/output/Dart/hiddify~hiddify-next/android/app/src/main/kotlin/com/hiddify/hiddify/constant/PerAppProxyMode.kt|hiddify|hiddify-next|PerAppProxyMode.kt|Kotlin|6|0|1
392|./src/_00/output/Dart/hiddify~hiddify-next/lib/core/model/directories.dart|hiddify|hiddify-next|directories.dart|Dart|6|0|1
393|./src/_00/output/Dart/hiddify~hiddify-next/lib/utils/date_time_formatter.dart|hiddify|hiddify-next|date_time_formatter.dart|Dart|6|0|1
394|./src/_00/output/Dart/hiddify~hiddify-next/.github/ISSUE_TEMPLATE/config.yml|hiddify|hiddify-next|config.yml|YAML|5|0|0
395|./src/_00/output/Dart/hiddify~hiddify-next/android/app/src/main/kotlin/com/hiddify/hiddify/constant/ServiceMode.kt|hiddify|hiddify-next|ServiceMode.kt|Kotlin|5|0|1
396|./src/_00/output/Dart/hiddify~hiddify-next/android/app/src/main/res/mipmap-anydpi-v26/ic_banner.xml|hiddify|hiddify-next|ic_banner.xml|XML|5|0|0
397|./src/_00/output/Dart/hiddify~hiddify-next/android/app/src/main/res/mipmap-anydpi-v26/ic_launcher_round.xml|hiddify|hiddify-next|ic_launcher_round.xml|XML|5|0|0
398|./src/_00/output/Dart/hiddify~hiddify-next/lib/core/database/database_provider.dart|hiddify|hiddify-next|database_provider.dart|Dart|5|0|2
399|./src/_00/output/Dart/hiddify~hiddify-next/lib/features/settings/widgets/widgets.dart|hiddify|hiddify-next|widgets.dart|Dart|5|0|0
400|./src/_00/output/Dart/hiddify~hiddify-next/lib/utils/platform_utils.dart|hiddify|hiddify-next|platform_utils.dart|Dart|5|0|1
401|./src/_00/output/Dart/hiddify~hiddify-next/linux/flutter/generated_plugin_registrant.h|hiddify|hiddify-next|generated_plugin_registrant.h|C/C++ Header|5|5|5
402|./src/_00/output/Dart/hiddify~hiddify-next/linux/main.cc|hiddify|hiddify-next|main.cc|C++|5|0|1
403|./src/_00/output/Dart/hiddify~hiddify-next/windows/flutter/generated_plugin_registrant.h|hiddify|hiddify-next|generated_plugin_registrant.h|C/C++ Header|5|5|5
404|./src/_00/output/Dart/hiddify~hiddify-next/android/app/src/main/res/values/ic_banner_background.xml|hiddify|hiddify-next|ic_banner_background.xml|XML|4|0|0
405|./src/_00/output/Dart/hiddify~hiddify-next/android/app/src/main/res/values/ic_launcher_background.xml|hiddify|hiddify-next|ic_launcher_background.xml|XML|4|0|0
406|./src/_00/output/Dart/hiddify~hiddify-next/android/app/src/main/res/values/colors.xml|hiddify|hiddify-next|colors.xml|XML|3|0|1
407|./src/_00/output/Dart/hiddify~hiddify-next/android/app/src/profile/AndroidManifest.xml|hiddify|hiddify-next|AndroidManifest.xml|XML|3|4|0
408|./src/_00/output/Dart/hiddify~hiddify-next/ios/Runner/Assets.xcassets/LaunchImage.imageset/README.md|hiddify|hiddify-next|README.md|Markdown|3|0|2
409|./src/_00/output/Dart/hiddify~hiddify-next/lib/core/router/router.dart|hiddify|hiddify-next|router.dart|Dart|2|0|0
410|./src/_00/output/Dart/hiddify~hiddify-next/devtools_options.yaml|hiddify|hiddify-next|devtools_options.yaml|YAML|1|0|0
411|./src/_00/output/Dart/hiddify~hiddify-next/ios/Runner/Runner-Bridging-Header.h|hiddify|hiddify-next|Runner-Bridging-Header.h|C/C++ Header|1|0|0
412|./src/_00/output/Dart/hiddify~hiddify-next/macos/packaging/pkg/make_config.yaml|hiddify|hiddify-next|make_config.yaml|YAML|1|1|0
413|./src/_00/output/Dart/hiddify~hiddify-next/lib/singbox/generated/core.pbenum.dart|hiddify|hiddify-next|core.pbenum.dart|Dart|0|9|2
