Unnamed: 0|path|owner|project|file|language|code|comment|blank
0|./src/_00/output/Dart/ImranR98~Obtainium/lib/providers/apps_provider.dart|ImranR98|Obtainium|apps_provider.dart|Dart|1739|133|112
1|./src/_00/output/Dart/ImranR98~Obtainium/lib/pages/apps.dart|ImranR98|Obtainium|apps.dart|Dart|1106|1|54
2|./src/_00/output/Dart/ImranR98~Obtainium/lib/pages/settings.dart|ImranR98|Obtainium|settings.dart|Dart|1013|1|29
3|./src/_00/output/Dart/ImranR98~Obtainium/lib/providers/source_provider.dart|ImranR98|Obtainium|source_provider.dart|Dart|845|37|57
4|./src/_00/output/Dart/ImranR98~Obtainium/lib/pages/import_export.dart|ImranR98|Obtainium|import_export.dart|Dart|807|8|30
5|./src/_00/output/Dart/ImranR98~Obtainium/lib/components/generated_form.dart|ImranR98|Obtainium|generated_form.dart|Dart|676|20|40
6|./src/_00/output/Dart/ImranR98~Obtainium/lib/pages/add_app.dart|ImranR98|Obtainium|add_app.dart|Dart|560|7|21
7|./src/_00/output/Dart/ImranR98~Obtainium/LICENSE.md|ImranR98|Obtainium|LICENSE.md|Markdown|553|0|121
8|./src/_00/output/Dart/ImranR98~Obtainium/lib/pages/app.dart|ImranR98|Obtainium|app.dart|Dart|550|4|20
9|./src/_00/output/Dart/ImranR98~Obtainium/lib/app_sources/github.dart|ImranR98|Obtainium|github.dart|Dart|499|4|24
10|./src/_00/output/Dart/ImranR98~Obtainium/assets/translations/pl.json|ImranR98|Obtainium|pl.json|JSON|401|0|0
11|./src/_00/output/Dart/ImranR98~Obtainium/lib/providers/settings_provider.dart|ImranR98|Obtainium|settings_provider.dart|Dart|383|3|86
12|./src/_00/output/Dart/ImranR98~Obtainium/assets/translations/bs.json|ImranR98|Obtainium|bs.json|JSON|375|0|0
13|./src/_00/output/Dart/ImranR98~Obtainium/assets/translations/cs.json|ImranR98|Obtainium|cs.json|JSON|375|0|0
14|./src/_00/output/Dart/ImranR98~Obtainium/assets/translations/de.json|ImranR98|Obtainium|de.json|JSON|375|0|0
15|./src/_00/output/Dart/ImranR98~Obtainium/assets/translations/en.json|ImranR98|Obtainium|en.json|JSON|375|0|0
16|./src/_00/output/Dart/ImranR98~Obtainium/assets/translations/es.json|ImranR98|Obtainium|es.json|JSON|375|0|0
17|./src/_00/output/Dart/ImranR98~Obtainium/assets/translations/fa.json|ImranR98|Obtainium|fa.json|JSON|375|0|0
18|./src/_00/output/Dart/ImranR98~Obtainium/assets/translations/fr.json|ImranR98|Obtainium|fr.json|JSON|375|0|0
19|./src/_00/output/Dart/ImranR98~Obtainium/assets/translations/hu.json|ImranR98|Obtainium|hu.json|JSON|375|0|0
20|./src/_00/output/Dart/ImranR98~Obtainium/assets/translations/it.json|ImranR98|Obtainium|it.json|JSON|375|0|0
21|./src/_00/output/Dart/ImranR98~Obtainium/assets/translations/ja.json|ImranR98|Obtainium|ja.json|JSON|375|0|0
22|./src/_00/output/Dart/ImranR98~Obtainium/assets/translations/nl.json|ImranR98|Obtainium|nl.json|JSON|375|0|0
23|./src/_00/output/Dart/ImranR98~Obtainium/assets/translations/pt.json|ImranR98|Obtainium|pt.json|JSON|375|0|0
24|./src/_00/output/Dart/ImranR98~Obtainium/assets/translations/ru.json|ImranR98|Obtainium|ru.json|JSON|375|0|0
25|./src/_00/output/Dart/ImranR98~Obtainium/assets/translations/sv.json|ImranR98|Obtainium|sv.json|JSON|375|0|0
26|./src/_00/output/Dart/ImranR98~Obtainium/assets/translations/tr.json|ImranR98|Obtainium|tr.json|JSON|375|0|0
27|./src/_00/output/Dart/ImranR98~Obtainium/assets/translations/uk.json|ImranR98|Obtainium|uk.json|JSON|375|0|0
28|./src/_00/output/Dart/ImranR98~Obtainium/assets/translations/vi.json|ImranR98|Obtainium|vi.json|JSON|375|0|0
29|./src/_00/output/Dart/ImranR98~Obtainium/assets/translations/zh.json|ImranR98|Obtainium|zh.json|JSON|375|0|0
30|./src/_00/output/Dart/ImranR98~Obtainium/lib/app_sources/html.dart|ImranR98|Obtainium|html.dart|Dart|318|7|17
31|./src/_00/output/Dart/ImranR98~Obtainium/lib/app_sources/fdroid.dart|ImranR98|Obtainium|fdroid.dart|Dart|234|9|7
32|./src/_00/output/Dart/ImranR98~Obtainium/lib/main.dart|ImranR98|Obtainium|main.dart|Dart|234|7|17
33|./src/_00/output/Dart/ImranR98~Obtainium/lib/pages/home.dart|ImranR98|Obtainium|home.dart|Dart|234|5|19
34|./src/_00/output/Dart/ImranR98~Obtainium/lib/providers/notifications_provider.dart|ImranR98|Obtainium|notifications_provider.dart|Dart|211|2|19
35|./src/_00/output/Dart/ImranR98~Obtainium/lib/app_sources/fdroidrepo.dart|ImranR98|Obtainium|fdroidrepo.dart|Dart|197|0|8
36|./src/_00/output/Dart/ImranR98~Obtainium/lib/app_sources/gitlab.dart|ImranR98|Obtainium|gitlab.dart|Dart|179|6|18
37|./src/_00/output/Dart/ImranR98~Obtainium/lib/custom_errors.dart|ImranR98|Obtainium|custom_errors.dart|Dart|138|0|22
38|./src/_00/output/Dart/ImranR98~Obtainium/lib/app_sources/apkcombo.dart|ImranR98|Obtainium|apkcombo.dart|Dart|116|1|7
39|./src/_00/output/Dart/ImranR98~Obtainium/lib/app_sources/sourceforge.dart|ImranR98|Obtainium|sourceforge.dart|Dart|115|0|5
40|./src/_00/output/Dart/ImranR98~Obtainium/lib/app_sources/sourcehut.dart|ImranR98|Obtainium|sourcehut.dart|Dart|112|2|6
41|./src/_00/output/Dart/ImranR98~Obtainium/lib/app_sources/neutroncode.dart|ImranR98|Obtainium|neutroncode.dart|Dart|108|0|6
42|./src/_00/output/Dart/ImranR98~Obtainium/assets/translations/standardize.js|ImranR98|Obtainium|standardize.js|JavaScript|107|2|9
43|./src/_00/output/Dart/ImranR98~Obtainium/lib/app_sources/vlc.dart|ImranR98|Obtainium|vlc.dart|Dart|104|0|6
44|./src/_00/output/Dart/ImranR98~Obtainium/lib/app_sources/apkmirror.dart|ImranR98|Obtainium|apkmirror.dart|Dart|102|0|7
45|./src/_00/output/Dart/ImranR98~Obtainium/lib/app_sources/uptodown.dart|ImranR98|Obtainium|uptodown.dart|Dart|99|0|6
46|./src/_00/output/Dart/ImranR98~Obtainium/lib/providers/logs_provider.dart|ImranR98|Obtainium|logs_provider.dart|Dart|98|0|14
47|./src/_00/output/Dart/ImranR98~Obtainium/lib/app_sources/apkpure.dart|ImranR98|Obtainium|apkpure.dart|Dart|91|1|5
48|./src/_00/output/Dart/ImranR98~Obtainium/lib/app_sources/huaweiappgallery.dart|ImranR98|Obtainium|huaweiappgallery.dart|Dart|90|0|7
49|./src/_00/output/Dart/ImranR98~Obtainium/android/app/build.gradle|ImranR98|Obtainium|build.gradle|Gradle|89|2|15
50|./src/_00/output/Dart/ImranR98~Obtainium/lib/components/generated_form_modal.dart|ImranR98|Obtainium|generated_form_modal.dart|Dart|87|0|6
51|./src/_00/output/Dart/ImranR98~Obtainium/.github/workflows/release.yml|ImranR98|Obtainium|release.yml|YAML|84|0|12
52|./src/_00/output/Dart/ImranR98~Obtainium/assets/graphics/icon.svg|ImranR98|Obtainium|icon.svg|SVG|76|1|1
53|./src/_00/output/Dart/ImranR98~Obtainium/lib/app_sources/aptoide.dart|ImranR98|Obtainium|aptoide.dart|Dart|75|0|7
54|./src/_00/output/Dart/ImranR98~Obtainium/pubspec.yaml|ImranR98|Obtainium|pubspec.yaml|YAML|71|60|18
55|./src/_00/output/Dart/ImranR98~Obtainium/android/app/src/main/AndroidManifest.xml|ImranR98|Obtainium|AndroidManifest.xml|XML|69|6|1
56|./src/_00/output/Dart/ImranR98~Obtainium/lib/app_sources/mullvad.dart|ImranR98|Obtainium|mullvad.dart|Dart|66|1|4
57|./src/_00/output/Dart/ImranR98~Obtainium/lib/app_sources/jenkins.dart|ImranR98|Obtainium|jenkins.dart|Dart|63|0|5
58|./src/_00/output/Dart/ImranR98~Obtainium/lib/app_sources/steammobile.dart|ImranR98|Obtainium|steammobile.dart|Dart|58|0|5
59|./src/_00/output/Dart/ImranR98~Obtainium/README.md|ImranR98|Obtainium|README.md|Markdown|55|0|15
60|./src/_00/output/Dart/ImranR98~Obtainium/lib/mass_app_sources/githubstars.dart|ImranR98|Obtainium|githubstars.dart|Dart|55|0|5
61|./src/_00/output/Dart/ImranR98~Obtainium/lib/app_sources/codeberg.dart|ImranR98|Obtainium|codeberg.dart|Dart|51|0|8
62|./src/_00/output/Dart/ImranR98~Obtainium/lib/app_sources/izzyondroid.dart|ImranR98|Obtainium|izzyondroid.dart|Dart|50|0|5
63|./src/_00/output/Dart/ImranR98~Obtainium/android/app/src/main/res/drawable/ic_launcher_foreground.xml|ImranR98|Obtainium|ic_launcher_foreground.xml|XML|46|0|0
64|./src/_00/output/Dart/ImranR98~Obtainium/lib/app_sources/whatsapp.dart|ImranR98|Obtainium|whatsapp.dart|Dart|46|5|4
65|./src/_00/output/Dart/ImranR98~Obtainium/lib/app_sources/directAPKLink.dart|ImranR98|Obtainium|directAPKLink.dart|Dart|41|0|3
66|./src/_00/output/Dart/ImranR98~Obtainium/lib/app_sources/telegramapp.dart|ImranR98|Obtainium|telegramapp.dart|Dart|39|0|3
67|./src/_00/output/Dart/ImranR98~Obtainium/lib/app_sources/signal.dart|ImranR98|Obtainium|signal.dart|Dart|34|0|3
68|./src/_00/output/Dart/ImranR98~Obtainium/.github/ISSUE_TEMPLATE/bug_report.md|ImranR98|Obtainium|bug_report.md|Markdown|27|0|7
69|./src/_00/output/Dart/ImranR98~Obtainium/.github/ISSUE_TEMPLATE/feature_request.md|ImranR98|Obtainium|feature_request.md|Markdown|25|0|8
70|./src/_00/output/Dart/ImranR98~Obtainium/lib/components/custom_app_bar.dart|ImranR98|Obtainium|custom_app_bar.dart|Dart|25|0|4
71|./src/_00/output/Dart/ImranR98~Obtainium/build.sh|ImranR98|Obtainium|build.sh|Bourne Shell|24|1|2
72|./src/_00/output/Dart/ImranR98~Obtainium/android/app/src/main/res/xml/locales_config.xml|ImranR98|Obtainium|locales_config.xml|XML|22|0|0
73|./src/_00/output/Dart/ImranR98~Obtainium/android/settings.gradle|ImranR98|Obtainium|settings.gradle|Gradle|21|0|4
74|./src/_00/output/Dart/ImranR98~Obtainium/android/build.gradle|ImranR98|Obtainium|build.gradle|Gradle|19|1|2
75|./src/_00/output/Dart/ImranR98~Obtainium/lib/providers/native_provider.dart|ImranR98|Obtainium|native_provider.dart|Dart|19|0|3
76|./src/_00/output/Dart/ImranR98~Obtainium/test/widget_test.dart|ImranR98|Obtainium|widget_test.dart|Dart|14|10|6
77|./src/_00/output/Dart/ImranR98~Obtainium/android/app/proguard-rules.pro|ImranR98|Obtainium|proguard-rules.pro|ProGuard|13|12|7
78|./src/_00/output/Dart/ImranR98~Obtainium/android/app/src/main/res/values-night/styles.xml|ImranR98|Obtainium|styles.xml|XML|9|8|1
79|./src/_00/output/Dart/ImranR98~Obtainium/android/app/src/main/res/values/styles.xml|ImranR98|Obtainium|styles.xml|XML|9|8|1
80|./src/_00/output/Dart/ImranR98~Obtainium/android/app/src/main/res/mipmap-anydpi-v26/ic_launcher_round.xml|ImranR98|Obtainium|ic_launcher_round.xml|XML|6|0|0
81|./src/_00/output/Dart/ImranR98~Obtainium/android/app/src/main/res/xml/file_paths.xml|ImranR98|Obtainium|file_paths.xml|XML|6|0|0
82|./src/_00/output/Dart/ImranR98~Obtainium/lib/main_fdroid.dart|ImranR98|Obtainium|main_fdroid.dart|Dart|5|0|1
83|./src/_00/output/Dart/ImranR98~Obtainium/android/app/src/main/res/drawable-v21/launch_background.xml|ImranR98|Obtainium|launch_background.xml|XML|4|7|1
84|./src/_00/output/Dart/ImranR98~Obtainium/android/app/src/main/res/drawable/launch_background.xml|ImranR98|Obtainium|launch_background.xml|XML|4|7|1
85|./src/_00/output/Dart/ImranR98~Obtainium/android/app/src/main/res/values/colors.xml|ImranR98|Obtainium|colors.xml|XML|4|0|0
86|./src/_00/output/Dart/ImranR98~Obtainium/android/app/src/profile/AndroidManifest.xml|ImranR98|Obtainium|AndroidManifest.xml|XML|4|4|0
87|./src/_00/output/Dart/ImranR98~Obtainium/analysis_options.yaml|ImranR98|Obtainium|analysis_options.yaml|YAML|3|23|3
88|./src/_00/output/Dart/ImranR98~Obtainium/android/app/src/main/kotlin/dev/imranr/obtainium/MainActivity.kt|ImranR98|Obtainium|MainActivity.kt|Kotlin|3|0|2
89|./src/_00/output/Dart/ImranR98~Obtainium/android/app/src/main/res/raw/keep.xml|ImranR98|Obtainium|keep.xml|XML|3|0|0
