Unnamed: 0|path|owner|project|file|language|code|comment|blank
0|./src/_00/output/Objective-C/dzenbot~DZNEmptyDataSet/DZNEmptyDataSet/Applications/DetailViewController.m|dzenbot|DZNEmptyDataSet|DetailViewController.m|Objective-C|840|7|101
1|./src/_00/output/Objective-C/dzenbot~DZNEmptyDataSet/Source/UIScrollView+EmptyDataSet.m|dzenbot|DZNEmptyDataSet|UIScrollView+EmptyDataSet.m|Objective-C|785|61|229
2|./src/_00/output/Objective-C/dzenbot~DZNEmptyDataSet/DZNEmptyDataSet/Colors/DataSource/colors.json|dzenbot|DZNEmptyDataSet|colors.json|JSON|667|0|0
3|./src/_00/output/Objective-C/dzenbot~DZNEmptyDataSet/DZNEmptyDataSet/Pods/iOSSnapshotTestCase/FBSnapshotTestCase/FBSnapshotTestController.m|dzenbot|DZNEmptyDataSet|FBSnapshotTestController.m|Objective-C|344|8|52
4|./src/_00/output/Objective-C/dzenbot~DZNEmptyDataSet/DZNEmptyDataSet/Colors/SearchViewController.m|dzenbot|DZNEmptyDataSet|SearchViewController.m|Objective-C|249|9|91
5|./src/_00/output/Objective-C/dzenbot~DZNEmptyDataSet/DZNEmptyDataSet/Colors/Storyboard.storyboard|dzenbot|DZNEmptyDataSet|Storyboard.storyboard|XML|248|7|0
6|./src/_00/output/Objective-C/dzenbot~DZNEmptyDataSet/README.md|dzenbot|DZNEmptyDataSet|README.md|Markdown|238|0|69
7|./src/_00/output/Objective-C/dzenbot~DZNEmptyDataSet/DZNEmptyDataSet/Pods/iOSSnapshotTestCase/FBSnapshotTestCase/FBSnapshotTestCase.m|dzenbot|DZNEmptyDataSet|FBSnapshotTestCase.m|Objective-C|237|8|35
8|./src/_00/output/Objective-C/dzenbot~DZNEmptyDataSet/DZNEmptyDataSet/Colors/CollectionViewController.m|dzenbot|DZNEmptyDataSet|CollectionViewController.m|Objective-C|215|8|76
9|./src/_00/output/Objective-C/dzenbot~DZNEmptyDataSet/DZNEmptyDataSet/Applications/MainViewController.m|dzenbot|DZNEmptyDataSet|MainViewController.m|Objective-C|199|17|78
10|./src/_00/output/Objective-C/dzenbot~DZNEmptyDataSet/DZNEmptyDataSet/Colors/TableViewController.m|dzenbot|DZNEmptyDataSet|TableViewController.m|Objective-C|176|7|66
11|./src/_00/output/Objective-C/dzenbot~DZNEmptyDataSet/DZNEmptyDataSet/Colors/Assets.xcassets/AppIcon.appiconset/Contents.json|dzenbot|DZNEmptyDataSet|Contents.json|JSON|153|0|0
12|./src/_00/output/Objective-C/dzenbot~DZNEmptyDataSet/DZNEmptyDataSet/Applications/Assets.xcassets/AppIcon.appiconset/Contents.json|dzenbot|DZNEmptyDataSet|Contents.json|JSON|152|0|0
13|./src/_00/output/Objective-C/dzenbot~DZNEmptyDataSet/DZNEmptyDataSet/Applications/Assets.xcassets/LaunchImage.launchimage/Contents.json|dzenbot|DZNEmptyDataSet|Contents.json|JSON|149|0|0
14|./src/_00/output/Objective-C/dzenbot~DZNEmptyDataSet/DZNEmptyDataSet/Colors/Colors/System.xcassets/LaunchImage.launchimage/Contents.json|dzenbot|DZNEmptyDataSet|Contents.json|JSON|146|0|0
15|./src/_00/output/Objective-C/dzenbot~DZNEmptyDataSet/DZNEmptyDataSet/Applications/applications.json|dzenbot|DZNEmptyDataSet|applications.json|JSON|137|0|0
16|./src/_00/output/Objective-C/dzenbot~DZNEmptyDataSet/DZNEmptyDataSet/Colors/Colors/System.xcassets/AppIcon.appiconset/Contents.json|dzenbot|DZNEmptyDataSet|Contents.json|JSON|128|0|0
17|./src/_00/output/Objective-C/dzenbot~DZNEmptyDataSet/DZNEmptyDataSet/Pods/Target Support Files/Pods-EmptyDataSetTests/Pods-EmptyDataSetTests-frameworks.sh|dzenbot|DZNEmptyDataSet|Pods-EmptyDataSetTests-frameworks.sh|Bourne Shell|123|23|25
18|./src/_00/output/Objective-C/dzenbot~DZNEmptyDataSet/DZNEmptyDataSet/Pods/iOSSnapshotTestCase/FBSnapshotTestCase/Categories/UIImage+Compare.m|dzenbot|DZNEmptyDataSet|UIImage+Compare.m|Objective-C|121|35|23
19|./src/_00/output/Objective-C/dzenbot~DZNEmptyDataSet/DZNEmptyDataSet/Applications/Supporting Files/Storyboard.storyboard|dzenbot|DZNEmptyDataSet|Storyboard.storyboard|XML|100|2|0
20|./src/_00/output/Objective-C/dzenbot~DZNEmptyDataSet/DZNEmptyDataSet/DZNEmptyDataSet.xcodeproj/xcshareddata/xcschemes/DZNEmptyDataSet.xcscheme|dzenbot|DZNEmptyDataSet|DZNEmptyDataSet.xcscheme|XML|95|0|0
21|./src/_00/output/Objective-C/dzenbot~DZNEmptyDataSet/DZNEmptyDataSet/Pods/iOSSnapshotTestCase/FBSnapshotTestCase/FBSnapshotTestCase.h|dzenbot|DZNEmptyDataSet|FBSnapshotTestCase.h|C/C++ Header|89|175|49
22|./src/_00/output/Objective-C/dzenbot~DZNEmptyDataSet/DZNEmptyDataSet/DZNEmptyDataSet.xcodeproj/xcshareddata/xcschemes/DZNEmptyDataSetTests.xcscheme|dzenbot|DZNEmptyDataSet|DZNEmptyDataSetTests.xcscheme|XML|86|0|0
23|./src/_00/output/Objective-C/dzenbot~DZNEmptyDataSet/DZNEmptyDataSet/Pods/iOSSnapshotTestCase/README.md|dzenbot|DZNEmptyDataSet|README.md|Markdown|73|0|35
24|./src/_00/output/Objective-C/dzenbot~DZNEmptyDataSet/DZNEmptyDataSet/Applications/Application.m|dzenbot|DZNEmptyDataSet|Application.m|Objective-C|67|7|13
25|./src/_00/output/Objective-C/dzenbot~DZNEmptyDataSet/DZNEmptyDataSet/Pods/iOSSnapshotTestCase/FBSnapshotTestCase/FBSnapshotTestController.h|dzenbot|DZNEmptyDataSet|FBSnapshotTestController.h|C/C++ Header|62|122|30
26|./src/_00/output/Objective-C/dzenbot~DZNEmptyDataSet/DZNEmptyDataSet/Pods/Target Support Files/Pods-EmptyDataSetTests/Pods-EmptyDataSetTests-acknowledgements.plist|dzenbot|DZNEmptyDataSet|Pods-EmptyDataSetTests-acknowledgements.plist|XML|57|0|4
27|./src/_00/output/Objective-C/dzenbot~DZNEmptyDataSet/DZNEmptyDataSet/Pods/iOSSnapshotTestCase/FBSnapshotTestCase/SwiftSupport.swift|dzenbot|DZNEmptyDataSet|SwiftSupport.swift|Swift|53|8|10
28|./src/_00/output/Objective-C/dzenbot~DZNEmptyDataSet/DZNEmptyDataSet/Pods/iOSSnapshotTestCase/FBSnapshotTestCase/Categories/UIImage+Snapshot.m|dzenbot|DZNEmptyDataSet|UIImage+Snapshot.m|Objective-C|48|9|15
29|./src/_00/output/Objective-C/dzenbot~DZNEmptyDataSet/DZNEmptyDataSet/DZNEmptyDataSetTests/ApplicationsSnapshotTests.m|dzenbot|DZNEmptyDataSet|ApplicationsSnapshotTests.m|Objective-C|47|10|17
30|./src/_00/output/Objective-C/dzenbot~DZNEmptyDataSet/Source/UIScrollView+EmptyDataSet.h|dzenbot|DZNEmptyDataSet|UIScrollView+EmptyDataSet.h|C/C++ Header|46|168|69
31|./src/_00/output/Objective-C/dzenbot~DZNEmptyDataSet/DZNEmptyDataSet/Applications/Supporting Files/Info.plist|dzenbot|DZNEmptyDataSet|Info.plist|XML|45|0|0
32|./src/_00/output/Objective-C/dzenbot~DZNEmptyDataSet/DZNEmptyDataSet/Colors/DataSource/Palette.m|dzenbot|DZNEmptyDataSet|Palette.m|Objective-C|45|8|13
33|./src/_00/output/Objective-C/dzenbot~DZNEmptyDataSet/DZNEmptyDataSet/Colors/Colors/Colors-Info.plist|dzenbot|DZNEmptyDataSet|Colors-Info.plist|XML|44|0|0
34|./src/_00/output/Objective-C/dzenbot~DZNEmptyDataSet/DZNEmptyDataSet/Pods/iOSSnapshotTestCase/FBSnapshotTestCase/FBSnapshotTestCasePlatform.m|dzenbot|DZNEmptyDataSet|FBSnapshotTestCasePlatform.m|Objective-C|44|8|9
35|./src/_00/output/Objective-C/dzenbot~DZNEmptyDataSet/DZNEmptyDataSet/Applications/Application.h|dzenbot|DZNEmptyDataSet|Application.h|C/C++ Header|42|7|9
36|./src/_00/output/Objective-C/dzenbot~DZNEmptyDataSet/DZNEmptyDataSet/Colors/DataSource/Color.m|dzenbot|DZNEmptyDataSet|Color.m|Objective-C|39|11|13
37|./src/_00/output/Objective-C/dzenbot~DZNEmptyDataSet/DZNEmptyDataSet/Colors/Info.plist|dzenbot|DZNEmptyDataSet|Info.plist|XML|38|0|0
38|./src/_00/output/Objective-C/dzenbot~DZNEmptyDataSet/DZNEmptyDataSet/Applications/Assets.xcassets/LaunchImage-3.launchimage/Contents.json|dzenbot|DZNEmptyDataSet|Contents.json|JSON|36|0|0
39|./src/_00/output/Objective-C/dzenbot~DZNEmptyDataSet/DZNEmptyDataSet/Colors/DataSource/UIColor+Hex.m|dzenbot|DZNEmptyDataSet|UIColor+Hex.m|Objective-C|36|7|13
40|./src/_00/output/Objective-C/dzenbot~DZNEmptyDataSet/DZNEmptyDataSet/DZNEmptyDataSet.xcworkspace/contents.xcworkspacedata|dzenbot|DZNEmptyDataSet|contents.xcworkspacedata|XML|29|0|0
41|./src/_00/output/Objective-C/dzenbot~DZNEmptyDataSet/DZNEmptyDataSet/Colors/Base.lproj/LaunchScreen.storyboard|dzenbot|DZNEmptyDataSet|LaunchScreen.storyboard|XML|26|1|0
42|./src/_00/output/Objective-C/dzenbot~DZNEmptyDataSet/DZNEmptyDataSet/Pods/Target Support Files/Pods-EmptyDataSetTests/Pods-EmptyDataSetTests-Info.plist|dzenbot|DZNEmptyDataSet|Pods-EmptyDataSetTests-Info.plist|XML|26|0|0
43|./src/_00/output/Objective-C/dzenbot~DZNEmptyDataSet/DZNEmptyDataSet/Pods/Target Support Files/iOSSnapshotTestCase/iOSSnapshotTestCase-Info.plist|dzenbot|DZNEmptyDataSet|iOSSnapshotTestCase-Info.plist|XML|26|0|0
44|./src/_00/output/Objective-C/dzenbot~DZNEmptyDataSet/DZNEmptyDataSet/DZNEmptyDataSet/Info.plist|dzenbot|DZNEmptyDataSet|Info.plist|XML|24|0|0
45|./src/_00/output/Objective-C/dzenbot~DZNEmptyDataSet/DZNEmptyDataSet/DZNEmptyDataSetTests/Info.plist|dzenbot|DZNEmptyDataSet|Info.plist|XML|24|0|0
46|./src/_00/output/Objective-C/dzenbot~DZNEmptyDataSet/Package.swift|dzenbot|DZNEmptyDataSet|Package.swift|Swift|24|7|2
47|./src/_00/output/Objective-C/dzenbot~DZNEmptyDataSet/DZNEmptyDataSet/Pods/iOSSnapshotTestCase/FBSnapshotTestCase/Categories/UIImage+Diff.m|dzenbot|DZNEmptyDataSet|UIImage+Diff.m|Objective-C|23|29|4
48|./src/_00/output/Objective-C/dzenbot~DZNEmptyDataSet/DZNEmptyDataSet/Applications/Assets.xcassets/button_background_foursquare_highlight.imageset/Contents.json|dzenbot|DZNEmptyDataSet|Contents.json|JSON|22|0|0
49|./src/_00/output/Objective-C/dzenbot~DZNEmptyDataSet/DZNEmptyDataSet/Applications/Assets.xcassets/button_background_foursquare_normal.imageset/Contents.json|dzenbot|DZNEmptyDataSet|Contents.json|JSON|22|0|0
50|./src/_00/output/Objective-C/dzenbot~DZNEmptyDataSet/DZNEmptyDataSet/Applications/Assets.xcassets/button_background_icloud_highlight.imageset/Contents.json|dzenbot|DZNEmptyDataSet|Contents.json|JSON|22|0|0
51|./src/_00/output/Objective-C/dzenbot~DZNEmptyDataSet/DZNEmptyDataSet/Applications/Assets.xcassets/button_background_icloud_normal.imageset/Contents.json|dzenbot|DZNEmptyDataSet|Contents.json|JSON|22|0|0
52|./src/_00/output/Objective-C/dzenbot~DZNEmptyDataSet/DZNEmptyDataSet/Applications/Assets.xcassets/button_background_kickstarter_highlight.imageset/Contents.json|dzenbot|DZNEmptyDataSet|Contents.json|JSON|22|0|0
53|./src/_00/output/Objective-C/dzenbot~DZNEmptyDataSet/DZNEmptyDataSet/Applications/Assets.xcassets/button_background_kickstarter_normal.imageset/Contents.json|dzenbot|DZNEmptyDataSet|Contents.json|JSON|22|0|0
54|./src/_00/output/Objective-C/dzenbot~DZNEmptyDataSet/DZNEmptyDataSet/Applications/Assets.xcassets/header_pinterest.imageset/Contents.json|dzenbot|DZNEmptyDataSet|Contents.json|JSON|22|0|0
55|./src/_00/output/Objective-C/dzenbot~DZNEmptyDataSet/DZNEmptyDataSet/Applications/Assets.xcassets/header_podcasts.imageset/Contents.json|dzenbot|DZNEmptyDataSet|Contents.json|JSON|22|0|0
56|./src/_00/output/Objective-C/dzenbot~DZNEmptyDataSet/DZNEmptyDataSet/Applications/Assets.xcassets/icon_500px.imageset/Contents.json|dzenbot|DZNEmptyDataSet|Contents.json|JSON|22|0|0
57|./src/_00/output/Objective-C/dzenbot~DZNEmptyDataSet/DZNEmptyDataSet/Applications/Assets.xcassets/icon_airbnb.imageset/Contents.json|dzenbot|DZNEmptyDataSet|Contents.json|JSON|22|0|0
58|./src/_00/output/Objective-C/dzenbot~DZNEmptyDataSet/DZNEmptyDataSet/Applications/Assets.xcassets/icon_appstore.imageset/Contents.json|dzenbot|DZNEmptyDataSet|Contents.json|JSON|22|0|0
59|./src/_00/output/Objective-C/dzenbot~DZNEmptyDataSet/DZNEmptyDataSet/Applications/Assets.xcassets/icon_camera.imageset/Contents.json|dzenbot|DZNEmptyDataSet|Contents.json|JSON|22|0|0
60|./src/_00/output/Objective-C/dzenbot~DZNEmptyDataSet/DZNEmptyDataSet/Applications/Assets.xcassets/icon_dropbox.imageset/Contents.json|dzenbot|DZNEmptyDataSet|Contents.json|JSON|22|0|0
61|./src/_00/output/Objective-C/dzenbot~DZNEmptyDataSet/DZNEmptyDataSet/Applications/Assets.xcassets/icon_facebook.imageset/Contents.json|dzenbot|DZNEmptyDataSet|Contents.json|JSON|22|0|0
62|./src/_00/output/Objective-C/dzenbot~DZNEmptyDataSet/DZNEmptyDataSet/Applications/Assets.xcassets/icon_fancy.imageset/Contents.json|dzenbot|DZNEmptyDataSet|Contents.json|JSON|22|0|0
63|./src/_00/output/Objective-C/dzenbot~DZNEmptyDataSet/DZNEmptyDataSet/Applications/Assets.xcassets/icon_foursquare.imageset/Contents.json|dzenbot|DZNEmptyDataSet|Contents.json|JSON|22|0|0
64|./src/_00/output/Objective-C/dzenbot~DZNEmptyDataSet/DZNEmptyDataSet/Applications/Assets.xcassets/icon_icloud.imageset/Contents.json|dzenbot|DZNEmptyDataSet|Contents.json|JSON|22|0|0
65|./src/_00/output/Objective-C/dzenbot~DZNEmptyDataSet/DZNEmptyDataSet/Applications/Assets.xcassets/icon_instagram.imageset/Contents.json|dzenbot|DZNEmptyDataSet|Contents.json|JSON|22|0|0
66|./src/_00/output/Objective-C/dzenbot~DZNEmptyDataSet/DZNEmptyDataSet/Applications/Assets.xcassets/icon_itunes_connect.imageset/Contents.json|dzenbot|DZNEmptyDataSet|Contents.json|JSON|22|0|0
67|./src/_00/output/Objective-C/dzenbot~DZNEmptyDataSet/DZNEmptyDataSet/Applications/Assets.xcassets/icon_kickstarter.imageset/Contents.json|dzenbot|DZNEmptyDataSet|Contents.json|JSON|22|0|0
68|./src/_00/output/Objective-C/dzenbot~DZNEmptyDataSet/DZNEmptyDataSet/Applications/Assets.xcassets/icon_path.imageset/Contents.json|dzenbot|DZNEmptyDataSet|Contents.json|JSON|22|0|0
69|./src/_00/output/Objective-C/dzenbot~DZNEmptyDataSet/DZNEmptyDataSet/Applications/Assets.xcassets/icon_photos.imageset/Contents.json|dzenbot|DZNEmptyDataSet|Contents.json|JSON|22|0|0
70|./src/_00/output/Objective-C/dzenbot~DZNEmptyDataSet/DZNEmptyDataSet/Applications/Assets.xcassets/icon_pinterest.imageset/Contents.json|dzenbot|DZNEmptyDataSet|Contents.json|JSON|22|0|0
71|./src/_00/output/Objective-C/dzenbot~DZNEmptyDataSet/DZNEmptyDataSet/Applications/Assets.xcassets/icon_podcasts.imageset/Contents.json|dzenbot|DZNEmptyDataSet|Contents.json|JSON|22|0|0
72|./src/_00/output/Objective-C/dzenbot~DZNEmptyDataSet/DZNEmptyDataSet/Applications/Assets.xcassets/icon_remote.imageset/Contents.json|dzenbot|DZNEmptyDataSet|Contents.json|JSON|22|0|0
73|./src/_00/output/Objective-C/dzenbot~DZNEmptyDataSet/DZNEmptyDataSet/Applications/Assets.xcassets/icon_safari.imageset/Contents.json|dzenbot|DZNEmptyDataSet|Contents.json|JSON|22|0|0
74|./src/_00/output/Objective-C/dzenbot~DZNEmptyDataSet/DZNEmptyDataSet/Applications/Assets.xcassets/icon_skype.imageset/Contents.json|dzenbot|DZNEmptyDataSet|Contents.json|JSON|22|0|0
75|./src/_00/output/Objective-C/dzenbot~DZNEmptyDataSet/DZNEmptyDataSet/Applications/Assets.xcassets/icon_slack.imageset/Contents.json|dzenbot|DZNEmptyDataSet|Contents.json|JSON|22|0|0
76|./src/_00/output/Objective-C/dzenbot~DZNEmptyDataSet/DZNEmptyDataSet/Applications/Assets.xcassets/icon_tumblr.imageset/Contents.json|dzenbot|DZNEmptyDataSet|Contents.json|JSON|22|0|0
77|./src/_00/output/Objective-C/dzenbot~DZNEmptyDataSet/DZNEmptyDataSet/Applications/Assets.xcassets/icon_twitter.imageset/Contents.json|dzenbot|DZNEmptyDataSet|Contents.json|JSON|22|0|0
78|./src/_00/output/Objective-C/dzenbot~DZNEmptyDataSet/DZNEmptyDataSet/Applications/Assets.xcassets/icon_vesper.imageset/Contents.json|dzenbot|DZNEmptyDataSet|Contents.json|JSON|22|0|0
79|./src/_00/output/Objective-C/dzenbot~DZNEmptyDataSet/DZNEmptyDataSet/Applications/Assets.xcassets/icon_videos.imageset/Contents.json|dzenbot|DZNEmptyDataSet|Contents.json|JSON|22|0|0
80|./src/_00/output/Objective-C/dzenbot~DZNEmptyDataSet/DZNEmptyDataSet/Applications/Assets.xcassets/icon_vine.imageset/Contents.json|dzenbot|DZNEmptyDataSet|Contents.json|JSON|22|0|0
81|./src/_00/output/Objective-C/dzenbot~DZNEmptyDataSet/DZNEmptyDataSet/Applications/Assets.xcassets/icon_whatsapp.imageset/Contents.json|dzenbot|DZNEmptyDataSet|Contents.json|JSON|22|0|0
82|./src/_00/output/Objective-C/dzenbot~DZNEmptyDataSet/DZNEmptyDataSet/Applications/Assets.xcassets/icon_wwdc.imageset/Contents.json|dzenbot|DZNEmptyDataSet|Contents.json|JSON|22|0|0
83|./src/_00/output/Objective-C/dzenbot~DZNEmptyDataSet/DZNEmptyDataSet/Applications/Assets.xcassets/loading_imgBlue_78x78.imageset/Contents.json|dzenbot|DZNEmptyDataSet|Contents.json|JSON|22|0|0
84|./src/_00/output/Objective-C/dzenbot~DZNEmptyDataSet/DZNEmptyDataSet/Applications/Assets.xcassets/logo_500px.imageset/Contents.json|dzenbot|DZNEmptyDataSet|Contents.json|JSON|22|0|0
85|./src/_00/output/Objective-C/dzenbot~DZNEmptyDataSet/DZNEmptyDataSet/Applications/Assets.xcassets/logo_airbnb.imageset/Contents.json|dzenbot|DZNEmptyDataSet|Contents.json|JSON|22|0|0
86|./src/_00/output/Objective-C/dzenbot~DZNEmptyDataSet/DZNEmptyDataSet/Applications/Assets.xcassets/logo_dropbox.imageset/Contents.json|dzenbot|DZNEmptyDataSet|Contents.json|JSON|22|0|0
87|./src/_00/output/Objective-C/dzenbot~DZNEmptyDataSet/DZNEmptyDataSet/Applications/Assets.xcassets/logo_facebook.imageset/Contents.json|dzenbot|DZNEmptyDataSet|Contents.json|JSON|22|0|0
88|./src/_00/output/Objective-C/dzenbot~DZNEmptyDataSet/DZNEmptyDataSet/Applications/Assets.xcassets/logo_fancy.imageset/Contents.json|dzenbot|DZNEmptyDataSet|Contents.json|JSON|22|0|0
89|./src/_00/output/Objective-C/dzenbot~DZNEmptyDataSet/DZNEmptyDataSet/Applications/Assets.xcassets/logo_foursquare.imageset/Contents.json|dzenbot|DZNEmptyDataSet|Contents.json|JSON|22|0|0
90|./src/_00/output/Objective-C/dzenbot~DZNEmptyDataSet/DZNEmptyDataSet/Applications/Assets.xcassets/logo_instagram.imageset/Contents.json|dzenbot|DZNEmptyDataSet|Contents.json|JSON|22|0|0
91|./src/_00/output/Objective-C/dzenbot~DZNEmptyDataSet/DZNEmptyDataSet/Applications/Assets.xcassets/logo_kickstarter.imageset/Contents.json|dzenbot|DZNEmptyDataSet|Contents.json|JSON|22|0|0
92|./src/_00/output/Objective-C/dzenbot~DZNEmptyDataSet/DZNEmptyDataSet/Applications/Assets.xcassets/logo_path.imageset/Contents.json|dzenbot|DZNEmptyDataSet|Contents.json|JSON|22|0|0
93|./src/_00/output/Objective-C/dzenbot~DZNEmptyDataSet/DZNEmptyDataSet/Applications/Assets.xcassets/logo_pinterest.imageset/Contents.json|dzenbot|DZNEmptyDataSet|Contents.json|JSON|22|0|0
94|./src/_00/output/Objective-C/dzenbot~DZNEmptyDataSet/DZNEmptyDataSet/Applications/Assets.xcassets/logo_skype.imageset/Contents.json|dzenbot|DZNEmptyDataSet|Contents.json|JSON|22|0|0
95|./src/_00/output/Objective-C/dzenbot~DZNEmptyDataSet/DZNEmptyDataSet/Applications/Assets.xcassets/logo_slack.imageset/Contents.json|dzenbot|DZNEmptyDataSet|Contents.json|JSON|22|0|0
96|./src/_00/output/Objective-C/dzenbot~DZNEmptyDataSet/DZNEmptyDataSet/Applications/Assets.xcassets/logo_tumblr.imageset/Contents.json|dzenbot|DZNEmptyDataSet|Contents.json|JSON|22|0|0
97|./src/_00/output/Objective-C/dzenbot~DZNEmptyDataSet/DZNEmptyDataSet/Applications/Assets.xcassets/logo_twitter.imageset/Contents.json|dzenbot|DZNEmptyDataSet|Contents.json|JSON|22|0|0
98|./src/_00/output/Objective-C/dzenbot~DZNEmptyDataSet/DZNEmptyDataSet/Applications/Assets.xcassets/logo_vesper.imageset/Contents.json|dzenbot|DZNEmptyDataSet|Contents.json|JSON|22|0|0
99|./src/_00/output/Objective-C/dzenbot~DZNEmptyDataSet/DZNEmptyDataSet/Applications/Assets.xcassets/logo_vine.imageset/Contents.json|dzenbot|DZNEmptyDataSet|Contents.json|JSON|22|0|0
100|./src/_00/output/Objective-C/dzenbot~DZNEmptyDataSet/DZNEmptyDataSet/Applications/Assets.xcassets/placeholder_500px.imageset/Contents.json|dzenbot|DZNEmptyDataSet|Contents.json|JSON|22|0|0
101|./src/_00/output/Objective-C/dzenbot~DZNEmptyDataSet/DZNEmptyDataSet/Applications/Assets.xcassets/placeholder_airbnb.imageset/Contents.json|dzenbot|DZNEmptyDataSet|Contents.json|JSON|22|0|0
102|./src/_00/output/Objective-C/dzenbot~DZNEmptyDataSet/DZNEmptyDataSet/Applications/Assets.xcassets/placeholder_appstore.imageset/Contents.json|dzenbot|DZNEmptyDataSet|Contents.json|JSON|22|0|0
103|./src/_00/output/Objective-C/dzenbot~DZNEmptyDataSet/DZNEmptyDataSet/Applications/Assets.xcassets/placeholder_dropbox.imageset/Contents.json|dzenbot|DZNEmptyDataSet|Contents.json|JSON|22|0|0
104|./src/_00/output/Objective-C/dzenbot~DZNEmptyDataSet/DZNEmptyDataSet/Applications/Assets.xcassets/placeholder_facebook.imageset/Contents.json|dzenbot|DZNEmptyDataSet|Contents.json|JSON|22|0|0
105|./src/_00/output/Objective-C/dzenbot~DZNEmptyDataSet/DZNEmptyDataSet/Applications/Assets.xcassets/placeholder_fancy.imageset/Contents.json|dzenbot|DZNEmptyDataSet|Contents.json|JSON|22|0|0
106|./src/_00/output/Objective-C/dzenbot~DZNEmptyDataSet/DZNEmptyDataSet/Applications/Assets.xcassets/placeholder_foursquare.imageset/Contents.json|dzenbot|DZNEmptyDataSet|Contents.json|JSON|22|0|0
107|./src/_00/output/Objective-C/dzenbot~DZNEmptyDataSet/DZNEmptyDataSet/Applications/Assets.xcassets/placeholder_instagram.imageset/Contents.json|dzenbot|DZNEmptyDataSet|Contents.json|JSON|22|0|0
108|./src/_00/output/Objective-C/dzenbot~DZNEmptyDataSet/DZNEmptyDataSet/Applications/Assets.xcassets/placeholder_itunes_connect.imageset/Contents.json|dzenbot|DZNEmptyDataSet|Contents.json|JSON|22|0|0
109|./src/_00/output/Objective-C/dzenbot~DZNEmptyDataSet/DZNEmptyDataSet/Applications/Assets.xcassets/placeholder_kickstarter.imageset/Contents.json|dzenbot|DZNEmptyDataSet|Contents.json|JSON|22|0|0
110|./src/_00/output/Objective-C/dzenbot~DZNEmptyDataSet/DZNEmptyDataSet/Applications/Assets.xcassets/placeholder_path.imageset/Contents.json|dzenbot|DZNEmptyDataSet|Contents.json|JSON|22|0|0
111|./src/_00/output/Objective-C/dzenbot~DZNEmptyDataSet/DZNEmptyDataSet/Applications/Assets.xcassets/placeholder_remote.imageset/Contents.json|dzenbot|DZNEmptyDataSet|Contents.json|JSON|22|0|0
112|./src/_00/output/Objective-C/dzenbot~DZNEmptyDataSet/DZNEmptyDataSet/Applications/Assets.xcassets/placeholder_skype.imageset/Contents.json|dzenbot|DZNEmptyDataSet|Contents.json|JSON|22|0|0
113|./src/_00/output/Objective-C/dzenbot~DZNEmptyDataSet/DZNEmptyDataSet/Applications/Assets.xcassets/placeholder_slack.imageset/Contents.json|dzenbot|DZNEmptyDataSet|Contents.json|JSON|22|0|0
114|./src/_00/output/Objective-C/dzenbot~DZNEmptyDataSet/DZNEmptyDataSet/Applications/Assets.xcassets/placeholder_tumblr.imageset/Contents.json|dzenbot|DZNEmptyDataSet|Contents.json|JSON|22|0|0
115|./src/_00/output/Objective-C/dzenbot~DZNEmptyDataSet/DZNEmptyDataSet/Applications/Assets.xcassets/placeholder_vesper.imageset/Contents.json|dzenbot|DZNEmptyDataSet|Contents.json|JSON|22|0|0
116|./src/_00/output/Objective-C/dzenbot~DZNEmptyDataSet/DZNEmptyDataSet/Applications/Assets.xcassets/placeholder_videos.imageset/Contents.json|dzenbot|DZNEmptyDataSet|Contents.json|JSON|22|0|0
117|./src/_00/output/Objective-C/dzenbot~DZNEmptyDataSet/DZNEmptyDataSet/Applications/Assets.xcassets/placeholder_vine.imageset/Contents.json|dzenbot|DZNEmptyDataSet|Contents.json|JSON|22|0|0
118|./src/_00/output/Objective-C/dzenbot~DZNEmptyDataSet/DZNEmptyDataSet/Applications/Assets.xcassets/placeholder_whatsapp.imageset/Contents.json|dzenbot|DZNEmptyDataSet|Contents.json|JSON|22|0|0
119|./src/_00/output/Objective-C/dzenbot~DZNEmptyDataSet/DZNEmptyDataSet/Applications/UIColor+Hexadecimal.m|dzenbot|DZNEmptyDataSet|UIColor+Hexadecimal.m|Objective-C|22|7|7
120|./src/_00/output/Objective-C/dzenbot~DZNEmptyDataSet/DZNEmptyDataSet/Colors/Images.xcassets/empty_placeholder.imageset/Contents.json|dzenbot|DZNEmptyDataSet|Contents.json|JSON|22|0|0
121|./src/_00/output/Objective-C/dzenbot~DZNEmptyDataSet/DZNEmptyDataSet/Colors/Images.xcassets/search_icon.imageset/Contents.json|dzenbot|DZNEmptyDataSet|Contents.json|JSON|22|0|0
122|./src/_00/output/Objective-C/dzenbot~DZNEmptyDataSet/DZNEmptyDataSet/Colors/Images.xcassets/tab_collection.imageset/Contents.json|dzenbot|DZNEmptyDataSet|Contents.json|JSON|22|0|0
123|./src/_00/output/Objective-C/dzenbot~DZNEmptyDataSet/DZNEmptyDataSet/Colors/Images.xcassets/tab_search.imageset/Contents.json|dzenbot|DZNEmptyDataSet|Contents.json|JSON|22|0|0
124|./src/_00/output/Objective-C/dzenbot~DZNEmptyDataSet/DZNEmptyDataSet/Colors/Images.xcassets/tab_table.imageset/Contents.json|dzenbot|DZNEmptyDataSet|Contents.json|JSON|22|0|0
125|./src/_00/output/Objective-C/dzenbot~DZNEmptyDataSet/DZNEmptyDataSet/Pods/Target Support Files/Pods-EmptyDataSetTests/Pods-EmptyDataSetTests-acknowledgements.markdown|dzenbot|DZNEmptyDataSet|Pods-EmptyDataSetTests-acknowledgements.markdown|Markdown|22|0|7
126|./src/_00/output/Objective-C/dzenbot~DZNEmptyDataSet/.travis.yml|dzenbot|DZNEmptyDataSet|.travis.yml|YAML|20|1|7
127|./src/_00/output/Objective-C/dzenbot~DZNEmptyDataSet/DZNEmptyDataSet/Pods/iOSSnapshotTestCase/FBSnapshotTestCase/FBSnapshotTestCasePlatform.h|dzenbot|DZNEmptyDataSet|FBSnapshotTestCasePlatform.h|C/C++ Header|19|33|13
128|./src/_00/output/Objective-C/dzenbot~DZNEmptyDataSet/.codecov.yml|dzenbot|DZNEmptyDataSet|.codecov.yml|YAML|16|0|3
129|./src/_00/output/Objective-C/dzenbot~DZNEmptyDataSet/DZNEmptyDataSet.podspec|dzenbot|DZNEmptyDataSet|DZNEmptyDataSet.podspec|Ruby|16|0|1
130|./src/_00/output/Objective-C/dzenbot~DZNEmptyDataSet/DZNEmptyDataSet/Pods/Target Support Files/iOSSnapshotTestCase/iOSSnapshotTestCase-umbrella.h|dzenbot|DZNEmptyDataSet|iOSSnapshotTestCase-umbrella.h|C/C++ Header|16|0|3
131|./src/_00/output/Objective-C/dzenbot~DZNEmptyDataSet/DZNEmptyDataSet/Pods/Target Support Files/Pods-DZNEmptyDataSetTests/Pods-DZNEmptyDataSetTests-umbrella.h|dzenbot|DZNEmptyDataSet|Pods-DZNEmptyDataSetTests-umbrella.h|C/C++ Header|13|0|3
132|./src/_00/output/Objective-C/dzenbot~DZNEmptyDataSet/DZNEmptyDataSet/Pods/Target Support Files/Pods-EmptyDataSetTests/Pods-EmptyDataSetTests-umbrella.h|dzenbot|DZNEmptyDataSet|Pods-EmptyDataSetTests-umbrella.h|C/C++ Header|13|0|3
133|./src/_00/output/Objective-C/dzenbot~DZNEmptyDataSet/DZNEmptyDataSet/Colors/SearchViewController.h|dzenbot|DZNEmptyDataSet|SearchViewController.h|C/C++ Header|11|7|6
134|./src/_00/output/Objective-C/dzenbot~DZNEmptyDataSet/DZNEmptyDataSet/Colors/DataSource/Color.h|dzenbot|DZNEmptyDataSet|Color.h|C/C++ Header|10|7|7
135|./src/_00/output/Objective-C/dzenbot~DZNEmptyDataSet/DZNEmptyDataSet/Applications/AppDelegate.m|dzenbot|DZNEmptyDataSet|AppDelegate.m|Objective-C|9|7|5
136|./src/_00/output/Objective-C/dzenbot~DZNEmptyDataSet/DZNEmptyDataSet/Colors/DataSource/Palette.h|dzenbot|DZNEmptyDataSet|Palette.h|C/C++ Header|9|7|7
137|./src/_00/output/Objective-C/dzenbot~DZNEmptyDataSet/DZNEmptyDataSet/Colors/AppDelegate.m|dzenbot|DZNEmptyDataSet|AppDelegate.m|Objective-C|8|7|5
138|./src/_00/output/Objective-C/dzenbot~DZNEmptyDataSet/DZNEmptyDataSet/Colors/Colors/main.m|dzenbot|DZNEmptyDataSet|main.m|Objective-C|8|7|3
139|./src/_00/output/Objective-C/dzenbot~DZNEmptyDataSet/DZNEmptyDataSet/DZNEmptyDataSet.xcworkspace/xcshareddata/IDEWorkspaceChecks.plist|dzenbot|DZNEmptyDataSet|IDEWorkspaceChecks.plist|XML|8|0|0
140|./src/_00/output/Objective-C/dzenbot~DZNEmptyDataSet/DZNEmptyDataSet/Pods/iOSSnapshotTestCase/FBSnapshotTestCase/Categories/UIImage+Snapshot.h|dzenbot|DZNEmptyDataSet|UIImage+Snapshot.h|C/C++ Header|8|11|8
141|./src/_00/output/Objective-C/dzenbot~DZNEmptyDataSet/DZNEmptyDataSet/Applications/DetailViewController.h|dzenbot|DZNEmptyDataSet|DetailViewController.h|C/C++ Header|7|7|5
142|./src/_00/output/Objective-C/dzenbot~DZNEmptyDataSet/DZNEmptyDataSet/Applications/Supporting Files/main.m|dzenbot|DZNEmptyDataSet|main.m|Objective-C|7|7|2
143|./src/_00/output/Objective-C/dzenbot~DZNEmptyDataSet/DZNEmptyDataSet/Colors/main.m|dzenbot|DZNEmptyDataSet|main.m|Objective-C|7|7|2
144|./src/_00/output/Objective-C/dzenbot~DZNEmptyDataSet/DZNEmptyDataSet/DZNEmptyDataSet.xcodeproj/project.xcworkspace/contents.xcworkspacedata|dzenbot|DZNEmptyDataSet|contents.xcworkspacedata|XML|7|0|0
145|./src/_00/output/Objective-C/dzenbot~DZNEmptyDataSet/DZNEmptyDataSet/Applications/Assets.xcassets/Contents.json|dzenbot|DZNEmptyDataSet|Contents.json|JSON|6|0|0
146|./src/_00/output/Objective-C/dzenbot~DZNEmptyDataSet/DZNEmptyDataSet/Pods/iOSSnapshotTestCase/FBSnapshotTestCase/Categories/UIImage+Compare.h|dzenbot|DZNEmptyDataSet|UIImage+Compare.h|C/C++ Header|6|36|7
147|./src/_00/output/Objective-C/dzenbot~DZNEmptyDataSet/DZNEmptyDataSet/Pods/iOSSnapshotTestCase/FBSnapshotTestCase/Categories/UIImage+Diff.h|dzenbot|DZNEmptyDataSet|UIImage+Diff.h|C/C++ Header|6|29|6
148|./src/_00/output/Objective-C/dzenbot~DZNEmptyDataSet/DZNEmptyDataSet/Applications/MainViewController.h|dzenbot|DZNEmptyDataSet|MainViewController.h|C/C++ Header|5|7|3
149|./src/_00/output/Objective-C/dzenbot~DZNEmptyDataSet/DZNEmptyDataSet/Colors/CollectionViewController.h|dzenbot|DZNEmptyDataSet|CollectionViewController.h|C/C++ Header|5|7|4
150|./src/_00/output/Objective-C/dzenbot~DZNEmptyDataSet/DZNEmptyDataSet/Colors/TableViewController.h|dzenbot|DZNEmptyDataSet|TableViewController.h|C/C++ Header|5|7|4
151|./src/_00/output/Objective-C/dzenbot~DZNEmptyDataSet/DZNEmptyDataSet/Pods/Target Support Files/Pods-DZNEmptyDataSetTests/Pods-DZNEmptyDataSetTests-dummy.m|dzenbot|DZNEmptyDataSet|Pods-DZNEmptyDataSetTests-dummy.m|Objective-C|5|0|0
152|./src/_00/output/Objective-C/dzenbot~DZNEmptyDataSet/DZNEmptyDataSet/Pods/Target Support Files/Pods-EmptyDataSetTests/Pods-EmptyDataSetTests-dummy.m|dzenbot|DZNEmptyDataSet|Pods-EmptyDataSetTests-dummy.m|Objective-C|5|0|0
153|./src/_00/output/Objective-C/dzenbot~DZNEmptyDataSet/DZNEmptyDataSet/Pods/Target Support Files/iOSSnapshotTestCase/iOSSnapshotTestCase-dummy.m|dzenbot|DZNEmptyDataSet|iOSSnapshotTestCase-dummy.m|Objective-C|5|0|0
154|./src/_00/output/Objective-C/dzenbot~DZNEmptyDataSet/DZNEmptyDataSet/Applications/AppDelegate.h|dzenbot|DZNEmptyDataSet|AppDelegate.h|C/C++ Header|4|7|4
155|./src/_00/output/Objective-C/dzenbot~DZNEmptyDataSet/DZNEmptyDataSet/Applications/UIColor+Hexadecimal.h|dzenbot|DZNEmptyDataSet|UIColor+Hexadecimal.h|C/C++ Header|4|7|4
156|./src/_00/output/Objective-C/dzenbot~DZNEmptyDataSet/DZNEmptyDataSet/Colors/AppDelegate.h|dzenbot|DZNEmptyDataSet|AppDelegate.h|C/C++ Header|4|7|4
157|./src/_00/output/Objective-C/dzenbot~DZNEmptyDataSet/DZNEmptyDataSet/Colors/DataSource/UIColor+Hex.h|dzenbot|DZNEmptyDataSet|UIColor+Hex.h|C/C++ Header|4|7|4
158|./src/_00/output/Objective-C/dzenbot~DZNEmptyDataSet/DZNEmptyDataSet/DZNEmptyDataSet/DZNEmptyDataSet.h|dzenbot|DZNEmptyDataSet|DZNEmptyDataSet.h|C/C++ Header|4|9|4
159|./src/_00/output/Objective-C/dzenbot~DZNEmptyDataSet/DZNEmptyDataSet/EmptyDataSetTests/DZNEmptyDataSetTests-Bridging-Header.h|dzenbot|DZNEmptyDataSet|DZNEmptyDataSetTests-Bridging-Header.h|C/C++ Header|0|4|1
