Unnamed: 0|path|owner|project|file|language|code|comment|blank
0|./src/_00/output/Objective-C/nicklockwood~iCarousel/Examples/Mac Demo/iCarouselMac/en.lproj/MainMenu.xib|nicklockwood|iCarousel|MainMenu.xib|XML|4314|0|0
1|./src/_00/output/Objective-C/nicklockwood~iCarousel/Examples/Chameleon Demo/iCarouselChameleonDemo/en.lproj/MainMenu.xib|nicklockwood|iCarousel|MainMenu.xib|XML|3294|0|0
2|./src/_00/output/Objective-C/nicklockwood~iCarousel/iCarousel/iCarousel.m|nicklockwood|iCarousel|iCarousel.m|Objective-C|1943|119|289
3|./src/_00/output/Objective-C/nicklockwood~iCarousel/Examples/Options Demo/en.lproj/iCarouselExampleViewController.xib|nicklockwood|iCarousel|iCarouselExampleViewController.xib|XML|924|0|0
4|./src/_00/output/Objective-C/nicklockwood~iCarousel/Examples/Chameleon Demo/Chameleon/UIKit/Classes/UIView.m|nicklockwood|iCarousel|UIView.m|Objective-C|810|116|192
5|./src/_00/output/Objective-C/nicklockwood~iCarousel/Examples/Chameleon Demo/Chameleon/UIKit/Classes/UITableView.m|nicklockwood|iCarousel|UITableView.m|Objective-C|645|86|157
6|./src/_00/output/Objective-C/nicklockwood~iCarousel/Examples/Advanced iOS Demo/en.lproj/iCarouselExampleViewController.xib|nicklockwood|iCarousel|iCarouselExampleViewController.xib|XML|590|0|0
7|./src/_00/output/Objective-C/nicklockwood~iCarousel/Examples/Chameleon Demo/Chameleon/UIKit/Classes/UIApplication.m|nicklockwood|iCarousel|UIApplication.m|Objective-C|568|124|147
8|./src/_00/output/Objective-C/nicklockwood~iCarousel/Examples/Chameleon Demo/Chameleon/UIKit/Classes/UIScrollView.m|nicklockwood|iCarousel|UIScrollView.m|Objective-C|535|71|125
9|./src/_00/output/Objective-C/nicklockwood~iCarousel/README.md|nicklockwood|iCarousel|README.md|Markdown|532|0|337
10|./src/_00/output/Objective-C/nicklockwood~iCarousel/Examples/Libraries/AsyncImageView/AsyncImageView.m|nicklockwood|iCarousel|AsyncImageView.m|Objective-C|524|60|90
11|./src/_00/output/Objective-C/nicklockwood~iCarousel/Examples/Libraries/FXImageView/FXImageView.m|nicklockwood|iCarousel|FXImageView.m|Objective-C|490|62|104
12|./src/_00/output/Objective-C/nicklockwood~iCarousel/Examples/Dynamic Image Effects/iCarouselExample/en.lproj/ViewController.xib|nicklockwood|iCarousel|ViewController.xib|XML|483|0|0
13|./src/_00/output/Objective-C/nicklockwood~iCarousel/Tests/Scrolling/en.lproj/MainWindow.xib|nicklockwood|iCarousel|MainWindow.xib|XML|444|0|0
14|./src/_00/output/Objective-C/nicklockwood~iCarousel/Examples/Offsets Demo/en.lproj/iCarouselExampleViewController.xib|nicklockwood|iCarousel|iCarouselExampleViewController.xib|XML|432|0|0
15|./src/_00/output/Objective-C/nicklockwood~iCarousel/Examples/Advanced iOS Demo/en.lproj/MainWindow.xib|nicklockwood|iCarousel|MainWindow.xib|XML|391|0|0
16|./src/_00/output/Objective-C/nicklockwood~iCarousel/Examples/Chameleon Demo/Chameleon/UIKit/Classes/UITextField.m|nicklockwood|iCarousel|UITextField.m|Objective-C|391|44|82
17|./src/_00/output/Objective-C/nicklockwood~iCarousel/Examples/Controls Demo/en.lproj/iCarouselExampleViewController.xib|nicklockwood|iCarousel|iCarouselExampleViewController.xib|XML|390|0|0
18|./src/_00/output/Objective-C/nicklockwood~iCarousel/Examples/Fading Demo/en.lproj/iCarouselExampleViewController.xib|nicklockwood|iCarousel|iCarouselExampleViewController.xib|XML|378|0|0
19|./src/_00/output/Objective-C/nicklockwood~iCarousel/Examples/Multiple Carousels/en.lproj/iCarouselExampleViewController.xib|nicklockwood|iCarousel|iCarouselExampleViewController.xib|XML|360|0|0
20|./src/_00/output/Objective-C/nicklockwood~iCarousel/Tests/Scrolling/en.lproj/iCarouselExampleViewController.xib|nicklockwood|iCarousel|iCarouselExampleViewController.xib|XML|355|0|0
21|./src/_00/output/Objective-C/nicklockwood~iCarousel/Examples/Dynamic View Reflections/en.lproj/iCarouselExampleViewController.xib|nicklockwood|iCarousel|iCarouselExampleViewController.xib|XML|330|0|0
22|./src/_00/output/Objective-C/nicklockwood~iCarousel/Examples/Chameleon Demo/Chameleon/UIKit/Classes/UISegmentedControl.m|nicklockwood|iCarousel|UISegmentedControl.m|Objective-C|324|18|97
23|./src/_00/output/Objective-C/nicklockwood~iCarousel/Examples/Chameleon Demo/Chameleon/UIKit/Classes/UITextLayer.m|nicklockwood|iCarousel|UITextLayer.m|Objective-C|324|49|68
24|./src/_00/output/Objective-C/nicklockwood~iCarousel/Tests/Events/en.lproj/iCarouselExampleViewController.xib|nicklockwood|iCarousel|iCarouselExampleViewController.xib|XML|323|0|0
25|./src/_00/output/Objective-C/nicklockwood~iCarousel/Examples/Controls Demo/ItemView.xib|nicklockwood|iCarousel|ItemView.xib|XML|312|0|0
26|./src/_00/output/Objective-C/nicklockwood~iCarousel/Examples/Nested Carousels/en.lproj/MainWindow.xib|nicklockwood|iCarousel|MainWindow.xib|XML|303|0|0
27|./src/_00/output/Objective-C/nicklockwood~iCarousel/Examples/Buttons Demo/en.lproj/MainWindow.xib|nicklockwood|iCarousel|MainWindow.xib|XML|301|0|0
28|./src/_00/output/Objective-C/nicklockwood~iCarousel/Examples/Chameleon Demo/Chameleon/UIKit/Classes/UIButton.m|nicklockwood|iCarousel|UIButton.m|Objective-C|300|35|71
29|./src/_00/output/Objective-C/nicklockwood~iCarousel/Examples/Tables Demo/en.lproj/iCarouselExampleViewController.xib|nicklockwood|iCarousel|iCarouselExampleViewController.xib|XML|299|0|0
30|./src/_00/output/Objective-C/nicklockwood~iCarousel/Examples/Chameleon Demo/Chameleon/UIKit/Classes/UINavigationBar.m|nicklockwood|iCarousel|UINavigationBar.m|Objective-C|297|37|68
31|./src/_00/output/Objective-C/nicklockwood~iCarousel/Examples/Buttons Demo/en.lproj/iCarouselExampleViewController.xib|nicklockwood|iCarousel|iCarouselExampleViewController.xib|XML|288|0|0
32|./src/_00/output/Objective-C/nicklockwood~iCarousel/Examples/Chameleon Demo/Chameleon/UIKit/Classes/UINavigationController.m|nicklockwood|iCarousel|UINavigationController.m|Objective-C|288|58|82
33|./src/_00/output/Objective-C/nicklockwood~iCarousel/Examples/Downloads & Effects/en.lproj/iCarouselExampleViewController.xib|nicklockwood|iCarousel|iCarouselExampleViewController.xib|XML|288|0|0
34|./src/_00/output/Objective-C/nicklockwood~iCarousel/Examples/Chameleon Demo/Chameleon/UIKit/Classes/UIBezierPath.m|nicklockwood|iCarousel|UIBezierPath.m|Objective-C|283|28|59
35|./src/_00/output/Objective-C/nicklockwood~iCarousel/Examples/Libraries/FXImageView/UIImage+FX.m|nicklockwood|iCarousel|UIImage+FX.m|Objective-C|269|87|62
36|./src/_00/output/Objective-C/nicklockwood~iCarousel/Examples/Chameleon Demo/Chameleon/UIKit/Classes/UIWindow.m|nicklockwood|iCarousel|UIWindow.m|Objective-C|266|58|57
37|./src/_00/output/Objective-C/nicklockwood~iCarousel/Examples/Paging Example/en.lproj/MainWindow.xib|nicklockwood|iCarousel|MainWindow.xib|XML|263|0|0
38|./src/_00/output/Objective-C/nicklockwood~iCarousel/Examples/Paging Example/en.lproj/iCarouselExampleViewController.xib|nicklockwood|iCarousel|iCarouselExampleViewController.xib|XML|257|0|0
39|./src/_00/output/Objective-C/nicklockwood~iCarousel/Examples/Chameleon Demo/Chameleon/UIKit/Classes/UIScroller.m|nicklockwood|iCarousel|UIScroller.m|Objective-C|251|30|52
40|./src/_00/output/Objective-C/nicklockwood~iCarousel/Examples/Chameleon Demo/Chameleon/UIKit/Classes/UITextView.m|nicklockwood|iCarousel|UITextView.m|Objective-C|247|28|56
41|./src/_00/output/Objective-C/nicklockwood~iCarousel/Examples/Chameleon Demo/Chameleon/UIKit/Classes/UIGestureRecognizer.m|nicklockwood|iCarousel|UIGestureRecognizer.m|Objective-C|232|40|53
42|./src/_00/output/Objective-C/nicklockwood~iCarousel/Examples/Chameleon Demo/Chameleon/UIKit/Classes/UIPopoverController.m|nicklockwood|iCarousel|UIPopoverController.m|Objective-C|232|51|59
43|./src/_00/output/Objective-C/nicklockwood~iCarousel/Examples/Chameleon Demo/Chameleon/UIKit/Classes/UIKitView.m|nicklockwood|iCarousel|UIKitView.m|Objective-C|226|52|49
44|./src/_00/output/Objective-C/nicklockwood~iCarousel/Examples/Chameleon Demo/Chameleon/UIKit/Classes/UICustomNSTextView.m|nicklockwood|iCarousel|UICustomNSTextView.m|Objective-C|224|79|54
45|./src/_00/output/Objective-C/nicklockwood~iCarousel/Examples/Chameleon Demo/Chameleon/UIKit/Classes/UIPopoverView.m|nicklockwood|iCarousel|UIPopoverView.m|Objective-C|224|57|52
46|./src/_00/output/Objective-C/nicklockwood~iCarousel/Examples/Nested Carousels/en.lproj/iCarouselExampleViewController.xib|nicklockwood|iCarousel|iCarouselExampleViewController.xib|XML|222|0|0
47|./src/_00/output/Objective-C/nicklockwood~iCarousel/Examples/Options Demo/iCarouselExampleViewController.m|nicklockwood|iCarousel|iCarouselExampleViewController.m|Objective-C|218|23|36
48|./src/_00/output/Objective-C/nicklockwood~iCarousel/Examples/Chameleon Demo/Chameleon/UIKit/Classes/UIViewController.m|nicklockwood|iCarousel|UIViewController.m|Objective-C|212|35|53
49|./src/_00/output/Objective-C/nicklockwood~iCarousel/Examples/Advanced iOS Demo/iCarouselExampleViewController.m|nicklockwood|iCarousel|iCarouselExampleViewController.m|Objective-C|210|39|46
50|./src/_00/output/Objective-C/nicklockwood~iCarousel/Examples/Chameleon Demo/Chameleon/UIKit/Classes/UIActionSheet.m|nicklockwood|iCarousel|UIActionSheet.m|Objective-C|206|56|50
51|./src/_00/output/Objective-C/nicklockwood~iCarousel/Examples/Chameleon Demo/Chameleon/UIKit/Classes/UIPasteboard.m|nicklockwood|iCarousel|UIPasteboard.m|Objective-C|204|38|53
52|./src/_00/output/Objective-C/nicklockwood~iCarousel/Examples/Chameleon Demo/Chameleon/UIKit/Classes/UISplitViewController.m|nicklockwood|iCarousel|UISplitViewController.m|Objective-C|201|28|49
53|./src/_00/output/Objective-C/nicklockwood~iCarousel/Examples/Chameleon Demo/Chameleon/UIKit/Classes/UIAppearanceProxy.m|nicklockwood|iCarousel|UIAppearanceProxy.m|Objective-C|199|68|52
54|./src/_00/output/Objective-C/nicklockwood~iCarousel/Examples/Chameleon Demo/iCarouselChameleonDemo/iCarouselExampleViewController.m|nicklockwood|iCarousel|iCarouselExampleViewController.m|Objective-C|198|24|42
55|./src/_00/output/Objective-C/nicklockwood~iCarousel/Examples/Chameleon Demo/Chameleon/UIKit/Classes/UIColor.m|nicklockwood|iCarousel|UIColor.m|Objective-C|195|33|37
56|./src/_00/output/Objective-C/nicklockwood~iCarousel/Examples/Chameleon Demo/Chameleon/UIKit/Classes/UIControl.m|nicklockwood|iCarousel|UIControl.m|Objective-C|191|28|47
57|./src/_00/output/Objective-C/nicklockwood~iCarousel/Examples/Chameleon Demo/Chameleon/UIKit/Classes/UIViewAdapter.m|nicklockwood|iCarousel|UIViewAdapter.m|Objective-C|182|35|49
58|./src/_00/output/Objective-C/nicklockwood~iCarousel/Examples/Chameleon Demo/Chameleon/UIKit/Classes/UITableViewCell.m|nicklockwood|iCarousel|UITableViewCell.m|Objective-C|181|28|36
59|./src/_00/output/Objective-C/nicklockwood~iCarousel/Examples/Chameleon Demo/Chameleon/UIKit/Classes/UIScreen.m|nicklockwood|iCarousel|UIScreen.m|Objective-C|180|28|37
60|./src/_00/output/Objective-C/nicklockwood~iCarousel/Examples/Chameleon Demo/Chameleon/UIKit/Classes/UITouch.m|nicklockwood|iCarousel|UITouch.m|Objective-C|179|38|38
61|./src/_00/output/Objective-C/nicklockwood~iCarousel/Examples/Chameleon Demo/Chameleon/UIKit/Classes/UIToolbar.m|nicklockwood|iCarousel|UIToolbar.m|Objective-C|178|68|59
62|./src/_00/output/Objective-C/nicklockwood~iCarousel/iCarousel.xcworkspace/contents.xcworkspacedata|nicklockwood|iCarousel|contents.xcworkspacedata|XML|176|0|0
63|./src/_00/output/Objective-C/nicklockwood~iCarousel/Examples/Chameleon Demo/Chameleon/UIKit/Classes/UIViewAnimationGroup.m|nicklockwood|iCarousel|UIViewAnimationGroup.m|Objective-C|175|28|34
64|./src/_00/output/Objective-C/nicklockwood~iCarousel/Examples/Nested Carousels/iCarouselExampleViewController.m|nicklockwood|iCarousel|iCarouselExampleViewController.m|Objective-C|174|40|33
65|./src/_00/output/Objective-C/nicklockwood~iCarousel/Examples/Chameleon Demo/Chameleon/UIKit/Classes/UIImageView.m|nicklockwood|iCarousel|UIImageView.m|Objective-C|171|31|37
66|./src/_00/output/Objective-C/nicklockwood~iCarousel/Examples/Mac Demo/iCarouselMac/iCarouselWindowController.m|nicklockwood|iCarousel|iCarouselWindowController.m|Objective-C|171|38|36
67|./src/_00/output/Objective-C/nicklockwood~iCarousel/Examples/No Nib Demo/iCarouselExampleViewController.m|nicklockwood|iCarousel|iCarouselExampleViewController.m|Objective-C|169|30|36
68|./src/_00/output/Objective-C/nicklockwood~iCarousel/Examples/Chameleon Demo/Chameleon/UIKit/Classes/UILabel.m|nicklockwood|iCarousel|UILabel.m|Objective-C|167|36|30
69|./src/_00/output/Objective-C/nicklockwood~iCarousel/Examples/Chameleon Demo/Chameleon/UIKit/Classes/UIImage.m|nicklockwood|iCarousel|UIImage.m|Objective-C|166|32|37
70|./src/_00/output/Objective-C/nicklockwood~iCarousel/Examples/Chameleon Demo/Chameleon/UIKit/Classes/UIActivityIndicatorView.m|nicklockwood|iCarousel|UIActivityIndicatorView.m|Objective-C|162|34|47
71|./src/_00/output/Objective-C/nicklockwood~iCarousel/Examples/Chameleon Demo/Chameleon/UIKit/Classes/UIView.h|nicklockwood|iCarousel|UIView.h|C/C++ Header|162|29|19
72|./src/_00/output/Objective-C/nicklockwood~iCarousel/Examples/Chameleon Demo/Chameleon/UIKit/Classes/UIMenuController.m|nicklockwood|iCarousel|UIMenuController.m|Objective-C|161|55|37
73|./src/_00/output/Objective-C/nicklockwood~iCarousel/Examples/Chameleon Demo/Chameleon/UIKit/Classes/UIWebView.m|nicklockwood|iCarousel|UIWebView.m|Objective-C|160|33|39
74|./src/_00/output/Objective-C/nicklockwood~iCarousel/Examples/Chameleon Demo/Chameleon/MediaPlayer/Classes/MPMoviePlayerController.m|nicklockwood|iCarousel|MPMoviePlayerController.m|Objective-C|159|37|68
75|./src/_00/output/Objective-C/nicklockwood~iCarousel/Examples/Chameleon Demo/Chameleon/UIKit/Classes/UIImage+UIPrivate.m|nicklockwood|iCarousel|UIImage+UIPrivate.m|Objective-C|156|30|40
76|./src/_00/output/Objective-C/nicklockwood~iCarousel/Examples/Chameleon Demo/Chameleon/UIKit/Classes/UIStringDrawing.m|nicklockwood|iCarousel|UIStringDrawing.m|Objective-C|156|29|43
77|./src/_00/output/Objective-C/nicklockwood~iCarousel/Examples/Chameleon Demo/Chameleon/UIKit/Classes/UIFont.m|nicklockwood|iCarousel|UIFont.m|Objective-C|150|32|25
78|./src/_00/output/Objective-C/nicklockwood~iCarousel/Examples/Libraries/ReflectionView/ReflectionView.m|nicklockwood|iCarousel|ReflectionView.m|Objective-C|147|47|35
79|./src/_00/output/Objective-C/nicklockwood~iCarousel/Examples/Chameleon Demo/Chameleon/UIKit/Classes/UIImageRep.m|nicklockwood|iCarousel|UIImageRep.m|Objective-C|145|33|27
80|./src/_00/output/Objective-C/nicklockwood~iCarousel/Examples/Chameleon Demo/Chameleon/UIKit/Classes/UIAppearanceInstance.m|nicklockwood|iCarousel|UIAppearanceInstance.m|Objective-C|143|45|42
81|./src/_00/output/Objective-C/nicklockwood~iCarousel/Examples/Chameleon Demo/Chameleon/UIKit/Classes/UIInputController.m|nicklockwood|iCarousel|UIInputController.m|Objective-C|141|31|40
82|./src/_00/output/Objective-C/nicklockwood~iCarousel/Examples/Chameleon Demo/Chameleon/UIKit/Classes/UITableView.h|nicklockwood|iCarousel|UITableView.h|C/C++ Header|135|28|24
83|./src/_00/output/Objective-C/nicklockwood~iCarousel/iCarousel/iCarousel.h|nicklockwood|iCarousel|iCarousel.h|C/C++ Header|135|31|37
84|./src/_00/output/Objective-C/nicklockwood~iCarousel/Examples/Chameleon Demo/Chameleon/AVFoundation/Classes/AVAudioPlayer.m|nicklockwood|iCarousel|AVAudioPlayer.m|Objective-C|134|32|22
85|./src/_00/output/Objective-C/nicklockwood~iCarousel/Examples/Chameleon Demo/Chameleon/UIKit/Classes/UIAlertView.m|nicklockwood|iCarousel|UIAlertView.m|Objective-C|133|35|35
86|./src/_00/output/Objective-C/nicklockwood~iCarousel/Tests/Events/iCarouselExampleViewController.m|nicklockwood|iCarousel|iCarouselExampleViewController.m|Objective-C|123|12|29
87|./src/_00/output/Objective-C/nicklockwood~iCarousel/Examples/Chameleon Demo/Chameleon/UIKit/Classes/UIAccessibility.m|nicklockwood|iCarousel|UIAccessibility.m|Objective-C|110|28|33
88|./src/_00/output/Objective-C/nicklockwood~iCarousel/Examples/Chameleon Demo/Chameleon/UIKit/Classes/UINavigationItem.m|nicklockwood|iCarousel|UINavigationItem.m|Objective-C|110|32|21
89|./src/_00/output/Objective-C/nicklockwood~iCarousel/Examples/Chameleon Demo/Chameleon/UIKit/Classes/UIGraphics.m|nicklockwood|iCarousel|UIGraphics.m|Objective-C|106|28|21
90|./src/_00/output/Objective-C/nicklockwood~iCarousel/Examples/Offsets Demo/iCarouselExampleViewController.m|nicklockwood|iCarousel|iCarouselExampleViewController.m|Objective-C|105|20|27
91|./src/_00/output/Objective-C/nicklockwood~iCarousel/Examples/Multiple Carousels/iCarouselExampleViewController.m|nicklockwood|iCarousel|iCarouselExampleViewController.m|Objective-C|104|23|26
92|./src/_00/output/Objective-C/nicklockwood~iCarousel/Examples/Chameleon Demo/Chameleon/UIKit/Classes/UIResponder.m|nicklockwood|iCarousel|UIResponder.m|Objective-C|103|34|26
93|./src/_00/output/Objective-C/nicklockwood~iCarousel/Examples/Chameleon Demo/Chameleon/UIKit/Classes/UIScrollView.h|nicklockwood|iCarousel|UIScrollView.h|C/C++ Header|100|29|19
94|./src/_00/output/Objective-C/nicklockwood~iCarousel/Examples/Chameleon Demo/Chameleon/UIKit/Classes/UIScrollViewAnimationDeceleration.m|nicklockwood|iCarousel|UIScrollViewAnimationDeceleration.m|Objective-C|100|72|33
95|./src/_00/output/Objective-C/nicklockwood~iCarousel/Examples/Chameleon Demo/Chameleon/UIKit/Classes/UIApplication.h|nicklockwood|iCarousel|UIApplication.h|C/C++ Header|99|50|26
96|./src/_00/output/Objective-C/nicklockwood~iCarousel/Examples/Chameleon Demo/Chameleon/UIKit/Classes/UIGeometry.m|nicklockwood|iCarousel|UIGeometry.m|Objective-C|99|28|25
97|./src/_00/output/Objective-C/nicklockwood~iCarousel/Tests/Scrolling/iCarouselExampleViewController.m|nicklockwood|iCarousel|iCarouselExampleViewController.m|Objective-C|91|10|23
98|./src/_00/output/Objective-C/nicklockwood~iCarousel/Examples/Chameleon Demo/Chameleon/UIKit/Classes/UITransitionView.m|nicklockwood|iCarousel|UITransitionView.m|Objective-C|90|28|18
99|./src/_00/output/Objective-C/nicklockwood~iCarousel/Examples/Chameleon Demo/Chameleon/UIKit/Classes/UILongPressGestureRecognizer.m|nicklockwood|iCarousel|UILongPressGestureRecognizer.m|Objective-C|89|28|16
100|./src/_00/output/Objective-C/nicklockwood~iCarousel/Examples/Chameleon Demo/Chameleon/UIKit/Classes/UIPanGestureRecognizer.m|nicklockwood|iCarousel|UIPanGestureRecognizer.m|Objective-C|88|31|15
101|./src/_00/output/Objective-C/nicklockwood~iCarousel/Examples/Chameleon Demo/Chameleon/UIKit/Classes/UITextField.h|nicklockwood|iCarousel|UITextField.h|C/C++ Header|88|28|18
102|./src/_00/output/Objective-C/nicklockwood~iCarousel/Examples/Chameleon Demo/Chameleon/UIKit/Classes/UIColorRep.m|nicklockwood|iCarousel|UIColorRep.m|Objective-C|86|36|20
103|./src/_00/output/Objective-C/nicklockwood~iCarousel/Examples/Chameleon Demo/Chameleon/UIKit/Classes/UIKit.h|nicklockwood|iCarousel|UIKit.h|C/C++ Header|82|30|5
104|./src/_00/output/Objective-C/nicklockwood~iCarousel/Examples/Chameleon Demo/Chameleon/UIKit/Classes/UIViewController.h|nicklockwood|iCarousel|UIViewController.h|C/C++ Header|80|29|22
105|./src/_00/output/Objective-C/nicklockwood~iCarousel/Examples/Fading Demo/iCarouselExampleViewController.m|nicklockwood|iCarousel|iCarouselExampleViewController.m|Objective-C|80|29|27
106|./src/_00/output/Objective-C/nicklockwood~iCarousel/iCarousel.xcodeproj/xcshareddata/xcschemes/iCarousel iOS.xcscheme|nicklockwood|iCarousel|iCarousel iOS.xcscheme|XML|80|0|0
107|./src/_00/output/Objective-C/nicklockwood~iCarousel/iCarousel.xcodeproj/xcshareddata/xcschemes/iCarousel macOS.xcscheme|nicklockwood|iCarousel|iCarousel macOS.xcscheme|XML|80|0|0
108|./src/_00/output/Objective-C/nicklockwood~iCarousel/Examples/Chameleon Demo/Chameleon/UIKit/Classes/UIControl.h|nicklockwood|iCarousel|UIControl.h|C/C++ Header|75|28|18
109|./src/_00/output/Objective-C/nicklockwood~iCarousel/Examples/Chameleon Demo/Chameleon/UIKit/Classes/UIEvent.m|nicklockwood|iCarousel|UIEvent.m|Objective-C|75|30|14
110|./src/_00/output/Objective-C/nicklockwood~iCarousel/Examples/Chameleon Demo/Chameleon/MediaPlayer/Classes/MPMoviePlayerController.h|nicklockwood|iCarousel|MPMoviePlayerController.h|C/C++ Header|74|10|22
111|./src/_00/output/Objective-C/nicklockwood~iCarousel/Examples/Chameleon Demo/Chameleon/UIKit/Classes/UICustomNSClipView.m|nicklockwood|iCarousel|UICustomNSClipView.m|Objective-C|74|32|17
112|./src/_00/output/Objective-C/nicklockwood~iCarousel/Examples/Downloads & Effects/iCarouselExampleViewController.m|nicklockwood|iCarousel|iCarouselExampleViewController.m|Objective-C|74|22|26
113|./src/_00/output/Objective-C/nicklockwood~iCarousel/Examples/Chameleon Demo/Chameleon/UIKit/Classes/UINSClipView.m|nicklockwood|iCarousel|UINSClipView.m|Objective-C|73|31|18
114|./src/_00/output/Objective-C/nicklockwood~iCarousel/Examples/Chameleon Demo/Chameleon/UIKit/Classes/UITableViewCell.h|nicklockwood|iCarousel|UITableViewCell.h|C/C++ Header|73|28|11
115|./src/_00/output/Objective-C/nicklockwood~iCarousel/Examples/Basic iOS Example/iCarouselExampleViewController.m|nicklockwood|iCarousel|iCarouselExampleViewController.m|Objective-C|72|29|25
116|./src/_00/output/Objective-C/nicklockwood~iCarousel/Examples/Paging Example/iCarouselExampleViewController.m|nicklockwood|iCarousel|iCarouselExampleViewController.m|Objective-C|70|30|26
117|./src/_00/output/Objective-C/nicklockwood~iCarousel/Examples/Storyboard Demo/StoryboardExample/en.lproj/MainStoryboard.storyboard|nicklockwood|iCarousel|MainStoryboard.storyboard|XML|69|1|0
118|./src/_00/output/Objective-C/nicklockwood~iCarousel/Examples/Chameleon Demo/Chameleon/UIKit/Classes/UIToolbarButton.m|nicklockwood|iCarousel|UIToolbarButton.m|Objective-C|67|35|18
119|./src/_00/output/Objective-C/nicklockwood~iCarousel/Examples/Dynamic Downloads/iCarouselExampleViewController.m|nicklockwood|iCarousel|iCarouselExampleViewController.m|Objective-C|66|22|25
120|./src/_00/output/Objective-C/nicklockwood~iCarousel/Examples/Storyboard Demo/StoryboardExample/ViewController.m|nicklockwood|iCarousel|ViewController.m|Objective-C|66|24|23
121|./src/_00/output/Objective-C/nicklockwood~iCarousel/Examples/Chameleon Demo/Chameleon/UIKit/Classes/UIKey.m|nicklockwood|iCarousel|UIKey.m|Objective-C|62|28|12
122|./src/_00/output/Objective-C/nicklockwood~iCarousel/Examples/Chameleon Demo/Chameleon/UIKit/Classes/UITextLayer.h|nicklockwood|iCarousel|UITextLayer.h|C/C++ Header|60|29|11
123|./src/_00/output/Objective-C/nicklockwood~iCarousel/Examples/Chameleon Demo/Chameleon/UIKit/Classes/UIBarButtonItem.m|nicklockwood|iCarousel|UIBarButtonItem.m|Objective-C|59|28|11
124|./src/_00/output/Objective-C/nicklockwood~iCarousel/Examples/Chameleon Demo/Chameleon/UIKit/Classes/UIButton.h|nicklockwood|iCarousel|UIButton.h|C/C++ Header|59|28|12
125|./src/_00/output/Objective-C/nicklockwood~iCarousel/Examples/Chameleon Demo/Chameleon/UIKit/Classes/UITapGestureRecognizer.m|nicklockwood|iCarousel|UITapGestureRecognizer.m|Objective-C|59|32|10
126|./src/_00/output/Objective-C/nicklockwood~iCarousel/Examples/Buttons Demo/iCarouselExampleViewController.m|nicklockwood|iCarousel|iCarouselExampleViewController.m|Objective-C|58|15|19
127|./src/_00/output/Objective-C/nicklockwood~iCarousel/Examples/Chameleon Demo/Chameleon/UIKit/Classes/UIBezierPath.h|nicklockwood|iCarousel|UIBezierPath.h|C/C++ Header|57|28|15
128|./src/_00/output/Objective-C/nicklockwood~iCarousel/Examples/Chameleon Demo/Chameleon/UIKit/Classes/UIPhotosAlbum.m|nicklockwood|iCarousel|UIPhotosAlbum.m|Objective-C|57|30|17
129|./src/_00/output/Objective-C/nicklockwood~iCarousel/Examples/Chameleon Demo/Chameleon/UIKit/Classes/UIScreenAppKitIntegration.m|nicklockwood|iCarousel|UIScreenAppKitIntegration.m|Objective-C|57|32|13
130|./src/_00/output/Objective-C/nicklockwood~iCarousel/Examples/Chameleon Demo/Chameleon/UIKit/Classes/UITableViewController.m|nicklockwood|iCarousel|UITableViewController.m|Objective-C|57|28|15
131|./src/_00/output/Objective-C/nicklockwood~iCarousel/Examples/Chameleon Demo/Chameleon/UIKit/Classes/UIAppearanceProperty.m|nicklockwood|iCarousel|UIAppearanceProperty.m|Objective-C|56|28|13
132|./src/_00/output/Objective-C/nicklockwood~iCarousel/Examples/Dynamic View Reflections/iCarouselExampleViewController.m|nicklockwood|iCarousel|iCarouselExampleViewController.m|Objective-C|56|20|19
133|./src/_00/output/Objective-C/nicklockwood~iCarousel/Examples/Chameleon Demo/Chameleon/UIKit/Classes/UIActionSheet.h|nicklockwood|iCarousel|UIActionSheet.h|C/C++ Header|55|29|11
134|./src/_00/output/Objective-C/nicklockwood~iCarousel/Examples/Chameleon Demo/Chameleon/UIKit/Classes/UIDevice.m|nicklockwood|iCarousel|UIDevice.m|Objective-C|55|28|17
135|./src/_00/output/Objective-C/nicklockwood~iCarousel/Examples/Chameleon Demo/Chameleon/UIKit/Classes/UITabBar.m|nicklockwood|iCarousel|UITabBar.m|Objective-C|55|34|14
136|./src/_00/output/Objective-C/nicklockwood~iCarousel/Examples/Controls Demo/iCarouselExampleViewController.m|nicklockwood|iCarousel|iCarouselExampleViewController.m|Objective-C|55|16|19
137|./src/_00/output/Objective-C/nicklockwood~iCarousel/Examples/Tables Demo/iCarouselExampleViewController.m|nicklockwood|iCarousel|iCarouselExampleViewController.m|Objective-C|55|8|20
138|./src/_00/output/Objective-C/nicklockwood~iCarousel/Examples/Chameleon Demo/Chameleon/UIKit/Classes/UIGeometry.h|nicklockwood|iCarousel|UIGeometry.h|C/C++ Header|54|28|16
139|./src/_00/output/Objective-C/nicklockwood~iCarousel/Examples/Dynamic Image Effects/iCarouselExample/ViewController.m|nicklockwood|iCarousel|ViewController.m|Objective-C|53|14|19
140|./src/_00/output/Objective-C/nicklockwood~iCarousel/Examples/Swift Example/SwiftExample/Base.lproj/Main.storyboard|nicklockwood|iCarousel|Main.storyboard|XML|53|1|0
141|./src/_00/output/Objective-C/nicklockwood~iCarousel/Examples/Chameleon Demo/Chameleon/UIKit/Classes/UIBarButtonItem.h|nicklockwood|iCarousel|UIBarButtonItem.h|C/C++ Header|52|28|8
142|./src/_00/output/Objective-C/nicklockwood~iCarousel/Examples/Swift3 Example/SwiftExample/Base.lproj/Main.storyboard|nicklockwood|iCarousel|Main.storyboard|XML|52|1|0
143|./src/_00/output/Objective-C/nicklockwood~iCarousel/Examples/Chameleon Demo/Chameleon/README.md|nicklockwood|iCarousel|README.md|Markdown|49|0|29
144|./src/_00/output/Objective-C/nicklockwood~iCarousel/Examples/Chameleon Demo/Chameleon/UIKit/Classes/UITextInputTraits.h|nicklockwood|iCarousel|UITextInputTraits.h|C/C++ Header|49|28|7
145|./src/_00/output/Objective-C/nicklockwood~iCarousel/Examples/Chameleon Demo/Chameleon/UIKit/Classes/UIGestureRecognizer.h|nicklockwood|iCarousel|UIGestureRecognizer.h|C/C++ Header|48|28|12
146|./src/_00/output/Objective-C/nicklockwood~iCarousel/Examples/Swift3 Example/SwiftExample/Images.xcassets/AppIcon.appiconset/Contents.json|nicklockwood|iCarousel|Contents.json|JSON|48|0|0
147|./src/_00/output/Objective-C/nicklockwood~iCarousel/Examples/Chameleon Demo/Chameleon/UIKit/Classes/UIPickerView.m|nicklockwood|iCarousel|UIPickerView.m|Objective-C|47|34|14
148|./src/_00/output/Objective-C/nicklockwood~iCarousel/Examples/Chameleon Demo/Chameleon/UIKit/Classes/UISegmentedControl.h|nicklockwood|iCarousel|UISegmentedControl.h|C/C++ Header|47|19|20
149|./src/_00/output/Objective-C/nicklockwood~iCarousel/Examples/Chameleon Demo/Chameleon/UIKit/Classes/UITextView.h|nicklockwood|iCarousel|UITextView.h|C/C++ Header|47|28|13
150|./src/_00/output/Objective-C/nicklockwood~iCarousel/Examples/Chameleon Demo/Chameleon/UIKit/Classes/UITouch.h|nicklockwood|iCarousel|UITouch.h|C/C++ Header|47|28|8
151|./src/_00/output/Objective-C/nicklockwood~iCarousel/Examples/Chameleon Demo/Chameleon/UIKit/Classes/UIWebView.h|nicklockwood|iCarousel|UIWebView.h|C/C++ Header|47|28|10
152|./src/_00/output/Objective-C/nicklockwood~iCarousel/Examples/Chameleon Demo/Chameleon/UIKit/Classes/UINinePartImage.m|nicklockwood|iCarousel|UINinePartImage.m|Objective-C|46|37|16
153|./src/_00/output/Objective-C/nicklockwood~iCarousel/Examples/Chameleon Demo/Chameleon/AssetsLibrary/Classes/ALAssetsLibrary.h|nicklockwood|iCarousel|ALAssetsLibrary.h|C/C++ Header|45|28|15
154|./src/_00/output/Objective-C/nicklockwood~iCarousel/Examples/Chameleon Demo/Chameleon/UIKit/Classes/UINavigationController.h|nicklockwood|iCarousel|UINavigationController.h|C/C++ Header|45|28|14
155|./src/_00/output/Objective-C/nicklockwood~iCarousel/Examples/Chameleon Demo/Chameleon/UIKit/Classes/UIThreePartImage.m|nicklockwood|iCarousel|UIThreePartImage.m|Objective-C|45|28|14
156|./src/_00/output/Objective-C/nicklockwood~iCarousel/Examples/Chameleon Demo/Chameleon/AssetsLibrary/Classes/ALAssetsLibrary.m|nicklockwood|iCarousel|ALAssetsLibrary.m|Objective-C|44|36|16
157|./src/_00/output/Objective-C/nicklockwood~iCarousel/Examples/Chameleon Demo/Chameleon/MediaPlayer/Classes/UIInternalMovieView.m|nicklockwood|iCarousel|UIInternalMovieView.m|Objective-C|44|15|22
158|./src/_00/output/Objective-C/nicklockwood~iCarousel/Examples/Chameleon Demo/Chameleon/UIKit/Classes/UIImageAppKitIntegration.m|nicklockwood|iCarousel|UIImageAppKitIntegration.m|Objective-C|44|28|16
159|./src/_00/output/Objective-C/nicklockwood~iCarousel/Examples/Swift Example/SwiftExample/ViewController.swift|nicklockwood|iCarousel|ViewController.swift|Swift|44|17|13
160|./src/_00/output/Objective-C/nicklockwood~iCarousel/Examples/Swift3 Example/SwiftExample/ViewController.swift|nicklockwood|iCarousel|ViewController.swift|Swift|44|17|13
161|./src/_00/output/Objective-C/nicklockwood~iCarousel/Examples/Chameleon Demo/Chameleon/UIKit/Classes/UIAccessibility.h|nicklockwood|iCarousel|UIAccessibility.h|C/C++ Header|43|28|11
162|./src/_00/output/Objective-C/nicklockwood~iCarousel/Examples/Chameleon Demo/Chameleon/UIKit/Classes/UIPopoverController.h|nicklockwood|iCarousel|UIPopoverController.h|C/C++ Header|43|28|13
163|./src/_00/output/Objective-C/nicklockwood~iCarousel/Examples/Advanced iOS Demo/iCarouselExample-Info.plist|nicklockwood|iCarousel|iCarouselExample-Info.plist|XML|42|0|0
164|./src/_00/output/Objective-C/nicklockwood~iCarousel/Examples/Chameleon Demo/Chameleon/UIKit/Classes/UIWindow.h|nicklockwood|iCarousel|UIWindow.h|C/C++ Header|42|29|13
165|./src/_00/output/Objective-C/nicklockwood~iCarousel/Examples/Chameleon Demo/Chameleon/UIKit/Classes/UIImage.h|nicklockwood|iCarousel|UIImage.h|C/C++ Header|41|32|12
166|./src/_00/output/Objective-C/nicklockwood~iCarousel/Examples/Paging Example/iCarouselExample-Info.plist|nicklockwood|iCarousel|iCarouselExample-Info.plist|XML|41|0|0
167|./src/_00/output/Objective-C/nicklockwood~iCarousel/Examples/Chameleon Demo/Chameleon/UIKit/Classes/UIDevice.h|nicklockwood|iCarousel|UIDevice.h|C/C++ Header|40|28|12
168|./src/_00/output/Objective-C/nicklockwood~iCarousel/Examples/Chameleon Demo/Chameleon/UIKit/Classes/UITableViewCellSeparator.m|nicklockwood|iCarousel|UITableViewCellSeparator.m|Objective-C|40|28|9
169|./src/_00/output/Objective-C/nicklockwood~iCarousel/Examples/Dynamic Image Effects/iCarouselExample/iCarouselExample-Info.plist|nicklockwood|iCarousel|iCarouselExample-Info.plist|XML|40|0|0
170|./src/_00/output/Objective-C/nicklockwood~iCarousel/Examples/Storyboard Demo/StoryboardExample/StoryboardExample-Info.plist|nicklockwood|iCarousel|StoryboardExample-Info.plist|XML|40|0|0
171|./src/_00/output/Objective-C/nicklockwood~iCarousel/Examples/Tables Demo/iCarouselTest-Info.plist|nicklockwood|iCarousel|iCarouselTest-Info.plist|XML|40|0|0
172|./src/_00/output/Objective-C/nicklockwood~iCarousel/Tests/Scrolling/iCarouselTest-Info.plist|nicklockwood|iCarousel|iCarouselTest-Info.plist|XML|40|0|0
173|./src/_00/output/Objective-C/nicklockwood~iCarousel/Examples/Chameleon Demo/Chameleon/UIKit/Classes/UINavigationBar.h|nicklockwood|iCarousel|UINavigationBar.h|C/C++ Header|39|29|10
174|./src/_00/output/Objective-C/nicklockwood~iCarousel/Examples/Chameleon Demo/Chameleon/UIKit/Classes/UISearchDisplayController.m|nicklockwood|iCarousel|UISearchDisplayController.m|Objective-C|39|34|10
175|./src/_00/output/Objective-C/nicklockwood~iCarousel/Examples/Chameleon Demo/Chameleon/UIKit/Classes/UIAlertView.h|nicklockwood|iCarousel|UIAlertView.h|C/C++ Header|38|28|14
176|./src/_00/output/Objective-C/nicklockwood~iCarousel/Examples/Chameleon Demo/Chameleon/UIKit/Classes/UIStringDrawing.h|nicklockwood|iCarousel|UIStringDrawing.h|C/C++ Header|38|29|11
177|./src/_00/output/Objective-C/nicklockwood~iCarousel/Examples/No Nib Demo/iCarouselNoNibDemo-Info.plist|nicklockwood|iCarousel|iCarouselNoNibDemo-Info.plist|XML|38|0|0
178|./src/_00/output/Objective-C/nicklockwood~iCarousel/Examples/Chameleon Demo/Chameleon/UIKit/Classes/UIColor.h|nicklockwood|iCarousel|UIColor.h|C/C++ Header|37|28|10
179|./src/_00/output/Objective-C/nicklockwood~iCarousel/Examples/Chameleon Demo/Chameleon/UIKit/Classes/UILabel.h|nicklockwood|iCarousel|UILabel.h|C/C++ Header|37|28|7
180|./src/_00/output/Objective-C/nicklockwood~iCarousel/Examples/Chameleon Demo/Chameleon/UIKit/Classes/UISearchDisplayController.h|nicklockwood|iCarousel|UISearchDisplayController.h|C/C++ Header|36|38|18
181|./src/_00/output/Objective-C/nicklockwood~iCarousel/Examples/Chameleon Demo/Chameleon/UIKit/Classes/UIViewAnimationGroup.h|nicklockwood|iCarousel|UIViewAnimationGroup.h|C/C++ Header|36|28|7
182|./src/_00/output/Objective-C/nicklockwood~iCarousel/Examples/Chameleon Demo/Chameleon/UIKit/Classes/UIKey.h|nicklockwood|iCarousel|UIKey.h|C/C++ Header|35|31|6
183|./src/_00/output/Objective-C/nicklockwood~iCarousel/Examples/Chameleon Demo/Chameleon/UIKit/Classes/UIScrollViewAnimation.m|nicklockwood|iCarousel|UIScrollViewAnimation.m|Objective-C|35|28|7
184|./src/_00/output/Objective-C/nicklockwood~iCarousel/Examples/Chameleon Demo/Chameleon/UIKit/Classes/UITableViewSectionLabel.m|nicklockwood|iCarousel|UITableViewSectionLabel.m|Objective-C|35|28|6
185|./src/_00/output/Objective-C/nicklockwood~iCarousel/Examples/Libraries/AsyncImageView/AsyncImageView.h|nicklockwood|iCarousel|AsyncImageView.h|C/C++ Header|35|31|22
186|./src/_00/output/Objective-C/nicklockwood~iCarousel/Examples/Chameleon Demo/Chameleon/AVFoundation/Classes/AVAudioPlayer.h|nicklockwood|iCarousel|AVAudioPlayer.h|C/C++ Header|34|28|8
187|./src/_00/output/Objective-C/nicklockwood~iCarousel/Examples/Chameleon Demo/iCarouselChameleonDemo/iCarouselChameleonDemo-Info.plist|nicklockwood|iCarousel|iCarouselChameleonDemo-Info.plist|XML|34|0|0
188|./src/_00/output/Objective-C/nicklockwood~iCarousel/Examples/Chameleon Demo/Chameleon/UIKit/Classes/UIResponderAppKitIntegration.m|nicklockwood|iCarousel|UIResponderAppKitIntegration.m|Objective-C|33|28|9
189|./src/_00/output/Objective-C/nicklockwood~iCarousel/Examples/Options Demo/en.lproj/MainWindow.xib|nicklockwood|iCarousel|MainWindow.xib|XML|33|0|0
190|./src/_00/output/Objective-C/nicklockwood~iCarousel/Examples/Chameleon Demo/Chameleon/UIKit/Classes/UIPickerView.h|nicklockwood|iCarousel|UIPickerView.h|C/C++ Header|32|34|16
191|./src/_00/output/Objective-C/nicklockwood~iCarousel/Examples/Mac Demo/iCarouselMac/iCarouselMac-Info.plist|nicklockwood|iCarousel|iCarouselMac-Info.plist|XML|32|0|0
192|./src/_00/output/Objective-C/nicklockwood~iCarousel/Examples/Swift3 Example/SwiftExample/Info.plist|nicklockwood|iCarousel|Info.plist|XML|32|0|0
193|./src/_00/output/Objective-C/nicklockwood~iCarousel/Examples/Chameleon Demo/Chameleon/StoreKit/Classes/SKPaymentTransaction.m|nicklockwood|iCarousel|SKPaymentTransaction.m|Objective-C|31|28|10
194|./src/_00/output/Objective-C/nicklockwood~iCarousel/Examples/Chameleon Demo/Chameleon/UIKit/Classes/UIDatePicker.h|nicklockwood|iCarousel|UIDatePicker.h|C/C++ Header|31|28|10
195|./src/_00/output/Objective-C/nicklockwood~iCarousel/Examples/Chameleon Demo/Chameleon/UIKit/Classes/UIScroller.h|nicklockwood|iCarousel|UIScroller.h|C/C++ Header|31|30|9
196|./src/_00/output/Objective-C/nicklockwood~iCarousel/Examples/Chameleon Demo/Chameleon/StoreKit/Classes/SKPaymentQueue.m|nicklockwood|iCarousel|SKPaymentQueue.m|Objective-C|30|28|11
197|./src/_00/output/Objective-C/nicklockwood~iCarousel/Examples/Chameleon Demo/Chameleon/UIKit/Classes/UITransitionView.h|nicklockwood|iCarousel|UITransitionView.h|C/C++ Header|29|28|8
198|./src/_00/output/Objective-C/nicklockwood~iCarousel/Examples/Chameleon Demo/Chameleon/AVFoundation/Info.plist|nicklockwood|iCarousel|Info.plist|XML|28|0|0
199|./src/_00/output/Objective-C/nicklockwood~iCarousel/Examples/Chameleon Demo/Chameleon/AddressBookUI/Info.plist|nicklockwood|iCarousel|Info.plist|XML|28|0|0
200|./src/_00/output/Objective-C/nicklockwood~iCarousel/Examples/Chameleon Demo/Chameleon/AssetsLibrary/Info.plist|nicklockwood|iCarousel|Info.plist|XML|28|0|0
201|./src/_00/output/Objective-C/nicklockwood~iCarousel/Examples/Chameleon Demo/Chameleon/MediaPlayer/Info.plist|nicklockwood|iCarousel|Info.plist|XML|28|0|0
202|./src/_00/output/Objective-C/nicklockwood~iCarousel/Examples/Chameleon Demo/Chameleon/MessageUI/Info.plist|nicklockwood|iCarousel|Info.plist|XML|28|0|0
203|./src/_00/output/Objective-C/nicklockwood~iCarousel/Examples/Chameleon Demo/Chameleon/StoreKit/Info.plist|nicklockwood|iCarousel|Info.plist|XML|28|0|0
204|./src/_00/output/Objective-C/nicklockwood~iCarousel/Examples/Chameleon Demo/Chameleon/UIKit/Classes/UIImage+UIPrivate.h|nicklockwood|iCarousel|UIImage+UIPrivate.h|C/C++ Header|28|28|5
205|./src/_00/output/Objective-C/nicklockwood~iCarousel/Examples/Chameleon Demo/Chameleon/UIKit/Classes/UIResponder.h|nicklockwood|iCarousel|UIResponder.h|C/C++ Header|28|28|10
206|./src/_00/output/Objective-C/nicklockwood~iCarousel/Examples/Chameleon Demo/Chameleon/UIKit/Classes/UISearchBar.h|nicklockwood|iCarousel|UISearchBar.h|C/C++ Header|28|34|12
207|./src/_00/output/Objective-C/nicklockwood~iCarousel/Examples/Chameleon Demo/Chameleon/UIKit/Info.plist|nicklockwood|iCarousel|Info.plist|XML|28|0|0
208|./src/_00/output/Objective-C/nicklockwood~iCarousel/Examples/Chameleon Demo/Chameleon/UIKit/Classes/UISearchBar.m|nicklockwood|iCarousel|UISearchBar.m|Objective-C|27|34|7
209|./src/_00/output/Objective-C/nicklockwood~iCarousel/Examples/Chameleon Demo/Chameleon/UIKit/Classes/UITabBarController.m|nicklockwood|iCarousel|UITabBarController.m|Objective-C|27|28|8
210|./src/_00/output/Objective-C/nicklockwood~iCarousel/Examples/Chameleon Demo/Chameleon/UIKit/Classes/UIBarItem.m|nicklockwood|iCarousel|UIBarItem.m|Objective-C|26|28|7
211|./src/_00/output/Objective-C/nicklockwood~iCarousel/Examples/Chameleon Demo/Chameleon/UIKit/Classes/UIEvent.h|nicklockwood|iCarousel|UIEvent.h|C/C++ Header|26|28|9
212|./src/_00/output/Objective-C/nicklockwood~iCarousel/Examples/Chameleon Demo/Chameleon/UIKit/Classes/UIInterface.m|nicklockwood|iCarousel|UIInterface.m|Objective-C|26|28|12
213|./src/_00/output/Objective-C/nicklockwood~iCarousel/Examples/Chameleon Demo/Chameleon/MessageUI/Classes/MFMailComposeViewController.m|nicklockwood|iCarousel|MFMailComposeViewController.m|Objective-C|25|28|10
214|./src/_00/output/Objective-C/nicklockwood~iCarousel/Examples/Chameleon Demo/Chameleon/UIKit/Classes/UIImagePickerController.h|nicklockwood|iCarousel|UIImagePickerController.h|C/C++ Header|25|28|8
215|./src/_00/output/Objective-C/nicklockwood~iCarousel/Examples/Chameleon Demo/Chameleon/UIKit/Classes/UIImageView.h|nicklockwood|iCarousel|UIImageView.h|C/C++ Header|25|28|7
216|./src/_00/output/Objective-C/nicklockwood~iCarousel/Examples/Chameleon Demo/Chameleon/UIKit/Classes/UIMenuController.h|nicklockwood|iCarousel|UIMenuController.h|C/C++ Header|25|32|9
217|./src/_00/output/Objective-C/nicklockwood~iCarousel/Examples/Chameleon Demo/Chameleon/UIKit/Classes/UINavigationItem.h|nicklockwood|iCarousel|UINavigationItem.h|C/C++ Header|25|28|6
218|./src/_00/output/Objective-C/nicklockwood~iCarousel/Examples/Chameleon Demo/Chameleon/UIKit/Classes/UIProgressView.m|nicklockwood|iCarousel|UIProgressView.m|Objective-C|25|28|6
219|./src/_00/output/Objective-C/nicklockwood~iCarousel/Examples/Chameleon Demo/Chameleon/UIKit/Classes/UITableViewSection.h|nicklockwood|iCarousel|UITableViewSection.h|C/C++ Header|25|28|8
220|./src/_00/output/Objective-C/nicklockwood~iCarousel/Examples/Dynamic Downloads/Images.plist|nicklockwood|iCarousel|Images.plist|XML|25|0|0
221|./src/_00/output/Objective-C/nicklockwood~iCarousel/Examples/Chameleon Demo/Chameleon/UIKit/Classes/UITabBarItem.m|nicklockwood|iCarousel|UITabBarItem.m|Objective-C|24|34|6
222|./src/_00/output/Objective-C/nicklockwood~iCarousel/Examples/Chameleon Demo/Chameleon/UIKit/Classes/UITableViewSection.m|nicklockwood|iCarousel|UITableViewSection.m|Objective-C|24|28|5
223|./src/_00/output/Objective-C/nicklockwood~iCarousel/Examples/Libraries/FXImageView/FXImageView.h|nicklockwood|iCarousel|FXImageView.h|C/C++ Header|24|31|11
224|./src/_00/output/Objective-C/nicklockwood~iCarousel/Examples/Swift3 Example/SwiftExample/Images.xcassets/background.imageset/Contents.json|nicklockwood|iCarousel|Contents.json|JSON|24|0|0
225|./src/_00/output/Objective-C/nicklockwood~iCarousel/Examples/Swift3 Example/SwiftExample/Images.xcassets/page.imageset/Contents.json|nicklockwood|iCarousel|Contents.json|JSON|24|0|0
226|./src/_00/output/Objective-C/nicklockwood~iCarousel/iCarousel.podspec.json|nicklockwood|iCarousel|iCarousel.podspec.json|JSON|24|0|0
227|./src/_00/output/Objective-C/nicklockwood~iCarousel/iCarousel/Info.plist|nicklockwood|iCarousel|Info.plist|XML|24|0|0
228|./src/_00/output/Objective-C/nicklockwood~iCarousel/Examples/Chameleon Demo/Chameleon/MessageUI/Classes/MFMailComposeViewController.h|nicklockwood|iCarousel|MFMailComposeViewController.h|C/C++ Header|23|28|7
229|./src/_00/output/Objective-C/nicklockwood~iCarousel/Examples/Chameleon Demo/Chameleon/StoreKit/Classes/SKProduct.m|nicklockwood|iCarousel|SKProduct.m|Objective-C|23|28|8
230|./src/_00/output/Objective-C/nicklockwood~iCarousel/Examples/Chameleon Demo/Chameleon/UIKit/Classes/UIImagePickerController.m|nicklockwood|iCarousel|UIImagePickerController.m|Objective-C|23|28|7
231|./src/_00/output/Objective-C/nicklockwood~iCarousel/Examples/Chameleon Demo/Chameleon/UIKit/Classes/UIPopoverOverlayNSView.m|nicklockwood|iCarousel|UIPopoverOverlayNSView.m|Objective-C|23|28|7
232|./src/_00/output/Objective-C/nicklockwood~iCarousel/Examples/Chameleon Demo/Chameleon/UIKit/Classes/UIScrollViewAnimationScroll.m|nicklockwood|iCarousel|UIScrollViewAnimationScroll.m|Objective-C|23|28|8
233|./src/_00/output/Objective-C/nicklockwood~iCarousel/Examples/Chameleon Demo/Chameleon/UIKit/Classes/UISwitch.m|nicklockwood|iCarousel|UISwitch.m|Objective-C|23|29|7
234|./src/_00/output/Objective-C/nicklockwood~iCarousel/Examples/Chameleon Demo/Chameleon/UIKit/Classes/UITabBar.h|nicklockwood|iCarousel|UITabBar.h|C/C++ Header|23|36|12
235|./src/_00/output/Objective-C/nicklockwood~iCarousel/Examples/Chameleon Demo/Chameleon/UIKit/Classes/UITabBarItem.h|nicklockwood|iCarousel|UITabBarItem.h|C/C++ Header|23|34|8
236|./src/_00/output/Objective-C/nicklockwood~iCarousel/Examples/Swift Example/SwiftExample/Images.xcassets/AppIcon.appiconset/Contents.json|nicklockwood|iCarousel|Contents.json|JSON|23|0|0
237|./src/_00/output/Objective-C/nicklockwood~iCarousel/Examples/Swift3 Example/SwiftExample/Images.xcassets/LaunchImage.launchimage/Contents.json|nicklockwood|iCarousel|Contents.json|JSON|23|0|0
238|./src/_00/output/Objective-C/nicklockwood~iCarousel/Examples/Chameleon Demo/Chameleon/UIKit/Classes/UIDatePicker.m|nicklockwood|iCarousel|UIDatePicker.m|Objective-C|22|28|6
239|./src/_00/output/Objective-C/nicklockwood~iCarousel/Examples/Chameleon Demo/Chameleon/UIKit/Classes/UIScreen.h|nicklockwood|iCarousel|UIScreen.h|C/C++ Header|22|28|7
240|./src/_00/output/Objective-C/nicklockwood~iCarousel/Examples/Chameleon Demo/Chameleon/UIKit/Classes/UIScrollWheelGestureRecognizer.m|nicklockwood|iCarousel|UIScrollWheelGestureRecognizer.m|Objective-C|22|28|6
241|./src/_00/output/Objective-C/nicklockwood~iCarousel/Examples/Chameleon Demo/Chameleon/UIKit/Classes/UISplitViewController.h|nicklockwood|iCarousel|UISplitViewController.h|C/C++ Header|22|28|8
242|./src/_00/output/Objective-C/nicklockwood~iCarousel/Examples/Chameleon Demo/Chameleon/UIKit/Classes/UITabBarController.h|nicklockwood|iCarousel|UITabBarController.h|C/C++ Header|22|28|8
243|./src/_00/output/Objective-C/nicklockwood~iCarousel/Examples/Chameleon Demo/Chameleon/AVFoundation/Classes/AVAudioSession.m|nicklockwood|iCarousel|AVAudioSession.m|Objective-C|21|28|7
244|./src/_00/output/Objective-C/nicklockwood~iCarousel/Examples/Chameleon Demo/Chameleon/UIKit/Classes/UIGraphics.h|nicklockwood|iCarousel|UIGraphics.h|C/C++ Header|21|28|10
245|./src/_00/output/Objective-C/nicklockwood~iCarousel/Examples/Chameleon Demo/Chameleon/UIKit/Classes/UIScreenMode.m|nicklockwood|iCarousel|UIScreenMode.m|Objective-C|21|28|5
246|./src/_00/output/Objective-C/nicklockwood~iCarousel/Examples/Chameleon Demo/Chameleon/UIKit/Classes/UIFont.h|nicklockwood|iCarousel|UIFont.h|C/C++ Header|20|28|8
247|./src/_00/output/Objective-C/nicklockwood~iCarousel/Examples/Chameleon Demo/Chameleon/UIKit/Classes/UIRoundedRectButton.m|nicklockwood|iCarousel|UIRoundedRectButton.m|Objective-C|20|30|6
248|./src/_00/output/Objective-C/nicklockwood~iCarousel/Examples/Chameleon Demo/Chameleon/UIKit/Classes/UIToolbar.h|nicklockwood|iCarousel|UIToolbar.h|C/C++ Header|20|28|6
249|./src/_00/output/Objective-C/nicklockwood~iCarousel/Examples/Chameleon Demo/Chameleon/UIKit/Classes/UIViewLayoutManager.m|nicklockwood|iCarousel|UIViewLayoutManager.m|Objective-C|20|28|7
250|./src/_00/output/Objective-C/nicklockwood~iCarousel/Examples/Swift Example/SwiftExample/Images.xcassets/background.imageset/Contents.json|nicklockwood|iCarousel|Contents.json|JSON|20|0|0
251|./src/_00/output/Objective-C/nicklockwood~iCarousel/Examples/Swift Example/SwiftExample/Images.xcassets/page.imageset/Contents.json|nicklockwood|iCarousel|Contents.json|JSON|20|0|0
252|./src/_00/output/Objective-C/nicklockwood~iCarousel/Examples/Chameleon Demo/Chameleon/StoreKit/Classes/SKPaymentTransaction.h|nicklockwood|iCarousel|SKPaymentTransaction.h|C/C++ Header|19|28|6
253|./src/_00/output/Objective-C/nicklockwood~iCarousel/Examples/Chameleon Demo/Chameleon/UIKit/Classes/UIActivityIndicatorView.h|nicklockwood|iCarousel|UIActivityIndicatorView.h|C/C++ Header|19|28|6
254|./src/_00/output/Objective-C/nicklockwood~iCarousel/Examples/Chameleon Demo/Chameleon/UIKit/Classes/UIPasteboard.h|nicklockwood|iCarousel|UIPasteboard.h|C/C++ Header|19|28|7
255|./src/_00/output/Objective-C/nicklockwood~iCarousel/Examples/Chameleon Demo/Chameleon/UIKit/Classes/UIViewBlockAnimationDelegate.m|nicklockwood|iCarousel|UIViewBlockAnimationDelegate.m|Objective-C|19|28|6
256|./src/_00/output/Objective-C/nicklockwood~iCarousel/Examples/Chameleon Demo/Chameleon/MediaPlayer/Classes/MPMusicPlayerController.h|nicklockwood|iCarousel|MPMusicPlayerController.h|C/C++ Header|18|28|8
257|./src/_00/output/Objective-C/nicklockwood~iCarousel/Examples/Chameleon Demo/Chameleon/MediaPlayer/Classes/MPMusicPlayerController.m|nicklockwood|iCarousel|MPMusicPlayerController.m|Objective-C|18|28|8
258|./src/_00/output/Objective-C/nicklockwood~iCarousel/Examples/Chameleon Demo/Chameleon/UIKit/Classes/UIAccessibilityElement.m|nicklockwood|iCarousel|UIAccessibilityElement.m|Objective-C|18|28|5
259|./src/_00/output/Objective-C/nicklockwood~iCarousel/Examples/Chameleon Demo/Chameleon/UIKit/Classes/UIBarItem.h|nicklockwood|iCarousel|UIBarItem.h|C/C++ Header|18|28|6
260|./src/_00/output/Objective-C/nicklockwood~iCarousel/Examples/Chameleon Demo/Chameleon/UIKit/Classes/UICustomNSTextView.h|nicklockwood|iCarousel|UICustomNSTextView.h|C/C++ Header|18|28|8
261|./src/_00/output/Objective-C/nicklockwood~iCarousel/Examples/Chameleon Demo/Chameleon/UIKit/Classes/UIImageRep.h|nicklockwood|iCarousel|UIImageRep.h|C/C++ Header|18|30|7
262|./src/_00/output/Objective-C/nicklockwood~iCarousel/Examples/Options Demo/iCarouselExampleViewController.h|nicklockwood|iCarousel|iCarouselExampleViewController.h|C/C++ Header|18|7|7
263|./src/_00/output/Objective-C/nicklockwood~iCarousel/Examples/Chameleon Demo/Chameleon/MessageUI/MFMessageComposeViewController.h|nicklockwood|iCarousel|MFMessageComposeViewController.h|C/C++ Header|17|34|6
264|./src/_00/output/Objective-C/nicklockwood~iCarousel/Examples/Chameleon Demo/Chameleon/UIKit/Classes/UIBackgroundTask.m|nicklockwood|iCarousel|UIBackgroundTask.m|Objective-C|17|28|6
265|./src/_00/output/Objective-C/nicklockwood~iCarousel/Examples/Chameleon Demo/Chameleon/UIKit/Classes/UIInterface.h|nicklockwood|iCarousel|UIInterface.h|C/C++ Header|17|28|7
266|./src/_00/output/Objective-C/nicklockwood~iCarousel/Examples/Chameleon Demo/Chameleon/UIKit/Classes/UIMenuItem.m|nicklockwood|iCarousel|UIMenuItem.m|Objective-C|17|28|5
267|./src/_00/output/Objective-C/nicklockwood~iCarousel/Examples/Chameleon Demo/Chameleon/UIKit/Classes/UIScrollViewAnimationDeceleration.h|nicklockwood|iCarousel|UIScrollViewAnimationDeceleration.h|C/C++ Header|17|28|12
268|./src/_00/output/Objective-C/nicklockwood~iCarousel/Examples/Chameleon Demo/iCarouselChameleonDemo/iCarouselExampleAppDelegate.m|nicklockwood|iCarousel|iCarouselExampleAppDelegate.m|Objective-C|17|7|6
269|./src/_00/output/Objective-C/nicklockwood~iCarousel/Examples/Libraries/FXImageView/UIImage+FX.h|nicklockwood|iCarousel|UIImage+FX.h|C/C++ Header|17|31|7
270|./src/_00/output/Objective-C/nicklockwood~iCarousel/Examples/Chameleon Demo/Chameleon/StoreKit/Classes/SKProductsRequest.m|nicklockwood|iCarousel|SKProductsRequest.m|Objective-C|16|28|6
271|./src/_00/output/Objective-C/nicklockwood~iCarousel/Examples/Chameleon Demo/Chameleon/UIKit/Classes/NSIndexPath+UITableView.m|nicklockwood|iCarousel|NSIndexPath+UITableView.m|Objective-C|16|28|6
272|./src/_00/output/Objective-C/nicklockwood~iCarousel/Examples/Chameleon Demo/Chameleon/UIKit/Classes/UIPinchGestureRecognizer.m|nicklockwood|iCarousel|UIPinchGestureRecognizer.m|Objective-C|16|28|5
273|./src/_00/output/Objective-C/nicklockwood~iCarousel/Examples/Chameleon Demo/Chameleon/UIKit/Classes/UIPopoverNSWindow.m|nicklockwood|iCarousel|UIPopoverNSWindow.m|Objective-C|16|28|6
274|./src/_00/output/Objective-C/nicklockwood~iCarousel/Examples/Chameleon Demo/Chameleon/UIKit/Classes/UIRotationGestureRecognizer.m|nicklockwood|iCarousel|UIRotationGestureRecognizer.m|Objective-C|16|28|5
275|./src/_00/output/Objective-C/nicklockwood~iCarousel/Examples/Chameleon Demo/Chameleon/UIKit/Classes/UITouch+UIPrivate.h|nicklockwood|iCarousel|UITouch+UIPrivate.h|C/C++ Header|16|28|3
276|./src/_00/output/Objective-C/nicklockwood~iCarousel/Examples/Chameleon Demo/Chameleon/StoreKit/Classes/SKPaymentQueue.h|nicklockwood|iCarousel|SKPaymentQueue.h|C/C++ Header|15|28|11
277|./src/_00/output/Objective-C/nicklockwood~iCarousel/Examples/Chameleon Demo/Chameleon/UIKit/Classes/UIAccessibilityElement.h|nicklockwood|iCarousel|UIAccessibilityElement.h|C/C++ Header|15|28|5
278|./src/_00/output/Objective-C/nicklockwood~iCarousel/Examples/Chameleon Demo/Chameleon/UIKit/Classes/UIApplication+UIPrivate.h|nicklockwood|iCarousel|UIApplication+UIPrivate.h|C/C++ Header|15|28|3
279|./src/_00/output/Objective-C/nicklockwood~iCarousel/Examples/Chameleon Demo/Chameleon/UIKit/Classes/UIBulletGlyphGenerator.m|nicklockwood|iCarousel|UIBulletGlyphGenerator.m|Objective-C|15|28|4
280|./src/_00/output/Objective-C/nicklockwood~iCarousel/Examples/Chameleon Demo/Chameleon/UIKit/Classes/UILongPressGestureRecognizer.h|nicklockwood|iCarousel|UILongPressGestureRecognizer.h|C/C++ Header|15|32|5
281|./src/_00/output/Objective-C/nicklockwood~iCarousel/Examples/Chameleon Demo/Chameleon/UIKit/Classes/UIPopoverView.h|nicklockwood|iCarousel|UIPopoverView.h|C/C++ Header|15|28|7
282|./src/_00/output/Objective-C/nicklockwood~iCarousel/Examples/Chameleon Demo/iCarouselChameleonDemo/MacAppDelegate.m|nicklockwood|iCarousel|MacAppDelegate.m|Objective-C|15|7|12
283|./src/_00/output/Objective-C/nicklockwood~iCarousel/LICENCE.md|nicklockwood|iCarousel|LICENCE.md|Markdown|15|0|6
284|./src/_00/output/Objective-C/nicklockwood~iCarousel/Examples/Chameleon Demo/Chameleon/StoreKit/Classes/StoreKit.h|nicklockwood|iCarousel|StoreKit.h|C/C++ Header|14|28|2
285|./src/_00/output/Objective-C/nicklockwood~iCarousel/Examples/Chameleon Demo/Chameleon/UIKit/Classes/UIAccelerometer.h|nicklockwood|iCarousel|UIAccelerometer.h|C/C++ Header|14|28|7
286|./src/_00/output/Objective-C/nicklockwood~iCarousel/Examples/Chameleon Demo/Chameleon/UIKit/Classes/UIAction.m|nicklockwood|iCarousel|UIAction.m|Objective-C|14|28|4
287|./src/_00/output/Objective-C/nicklockwood~iCarousel/Examples/Chameleon Demo/Chameleon/UIKit/Classes/UICustomNSClipView.h|nicklockwood|iCarousel|UICustomNSClipView.h|C/C++ Header|14|35|8
288|./src/_00/output/Objective-C/nicklockwood~iCarousel/Examples/Chameleon Demo/Chameleon/UIKit/Classes/UIKitView.h|nicklockwood|iCarousel|UIKitView.h|C/C++ Header|14|43|9
289|./src/_00/output/Objective-C/nicklockwood~iCarousel/Examples/Chameleon Demo/Chameleon/UIKit/Classes/UIPanGestureRecognizer.h|nicklockwood|iCarousel|UIPanGestureRecognizer.h|C/C++ Header|14|36|6
290|./src/_00/output/Objective-C/nicklockwood~iCarousel/Examples/Chameleon Demo/Chameleon/UIKit/Classes/UIResponderAppKitIntegration.h|nicklockwood|iCarousel|UIResponderAppKitIntegration.h|C/C++ Header|14|47|14
291|./src/_00/output/Objective-C/nicklockwood~iCarousel/Examples/Chameleon Demo/Chameleon/UIKit/Classes/UISwipeGestureRecognizer.h|nicklockwood|iCarousel|UISwipeGestureRecognizer.h|C/C++ Header|14|28|5
292|./src/_00/output/Objective-C/nicklockwood~iCarousel/Examples/Advanced iOS Demo/iCarouselExampleViewController.h|nicklockwood|iCarousel|iCarouselExampleViewController.h|C/C++ Header|13|7|6
293|./src/_00/output/Objective-C/nicklockwood~iCarousel/Examples/Basic iOS Example/iCarouselExampleAppDelegate.m|nicklockwood|iCarousel|iCarouselExampleAppDelegate.m|Objective-C|13|7|6
294|./src/_00/output/Objective-C/nicklockwood~iCarousel/Examples/Chameleon Demo/Chameleon/AVFoundation/Classes/AVAudioSession.h|nicklockwood|iCarousel|AVAudioSession.h|C/C++ Header|13|28|6
295|./src/_00/output/Objective-C/nicklockwood~iCarousel/Examples/Chameleon Demo/Chameleon/UIKit/Classes/UIAcceleration.h|nicklockwood|iCarousel|UIAcceleration.h|C/C++ Header|13|28|5
296|./src/_00/output/Objective-C/nicklockwood~iCarousel/Examples/Chameleon Demo/Chameleon/UIKit/Classes/UIApplicationDelegate.h|nicklockwood|iCarousel|UIApplicationDelegate.h|C/C++ Header|13|28|3
297|./src/_00/output/Objective-C/nicklockwood~iCarousel/Examples/Chameleon Demo/Chameleon/UIKit/Classes/UIColorRep.h|nicklockwood|iCarousel|UIColorRep.h|C/C++ Header|13|28|6
298|./src/_00/output/Objective-C/nicklockwood~iCarousel/Examples/Chameleon Demo/Chameleon/UIKit/Classes/UIInputController.h|nicklockwood|iCarousel|UIInputController.h|C/C++ Header|13|28|8
299|./src/_00/output/Objective-C/nicklockwood~iCarousel/Examples/Chameleon Demo/Chameleon/UIKit/Classes/UIProgressView.h|nicklockwood|iCarousel|UIProgressView.h|C/C++ Header|13|28|6
300|./src/_00/output/Objective-C/nicklockwood~iCarousel/Examples/Chameleon Demo/Chameleon/UIKit/Classes/UIScrollViewAnimationScroll.h|nicklockwood|iCarousel|UIScrollViewAnimationScroll.h|C/C++ Header|13|28|5
301|./src/_00/output/Objective-C/nicklockwood~iCarousel/Examples/Chameleon Demo/Chameleon/UIKit/Classes/UISwipeGestureRecognizer.m|nicklockwood|iCarousel|UISwipeGestureRecognizer.m|Objective-C|13|28|4
302|./src/_00/output/Objective-C/nicklockwood~iCarousel/Examples/Chameleon Demo/Chameleon/UIKit/Classes/UIView+UIPrivate.h|nicklockwood|iCarousel|UIView+UIPrivate.h|C/C++ Header|13|28|3
303|./src/_00/output/Objective-C/nicklockwood~iCarousel/Examples/Advanced iOS Demo/iCarouselExampleAppDelegate.m|nicklockwood|iCarousel|iCarouselExampleAppDelegate.m|Objective-C|12|7|6
304|./src/_00/output/Objective-C/nicklockwood~iCarousel/Examples/Chameleon Demo/Chameleon/UIKit/Classes/UIGestureRecognizerSubclass.h|nicklockwood|iCarousel|UIGestureRecognizerSubclass.h|C/C++ Header|12|29|6
305|./src/_00/output/Objective-C/nicklockwood~iCarousel/Examples/Chameleon Demo/Chameleon/UIKit/Classes/UINibLoading.m|nicklockwood|iCarousel|UINibLoading.m|Objective-C|12|28|3
306|./src/_00/output/Objective-C/nicklockwood~iCarousel/Examples/Chameleon Demo/Chameleon/UIKit/Classes/UITableViewController.h|nicklockwood|iCarousel|UITableViewController.h|C/C++ Header|12|28|5
307|./src/_00/output/Objective-C/nicklockwood~iCarousel/Examples/Dynamic Image Effects/iCarouselExample/AppDelegate.m|nicklockwood|iCarousel|AppDelegate.m|Objective-C|12|7|5
308|./src/_00/output/Objective-C/nicklockwood~iCarousel/Examples/Libraries/ReflectionView/ReflectionView.h|nicklockwood|iCarousel|ReflectionView.h|C/C++ Header|12|31|11
309|./src/_00/output/Objective-C/nicklockwood~iCarousel/Examples/Tables Demo/iCarouselExampleAppDelegate.m|nicklockwood|iCarousel|iCarouselExampleAppDelegate.m|Objective-C|12|7|6
310|./src/_00/output/Objective-C/nicklockwood~iCarousel/Tests/Events/iCarouselExampleAppDelegate.m|nicklockwood|iCarousel|iCarouselExampleAppDelegate.m|Objective-C|12|7|6
311|./src/_00/output/Objective-C/nicklockwood~iCarousel/Examples/Chameleon Demo/Chameleon/MediaPlayer/Classes/UIInternalMovieView.h|nicklockwood|iCarousel|UIInternalMovieView.h|C/C++ Header|11|7|6
312|./src/_00/output/Objective-C/nicklockwood~iCarousel/Examples/Chameleon Demo/Chameleon/StoreKit/Classes/SKPayment.m|nicklockwood|iCarousel|SKPayment.m|Objective-C|11|28|5
313|./src/_00/output/Objective-C/nicklockwood~iCarousel/Examples/Chameleon Demo/Chameleon/StoreKit/Classes/SKProductsResponse.m|nicklockwood|iCarousel|SKProductsResponse.m|Objective-C|11|28|5
314|./src/_00/output/Objective-C/nicklockwood~iCarousel/Examples/Chameleon Demo/Chameleon/UIKit/Classes/UIPageControl.m|nicklockwood|iCarousel|UIPageControl.m|Objective-C|11|28|4
315|./src/_00/output/Objective-C/nicklockwood~iCarousel/Examples/Chameleon Demo/Chameleon/UIKit/Classes/UIScrollViewAnimation.h|nicklockwood|iCarousel|UIScrollViewAnimation.h|C/C++ Header|11|28|5
316|./src/_00/output/Objective-C/nicklockwood~iCarousel/Examples/Chameleon Demo/Chameleon/UIKit/Classes/UISlider.h|nicklockwood|iCarousel|UISlider.h|C/C++ Header|11|34|5
317|./src/_00/output/Objective-C/nicklockwood~iCarousel/Examples/No Nib Demo/iCarouselExampleAppDelegate.m|nicklockwood|iCarousel|iCarouselExampleAppDelegate.m|Objective-C|11|7|4
318|./src/_00/output/Objective-C/nicklockwood~iCarousel/Examples/Paging Example/iCarouselExampleAppDelegate.m|nicklockwood|iCarousel|iCarouselExampleAppDelegate.m|Objective-C|11|7|4
319|./src/_00/output/Objective-C/nicklockwood~iCarousel/Examples/Chameleon Demo/Chameleon/StoreKit/Classes/SKProductsRequest.h|nicklockwood|iCarousel|SKProductsRequest.h|C/C++ Header|10|28|6
320|./src/_00/output/Objective-C/nicklockwood~iCarousel/Examples/Chameleon Demo/Chameleon/UIKit/Classes/UIAppearanceInstance.h|nicklockwood|iCarousel|UIAppearanceInstance.h|C/C++ Header|10|28|4
321|./src/_00/output/Objective-C/nicklockwood~iCarousel/Examples/Chameleon Demo/Chameleon/UIKit/Classes/UIMenuItem.h|nicklockwood|iCarousel|UIMenuItem.h|C/C++ Header|10|28|5
322|./src/_00/output/Objective-C/nicklockwood~iCarousel/Examples/Chameleon Demo/Chameleon/UIKit/Classes/UIScreen+UIPrivate.h|nicklockwood|iCarousel|UIScreen+UIPrivate.h|C/C++ Header|10|28|3
323|./src/_00/output/Objective-C/nicklockwood~iCarousel/Examples/Chameleon Demo/Chameleon/UIKit/Classes/UISlider.m|nicklockwood|iCarousel|UISlider.m|Objective-C|10|34|6
324|./src/_00/output/Objective-C/nicklockwood~iCarousel/Examples/Chameleon Demo/Chameleon/UIKit/Classes/UITableViewCellSeparator.h|nicklockwood|iCarousel|UITableViewCellSeparator.h|C/C++ Header|10|28|5
325|./src/_00/output/Objective-C/nicklockwood~iCarousel/Examples/Chameleon Demo/Chameleon/UIKit/Classes/UIViewAdapter.h|nicklockwood|iCarousel|UIViewAdapter.h|C/C++ Header|10|28|6
326|./src/_00/output/Objective-C/nicklockwood~iCarousel/Examples/Downloads & Effects/iCarouselExampleAppDelegate.m|nicklockwood|iCarousel|iCarouselExampleAppDelegate.m|Objective-C|10|7|6
327|./src/_00/output/Objective-C/nicklockwood~iCarousel/Examples/Mac Demo/iCarouselMac/iCarouselWindowController.h|nicklockwood|iCarousel|iCarouselWindowController.h|C/C++ Header|10|7|6
328|./src/_00/output/Objective-C/nicklockwood~iCarousel/Tests/Scrolling/iCarouselExampleAppDelegate.m|nicklockwood|iCarousel|iCarouselExampleAppDelegate.m|Objective-C|10|7|5
329|./src/_00/output/Objective-C/nicklockwood~iCarousel/Examples/Chameleon Demo/Chameleon/StoreKit/Classes/SKProduct.h|nicklockwood|iCarousel|SKProduct.h|C/C++ Header|9|28|4
330|./src/_00/output/Objective-C/nicklockwood~iCarousel/Examples/Chameleon Demo/Chameleon/StoreKit/Classes/SKRequest.h|nicklockwood|iCarousel|SKRequest.h|C/C++ Header|9|28|5
331|./src/_00/output/Objective-C/nicklockwood~iCarousel/Examples/Chameleon Demo/Chameleon/UIKit/Classes/UIAppearanceProperty.h|nicklockwood|iCarousel|UIAppearanceProperty.h|C/C++ Header|9|28|5
332|./src/_00/output/Objective-C/nicklockwood~iCarousel/Examples/Chameleon Demo/Chameleon/UIKit/Classes/UIAppearanceProxy.h|nicklockwood|iCarousel|UIAppearanceProxy.h|C/C++ Header|9|28|4
333|./src/_00/output/Objective-C/nicklockwood~iCarousel/Examples/Chameleon Demo/Chameleon/UIKit/Classes/UIBackgroundTask.h|nicklockwood|iCarousel|UIBackgroundTask.h|C/C++ Header|9|28|5
334|./src/_00/output/Objective-C/nicklockwood~iCarousel/Examples/Chameleon Demo/Chameleon/UIKit/Classes/UIImageView+UIPrivate.h|nicklockwood|iCarousel|UIImageView+UIPrivate.h|C/C++ Header|9|28|3
335|./src/_00/output/Objective-C/nicklockwood~iCarousel/Examples/Chameleon Demo/Chameleon/UIKit/Classes/UIScreenAppKitIntegration.h|nicklockwood|iCarousel|UIScreenAppKitIntegration.h|C/C++ Header|9|32|4
336|./src/_00/output/Objective-C/nicklockwood~iCarousel/Examples/Chameleon Demo/Chameleon/UIKit/Classes/UIViewBlockAnimationDelegate.h|nicklockwood|iCarousel|UIViewBlockAnimationDelegate.h|C/C++ Header|9|28|5
337|./src/_00/output/Objective-C/nicklockwood~iCarousel/Examples/Controls Demo/iCarouselExampleViewController.h|nicklockwood|iCarousel|iCarouselExampleViewController.h|C/C++ Header|9|7|6
338|./src/_00/output/Objective-C/nicklockwood~iCarousel/Examples/Mac Demo/iCarouselMac/iCarouselMacAppDelegate.m|nicklockwood|iCarousel|iCarouselMacAppDelegate.m|Objective-C|9|7|5
339|./src/_00/output/Objective-C/nicklockwood~iCarousel/Examples/Offsets Demo/iCarouselExampleViewController.h|nicklockwood|iCarousel|iCarouselExampleViewController.h|C/C++ Header|9|7|6
340|./src/_00/output/Objective-C/nicklockwood~iCarousel/Examples/Paging Example/main.m|nicklockwood|iCarousel|main.m|Objective-C|9|7|2
341|./src/_00/output/Objective-C/nicklockwood~iCarousel/Examples/Chameleon Demo/Chameleon/UIKit/Classes/UIAccelerometer.m|nicklockwood|iCarousel|UIAccelerometer.m|Objective-C|8|28|4
342|./src/_00/output/Objective-C/nicklockwood~iCarousel/Examples/Chameleon Demo/Chameleon/UIKit/Classes/UIAction.h|nicklockwood|iCarousel|UIAction.h|C/C++ Header|8|28|4
343|./src/_00/output/Objective-C/nicklockwood~iCarousel/Examples/Chameleon Demo/Chameleon/UIKit/Classes/UIAppearance.h|nicklockwood|iCarousel|UIAppearance.h|C/C++ Header|8|28|4
344|./src/_00/output/Objective-C/nicklockwood~iCarousel/Examples/Chameleon Demo/Chameleon/UIKit/Classes/UIDataDetectors.h|nicklockwood|iCarousel|UIDataDetectors.h|C/C++ Header|8|28|3
345|./src/_00/output/Objective-C/nicklockwood~iCarousel/Examples/Chameleon Demo/Chameleon/UIKit/Classes/UIEvent+UIPrivate.h|nicklockwood|iCarousel|UIEvent+UIPrivate.h|C/C++ Header|8|28|2
346|./src/_00/output/Objective-C/nicklockwood~iCarousel/Examples/Chameleon Demo/Chameleon/UIKit/Classes/UIFontAppKitIntegration.h|nicklockwood|iCarousel|UIFontAppKitIntegration.h|C/C++ Header|8|29|4
347|./src/_00/output/Objective-C/nicklockwood~iCarousel/Examples/Chameleon Demo/Chameleon/UIKit/Classes/UINinePartImage.h|nicklockwood|iCarousel|UINinePartImage.h|C/C++ Header|8|28|4
348|./src/_00/output/Objective-C/nicklockwood~iCarousel/Examples/Chameleon Demo/Chameleon/UIKit/Classes/UIPageControl.h|nicklockwood|iCarousel|UIPageControl.h|C/C++ Header|8|28|5
349|./src/_00/output/Objective-C/nicklockwood~iCarousel/Examples/Chameleon Demo/Chameleon/UIKit/Classes/UIScreenMode.h|nicklockwood|iCarousel|UIScreenMode.h|C/C++ Header|8|28|4
350|./src/_00/output/Objective-C/nicklockwood~iCarousel/Examples/Chameleon Demo/Chameleon/UIKit/Classes/UISwitch.h|nicklockwood|iCarousel|UISwitch.h|C/C++ Header|8|28|5
351|./src/_00/output/Objective-C/nicklockwood~iCarousel/Examples/Chameleon Demo/Chameleon/UIKit/Classes/UITapGestureRecognizer.h|nicklockwood|iCarousel|UITapGestureRecognizer.h|C/C++ Header|8|28|4
352|./src/_00/output/Objective-C/nicklockwood~iCarousel/Examples/Chameleon Demo/Chameleon/UIKit/Classes/UIThreePartImage.h|nicklockwood|iCarousel|UIThreePartImage.h|C/C++ Header|8|28|4
353|./src/_00/output/Objective-C/nicklockwood~iCarousel/Examples/Dynamic Image Effects/iCarouselExample/main.m|nicklockwood|iCarousel|main.m|Objective-C|8|7|3
354|./src/_00/output/Objective-C/nicklockwood~iCarousel/Examples/No Nib Demo/main.m|nicklockwood|iCarousel|main.m|Objective-C|8|7|2
355|./src/_00/output/Objective-C/nicklockwood~iCarousel/Examples/Options Demo/iCarouselOptionsDemo.xcodeproj/project.xcworkspace/xcshareddata/WorkspaceSettings.xcsettings|nicklockwood|iCarousel|WorkspaceSettings.xcsettings|XML|8|0|0
356|./src/_00/output/Objective-C/nicklockwood~iCarousel/Examples/Storyboard Demo/StoryboardExample/main.m|nicklockwood|iCarousel|main.m|Objective-C|8|7|3
357|./src/_00/output/Objective-C/nicklockwood~iCarousel/Tests/Scrolling/main.m|nicklockwood|iCarousel|main.m|Objective-C|8|7|2
358|./src/_00/output/Objective-C/nicklockwood~iCarousel/Examples/Chameleon Demo/Chameleon/AVFoundation/AVFoundation.xcodeproj/project.xcworkspace/contents.xcworkspacedata|nicklockwood|iCarousel|contents.xcworkspacedata|XML|7|0|0
359|./src/_00/output/Objective-C/nicklockwood~iCarousel/Examples/Chameleon Demo/Chameleon/AddressBookUI/AddressBookUI.xcodeproj/project.xcworkspace/contents.xcworkspacedata|nicklockwood|iCarousel|contents.xcworkspacedata|XML|7|0|0
360|./src/_00/output/Objective-C/nicklockwood~iCarousel/Examples/Chameleon Demo/Chameleon/AddressBookUI/Classes/ABUnknownPersonViewController.h|nicklockwood|iCarousel|ABUnknownPersonViewController.h|C/C++ Header|7|28|5
361|./src/_00/output/Objective-C/nicklockwood~iCarousel/Examples/Chameleon Demo/Chameleon/MediaPlayer/Classes/MPMediaPlayback.h|nicklockwood|iCarousel|MPMediaPlayback.h|C/C++ Header|7|7|5
362|./src/_00/output/Objective-C/nicklockwood~iCarousel/Examples/Chameleon Demo/Chameleon/MediaPlayer/MediaPlayer.xcodeproj/project.xcworkspace/contents.xcworkspacedata|nicklockwood|iCarousel|contents.xcworkspacedata|XML|7|0|0
363|./src/_00/output/Objective-C/nicklockwood~iCarousel/Examples/Chameleon Demo/Chameleon/MessageUI/MessageUI.xcodeproj/project.xcworkspace/contents.xcworkspacedata|nicklockwood|iCarousel|contents.xcworkspacedata|XML|7|0|0
364|./src/_00/output/Objective-C/nicklockwood~iCarousel/Examples/Chameleon Demo/Chameleon/StoreKit/StoreKit.xcodeproj/project.xcworkspace/contents.xcworkspacedata|nicklockwood|iCarousel|contents.xcworkspacedata|XML|7|0|0
365|./src/_00/output/Objective-C/nicklockwood~iCarousel/Examples/Chameleon Demo/Chameleon/UIKit/Classes/AppKitIntegration.h|nicklockwood|iCarousel|AppKitIntegration.h|C/C++ Header|7|28|1
366|./src/_00/output/Objective-C/nicklockwood~iCarousel/Examples/Chameleon Demo/Chameleon/UIKit/Classes/UIColor+UIPrivate.h|nicklockwood|iCarousel|UIColor+UIPrivate.h|C/C++ Header|7|28|3
367|./src/_00/output/Objective-C/nicklockwood~iCarousel/Examples/Chameleon Demo/Chameleon/UIKit/Classes/UIColorAppKitIntegration.h|nicklockwood|iCarousel|UIColorAppKitIntegration.h|C/C++ Header|7|28|3
368|./src/_00/output/Objective-C/nicklockwood~iCarousel/Examples/Chameleon Demo/Chameleon/UIKit/Classes/UIControlAction.h|nicklockwood|iCarousel|UIControlAction.h|C/C++ Header|7|28|4
369|./src/_00/output/Objective-C/nicklockwood~iCarousel/Examples/Chameleon Demo/Chameleon/UIKit/Classes/UIImageAppKitIntegration.h|nicklockwood|iCarousel|UIImageAppKitIntegration.h|C/C++ Header|7|28|3
370|./src/_00/output/Objective-C/nicklockwood~iCarousel/Examples/Chameleon Demo/Chameleon/UIKit/Classes/UINSClipView.h|nicklockwood|iCarousel|UINSClipView.h|C/C++ Header|7|28|5
371|./src/_00/output/Objective-C/nicklockwood~iCarousel/Examples/Chameleon Demo/Chameleon/UIKit/Classes/UINibLoading.h|nicklockwood|iCarousel|UINibLoading.h|C/C++ Header|7|28|3
372|./src/_00/output/Objective-C/nicklockwood~iCarousel/Examples/Chameleon Demo/Chameleon/UIKit/Classes/UIPinchGestureRecognizer.h|nicklockwood|iCarousel|UIPinchGestureRecognizer.h|C/C++ Header|7|28|4
373|./src/_00/output/Objective-C/nicklockwood~iCarousel/Examples/Chameleon Demo/Chameleon/UIKit/Classes/UIPopoverNSWindow.h|nicklockwood|iCarousel|UIPopoverNSWindow.h|C/C++ Header|7|28|5
374|./src/_00/output/Objective-C/nicklockwood~iCarousel/Examples/Chameleon Demo/Chameleon/UIKit/Classes/UIPopoverOverlayNSView.h|nicklockwood|iCarousel|UIPopoverOverlayNSView.h|C/C++ Header|7|28|5
375|./src/_00/output/Objective-C/nicklockwood~iCarousel/Examples/Chameleon Demo/Chameleon/UIKit/Classes/UIRotationGestureRecognizer.h|nicklockwood|iCarousel|UIRotationGestureRecognizer.h|C/C++ Header|7|28|4
376|./src/_00/output/Objective-C/nicklockwood~iCarousel/Examples/Chameleon Demo/Chameleon/UIKit/Classes/UIScrollWheelGestureRecognizer.h|nicklockwood|iCarousel|UIScrollWheelGestureRecognizer.h|C/C++ Header|7|31|5
377|./src/_00/output/Objective-C/nicklockwood~iCarousel/Examples/Chameleon Demo/Chameleon/UIKit/Classes/UIWindow+UIPrivate.h|nicklockwood|iCarousel|UIWindow+UIPrivate.h|C/C++ Header|7|28|2
378|./src/_00/output/Objective-C/nicklockwood~iCarousel/Examples/Chameleon Demo/Chameleon/UIKit/UIKit.xcodeproj/project.xcworkspace/contents.xcworkspacedata|nicklockwood|iCarousel|contents.xcworkspacedata|XML|7|0|0
379|./src/_00/output/Objective-C/nicklockwood~iCarousel/Examples/Chameleon Demo/iCarouselChameleonDemo.xcodeproj/project.xcworkspace/contents.xcworkspacedata|nicklockwood|iCarousel|contents.xcworkspacedata|XML|7|0|0
380|./src/_00/output/Objective-C/nicklockwood~iCarousel/Examples/Controls Demo/iCarouselControlsDemo.xcodeproj/project.xcworkspace/contents.xcworkspacedata|nicklockwood|iCarousel|contents.xcworkspacedata|XML|7|0|0
381|./src/_00/output/Objective-C/nicklockwood~iCarousel/Examples/Downloads & Effects/iCarouselExample.xcodeproj/project.xcworkspace/contents.xcworkspacedata|nicklockwood|iCarousel|contents.xcworkspacedata|XML|7|0|0
382|./src/_00/output/Objective-C/nicklockwood~iCarousel/Examples/No Nib Demo/iCarouselNoNibDemo.xcodeproj/project.xcworkspace/contents.xcworkspacedata|nicklockwood|iCarousel|contents.xcworkspacedata|XML|7|0|0
383|./src/_00/output/Objective-C/nicklockwood~iCarousel/Examples/Options Demo/iCarouselOptionsDemo.xcodeproj/project.xcworkspace/contents.xcworkspacedata|nicklockwood|iCarousel|contents.xcworkspacedata|XML|7|0|0
384|./src/_00/output/Objective-C/nicklockwood~iCarousel/Examples/Storyboard Demo/StoryboardExample/AppDelegate.m|nicklockwood|iCarousel|AppDelegate.m|Objective-C|7|8|4
385|./src/_00/output/Objective-C/nicklockwood~iCarousel/Tests/Scrolling/iCarouselTest.xcodeproj/project.xcworkspace/contents.xcworkspacedata|nicklockwood|iCarousel|contents.xcworkspacedata|XML|7|0|0
386|./src/_00/output/Objective-C/nicklockwood~iCarousel/iCarousel.xcodeproj/project.xcworkspace/contents.xcworkspacedata|nicklockwood|iCarousel|contents.xcworkspacedata|XML|7|0|0
387|./src/_00/output/Objective-C/nicklockwood~iCarousel/Examples/Chameleon Demo/Chameleon/MessageUI/MFMessageComposeViewController.m|nicklockwood|iCarousel|MFMessageComposeViewController.m|Objective-C|6|34|6
388|./src/_00/output/Objective-C/nicklockwood~iCarousel/Examples/Chameleon Demo/Chameleon/StoreKit/Classes/SKPayment.h|nicklockwood|iCarousel|SKPayment.h|C/C++ Header|6|28|5
389|./src/_00/output/Objective-C/nicklockwood~iCarousel/Examples/Chameleon Demo/Chameleon/StoreKit/Classes/SKProductsResponse.h|nicklockwood|iCarousel|SKProductsResponse.h|C/C++ Header|6|28|4
390|./src/_00/output/Objective-C/nicklockwood~iCarousel/Examples/Chameleon Demo/Chameleon/UIKit/Classes/NSIndexPath+UITableView.h|nicklockwood|iCarousel|NSIndexPath+UITableView.h|C/C++ Header|6|28|2
391|./src/_00/output/Objective-C/nicklockwood~iCarousel/Examples/Chameleon Demo/Chameleon/UIKit/Classes/UIApplicationAppKitIntegration.h|nicklockwood|iCarousel|UIApplicationAppKitIntegration.h|C/C++ Header|6|42|8
392|./src/_00/output/Objective-C/nicklockwood~iCarousel/Examples/Chameleon Demo/Chameleon/UIKit/Classes/UIFont+UIPrivate.h|nicklockwood|iCarousel|UIFont+UIPrivate.h|C/C++ Header|6|34|3
393|./src/_00/output/Objective-C/nicklockwood~iCarousel/Examples/Chameleon Demo/Chameleon/UIKit/Classes/UINavigationItem+UIPrivate.h|nicklockwood|iCarousel|UINavigationItem+UIPrivate.h|C/C++ Header|6|34|3
394|./src/_00/output/Objective-C/nicklockwood~iCarousel/Examples/Chameleon Demo/Chameleon/UIKit/Classes/UIPhotosAlbum.h|nicklockwood|iCarousel|UIPhotosAlbum.h|C/C++ Header|6|28|6
395|./src/_00/output/Objective-C/nicklockwood~iCarousel/Examples/Chameleon Demo/Chameleon/UIKit/Classes/UIScrollView+UIPrivate.h|nicklockwood|iCarousel|UIScrollView+UIPrivate.h|C/C++ Header|6|28|2
396|./src/_00/output/Objective-C/nicklockwood~iCarousel/Examples/Chameleon Demo/Chameleon/UIKit/Classes/UIToolbarButton.h|nicklockwood|iCarousel|UIToolbarButton.h|C/C++ Header|6|28|5
397|./src/_00/output/Objective-C/nicklockwood~iCarousel/Examples/Chameleon Demo/iCarouselChameleonDemo/MacAppDelegate.h|nicklockwood|iCarousel|MacAppDelegate.h|C/C++ Header|6|7|4
398|./src/_00/output/Objective-C/nicklockwood~iCarousel/Examples/Chameleon Demo/iCarouselChameleonDemo/iCarouselExampleAppDelegate.h|nicklockwood|iCarousel|iCarouselExampleAppDelegate.h|C/C++ Header|6|7|5
399|./src/_00/output/Objective-C/nicklockwood~iCarousel/Examples/Downloads & Effects/iCarouselExampleAppDelegate.h|nicklockwood|iCarousel|iCarouselExampleAppDelegate.h|C/C++ Header|6|7|5
400|./src/_00/output/Objective-C/nicklockwood~iCarousel/Examples/Dynamic Image Effects/iCarouselExample/AppDelegate.h|nicklockwood|iCarousel|AppDelegate.h|C/C++ Header|6|7|5
401|./src/_00/output/Objective-C/nicklockwood~iCarousel/Examples/Dynamic Image Effects/iCarouselExample/ViewController.h|nicklockwood|iCarousel|ViewController.h|C/C++ Header|6|7|4
402|./src/_00/output/Objective-C/nicklockwood~iCarousel/Examples/Multiple Carousels/iCarouselExampleViewController.h|nicklockwood|iCarousel|iCarouselExampleViewController.h|C/C++ Header|6|7|5
403|./src/_00/output/Objective-C/nicklockwood~iCarousel/Tests/Events/iCarouselExampleViewController.h|nicklockwood|iCarousel|iCarouselExampleViewController.h|C/C++ Header|6|7|6
404|./src/_00/output/Objective-C/nicklockwood~iCarousel/Tests/Scrolling/iCarouselExampleAppDelegate.h|nicklockwood|iCarousel|iCarouselExampleAppDelegate.h|C/C++ Header|6|7|5
405|./src/_00/output/Objective-C/nicklockwood~iCarousel/Examples/Chameleon Demo/Chameleon/AVFoundation/Classes/AVFoundation.h|nicklockwood|iCarousel|AVFoundation.h|C/C++ Header|5|29|3
406|./src/_00/output/Objective-C/nicklockwood~iCarousel/Examples/Chameleon Demo/Chameleon/AssetsLibrary/Classes/ALAssetsGroup.h|nicklockwood|iCarousel|ALAssetsGroup.h|C/C++ Header|5|28|4
407|./src/_00/output/Objective-C/nicklockwood~iCarousel/Examples/Chameleon Demo/Chameleon/AssetsLibrary/Classes/AssetsLibrary.h|nicklockwood|iCarousel|AssetsLibrary.h|C/C++ Header|5|28|2
408|./src/_00/output/Objective-C/nicklockwood~iCarousel/Examples/Chameleon Demo/Chameleon/UIKit/Classes/UIGestureRecognizer+UIPrivate.h|nicklockwood|iCarousel|UIGestureRecognizer+UIPrivate.h|C/C++ Header|5|28|2
409|./src/_00/output/Objective-C/nicklockwood~iCarousel/Examples/Chameleon Demo/Chameleon/UIKit/Classes/UIKey+UIPrivate.h|nicklockwood|iCarousel|UIKey+UIPrivate.h|C/C++ Header|5|28|3
410|./src/_00/output/Objective-C/nicklockwood~iCarousel/Examples/Chameleon Demo/Chameleon/UIKit/Classes/UIScreenMode+UIPrivate.h|nicklockwood|iCarousel|UIScreenMode+UIPrivate.h|C/C++ Header|5|28|3
411|./src/_00/output/Objective-C/nicklockwood~iCarousel/Examples/Chameleon Demo/iCarouselChameleonDemo/main.m|nicklockwood|iCarousel|main.m|Objective-C|5|7|2
412|./src/_00/output/Objective-C/nicklockwood~iCarousel/Examples/Downloads & Effects/iCarouselExampleViewController.h|nicklockwood|iCarousel|iCarouselExampleViewController.h|C/C++ Header|5|7|5
413|./src/_00/output/Objective-C/nicklockwood~iCarousel/Examples/Mac Demo/iCarouselMac/iCarouselMacAppDelegate.h|nicklockwood|iCarousel|iCarouselMacAppDelegate.h|C/C++ Header|5|7|4
414|./src/_00/output/Objective-C/nicklockwood~iCarousel/Examples/Mac Demo/iCarouselMac/main.m|nicklockwood|iCarousel|main.m|Objective-C|5|7|2
415|./src/_00/output/Objective-C/nicklockwood~iCarousel/Examples/Storyboard Demo/StoryboardExample/ViewController.h|nicklockwood|iCarousel|ViewController.h|C/C++ Header|5|7|5
416|./src/_00/output/Objective-C/nicklockwood~iCarousel/Examples/Swift3 Example/SwiftExample/AppDelegate.swift|nicklockwood|iCarousel|AppDelegate.swift|Swift|5|7|3
417|./src/_00/output/Objective-C/nicklockwood~iCarousel/Tests/Scrolling/iCarouselExampleViewController.h|nicklockwood|iCarousel|iCarouselExampleViewController.h|C/C++ Header|5|7|5
418|./src/_00/output/Objective-C/nicklockwood~iCarousel/Examples/Chameleon Demo/Chameleon/AddressBookUI/Classes/ABUnknownPersonViewController.m|nicklockwood|iCarousel|ABUnknownPersonViewController.m|Objective-C|4|28|4
419|./src/_00/output/Objective-C/nicklockwood~iCarousel/Examples/Chameleon Demo/Chameleon/StoreKit/Classes/SKRequest.m|nicklockwood|iCarousel|SKRequest.m|Objective-C|4|28|2
420|./src/_00/output/Objective-C/nicklockwood~iCarousel/Examples/Chameleon Demo/Chameleon/UIKit/Classes/UIAcceleration.m|nicklockwood|iCarousel|UIAcceleration.m|Objective-C|4|28|2
421|./src/_00/output/Objective-C/nicklockwood~iCarousel/Examples/Chameleon Demo/Chameleon/UIKit/Classes/UIActionSheetAppKitIntegration.h|nicklockwood|iCarousel|UIActionSheetAppKitIntegration.h|C/C++ Header|4|28|2
422|./src/_00/output/Objective-C/nicklockwood~iCarousel/Examples/Chameleon Demo/Chameleon/UIKit/Classes/UIControl+UIPrivate.h|nicklockwood|iCarousel|UIControl+UIPrivate.h|C/C++ Header|4|28|2
423|./src/_00/output/Objective-C/nicklockwood~iCarousel/Examples/Chameleon Demo/Chameleon/UIKit/Classes/UIControlAction.m|nicklockwood|iCarousel|UIControlAction.m|Objective-C|4|28|3
424|./src/_00/output/Objective-C/nicklockwood~iCarousel/Examples/Chameleon Demo/Chameleon/UIKit/Classes/UINavigationBar+UIPrivate.h|nicklockwood|iCarousel|UINavigationBar+UIPrivate.h|C/C++ Header|4|34|2
425|./src/_00/output/Objective-C/nicklockwood~iCarousel/Examples/Chameleon Demo/Chameleon/UIKit/Classes/UIPopoverController+UIPrivate.h|nicklockwood|iCarousel|UIPopoverController+UIPrivate.h|C/C++ Header|4|28|2
426|./src/_00/output/Objective-C/nicklockwood~iCarousel/Examples/Chameleon Demo/Chameleon/UIKit/Classes/UITableViewCell+UIPrivate.h|nicklockwood|iCarousel|UITableViewCell+UIPrivate.h|C/C++ Header|4|28|2
427|./src/_00/output/Objective-C/nicklockwood~iCarousel/Examples/Chameleon Demo/Chameleon/UIKit/Classes/UITableViewSectionLabel.h|nicklockwood|iCarousel|UITableViewSectionLabel.h|C/C++ Header|4|28|2
428|./src/_00/output/Objective-C/nicklockwood~iCarousel/Examples/Chameleon Demo/Chameleon/UIKit/Classes/UIViewController+UIPrivate.h|nicklockwood|iCarousel|UIViewController+UIPrivate.h|C/C++ Header|4|28|2
429|./src/_00/output/Objective-C/nicklockwood~iCarousel/Examples/Chameleon Demo/Chameleon/UIKit/Classes/UIViewLayoutManager.h|nicklockwood|iCarousel|UIViewLayoutManager.h|C/C++ Header|4|28|2
430|./src/_00/output/Objective-C/nicklockwood~iCarousel/Examples/No Nib Demo/iCarouselExampleAppDelegate.h|nicklockwood|iCarousel|iCarouselExampleAppDelegate.h|C/C++ Header|4|7|5
431|./src/_00/output/Objective-C/nicklockwood~iCarousel/Examples/Storyboard Demo/StoryboardExample/AppDelegate.h|nicklockwood|iCarousel|AppDelegate.h|C/C++ Header|4|7|4
432|./src/_00/output/Objective-C/nicklockwood~iCarousel/Examples/Tables Demo/iCarouselExampleViewController.h|nicklockwood|iCarousel|iCarouselExampleViewController.h|C/C++ Header|4|7|4
433|./src/_00/output/Objective-C/nicklockwood~iCarousel/Examples/Chameleon Demo/Chameleon/AssetsLibrary/Classes/ALAsset.h|nicklockwood|iCarousel|ALAsset.h|C/C++ Header|3|28|2
434|./src/_00/output/Objective-C/nicklockwood~iCarousel/Examples/Chameleon Demo/Chameleon/AssetsLibrary/Classes/ALAsset.m|nicklockwood|iCarousel|ALAsset.m|Objective-C|3|28|2
435|./src/_00/output/Objective-C/nicklockwood~iCarousel/Examples/Chameleon Demo/Chameleon/AssetsLibrary/Classes/ALAssetRepresentation.h|nicklockwood|iCarousel|ALAssetRepresentation.h|C/C++ Header|3|28|2
436|./src/_00/output/Objective-C/nicklockwood~iCarousel/Examples/Chameleon Demo/Chameleon/AssetsLibrary/Classes/ALAssetRepresentation.m|nicklockwood|iCarousel|ALAssetRepresentation.m|Objective-C|3|28|2
437|./src/_00/output/Objective-C/nicklockwood~iCarousel/Examples/Chameleon Demo/Chameleon/AssetsLibrary/Classes/ALAssetsFilter.h|nicklockwood|iCarousel|ALAssetsFilter.h|C/C++ Header|3|28|2
438|./src/_00/output/Objective-C/nicklockwood~iCarousel/Examples/Chameleon Demo/Chameleon/AssetsLibrary/Classes/ALAssetsFilter.m|nicklockwood|iCarousel|ALAssetsFilter.m|Objective-C|3|28|2
439|./src/_00/output/Objective-C/nicklockwood~iCarousel/Examples/Chameleon Demo/Chameleon/AssetsLibrary/Classes/ALAssetsGroup.m|nicklockwood|iCarousel|ALAssetsGroup.m|Objective-C|3|28|2
440|./src/_00/output/Objective-C/nicklockwood~iCarousel/Examples/Chameleon Demo/Chameleon/UIKit/Classes/UIBulletGlyphGenerator.h|nicklockwood|iCarousel|UIBulletGlyphGenerator.h|C/C++ Header|3|28|2
441|./src/_00/output/Objective-C/nicklockwood~iCarousel/Examples/Chameleon Demo/Chameleon/UIKit/Classes/UIRoundedRectButton.h|nicklockwood|iCarousel|UIRoundedRectButton.h|C/C++ Header|3|28|2
442|./src/_00/output/Objective-C/nicklockwood~iCarousel/Examples/Chameleon Demo/iCarouselChameleonDemo/iCarouselExampleViewController.h|nicklockwood|iCarousel|iCarouselExampleViewController.h|C/C++ Header|3|7|5
443|./src/_00/output/Objective-C/nicklockwood~iCarousel/Examples/No Nib Demo/iCarouselExampleViewController.h|nicklockwood|iCarousel|iCarouselExampleViewController.h|C/C++ Header|3|7|4
444|./src/_00/output/Objective-C/nicklockwood~iCarousel/Examples/Chameleon Demo/Chameleon/MediaPlayer/Classes/MediaPlayer.h|nicklockwood|iCarousel|MediaPlayer.h|C/C++ Header|2|28|1
445|./src/_00/output/Objective-C/nicklockwood~iCarousel/Examples/Chameleon Demo/Chameleon/MessageUI/Classes/MessageUI.h|nicklockwood|iCarousel|MessageUI.h|C/C++ Header|2|28|1
446|./src/_00/output/Objective-C/nicklockwood~iCarousel/Examples/Chameleon Demo/Chameleon/AddressBookUI/Classes/AddressBookUI.h|nicklockwood|iCarousel|AddressBookUI.h|C/C++ Header|1|28|1
447|./src/_00/output/Objective-C/nicklockwood~iCarousel/Examples/Swift3 Example/SwiftExample/SwiftExample-Bridging-Header.h|nicklockwood|iCarousel|SwiftExample-Bridging-Header.h|C/C++ Header|1|7|1
