Unnamed: 0|path|owner|project|file|language|code|comment|blank
0|./src/_00/output/C/jqlang~jq/src/decNumber/decNumber.c|jqlang|jq|decNumber.c|C|4767|2881|495
1|./src/_00/output/C/jqlang~jq/src/jv_dtoa.c|jqlang|jq|jv_dtoa.c|C|3662|429|193
2|./src/_00/output/C/jqlang~jq/src/parser.c|jqlang|jq|parser.c|C|3508|354|494
3|./src/_00/output/C/jqlang~jq/docs/content/manual/manual.yml|jqlang|jq|manual.yml|YAML|2877|14|914
4|./src/_00/output/C/jqlang~jq/docs/content/manual/v1.7/manual.yml|jqlang|jq|manual.yml|YAML|2814|7|881
5|./src/_00/output/C/jqlang~jq/docs/content/manual/v1.6/manual.yml|jqlang|jq|manual.yml|YAML|2547|7|814
6|./src/_00/output/C/jqlang~jq/src/decNumber/decBasic.c|jqlang|jq|decBasic.c|C|2323|1346|239
7|./src/_00/output/C/jqlang~jq/docs/content/manual/v1.5/manual.yml|jqlang|jq|manual.yml|YAML|2224|7|703
8|./src/_00/output/C/jqlang~jq/src/lexer.c|jqlang|jq|lexer.c|C|1880|401|425
9|./src/_00/output/C/jqlang~jq/src/builtin.c|jqlang|jq|builtin.c|C|1680|78|154
10|./src/_00/output/C/jqlang~jq/src/jv.c|jqlang|jq|jv.c|C|1548|150|279
11|./src/_00/output/C/jqlang~jq/docs/content/manual/v1.4/manual.yml|jqlang|jq|manual.yml|YAML|1262|4|404
12|./src/_00/output/C/jqlang~jq/src/decNumber/decCommon.c|jqlang|jq|decCommon.c|C|1144|568|123
13|./src/_00/output/C/jqlang~jq/src/decNumber/decDPD.h|jqlang|jq|decDPD.h|C/C++ Header|1134|32|19
14|./src/_00/output/C/jqlang~jq/src/compile.c|jqlang|jq|compile.c|C|1110|148|142
15|./src/_00/output/C/jqlang~jq/src/execute.c|jqlang|jq|execute.c|C|1081|112|154
16|./src/_00/output/C/jqlang~jq/docs/content/manual/v1.3/manual.yml|jqlang|jq|manual.yml|YAML|957|4|303
17|./src/_00/output/C/jqlang~jq/src/util.c|jqlang|jq|util.c|C|955|179|130
18|./src/_00/output/C/jqlang~jq/src/parser.y|jqlang|jq|parser.y|yacc|892|23|99
19|./src/_00/output/C/jqlang~jq/src/jv_parse.c|jqlang|jq|jv_parse.c|C|799|36|76
20|./src/_00/output/C/jqlang~jq/src/main.c|jqlang|jq|main.c|C|693|24|55
21|./src/_00/output/C/jqlang~jq/src/jv_aux.c|jqlang|jq|jv_aux.c|C|657|37|35
22|./src/_00/output/C/jqlang~jq/tests/shtest|jqlang|jq|shtest|Bourne Shell|560|63|69
23|./src/_00/output/C/jqlang~jq/src/lexer.h|jqlang|jq|lexer.h|C/C++ Header|555|59|126
24|./src/_00/output/C/jqlang~jq/src/decNumber/decimal64.c|jqlang|jq|decimal64.c|C|525|236|78
25|./src/_00/output/C/jqlang~jq/src/decNumber/decNumberLocal.h|jqlang|jq|decNumberLocal.h|C/C++ Header|496|188|73
26|./src/_00/output/C/jqlang~jq/m4/ax_pthread.m4|jqlang|jq|ax_pthread.m4|m4|453|0|69
27|./src/_00/output/C/jqlang~jq/src/jq_test.c|jqlang|jq|jq_test.c|C|411|12|72
28|./src/_00/output/C/jqlang~jq/.github/workflows/ci.yml|jqlang|jq|ci.yml|YAML|395|3|6
29|./src/_00/output/C/jqlang~jq/src/linker.c|jqlang|jq|linker.c|C|389|32|29
30|./src/_00/output/C/jqlang~jq/src/jv_print.c|jqlang|jq|jv_print.c|C|363|10|24
31|./src/_00/output/C/jqlang~jq/src/decNumber/decimal128.c|jqlang|jq|decimal128.c|C|355|148|50
32|./src/_00/output/C/jqlang~jq/NEWS.md|jqlang|jq|NEWS.md|Markdown|313|0|78
33|./src/_00/output/C/jqlang~jq/docs/content/tutorial/default.yml|jqlang|jq|default.yml|YAML|304|0|33
34|./src/_00/output/C/jqlang~jq/src/libm.h|jqlang|jq|libm.h|C/C++ Header|301|0|0
35|./src/_00/output/C/jqlang~jq/tests/jq_fuzz_fixed.cpp|jqlang|jq|jq_fuzz_fixed.cpp|C++|283|6|8
36|./src/_00/output/C/jqlang~jq/src/decNumber/decimal32.c|jqlang|jq|decimal32.c|C|281|146|49
37|./src/_00/output/C/jqlang~jq/configure.ac|jqlang|jq|configure.ac|m4|237|24|35
38|./src/_00/output/C/jqlang~jq/src/jv.h|jqlang|jq|jv.h|C/C++ Header|230|20|43
39|./src/_00/output/C/jqlang~jq/src/decNumber/decContext.c|jqlang|jq|decContext.c|C|213|198|26
40|./src/_00/output/C/jqlang~jq/docs/build_manpage.py|jqlang|jq|build_manpage.py|Python|197|11|43
41|./src/_00/output/C/jqlang~jq/docs/content/download/default.yml|jqlang|jq|default.yml|YAML|179|9|61
42|./src/_00/output/C/jqlang~jq/src/decNumber/decContext.h|jqlang|jq|decContext.h|C/C++ Header|177|60|17
43|./src/_00/output/C/jqlang~jq/Makefile.am|jqlang|jq|Makefile.am|make|173|33|49
44|./src/_00/output/C/jqlang~jq/m4/ax_compare_version.m4|jqlang|jq|ax_compare_version.m4|m4|165|1|11
45|./src/_00/output/C/jqlang~jq/src/lexer.l|jqlang|jq|lexer.l|lex|160|7|25
46|./src/_00/output/C/jqlang~jq/src/parser.h|jqlang|jq|parser.h|C/C++ Header|156|34|24
47|./src/_00/output/C/jqlang~jq/src/bytecode.c|jqlang|jq|bytecode.c|C|145|1|15
48|./src/_00/output/C/jqlang~jq/src/jv_alloc.c|jqlang|jq|jv_alloc.c|C|142|11|33
49|./src/_00/output/C/jqlang~jq/src/decNumber/decQuad.h|jqlang|jq|decQuad.h|C/C++ Header|120|42|15
50|./src/_00/output/C/jqlang~jq/src/decNumber/decPacked.c|jqlang|jq|decPacked.c|C|119|86|15
51|./src/_00/output/C/jqlang~jq/src/jv_unicode.c|jqlang|jq|jv_unicode.c|C|116|15|7
52|./src/_00/output/C/jqlang~jq/src/decNumber/decDouble.h|jqlang|jq|decDouble.h|C/C++ Header|109|33|13
53|./src/_00/output/C/jqlang~jq/src/decNumber/decNumber.h|jqlang|jq|decNumber.h|C/C++ Header|106|60|16
54|./src/_00/output/C/jqlang~jq/src/decNumber/decDouble.c|jqlang|jq|decDouble.c|C|102|28|10
55|./src/_00/output/C/jqlang~jq/src/decNumber/decQuad.c|jqlang|jq|decQuad.c|C|97|28|10
56|./src/_00/output/C/jqlang~jq/src/inject_errors.c|jqlang|jq|inject_errors.c|C|97|1|12
57|./src/_00/output/C/jqlang~jq/src/locfile.c|jqlang|jq|locfile.c|C|84|0|8
58|./src/_00/output/C/jqlang~jq/src/compile.h|jqlang|jq|compile.h|C/C++ Header|83|2|20
59|./src/_00/output/C/jqlang~jq/docs/public/css/style.css|jqlang|jq|style.css|CSS|80|0|19
60|./src/_00/output/C/jqlang~jq/compile-ios.sh|jqlang|jq|compile-ios.sh|Bourne Shell|75|9|22
61|./src/_00/output/C/jqlang~jq/src/jv_file.c|jqlang|jq|jv_file.c|C|73|3|5
62|./src/_00/output/C/jqlang~jq/docs/build_website.py|jqlang|jq|build_website.py|Python|72|1|22
63|./src/_00/output/C/jqlang~jq/src/exec_stack.h|jqlang|jq|exec_stack.h|C/C++ Header|72|28|14
64|./src/_00/output/C/jqlang~jq/.github/workflows/oniguruma.yml|jqlang|jq|oniguruma.yml|YAML|69|2|2
65|./src/_00/output/C/jqlang~jq/.github/workflows/scanbuild.yml|jqlang|jq|scanbuild.yml|YAML|67|5|3
66|./src/_00/output/C/jqlang~jq/src/jv_thread.h|jqlang|jq|jv_thread.h|C/C++ Header|66|1|9
67|./src/_00/output/C/jqlang~jq/docs/manual_schema.yml|jqlang|jq|manual_schema.yml|YAML|63|0|0
68|./src/_00/output/C/jqlang~jq/m4/ax_prog_bison_version.m4|jqlang|jq|ax_prog_bison_version.m4|m4|62|0|6
69|./src/_00/output/C/jqlang~jq/src/bytecode.h|jqlang|jq|bytecode.h|C/C++ Header|62|7|22
70|./src/_00/output/C/jqlang~jq/src/jq.h|jqlang|jq|jq.h|C/C++ Header|61|6|13
71|./src/_00/output/C/jqlang~jq/docs/content/index.yml|jqlang|jq|index.yml|YAML|59|0|24
72|./src/_00/output/C/jqlang~jq/README.md|jqlang|jq|README.md|Markdown|51|0|24
73|./src/_00/output/C/jqlang~jq/config/m4/find-func-no-libs2.m4|jqlang|jq|find-func-no-libs2.m4|m4|51|6|5
74|./src/_00/output/C/jqlang~jq/.github/workflows/manpage.yml|jqlang|jq|manpage.yml|YAML|49|1|1
75|./src/_00/output/C/jqlang~jq/src/decNumber/example3.c|jqlang|jq|example3.c|C|46|10|8
76|./src/_00/output/C/jqlang~jq/src/jv_dtoa_tsd.c|jqlang|jq|jv_dtoa_tsd.c|C|45|0|6
77|./src/_00/output/C/jqlang~jq/src/decNumber/decSingle.h|jqlang|jq|decSingle.h|C/C++ Header|44|31|11
78|./src/_00/output/C/jqlang~jq/src/opcode_list.h|jqlang|jq|opcode_list.h|C/C++ Header|43|0|8
79|./src/_00/output/C/jqlang~jq/src/util.h|jqlang|jq|util.h|C/C++ Header|43|13|10
80|./src/_00/output/C/jqlang~jq/src/decNumber/decimal128.h|jqlang|jq|decimal128.h|C/C++ Header|41|30|10
81|./src/_00/output/C/jqlang~jq/src/decNumber/decimal32.h|jqlang|jq|decimal32.h|C/C++ Header|41|30|10
82|./src/_00/output/C/jqlang~jq/src/decNumber/decimal64.h|jqlang|jq|decimal64.h|C/C++ Header|41|30|12
83|./src/_00/output/C/jqlang~jq/src/decNumber/example6.c|jqlang|jq|example6.c|C|41|9|11
84|./src/_00/output/C/jqlang~jq/.github/workflows/valgrind.yml|jqlang|jq|valgrind.yml|YAML|39|0|1
85|./src/_00/output/C/jqlang~jq/.github/workflows/website.yml|jqlang|jq|website.yml|YAML|39|0|1
86|./src/_00/output/C/jqlang~jq/src/decNumber/ICU-license.html|jqlang|jq|ICU-license.html|HTML|38|0|7
87|./src/_00/output/C/jqlang~jq/src/decNumber/decSingle.c|jqlang|jq|decSingle.c|C|38|26|7
88|./src/_00/output/C/jqlang~jq/src/jv_utf8_tables.h|jqlang|jq|jv_utf8_tables.h|C/C++ Header|37|0|0
89|./src/_00/output/C/jqlang~jq/tests/setup|jqlang|jq|setup|Bourne Shell|37|2|8
90|./src/_00/output/C/jqlang~jq/src/decNumber/example4.c|jqlang|jq|example4.c|C|36|14|11
91|./src/_00/output/C/jqlang~jq/src/decNumber/example2.c|jqlang|jq|example2.c|C|35|8|9
92|./src/_00/output/C/jqlang~jq/docs/public/js/manual-search.js|jqlang|jq|manual-search.js|JavaScript|34|0|0
93|./src/_00/output/C/jqlang~jq/.github/workflows/decnum.yml|jqlang|jq|decnum.yml|YAML|32|0|1
94|./src/_00/output/C/jqlang~jq/tests/jq_fuzz_execute.cpp|jqlang|jq|jq_fuzz_execute.cpp|C++|31|6|5
95|./src/_00/output/C/jqlang~jq/Dockerfile|jqlang|jq|Dockerfile|Dockerfile|30|0|5
96|./src/_00/output/C/jqlang~jq/scripts/crosscompile|jqlang|jq|crosscompile|Bourne Shell|27|7|9
97|./src/_00/output/C/jqlang~jq/tests/jq_fuzz_parse_extended.c|jqlang|jq|jq_fuzz_parse_extended.c|C|26|3|7
98|./src/_00/output/C/jqlang~jq/src/builtin.h|jqlang|jq|builtin.h|C/C++ Header|23|0|5
99|./src/_00/output/C/jqlang~jq/src/decNumber/decPacked.h|jqlang|jq|decPacked.h|C/C++ Header|23|23|6
100|./src/_00/output/C/jqlang~jq/src/decNumber/example5.c|jqlang|jq|example5.c|C|23|8|5
101|./src/_00/output/C/jqlang~jq/src/decNumber/example8.c|jqlang|jq|example8.c|C|23|9|7
102|./src/_00/output/C/jqlang~jq/src/locfile.h|jqlang|jq|locfile.h|C/C++ Header|23|0|6
103|./src/_00/output/C/jqlang~jq/src/decNumber/example1.c|jqlang|jq|example1.c|C|22|8|8
104|./src/_00/output/C/jqlang~jq/scripts/gen_utf8_tables.py|jqlang|jq|gen_utf8_tables.py|Python|21|1|9
105|./src/_00/output/C/jqlang~jq/.github/ISSUE_TEMPLATE/bug_report.md|jqlang|jq|bug_report.md|Markdown|20|0|10
106|./src/_00/output/C/jqlang~jq/tests/jq_fuzz_load_file.c|jqlang|jq|jq_fuzz_load_file.c|C|20|3|5
107|./src/_00/output/C/jqlang~jq/docs/README.md|jqlang|jq|README.md|Markdown|19|0|7
108|./src/_00/output/C/jqlang~jq/docs/build_mantests.py|jqlang|jq|build_mantests.py|Python|19|0|2
109|./src/_00/output/C/jqlang~jq/src/decNumber/example7.c|jqlang|jq|example7.c|C|19|8|8
110|./src/_00/output/C/jqlang~jq/tests/jq_fuzz_compile.c|jqlang|jq|jq_fuzz_compile.c|C|19|3|5
111|./src/_00/output/C/jqlang~jq/scripts/update-website|jqlang|jq|update-website|Bourne Again Shell|17|7|6
112|./src/_00/output/C/jqlang~jq/docs/validate_manual_schema.py|jqlang|jq|validate_manual_schema.py|Python|16|0|3
113|./src/_00/output/C/jqlang~jq/src/jv_dtoa.h|jqlang|jq|jv_dtoa.h|C/C++ Header|16|0|6
114|./src/_00/output/C/jqlang~jq/src/jv_alloc.h|jqlang|jq|jv_alloc.h|C/C++ Header|13|0|3
115|./src/_00/output/C/jqlang~jq/tests/jq_fuzz_parse.c|jqlang|jq|jq_fuzz_parse.c|C|13|3|5
116|./src/_00/output/C/jqlang~jq/tests/jq_fuzz_parse_stream.c|jqlang|jq|jq_fuzz_parse_stream.c|C|13|3|5
117|./src/_00/output/C/jqlang~jq/scripts/version|jqlang|jq|version|Bourne Shell|11|0|2
118|./src/_00/output/C/jqlang~jq/src/jv_unicode.h|jqlang|jq|jv_unicode.h|C/C++ Header|10|0|4
119|./src/_00/output/C/jqlang~jq/.github/dependabot.yml|jqlang|jq|dependabot.yml|YAML|9|0|0
120|./src/_00/output/C/jqlang~jq/config/m4/check-math-func.m4|jqlang|jq|check-math-func.m4|m4|8|1|0
121|./src/_00/output/C/jqlang~jq/src/jq_parser.h|jqlang|jq|jq_parser.h|C/C++ Header|7|0|2
122|./src/_00/output/C/jqlang~jq/tests/torture/input0.json|jqlang|jq|input0.json|JSON|7|0|0
123|./src/_00/output/C/jqlang~jq/tests/utf8test|jqlang|jq|utf8test|Bourne Shell|7|0|3
124|./src/_00/output/C/jqlang~jq/config/m4/find-func.m4|jqlang|jq|find-func.m4|m4|6|3|0
125|./src/_00/output/C/jqlang~jq/src/jv_private.h|jqlang|jq|jv_private.h|C/C++ Header|5|0|2
126|./src/_00/output/C/jqlang~jq/src/linker.h|jqlang|jq|linker.h|C/C++ Header|5|0|2
127|./src/_00/output/C/jqlang~jq/SECURITY.md|jqlang|jq|SECURITY.md|Markdown|4|0|3
128|./src/_00/output/C/jqlang~jq/src/jv_dtoa_tsd.h|jqlang|jq|jv_dtoa_tsd.h|C/C++ Header|4|0|0
129|./src/_00/output/C/jqlang~jq/tests/modules/data.json|jqlang|jq|data.json|JSON|4|0|0
130|./src/_00/output/C/jqlang~jq/tests/base64test|jqlang|jq|base64test|Bourne Shell|3|0|2
131|./src/_00/output/C/jqlang~jq/tests/jq-f-test.sh|jqlang|jq|jq-f-test.sh|Bourne Shell|3|1|0
132|./src/_00/output/C/jqlang~jq/tests/jqtest|jqlang|jq|jqtest|Bourne Shell|3|0|2
133|./src/_00/output/C/jqlang~jq/tests/manonigtest|jqlang|jq|manonigtest|Bourne Shell|3|0|2
134|./src/_00/output/C/jqlang~jq/tests/mantest|jqlang|jq|mantest|Bourne Shell|3|1|2
135|./src/_00/output/C/jqlang~jq/tests/onigtest|jqlang|jq|onigtest|Bourne Shell|3|0|2
136|./src/_00/output/C/jqlang~jq/tests/optionaltest|jqlang|jq|optionaltest|Bourne Shell|3|0|2
137|./src/_00/output/C/jqlang~jq/config/m4/find-func-no-libs.m4|jqlang|jq|find-func-no-libs.m4|m4|2|5|1
138|./src/_00/output/C/jqlang~jq/config/m4/misc.m4|jqlang|jq|misc.m4|m4|1|1|1
139|./src/_00/output/C/jqlang~jq/docs/public/icon.svg|jqlang|jq|icon.svg|SVG|1|0|0
140|./src/_00/output/C/jqlang~jq/docs/public/jq.svg|jqlang|jq|jq.svg|SVG|1|0|0
