Unnamed: 0|path|owner|project|file|language|code|comment|blank
0|./src/_00/output/C/libuv~libuv/test/test-fs.c|libuv|libuv|test-fs.c|C|3642|360|887
1|./src/_00/output/C/libuv~libuv/src/win/winapi.h|libuv|libuv|winapi.h|C/C++ Header|3600|41|1114
2|./src/_00/output/C/libuv~libuv/src/win/fs.c|libuv|libuv|fs.c|C|2544|290|595
3|./src/_00/output/C/libuv~libuv/src/win/pipe.c|libuv|libuv|pipe.c|C|1849|281|488
4|./src/_00/output/C/libuv~libuv/src/unix/linux.c|libuv|libuv|linux.c|C|1794|245|529
5|./src/_00/output/C/libuv~libuv/src/unix/fs.c|libuv|libuv|fs.c|C|1696|173|391
6|./src/_00/output/C/libuv~libuv/src/win/tty.c|libuv|libuv|tty.c|C|1696|293|411
7|./src/_00/output/C/libuv~libuv/test/test-spawn.c|libuv|libuv|test-spawn.c|C|1633|124|467
8|./src/_00/output/C/libuv~libuv/include/uv.h|libuv|libuv|uv.h|C/C++ Header|1446|331|241
9|./src/_00/output/C/libuv~libuv/src/unix/core.c|libuv|libuv|core.c|C|1329|145|431
10|./src/_00/output/C/libuv~libuv/test/test-tty-escape-sequence-processing.c|libuv|libuv|test-tty-escape-sequence-processing.c|C|1266|101|261
11|./src/_00/output/C/libuv~libuv/src/win/tcp.c|libuv|libuv|tcp.c|C|1214|153|267
12|./src/_00/output/C/libuv~libuv/src/win/util.c|libuv|libuv|util.c|C|1198|187|388
13|./src/_00/output/C/libuv~libuv/test/test-list.h|libuv|libuv|test-list.h|C/C++ Header|1150|29|87
14|./src/_00/output/C/libuv~libuv/src/unix/stream.c|libuv|libuv|stream.c|C|1042|200|320
15|./src/_00/output/C/libuv~libuv/src/unix/udp.c|libuv|libuv|udp.c|C|1005|138|221
16|./src/_00/output/C/libuv~libuv/src/win/process.c|libuv|libuv|process.c|C|948|281|211
17|./src/_00/output/C/libuv~libuv/test/test-fs-event.c|libuv|libuv|test-fs-event.c|C|907|103|236
18|./src/_00/output/C/libuv~libuv/src/unix/aix.c|libuv|libuv|aix.c|C|888|175|260
19|./src/_00/output/C/libuv~libuv/src/win/udp.c|libuv|libuv|udp.c|C|841|77|200
20|./src/_00/output/C/libuv~libuv/src/unix/process.c|libuv|libuv|process.c|C|792|177|197
21|./src/_00/output/C/libuv~libuv/src/uv-common.c|libuv|libuv|uv-common.c|C|734|57|242
22|./src/_00/output/C/libuv~libuv/CMakeLists.txt|libuv|libuv|CMakeLists.txt|CMake|725|15|57
23|./src/_00/output/C/libuv~libuv/src/unix/os390.c|libuv|libuv|os390.c|C|705|141|224
24|./src/_00/output/C/libuv~libuv/include/uv/tree.h|libuv|libuv|tree.h|C/C++ Header|667|62|39
25|./src/_00/output/C/libuv~libuv/src/unix/sunos.c|libuv|libuv|sunos.c|C|649|70|193
26|./src/_00/output/C/libuv~libuv/src/unix/fsevents.c|libuv|libuv|fsevents.c|C|622|116|167
27|./src/_00/output/C/libuv~libuv/src/unix/thread.c|libuv|libuv|thread.c|C|604|57|224
28|./src/_00/output/C/libuv~libuv/test/test-ipc.c|libuv|libuv|test-ipc.c|C|600|53|207
29|./src/_00/output/C/libuv~libuv/test/test-fork.c|libuv|libuv|test-fork.c|C|506|116|147
30|./src/_00/output/C/libuv~libuv/test/test-poll.c|libuv|libuv|test-poll.c|C|499|57|144
31|./src/_00/output/C/libuv~libuv/Makefile.am|libuv|libuv|Makefile.am|make|498|17|42
32|./src/_00/output/C/libuv~libuv/include/uv/win.h|libuv|libuv|win.h|C/C++ Header|460|35|71
33|./src/_00/output/C/libuv~libuv/src/win/fs-event.c|libuv|libuv|fs-event.c|C|435|58|103
34|./src/_00/output/C/libuv~libuv/src/unix/kqueue.c|libuv|libuv|kqueue.c|C|429|79|116
35|./src/_00/output/C/libuv~libuv/include/uv/unix.h|libuv|libuv|unix.h|C/C++ Header|428|26|46
36|./src/_00/output/C/libuv~libuv/src/unix/tcp.c|libuv|libuv|tcp.c|C|427|83|145
37|./src/_00/output/C/libuv~libuv/m4/ax_pthread.m4|libuv|libuv|ax_pthread.m4|m4|422|0|63
38|./src/_00/output/C/libuv~libuv/src/win/poll.c|libuv|libuv|poll.c|C|419|53|107
39|./src/_00/output/C/libuv~libuv/src/win/winsock.c|libuv|libuv|winsock.c|C|418|55|102
40|./src/_00/output/C/libuv~libuv/src/idna.c|libuv|libuv|idna.c|C|410|46|104
41|./src/_00/output/C/libuv~libuv/src/win/core.c|libuv|libuv|core.c|C|391|113|138
42|./src/_00/output/C/libuv~libuv/src/unix/os390-syscalls.c|libuv|libuv|os390-syscalls.c|C|387|48|101
43|./src/_00/output/C/libuv~libuv/include/uv/errno.h|libuv|libuv|errno.h|C/C++ Header|373|31|73
44|./src/_00/output/C/libuv~libuv/src/unix/pipe.c|libuv|libuv|pipe.c|C|363|48|118
45|./src/_00/output/C/libuv~libuv/src/unix/ibmi.c|libuv|libuv|ibmi.c|C|361|72|109
46|./src/_00/output/C/libuv~libuv/src/unix/signal.c|libuv|libuv|signal.c|C|346|91|138
47|./src/_00/output/C/libuv~libuv/src/unix/internal.h|libuv|libuv|internal.h|C/C++ Header|345|56|67
48|./src/_00/output/C/libuv~libuv/test/test-ref.c|libuv|libuv|test-ref.c|C|339|21|85
49|./src/_00/output/C/libuv~libuv/src/win/thread.c|libuv|libuv|thread.c|C|336|36|126
50|./src/_00/output/C/libuv~libuv/test/test-fs-readdir.c|libuv|libuv|test-fs-readdir.c|C|332|58|71
51|./src/_00/output/C/libuv~libuv/test/test-tty.c|libuv|libuv|test-tty.c|C|325|42|82
52|./src/_00/output/C/libuv~libuv/test/test-fs-open-flags.c|libuv|libuv|test-fs-open-flags.c|C|324|46|89
53|./src/_00/output/C/libuv~libuv/test/runner.c|libuv|libuv|runner.c|C|323|37|75
54|./src/_00/output/C/libuv~libuv/src/uv-common.h|libuv|libuv|uv-common.h|C/C++ Header|316|45|77
55|./src/_00/output/C/libuv~libuv/test/benchmark-multi-accept.c|libuv|libuv|benchmark-multi-accept.c|C|312|49|90
56|./src/_00/output/C/libuv~libuv/test/runner-unix.c|libuv|libuv|runner-unix.c|C|308|55|93
57|./src/_00/output/C/libuv~libuv/test/test-timer.c|libuv|libuv|test-timer.c|C|307|26|120
58|./src/_00/output/C/libuv~libuv/test/benchmark-pump.c|libuv|libuv|benchmark-pump.c|C|305|38|135
59|./src/_00/output/C/libuv~libuv/test/echo-server.c|libuv|libuv|echo-server.c|C|302|39|90
60|./src/_00/output/C/libuv~libuv/test/test-ipc-send-recv.c|libuv|libuv|test-ipc-send-recv.c|C|302|41|93
61|./src/_00/output/C/libuv~libuv/test/test-threadpool-cancel.c|libuv|libuv|test-threadpool-cancel.c|C|302|23|93
62|./src/_00/output/C/libuv~libuv/test/test-ping-pong.c|libuv|libuv|test-ping-pong.c|C|296|40|103
63|./src/_00/output/C/libuv~libuv/test/task.h|libuv|libuv|task.h|C/C++ Header|284|31|56
64|./src/_00/output/C/libuv~libuv/src/threadpool.c|libuv|libuv|threadpool.c|C|281|54|82
65|./src/_00/output/C/libuv~libuv/test/test-tcp-open.c|libuv|libuv|test-tcp-open.c|C|274|26|107
66|./src/_00/output/C/libuv~libuv/src/unix/tty.c|libuv|libuv|tty.c|C|268|124|80
67|./src/_00/output/C/libuv~libuv/test/test-metrics.c|libuv|libuv|test-metrics.c|C|262|36|95
68|./src/_00/output/C/libuv~libuv/src/win/process-stdio.c|libuv|libuv|process-stdio.c|C|261|70|75
69|./src/_00/output/C/libuv~libuv/test/test-signal.c|libuv|libuv|test-signal.c|C|249|27|52
70|./src/_00/output/C/libuv~libuv/test/run-tests.c|libuv|libuv|run-tests.c|C|248|25|53
71|./src/_00/output/C/libuv~libuv/test/test-getsockname.c|libuv|libuv|test-getsockname.c|C|245|26|91
72|./src/_00/output/C/libuv~libuv/src/unix/posix-poll.c|libuv|libuv|posix-poll.c|C|244|74|67
73|./src/_00/output/C/libuv~libuv/test/test-udp-open.c|libuv|libuv|test-udp-open.c|C|242|24|85
74|./src/_00/output/C/libuv~libuv/m4/libuv-check-flags.m4|libuv|libuv|libuv-check-flags.m4|m4|241|56|39
75|./src/_00/output/C/libuv~libuv/src/win/getaddrinfo.c|libuv|libuv|getaddrinfo.c|C|239|65|55
76|./src/_00/output/C/libuv~libuv/test/benchmark-pound.c|libuv|libuv|benchmark-pound.c|C|239|26|86
77|./src/_00/output/C/libuv~libuv/README.md|libuv|libuv|README.md|Markdown|233|0|112
78|./src/_00/output/C/libuv~libuv/test/runner-win.c|libuv|libuv|runner-win.c|C|232|30|73
79|./src/_00/output/C/libuv~libuv/src/inet.c|libuv|libuv|inet.c|C|229|42|27
80|./src/_00/output/C/libuv~libuv/test/test-tcp-close-reset.c|libuv|libuv|test-tcp-close-reset.c|C|226|24|89
81|./src/_00/output/C/libuv~libuv/test/test-tty-duplicate-key.c|libuv|libuv|test-tty-duplicate-key.c|C|225|41|46
82|./src/_00/output/C/libuv~libuv/docs/src/guide/utilities.rst|libuv|libuv|utilities.rst|reStructuredText|216|127|107
83|./src/_00/output/C/libuv~libuv/test/test-stdio-over-pipes.c|libuv|libuv|test-stdio-over-pipes.c|C|216|24|63
84|./src/_00/output/C/libuv~libuv/docs/make.bat|libuv|libuv|make.bat|DOS Batch|213|1|29
85|./src/_00/output/C/libuv~libuv/docs/src/guide/processes.rst|libuv|libuv|processes.rst|reStructuredText|211|113|100
86|./src/_00/output/C/libuv~libuv/test/test-tcp-bind-error.c|libuv|libuv|test-tcp-bind-error.c|C|208|27|82
87|./src/_00/output/C/libuv~libuv/test/test-pipe-getsockname.c|libuv|libuv|test-pipe-getsockname.c|C|207|25|55
88|./src/_00/output/C/libuv~libuv/test/test-thread.c|libuv|libuv|test-thread.c|C|206|27|63
89|./src/_00/output/C/libuv~libuv/src/unix/async.c|libuv|libuv|async.c|C|203|50|76
90|./src/_00/output/C/libuv~libuv/src/fs-poll.c|libuv|libuv|fs-poll.c|C|200|24|63
91|./src/_00/output/C/libuv~libuv/test/test-fs-poll.c|libuv|libuv|test-fs-poll.c|C|196|27|69
92|./src/_00/output/C/libuv~libuv/test/test-signal-multiple-loops.c|libuv|libuv|test-signal-multiple-loops.c|C|196|63|66
93|./src/_00/output/C/libuv~libuv/src/unix/freebsd.c|libuv|libuv|freebsd.c|C|194|27|64
94|./src/_00/output/C/libuv~libuv/docs/src/guide/threads.rst|libuv|libuv|threads.rst|reStructuredText|193|109|95
95|./src/_00/output/C/libuv~libuv/src/unix/getaddrinfo.c|libuv|libuv|getaddrinfo.c|C|184|28|39
96|./src/_00/output/C/libuv~libuv/src/win/stream.c|libuv|libuv|stream.c|C|184|20|48
97|./src/_00/output/C/libuv~libuv/test/test-udp-ipv6.c|libuv|libuv|test-udp-ipv6.c|C|180|23|56
98|./src/_00/output/C/libuv~libuv/test/test-loop-handles.c|libuv|libuv|test-loop-handles.c|C|175|77|87
99|./src/_00/output/C/libuv~libuv/src/unix/netbsd.c|libuv|libuv|netbsd.c|C|172|29|63
100|./src/_00/output/C/libuv~libuv/src/win/internal.h|libuv|libuv|internal.h|C/C++ Header|171|76|67
101|./src/_00/output/C/libuv~libuv/src/unix/openbsd.c|libuv|libuv|openbsd.c|C|170|19|56
102|./src/_00/output/C/libuv~libuv/test/benchmark-udp-pummel.c|libuv|libuv|benchmark-udp-pummel.c|C|170|23|50
103|./src/_00/output/C/libuv~libuv/test/test-platform-output.c|libuv|libuv|test-platform-output.c|C|166|20|23
104|./src/_00/output/C/libuv~libuv/test/test-idna.c|libuv|libuv|test-idna.c|C|162|35|23
105|./src/_00/output/C/libuv~libuv/docs/src/migration_010_100.rst|libuv|libuv|migration_010_100.rst|reStructuredText|161|7|76
106|./src/_00/output/C/libuv~libuv/src/heap-inl.h|libuv|libuv|heap-inl.h|C/C++ Header|160|48|37
107|./src/_00/output/C/libuv~libuv/src/win/signal.c|libuv|libuv|signal.c|C|160|48|75
108|./src/_00/output/C/libuv~libuv/src/unix/darwin.c|libuv|libuv|darwin.c|C|159|25|59
109|./src/_00/output/C/libuv~libuv/src/unix/loop.c|libuv|libuv|loop.c|C|155|25|48
110|./src/_00/output/C/libuv~libuv/test/test-fs-copyfile.c|libuv|libuv|test-fs-copyfile.c|C|154|40|34
111|./src/_00/output/C/libuv~libuv/test/test-poll-oob.c|libuv|libuv|test-poll-oob.c|C|154|26|28
112|./src/_00/output/C/libuv~libuv/img/logos.svg|libuv|libuv|logos.svg|SVG|150|1|1
113|./src/_00/output/C/libuv~libuv/docs/Makefile|libuv|libuv|Makefile|make|148|6|29
114|./src/_00/output/C/libuv~libuv/test/test-udp-multicast-join6.c|libuv|libuv|test-udp-multicast-join6.c|C|146|26|53
115|./src/_00/output/C/libuv~libuv/test/test-get-passwd.c|libuv|libuv|test-get-passwd.c|C|142|32|39
116|./src/_00/output/C/libuv~libuv/test/test-pipe-bind-error.c|libuv|libuv|test-pipe-bind-error.c|C|142|20|64
117|./src/_00/output/C/libuv~libuv/test/test-getaddrinfo.c|libuv|libuv|test-getaddrinfo.c|C|141|28|46
118|./src/_00/output/C/libuv~libuv/src/win/req-inl.h|libuv|libuv|req-inl.h|C/C++ Header|140|26|43
119|./src/_00/output/C/libuv~libuv/test/test-udp-send-unreachable.c|libuv|libuv|test-udp-send-unreachable.c|C|139|23|39
120|./src/_00/output/C/libuv~libuv/.github/workflows/CI-unix.yml|libuv|libuv|CI-unix.yml|YAML|138|2|8
121|./src/_00/output/C/libuv~libuv/test/test-tcp-create-socket-early.c|libuv|libuv|test-tcp-create-socket-early.c|C|137|23|53
122|./src/_00/output/C/libuv~libuv/test/test-udp-connect6.c|libuv|libuv|test-udp-connect6.c|C|137|23|39
123|./src/_00/output/C/libuv~libuv/test/benchmark-ping-pongs.c|libuv|libuv|benchmark-ping-pongs.c|C|136|27|58
124|./src/_00/output/C/libuv~libuv/test/test-udp-connect.c|libuv|libuv|test-udp-connect.c|C|135|23|38
125|./src/_00/output/C/libuv~libuv/src/unix/darwin-proctitle.c|libuv|libuv|darwin-proctitle.c|C|134|20|38
126|./src/_00/output/C/libuv~libuv/src/win/error.c|libuv|libuv|error.c|C|134|25|12
127|./src/_00/output/C/libuv~libuv/test/test-condvar.c|libuv|libuv|test-condvar.c|C|134|57|57
128|./src/_00/output/C/libuv~libuv/docs/code/uvwget/main.c|libuv|libuv|main.c|C|133|0|33
129|./src/_00/output/C/libuv~libuv/test/test-ip6-addr.c|libuv|libuv|test-ip6-addr.c|C|133|26|27
130|./src/_00/output/C/libuv~libuv/test/test-udp-send-and-recv.c|libuv|libuv|test-udp-send-and-recv.c|C|133|27|52
131|./src/_00/output/C/libuv~libuv/test/benchmark-list.h|libuv|libuv|benchmark-list.h|C/C++ Header|127|22|24
132|./src/_00/output/C/libuv~libuv/test/test-tcp-connect-timeout.c|libuv|libuv|test-tcp-connect-timeout.c|C|127|29|40
133|./src/_00/output/C/libuv~libuv/src/win/fs-fd-hash-inl.h|libuv|libuv|fs-fd-hash-inl.h|C/C++ Header|126|32|42
134|./src/_00/output/C/libuv~libuv/src/win/winsock.h|libuv|libuv|winsock.h|C/C++ Header|125|34|26
135|./src/_00/output/C/libuv~libuv/test/test-udp-alloc-cb-fail.c|libuv|libuv|test-udp-alloc-cb-fail.c|C|125|22|49
136|./src/_00/output/C/libuv~libuv/docs/src/guide/filesystem.rst|libuv|libuv|filesystem.rst|reStructuredText|124|141|84
137|./src/_00/output/C/libuv~libuv/test/test-callback-stack.c|libuv|libuv|test-callback-stack.c|C|122|31|56
138|./src/_00/output/C/libuv~libuv/docs/src/guide/networking.rst|libuv|libuv|networking.rst|reStructuredText|121|68|67
139|./src/_00/output/C/libuv~libuv/test/test-queue-foreach-delete.c|libuv|libuv|test-queue-foreach-delete.c|C|121|54|30
140|./src/_00/output/C/libuv~libuv/.github/workflows/CI-win.yml|libuv|libuv|CI-win.yml|YAML|118|2|10
141|./src/_00/output/C/libuv~libuv/src/timer.c|libuv|libuv|timer.c|C|118|23|47
142|./src/_00/output/C/libuv~libuv/test/test-pipe-connect-multiple.c|libuv|libuv|test-pipe-connect-multiple.c|C|116|21|41
143|./src/_00/output/C/libuv~libuv/CONTRIBUTING.md|libuv|libuv|CONTRIBUTING.md|Markdown|115|0|56
144|./src/_00/output/C/libuv~libuv/test/test-tcp-close-accept.c|libuv|libuv|test-tcp-close-accept.c|C|115|47|36
145|./src/_00/output/C/libuv~libuv/test/test-pipe-sendmsg.c|libuv|libuv|test-pipe-sendmsg.c|C|114|22|36
146|./src/_00/output/C/libuv~libuv/test/test-udp-multicast-join.c|libuv|libuv|test-udp-multicast-join.c|C|114|26|44
147|./src/_00/output/C/libuv~libuv/test/test-tcp-close-after-read-timeout.c|libuv|libuv|test-tcp-close-after-read-timeout.c|C|113|24|46
148|./src/_00/output/C/libuv~libuv/test/test-tcp-writealot.c|libuv|libuv|test-tcp-writealot.c|C|113|26|46
149|./src/_00/output/C/libuv~libuv/docs/src/guide/basics.rst|libuv|libuv|basics.rst|reStructuredText|112|72|52
150|./src/_00/output/C/libuv~libuv/test/test-shutdown-eof.c|libuv|libuv|test-shutdown-eof.c|C|111|37|40
151|./src/_00/output/C/libuv~libuv/src/win/handle-inl.h|libuv|libuv|handle-inl.h|C/C++ Header|110|20|33
152|./src/_00/output/C/libuv~libuv/test/test-delayed-accept.c|libuv|libuv|test-delayed-accept.c|C|110|27|52
153|./src/_00/output/C/libuv~libuv/test/test-thread-affinity.c|libuv|libuv|test-thread-affinity.c|C|110|21|23
154|./src/_00/output/C/libuv~libuv/src/unix/haiku.c|libuv|libuv|haiku.c|C|109|22|41
155|./src/_00/output/C/libuv~libuv/test/benchmark-ping-udp.c|libuv|libuv|benchmark-ping-udp.c|C|109|25|35
156|./src/_00/output/C/libuv~libuv/test/test-env-vars.c|libuv|libuv|test-env-vars.c|C|109|35|29
157|./src/_00/output/C/libuv~libuv/LINKS.md|libuv|libuv|LINKS.md|Markdown|107|0|2
158|./src/_00/output/C/libuv~libuv/src/unix/bsd-ifaddrs.c|libuv|libuv|bsd-ifaddrs.c|C|107|32|29
159|./src/_00/output/C/libuv~libuv/test/test-tcp-bind6-error.c|libuv|libuv|test-tcp-bind6-error.c|C|106|21|49
160|./src/_00/output/C/libuv~libuv/.github/workflows/sanitizer.yml|libuv|libuv|sanitizer.yml|YAML|105|3|15
161|./src/_00/output/C/libuv~libuv/test/test-ipc-heavy-traffic-deadlock-bug.c|libuv|libuv|test-ipc-heavy-traffic-deadlock-bug.c|C|105|21|33
162|./src/_00/output/C/libuv~libuv/test/benchmark-spawn.c|libuv|libuv|benchmark-spawn.c|C|103|21|40
163|./src/_00/output/C/libuv~libuv/test/test-mutexes.c|libuv|libuv|test-mutexes.c|C|101|38|43
164|./src/_00/output/C/libuv~libuv/src/unix/hurd.c|libuv|libuv|hurd.c|C|99|29|44
165|./src/_00/output/C/libuv~libuv/test/test-pipe-set-non-blocking.c|libuv|libuv|test-pipe-set-non-blocking.c|C|99|18|20
166|./src/_00/output/C/libuv~libuv/src/win/getnameinfo.c|libuv|libuv|getnameinfo.c|C|98|28|18
167|./src/_00/output/C/libuv~libuv/src/win/winapi.c|libuv|libuv|winapi.c|C|98|25|24
168|./src/_00/output/C/libuv~libuv/test/test-udp-options.c|libuv|libuv|test-udp-options.c|C|98|28|34
169|./src/_00/output/C/libuv~libuv/src/win/handle.c|libuv|libuv|handle.c|C|95|22|32
170|./src/_00/output/C/libuv~libuv/src/unix/proctitle.c|libuv|libuv|proctitle.c|C|94|24|39
171|./src/_00/output/C/libuv~libuv/test/test-barrier.c|libuv|libuv|test-barrier.c|C|94|24|42
172|./src/_00/output/C/libuv~libuv/test/test-udp-send-immediate.c|libuv|libuv|test-udp-send-immediate.c|C|93|22|33
173|./src/_00/output/C/libuv~libuv/src/unix/qnx.c|libuv|libuv|qnx.c|C|92|20|30
174|./src/_00/output/C/libuv~libuv/test/test-udp-mmsg.c|libuv|libuv|test-udp-mmsg.c|C|91|26|32
175|./src/_00/output/C/libuv~libuv/configure.ac|libuv|libuv|configure.ac|m4|90|0|2
176|./src/_00/output/C/libuv~libuv/docs/code/udp-dhcp/main.c|libuv|libuv|main.c|C|90|19|19
177|./src/_00/output/C/libuv~libuv/src/unix/poll.c|libuv|libuv|poll.c|C|89|34|31
178|./src/_00/output/C/libuv~libuv/test/test-tcp-write-queue-order.c|libuv|libuv|test-tcp-write-queue-order.c|C|89|20|30
179|./src/_00/output/C/libuv~libuv/docs/code/multi-echo-server/main.c|libuv|libuv|main.c|C|88|3|23
180|./src/_00/output/C/libuv~libuv/test/benchmark-async.c|libuv|libuv|benchmark-async.c|C|88|20|34
181|./src/_00/output/C/libuv~libuv/test/benchmark-tcp-write-batch.c|libuv|libuv|benchmark-tcp-write-batch.c|C|88|21|35
182|./src/_00/output/C/libuv~libuv/test/test-tcp-write-in-a-row.c|libuv|libuv|test-tcp-write-in-a-row.c|C|88|26|29
183|./src/_00/output/C/libuv~libuv/test/test-udp-create-socket-early.c|libuv|libuv|test-udp-create-socket-early.c|C|88|23|28
184|./src/_00/output/C/libuv~libuv/test/test-handle-fileno.c|libuv|libuv|test-handle-fileno.c|C|87|21|13
185|./src/_00/output/C/libuv~libuv/test/test-osx-select.c|libuv|libuv|test-osx-select.c|C|87|22|31
186|./src/_00/output/C/libuv~libuv/src/win/dl.c|libuv|libuv|dl.c|C|85|22|28
187|./src/_00/output/C/libuv~libuv/test/test-tcp-oob.c|libuv|libuv|test-tcp-oob.c|C|85|28|33
188|./src/_00/output/C/libuv~libuv/test/test-tcp-write-to-half-open-connection.c|libuv|libuv|test-tcp-write-to-half-open-connection.c|C|85|21|35
189|./src/_00/output/C/libuv~libuv/test/benchmark-fs-stat.c|libuv|libuv|benchmark-fs-stat.c|C|84|28|26
190|./src/_00/output/C/libuv~libuv/test/test-tcp-shutdown-after-write.c|libuv|libuv|test-tcp-shutdown-after-write.c|C|84|20|34
191|./src/_00/output/C/libuv~libuv/src/thread-common.c|libuv|libuv|thread-common.c|C|83|21|32
192|./src/_00/output/C/libuv~libuv/test/test-tcp-try-write.c|libuv|libuv|test-tcp-try-write.c|C|83|20|32
193|./src/_00/output/C/libuv~libuv/src/random.c|libuv|libuv|random.c|C|82|20|20
194|./src/_00/output/C/libuv~libuv/src/uv-data-getter-setters.c|libuv|libuv|uv-data-getter-setters.c|C|81|20|22
195|./src/_00/output/C/libuv~libuv/src/unix/getnameinfo.c|libuv|libuv|getnameinfo.c|C|79|25|16
196|./src/_00/output/C/libuv~libuv/test/test-shutdown-simultaneous.c|libuv|libuv|test-shutdown-simultaneous.c|C|79|31|25
197|./src/_00/output/C/libuv~libuv/test/test-timer-again.c|libuv|libuv|test-timer-again.c|C|79|31|35
198|./src/_00/output/C/libuv~libuv/docs/src/design.rst|libuv|libuv|design.rst|reStructuredText|78|17|43
199|./src/_00/output/C/libuv~libuv/test/benchmark-loop-count.c|libuv|libuv|benchmark-loop-count.c|C|78|23|33
200|./src/_00/output/C/libuv~libuv/test/test-fs-fd-hash.c|libuv|libuv|test-fs-fd-hash.c|C|78|29|26
201|./src/_00/output/C/libuv~libuv/docs/code/pipe-echo-server/main.c|libuv|libuv|main.c|C|77|1|16
202|./src/_00/output/C/libuv~libuv/test/test-connection-fail.c|libuv|libuv|test-connection-fail.c|C|77|42|42
203|./src/_00/output/C/libuv~libuv/test/test-pipe-connect-error.c|libuv|libuv|test-pipe-connect-error.c|C|76|20|32
204|./src/_00/output/C/libuv~libuv/test/test-getters-setters.c|libuv|libuv|test-getters-setters.c|C|75|20|20
205|./src/_00/output/C/libuv~libuv/test/test-tcp-close.c|libuv|libuv|test-tcp-close.c|C|75|25|36
206|./src/_00/output/C/libuv~libuv/test/test-tcp-read-stop-start.c|libuv|libuv|test-tcp-read-stop-start.c|C|75|23|38
207|./src/_00/output/C/libuv~libuv/docs/code/multi-echo-server/worker.c|libuv|libuv|worker.c|C|74|0|14
208|./src/_00/output/C/libuv~libuv/src/unix/os390-proctitle.c|libuv|libuv|os390-proctitle.c|C|73|28|35
209|./src/_00/output/C/libuv~libuv/test/test-idle.c|libuv|libuv|test-idle.c|C|73|20|32
210|./src/_00/output/C/libuv~libuv/test/test-process-title.c|libuv|libuv|test-process-title.c|C|73|31|31
211|./src/_00/output/C/libuv~libuv/test/test-tcp-alloc-cb-fail.c|libuv|libuv|test-tcp-alloc-cb-fail.c|C|73|21|29
212|./src/_00/output/C/libuv~libuv/test/test-tcp-connect6-error.c|libuv|libuv|test-tcp-connect6-error.c|C|72|31|26
213|./src/_00/output/C/libuv~libuv/docs/code/tcp-echo-server/main.c|libuv|libuv|main.c|C|71|1|15
214|./src/_00/output/C/libuv~libuv/test/test-udp-try-send.c|libuv|libuv|test-udp-try-send.c|C|71|20|30
215|./src/_00/output/C/libuv~libuv/test/blackhole-server.c|libuv|libuv|blackhole-server.c|C|70|20|32
216|./src/_00/output/C/libuv~libuv/test/test-async.c|libuv|libuv|test-async.c|C|70|33|31
217|./src/_00/output/C/libuv~libuv/test/test-readable-on-eof.c|libuv|libuv|test-readable-on-eof.c|C|70|20|20
218|./src/_00/output/C/libuv~libuv/test/benchmark-million-async.c|libuv|libuv|benchmark-million-async.c|C|69|20|24
219|./src/_00/output/C/libuv~libuv/test/test-getnameinfo.c|libuv|libuv|test-getnameinfo.c|C|69|23|24
220|./src/_00/output/C/libuv~libuv/test/test-udp-multicast-interface6.c|libuv|libuv|test-udp-multicast-interface6.c|C|69|23|26
221|./src/_00/output/C/libuv~libuv/test/test-udp-recv-in-a-row.c|libuv|libuv|test-udp-recv-in-a-row.c|C|69|31|21
222|./src/_00/output/C/libuv~libuv/test/test-tcp-unexpected-read.c|libuv|libuv|test-tcp-unexpected-read.c|C|68|24|25
223|./src/_00/output/C/libuv~libuv/test/test-watcher-cross-stop.c|libuv|libuv|test-watcher-cross-stop.c|C|68|23|21
224|./src/_00/output/C/libuv~libuv/test/test-poll-close-doesnt-corrupt-stack.c|libuv|libuv|test-poll-close-doesnt-corrupt-stack.c|C|67|20|27
225|./src/_00/output/C/libuv~libuv/test/test-tcp-write-fail.c|libuv|libuv|test-tcp-write-fail.c|C|67|21|27
226|./src/_00/output/C/libuv~libuv/docs/code/cgi/main.c|libuv|libuv|main.c|C|65|3|13
227|./src/_00/output/C/libuv~libuv/src/unix/darwin-stub.h|libuv|libuv|darwin-stub.h|C/C++ Header|65|20|12
228|./src/_00/output/C/libuv~libuv/test/test-signal-pending-on-close.c|libuv|libuv|test-signal-pending-on-close.c|C|65|22|29
229|./src/_00/output/C/libuv~libuv/test/test-thread-priority.c|libuv|libuv|test-thread-priority.c|C|65|24|16
230|./src/_00/output/C/libuv~libuv/docs/code/dns/main.c|libuv|libuv|main.c|C|64|0|16
231|./src/_00/output/C/libuv~libuv/test/benchmark-async-pummel.c|libuv|libuv|benchmark-async-pummel.c|C|64|23|33
232|./src/_00/output/C/libuv~libuv/test/test-emfile.c|libuv|libuv|test-emfile.c|C|64|36|21
233|./src/_00/output/C/libuv~libuv/test/test-not-readable-nor-writable-on-read-error.c|libuv|libuv|test-not-readable-nor-writable-on-read-error.c|C|64|20|20
234|./src/_00/output/C/libuv~libuv/test/test-semaphore.c|libuv|libuv|test-semaphore.c|C|64|20|27
235|./src/_00/output/C/libuv~libuv/test/test-embed.c|libuv|libuv|test-embed.c|C|63|21|15
236|./src/_00/output/C/libuv~libuv/test/test-get-currentexe.c|libuv|libuv|test-get-currentexe.c|C|63|29|17
237|./src/_00/output/C/libuv~libuv/test/test-pipe-close-stdout-read-stdin.c|libuv|libuv|test-pipe-close-stdout-read-stdin.c|C|63|39|20
238|./src/_00/output/C/libuv~libuv/test/test-tcp-try-write-error.c|libuv|libuv|test-tcp-try-write-error.c|C|63|20|26
239|./src/_00/output/C/libuv~libuv/test/runner.h|libuv|libuv|runner.h|C/C++ Header|62|69|41
240|./src/_00/output/C/libuv~libuv/test/test-multiple-listen.c|libuv|libuv|test-multiple-listen.c|C|62|20|27
241|./src/_00/output/C/libuv~libuv/docs/code/uvtee/main.c|libuv|libuv|main.c|C|61|2|16
242|./src/_00/output/C/libuv~libuv/src/queue.h|libuv|libuv|queue.h|C/C++ Header|61|14|15
243|./src/_00/output/C/libuv~libuv/test/test-process-title-threadsafe.c|libuv|libuv|test-process-title-threadsafe.c|C|61|24|23
244|./src/_00/output/C/libuv~libuv/test/test-tcp-rst.c|libuv|libuv|test-tcp-rst.c|C|61|26|23
245|./src/_00/output/C/libuv~libuv/test/test-close-fd.c|libuv|libuv|test-close-fd.c|C|60|21|8
246|./src/_00/output/C/libuv~libuv/test/test-shutdown-close.c|libuv|libuv|test-shutdown-close.c|C|60|24|24
247|./src/_00/output/C/libuv~libuv/test/test-strtok.c|libuv|libuv|test-strtok.c|C|60|20|10
248|./src/_00/output/C/libuv~libuv/docs/src/conf.py|libuv|libuv|conf.py|Python|59|198|91
249|./src/_00/output/C/libuv~libuv/test/test-pipe-set-fchmod.c|libuv|libuv|test-pipe-set-fchmod.c|C|57|22|13
250|./src/_00/output/C/libuv~libuv/test/test-udp-multicast-interface.c|libuv|libuv|test-udp-multicast-interface.c|C|57|23|24
251|./src/_00/output/C/libuv~libuv/test/test-tcp-close-while-connecting.c|libuv|libuv|test-tcp-close-while-connecting.c|C|55|24|18
252|./src/_00/output/C/libuv~libuv/test/test-eintr-handling.c|libuv|libuv|test-eintr-handling.c|C|53|20|23
253|./src/_00/output/C/libuv~libuv/test/test-tcp-connect-error-after-write.c|libuv|libuv|test-tcp-connect-error-after-write.c|C|53|25|20
254|./src/_00/output/C/libuv~libuv/autogen.sh|libuv|libuv|autogen.sh|Bourne Shell|52|14|9
255|./src/_00/output/C/libuv~libuv/src/unix/bsd-proctitle.c|libuv|libuv|bsd-proctitle.c|C|52|20|27
256|./src/_00/output/C/libuv~libuv/src/unix/random-sysctl-linux.c|libuv|libuv|random-sysctl-linux.c|C|52|31|16
257|./src/_00/output/C/libuv~libuv/test/test-poll-multiple-handles.c|libuv|libuv|test-poll-multiple-handles.c|C|52|29|19
258|./src/_00/output/C/libuv~libuv/test/test-udp-send-hang-loop.c|libuv|libuv|test-udp-send-hang-loop.c|C|52|24|23
259|./src/_00/output/C/libuv~libuv/test/test-udp-multicast-ttl.c|libuv|libuv|test-udp-multicast-ttl.c|C|51|22|21
260|./src/_00/output/C/libuv~libuv/SUPPORTED_PLATFORMS.md|libuv|libuv|SUPPORTED_PLATFORMS.md|Markdown|50|0|18
261|./src/_00/output/C/libuv~libuv/docs/code/signal/main.c|libuv|libuv|main.c|C|50|2|14
262|./src/_00/output/C/libuv~libuv/docs/code/uvcat/main.c|libuv|libuv|main.c|C|50|3|9
263|./src/_00/output/C/libuv~libuv/src/win/async.c|libuv|libuv|async.c|C|50|21|21
264|./src/_00/output/C/libuv~libuv/test/test-poll-closesocket.c|libuv|libuv|test-poll-closesocket.c|C|50|20|22
265|./src/_00/output/C/libuv~libuv/docs/code/queue-cancel/main.c|libuv|libuv|main.c|C|49|0|10
266|./src/_00/output/C/libuv~libuv/test/test-random.c|libuv|libuv|test-random.c|C|49|22|23
267|./src/_00/output/C/libuv~libuv/test/test-timer-from-check.c|libuv|libuv|test-timer-from-check.c|C|49|20|11
268|./src/_00/output/C/libuv~libuv/test/test-tmpdir.c|libuv|libuv|test-tmpdir.c|C|49|23|10
269|./src/_00/output/C/libuv~libuv/test/test-udp-bind.c|libuv|libuv|test-udp-bind.c|C|49|20|24
270|./src/_00/output/C/libuv~libuv/test/test-udp-dgram-too-big.c|libuv|libuv|test-udp-dgram-too-big.c|C|49|20|22
271|./src/_00/output/C/libuv~libuv/src/unix/random-devurandom.c|libuv|libuv|random-devurandom.c|C|48|25|20
272|./src/_00/output/C/libuv~libuv/test/benchmark-million-timers.c|libuv|libuv|benchmark-million-timers.c|C|48|20|18
273|./src/_00/output/C/libuv~libuv/test/test-loop-stop.c|libuv|libuv|test-loop-stop.c|C|48|20|15
274|./src/_00/output/C/libuv~libuv/test/test-pipe-server-close.c|libuv|libuv|test-pipe-server-close.c|C|48|23|23
275|./src/_00/output/C/libuv~libuv/docs/code/locks/main.c|libuv|libuv|main.c|C|47|0|10
276|./src/_00/output/C/libuv~libuv/src/unix/aix-common.c|libuv|libuv|aix-common.c|C|47|28|14
277|./src/_00/output/C/libuv~libuv/test/benchmark-getaddrinfo.c|libuv|libuv|benchmark-getaddrinfo.c|C|47|20|25
278|./src/_00/output/C/libuv~libuv/docs/src/guide/introduction.rst|libuv|libuv|introduction.rst|reStructuredText|46|9|18
279|./src/_00/output/C/libuv~libuv/src/loop-watcher.c|libuv|libuv|loop-watcher.c|C|45|20|3
280|./src/_00/output/C/libuv~libuv/test/test-async-multi.c|libuv|libuv|test-async-multi.c|C|45|21|20
281|./src/_00/output/C/libuv~libuv/docs/code/CMakeLists.txt|libuv|libuv|CMakeLists.txt|CMake|44|0|7
282|./src/_00/output/C/libuv~libuv/src/unix/os390-syscalls.h|libuv|libuv|os390-syscalls.h|C/C++ Header|43|22|10
283|./src/_00/output/C/libuv~libuv/test/test-close-order.c|libuv|libuv|test-close-order.c|C|43|21|16
284|./src/_00/output/C/libuv~libuv/test/test-pipe-connect-prepare.c|libuv|libuv|test-pipe-connect-prepare.c|C|43|21|19
285|./src/_00/output/C/libuv~libuv/MAINTAINERS.md|libuv|libuv|MAINTAINERS.md|Markdown|42|0|14
286|./src/_00/output/C/libuv~libuv/src/unix/dl.c|libuv|libuv|dl.c|C|42|21|17
287|./src/_00/output/C/libuv~libuv/test/test-error.c|libuv|libuv|test-error.c|C|42|29|11
288|./src/_00/output/C/libuv~libuv/test/test-shutdown-twice.c|libuv|libuv|test-shutdown-twice.c|C|42|24|19
289|./src/_00/output/C/libuv~libuv/test/test-tcp-read-stop.c|libuv|libuv|test-tcp-read-stop.c|C|42|20|14
290|./src/_00/output/C/libuv~libuv/tools/make_dist_html.py|libuv|libuv|make_dist_html.py|Python|42|67|13
291|./src/_00/output/C/libuv~libuv/src/unix/random-getrandom.c|libuv|libuv|random-getrandom.c|C|41|25|20
292|./src/_00/output/C/libuv~libuv/test/test-homedir.c|libuv|libuv|test-homedir.c|C|41|23|8
293|./src/_00/output/C/libuv~libuv/test/test-process-priority.c|libuv|libuv|test-process-priority.c|C|41|30|12
294|./src/_00/output/C/libuv~libuv/docs/code/tty-gravity/main.c|libuv|libuv|main.c|C|40|0|8
295|./src/_00/output/C/libuv~libuv/test/test-active.c|libuv|libuv|test-active.c|C|40|21|23
296|./src/_00/output/C/libuv~libuv/test/test-loop-close.c|libuv|libuv|test-loop-close.c|C|40|22|15
297|./src/_00/output/C/libuv~libuv/docs/src/signal.rst|libuv|libuv|signal.rst|reStructuredText|39|22|40
298|./src/_00/output/C/libuv~libuv/test/benchmark-queue-work.c|libuv|libuv|benchmark-queue-work.c|C|39|20|12
299|./src/_00/output/C/libuv~libuv/test/test-tcp-write-after-connect.c|libuv|libuv|test-tcp-write-after-connect.c|C|39|21|17
300|./src/_00/output/C/libuv~libuv/test/test-threadpool.c|libuv|libuv|test-threadpool.c|C|39|20|17
301|./src/_00/output/C/libuv~libuv/test/test-socket-buffer-size.c|libuv|libuv|test-socket-buffer-size.c|C|38|21|18
302|./src/_00/output/C/libuv~libuv/test/test-walk-handles.c|libuv|libuv|test-walk-handles.c|C|38|22|17
303|./src/_00/output/C/libuv~libuv/docs/code/proc-streams/main.c|libuv|libuv|main.c|C|37|1|11
304|./src/_00/output/C/libuv~libuv/docs/src/threading.rst|libuv|libuv|threading.rst|reStructuredText|37|136|79
305|./src/_00/output/C/libuv~libuv/include/uv/darwin.h|libuv|libuv|darwin.h|C/C++ Header|37|20|4
306|./src/_00/output/C/libuv~libuv/test/run-benchmarks.c|libuv|libuv|run-benchmarks.c|C|37|22|13
307|./src/_00/output/C/libuv~libuv/test/test-poll-close.c|libuv|libuv|test-poll-close.c|C|37|20|16
308|./src/_00/output/C/libuv~libuv/test/test-udp-sendmmsg-error.c|libuv|libuv|test-udp-sendmmsg-error.c|C|37|20|18
309|./src/_00/output/C/libuv~libuv/test/test-uname.c|libuv|libuv|test-uname.c|C|37|22|10
310|./src/_00/output/C/libuv~libuv/docs/code/queue-work/main.c|libuv|libuv|main.c|C|36|0|8
311|./src/_00/output/C/libuv~libuv/test/test-tcp-connect-error.c|libuv|libuv|test-tcp-connect-error.c|C|36|20|17
312|./src/_00/output/C/libuv~libuv/docs/code/progress/main.c|libuv|libuv|main.c|C|35|1|11
313|./src/_00/output/C/libuv~libuv/test/test-connect-unspecified.c|libuv|libuv|test-connect-unspecified.c|C|35|20|9
314|./src/_00/output/C/libuv~libuv/test/test-loop-time.c|libuv|libuv|test-loop-time.c|C|35|21|13
315|./src/_00/output/C/libuv~libuv/test/test-not-writable-after-shutdown.c|libuv|libuv|test-not-writable-after-shutdown.c|C|35|20|14
316|./src/_00/output/C/libuv~libuv/docs/code/onchange/main.c|libuv|libuv|main.c|C|33|2|9
317|./src/_00/output/C/libuv~libuv/test/test-dlerror.c|libuv|libuv|test-dlerror.c|C|33|23|9
318|./src/_00/output/C/libuv~libuv/test/test-loop-alive.c|libuv|libuv|test-loop-alive.c|C|32|22|14
319|./src/_00/output/C/libuv~libuv/tools/vswhere_usability_wrapper.cmd|libuv|libuv|vswhere_usability_wrapper.cmd|DOS Batch|31|0|2
320|./src/_00/output/C/libuv~libuv/docs/code/idle-compute/main.c|libuv|libuv|main.c|C|30|5|8
321|./src/_00/output/C/libuv~libuv/docs/code/plugin/main.c|libuv|libuv|main.c|C|30|0|9
322|./src/_00/output/C/libuv~libuv/docs/code/thread-create/main.c|libuv|libuv|main.c|C|30|0|5
323|./src/_00/output/C/libuv~libuv/docs/src/guide/eventloops.rst|libuv|libuv|eventloops.rst|reStructuredText|30|11|9
324|./src/_00/output/C/libuv~libuv/test/test-hrtime.c|libuv|libuv|test-hrtime.c|C|30|24|11
325|./src/_00/output/C/libuv~libuv/test/test-ip-name.c|libuv|libuv|test-ip-name.c|C|30|24|11
326|./src/_00/output/C/libuv~libuv/.github/workflows/CI-sample.yml|libuv|libuv|CI-sample.yml|YAML|29|1|2
327|./src/_00/output/C/libuv~libuv/docs/src/index.rst|libuv|libuv|index.rst|reStructuredText|29|14|19
328|./src/_00/output/C/libuv~libuv/test/test-async-null-cb.c|libuv|libuv|test-async-null-cb.c|C|29|26|9
329|./src/_00/output/C/libuv~libuv/test/test-gethostname.c|libuv|libuv|test-gethostname.c|C|29|23|6
330|./src/_00/output/C/libuv~libuv/docs/code/spawn/main.c|libuv|libuv|main.c|C|28|0|8
331|./src/_00/output/C/libuv~libuv/docs/src/handle.rst|libuv|libuv|handle.rst|reStructuredText|28|156|102
332|./src/_00/output/C/libuv~libuv/test/benchmark-thread.c|libuv|libuv|benchmark-thread.c|C|28|21|15
333|./src/_00/output/C/libuv~libuv/test/test-cwd-and-chdir.c|libuv|libuv|test-cwd-and-chdir.c|C|28|20|9
334|./src/_00/output/C/libuv~libuv/docs/src/migration_100_200.rst|libuv|libuv|migration_100_200.rst|reStructuredText|27|1|10
335|./src/_00/output/C/libuv~libuv/docs/src/poll.rst|libuv|libuv|poll.rst|reStructuredText|27|74|42
336|./src/_00/output/C/libuv~libuv/src/strtok.c|libuv|libuv|strtok.c|C|27|20|5
337|./src/_00/output/C/libuv~libuv/test/test-thread-equal.c|libuv|libuv|test-thread-equal.c|C|27|20|4
338|./src/_00/output/C/libuv~libuv/docs/code/interfaces/main.c|libuv|libuv|main.c|C|26|0|7
339|./src/_00/output/C/libuv~libuv/docs/src/sphinx-plugins/manpage.py|libuv|libuv|manpage.py|Python|26|7|12
340|./src/_00/output/C/libuv~libuv/src/unix/cygwin.c|libuv|libuv|cygwin.c|C|26|22|9
341|./src/_00/output/C/libuv~libuv/test/test-default-loop-close.c|libuv|libuv|test-default-loop-close.c|C|26|20|12
342|./src/_00/output/C/libuv~libuv/docs/code/tty/main.c|libuv|libuv|main.c|C|25|0|4
343|./src/_00/output/C/libuv~libuv/src/win/atomicops-inl.h|libuv|libuv|atomicops-inl.h|C/C++ Header|25|26|10
344|./src/_00/output/C/libuv~libuv/src/win/detect-wakeup.c|libuv|libuv|detect-wakeup.c|C|25|23|8
345|./src/_00/output/C/libuv~libuv/test/test-ip4-addr.c|libuv|libuv|test-ip4-addr.c|C|25|21|9
346|./src/_00/output/C/libuv~libuv/docs/code/detach/main.c|libuv|libuv|main.c|C|24|0|7
347|./src/_00/output/C/libuv~libuv/docs/code/uvstop/main.c|libuv|libuv|main.c|C|24|0|9
348|./src/_00/output/C/libuv~libuv/src/win/stream-inl.h|libuv|libuv|stream-inl.h|C/C++ Header|24|20|10
349|./src/_00/output/C/libuv~libuv/test/test-buf.c|libuv|libuv|test-buf.c|C|24|15|8
350|./src/_00/output/C/libuv~libuv/test/test-pipe-pending-instances.c|libuv|libuv|test-pipe-pending-instances.c|C|24|21|14
351|./src/_00/output/C/libuv~libuv/.github/workflows/CI-docs.yml|libuv|libuv|CI-docs.yml|YAML|23|0|2
352|./src/_00/output/C/libuv~libuv/docs/src/fs.rst|libuv|libuv|fs.rst|reStructuredText|23|469|250
353|./src/_00/output/C/libuv~libuv/src/unix/random-getentropy.c|libuv|libuv|random-getentropy.c|C|23|21|13
354|./src/_00/output/C/libuv~libuv/test/benchmark-sizes.c|libuv|libuv|benchmark-sizes.c|C|23|20|3
355|./src/_00/output/C/libuv~libuv/test/test-get-memory.c|libuv|libuv|test-get-memory.c|C|23|26|4
356|./src/_00/output/C/libuv~libuv/test/test-strscpy.c|libuv|libuv|test-strscpy.c|C|23|20|10
357|./src/_00/output/C/libuv~libuv/test/test-tcp-flags.c|libuv|libuv|test-tcp-flags.c|C|21|20|11
358|./src/_00/output/C/libuv~libuv/docs/code/ref-timer/main.c|libuv|libuv|main.c|C|20|1|8
359|./src/_00/output/C/libuv~libuv/m4/as_case.m4|libuv|libuv|as_case.m4|m4|20|0|1
360|./src/_00/output/C/libuv~libuv/test/test-loop-configure.c|libuv|libuv|test-loop-configure.c|C|20|14|4
361|./src/_00/output/C/libuv~libuv/docs/src/threadpool.rst|libuv|libuv|threadpool.rst|reStructuredText|19|23|25
362|./src/_00/output/C/libuv~libuv/docs/code/multi-echo-server/hammer.js|libuv|libuv|hammer.js|JavaScript|18|0|2
363|./src/_00/output/C/libuv~libuv/src/unix/no-proctitle.c|libuv|libuv|no-proctitle.c|C|18|20|7
364|./src/_00/output/C/libuv~libuv/test/test-run-nowait.c|libuv|libuv|test-run-nowait.c|C|18|20|8
365|./src/_00/output/C/libuv~libuv/test/test-run-once.c|libuv|libuv|test-run-once.c|C|18|20|10
366|./src/_00/output/C/libuv~libuv/docs/code/idle-basic/main.c|libuv|libuv|main.c|C|17|0|7
367|./src/_00/output/C/libuv~libuv/src/unix/procfs-exepath.c|libuv|libuv|procfs-exepath.c|C|17|20|8
368|./src/_00/output/C/libuv~libuv/src/version.c|libuv|libuv|version.c|C|17|20|8
369|./src/_00/output/C/libuv~libuv/test/test-test-macros.c|libuv|libuv|test-test-macros.c|C|17|20|5
370|./src/_00/output/C/libuv~libuv/SECURITY.md|libuv|libuv|SECURITY.md|Markdown|16|0|11
371|./src/_00/output/C/libuv~libuv/src/unix/no-fsevents.c|libuv|libuv|no-fsevents.c|C|16|20|6
372|./src/_00/output/C/libuv~libuv/src/unix/sysinfo-memory.c|libuv|libuv|sysinfo-memory.c|C|16|20|6
373|./src/_00/output/C/libuv~libuv/include/uv/sunos.h|libuv|libuv|sunos.h|C/C++ Header|15|24|5
374|./src/_00/output/C/libuv~libuv/cmake-toolchains/cross-mingw32.cmake|libuv|libuv|cross-mingw32.cmake|CMake|14|0|3
375|./src/_00/output/C/libuv~libuv/docs/src/guide/about.rst|libuv|libuv|about.rst|reStructuredText|14|3|5
376|./src/_00/output/C/libuv~libuv/docs/src/misc.rst|libuv|libuv|misc.rst|reStructuredText|13|581|292
377|./src/_00/output/C/libuv~libuv/test/test-gettimeofday.c|libuv|libuv|test-gettimeofday.c|C|13|21|5
378|./src/_00/output/C/libuv~libuv/.readthedocs.yaml|libuv|libuv|.readthedocs.yaml|YAML|12|0|3
379|./src/_00/output/C/libuv~libuv/docs/code/cgi/tick.c|libuv|libuv|tick.c|C|12|0|1
380|./src/_00/output/C/libuv~libuv/docs/code/helloworld/main.c|libuv|libuv|main.c|C|12|0|3
381|./src/_00/output/C/libuv~libuv/docs/src/fs_event.rst|libuv|libuv|fs_event.rst|reStructuredText|12|80|44
382|./src/_00/output/C/libuv~libuv/docs/src/fs_poll.rst|libuv|libuv|fs_poll.rst|reStructuredText|12|35|30
383|./src/_00/output/C/libuv~libuv/include/uv/linux.h|libuv|libuv|linux.h|C/C++ Header|12|20|2
384|./src/_00/output/C/libuv~libuv/src/strscpy.c|libuv|libuv|strscpy.c|C|12|20|6
385|./src/_00/output/C/libuv~libuv/test/runner-unix.h|libuv|libuv|runner-unix.h|C/C++ Header|12|20|4
386|./src/_00/output/C/libuv~libuv/test/runner-win.h|libuv|libuv|runner-win.h|C/C++ Header|12|21|5
387|./src/_00/output/C/libuv~libuv/docs/src/async.rst|libuv|libuv|async.rst|reStructuredText|11|28|26
388|./src/_00/output/C/libuv~libuv/docs/src/check.rst|libuv|libuv|check.rst|reStructuredText|11|18|25
389|./src/_00/output/C/libuv~libuv/docs/src/dll.rst|libuv|libuv|dll.rst|reStructuredText|11|13|20
390|./src/_00/output/C/libuv~libuv/docs/src/errors.rst|libuv|libuv|errors.rst|reStructuredText|11|191|186
391|./src/_00/output/C/libuv~libuv/docs/src/idle.rst|libuv|libuv|idle.rst|reStructuredText|11|24|27
392|./src/_00/output/C/libuv~libuv/docs/src/loop.rst|libuv|libuv|loop.rst|reStructuredText|11|153|84
393|./src/_00/output/C/libuv~libuv/docs/src/pipe.rst|libuv|libuv|pipe.rst|reStructuredText|11|102|69
394|./src/_00/output/C/libuv~libuv/docs/src/prepare.rst|libuv|libuv|prepare.rst|reStructuredText|11|18|25
395|./src/_00/output/C/libuv~libuv/docs/src/request.rst|libuv|libuv|request.rst|reStructuredText|11|69|51
396|./src/_00/output/C/libuv~libuv/docs/src/stream.rst|libuv|libuv|stream.rst|reStructuredText|11|159|93
397|./src/_00/output/C/libuv~libuv/docs/src/tcp.rst|libuv|libuv|tcp.rst|reStructuredText|11|81|54
398|./src/_00/output/C/libuv~libuv/docs/src/tty.rst|libuv|libuv|tty.rst|reStructuredText|11|78|51
399|./src/_00/output/C/libuv~libuv/docs/src/version.rst|libuv|libuv|version.rst|reStructuredText|11|24|25
400|./src/_00/output/C/libuv~libuv/include/uv/bsd.h|libuv|libuv|bsd.h|C/C++ Header|11|20|3
401|./src/_00/output/C/libuv~libuv/include/uv/version.h|libuv|libuv|version.h|C/C++ Header|11|27|5
402|./src/_00/output/C/libuv~libuv/src/unix/posix-hrtime.c|libuv|libuv|posix-hrtime.c|C|11|20|5
403|./src/_00/output/C/libuv~libuv/src/unix/sysinfo-loadavg.c|libuv|libuv|sysinfo-loadavg.c|C|11|20|5
404|./src/_00/output/C/libuv~libuv/.github/ISSUE_TEMPLATE.md|libuv|libuv|ISSUE_TEMPLATE.md|Markdown|10|0|3
405|./src/_00/output/C/libuv~libuv/docs/src/metrics.rst|libuv|libuv|metrics.rst|reStructuredText|10|34|27
406|./src/_00/output/C/libuv~libuv/docs/src/process.rst|libuv|libuv|process.rst|reStructuredText|10|218|82
407|./src/_00/output/C/libuv~libuv/docs/src/timer.rst|libuv|libuv|timer.rst|reStructuredText|10|42|36
408|./src/_00/output/C/libuv~libuv/include/uv/aix.h|libuv|libuv|aix.h|C/C++ Header|10|20|2
409|./src/_00/output/C/libuv~libuv/include/uv/os390.h|libuv|libuv|os390.h|C/C++ Header|10|20|3
410|./src/_00/output/C/libuv~libuv/test/test-get-loadavg.c|libuv|libuv|test-get-loadavg.c|C|10|20|5
411|./src/_00/output/C/libuv~libuv/docs/code/default-loop/main.c|libuv|libuv|main.c|C|9|0|3
412|./src/_00/output/C/libuv~libuv/docs/src/dns.rst|libuv|libuv|dns.rst|reStructuredText|9|50|44
413|./src/_00/output/C/libuv~libuv/docs/src/udp.rst|libuv|libuv|udp.rst|reStructuredText|9|284|157
414|./src/_00/output/C/libuv~libuv/include/uv/posix.h|libuv|libuv|posix.h|C/C++ Header|9|20|2
415|./src/_00/output/C/libuv~libuv/include/uv/threadpool.h|libuv|libuv|threadpool.h|C/C++ Header|9|24|4
416|./src/_00/output/C/libuv~libuv/docs/src/static/diagrams.key/Metadata/BuildVersionHistory.plist|libuv|libuv|BuildVersionHistory.plist|XML|8|0|0
417|./src/_00/output/C/libuv~libuv/uv_win_longpath.manifest|libuv|libuv|uv_win_longpath.manifest|XML|8|0|0
418|./src/_00/output/C/libuv~libuv/docs/code/proc-streams/test.c|libuv|libuv|test.c|C|7|0|1
419|./src/_00/output/C/libuv~libuv/m4/libuv-check-versions.m4|libuv|libuv|libuv-check-versions.m4|m4|5|0|2
420|./src/_00/output/C/libuv~libuv/src/idna.h|libuv|libuv|idna.h|C/C++ Header|5|22|4
421|./src/_00/output/C/libuv~libuv/src/strscpy.h|libuv|libuv|strscpy.h|C/C++ Header|5|30|4
422|./src/_00/output/C/libuv~libuv/test/test-fail-always.c|libuv|libuv|test-fail-always.c|C|5|21|3
423|./src/_00/output/C/libuv~libuv/docs/code/plugin/hello.c|libuv|libuv|hello.c|C|4|0|1
424|./src/_00/output/C/libuv~libuv/docs/code/plugin/plugin.h|libuv|libuv|plugin.h|C/C++ Header|4|1|2
425|./src/_00/output/C/libuv~libuv/src/strtok.h|libuv|libuv|strtok.h|C/C++ Header|4|20|3
426|./src/_00/output/C/libuv~libuv/test/test-pass-always.c|libuv|libuv|test-pass-always.c|C|4|21|3
427|./src/_00/output/C/libuv~libuv/docs/src/upgrading.rst|libuv|libuv|upgrading.rst|reStructuredText|3|5|4
428|./src/_00/output/C/libuv~libuv/docs/src/api.rst|libuv|libuv|api.rst|reStructuredText|2|30|4
429|./src/_00/output/C/libuv~libuv/docs/src/guide.rst|libuv|libuv|guide.rst|reStructuredText|2|16|4
