Unnamed: 0|path|owner|project|file|language|code|comment|blank
0|./src/_00/output/C/pjreddie~darknet/src/stb_image.h|pjreddie|darknet|stb_image.h|C/C++ Header|5470|1154|838
1|./src/_00/output/C/pjreddie~darknet/src/data.c|pjreddie|darknet|data.c|C|1402|72|211
2|./src/_00/output/C/pjreddie~darknet/src/image.c|pjreddie|darknet|image.c|C|1296|35|135
3|./src/_00/output/C/pjreddie~darknet/src/parser.c|pjreddie|darknet|parser.c|C|1174|12|126
4|./src/_00/output/C/pjreddie~darknet/examples/go.c|pjreddie|darknet|go.c|C|1130|138|102
5|./src/_00/output/C/pjreddie~darknet/src/stb_image_write.h|pjreddie|darknet|stb_image_write.h|C/C++ Header|1127|254|187
6|./src/_00/output/C/pjreddie~darknet/src/network.c|pjreddie|darknet|network.c|C|954|88|87
7|./src/_00/output/C/pjreddie~darknet/examples/classifier.c|pjreddie|darknet|classifier.c|C|880|32|186
8|./src/_00/output/C/pjreddie~darknet/src/blas_kernels.cu|pjreddie|darknet|blas_kernels.cu|CUDA|826|55|154
9|./src/_00/output/C/pjreddie~darknet/include/darknet.h|pjreddie|darknet|darknet.h|C/C++ Header|694|0|111
10|./src/_00/output/C/pjreddie~darknet/src/utils.c|pjreddie|darknet|utils.c|C|626|22|78
11|./src/_00/output/C/pjreddie~darknet/examples/detector.c|pjreddie|darknet|detector.c|C|573|176|101
12|./src/_00/output/C/pjreddie~darknet/examples/lsd.c|pjreddie|darknet|lsd.c|C|548|615|215
13|./src/_00/output/C/pjreddie~darknet/src/lstm_layer.c|pjreddie|darknet|lstm_layer.c|C|508|0|118
14|./src/_00/output/C/pjreddie~darknet/src/convolutional_layer.c|pjreddie|darknet|convolutional_layer.c|C|503|36|83
15|./src/_00/output/C/pjreddie~darknet/examples/darknet.c|pjreddie|darknet|darknet.c|C|470|8|25
16|./src/_00/output/C/pjreddie~darknet/examples/rnn.c|pjreddie|darknet|rnn.c|C|463|20|59
17|./src/_00/output/C/pjreddie~darknet/src/region_layer.c|pjreddie|darknet|region_layer.c|C|456|10|41
18|./src/_00/output/C/pjreddie~darknet/examples/attention.c|pjreddie|darknet|attention.c|C|387|18|54
19|./src/_00/output/C/pjreddie~darknet/src/yolo_layer.c|pjreddie|darknet|yolo_layer.c|C|337|0|37
20|./src/_00/output/C/pjreddie~darknet/src/box.c|pjreddie|darknet|box.c|C|321|0|36
21|./src/_00/output/C/pjreddie~darknet/src/gru_layer.c|pjreddie|darknet|gru_layer.c|C|320|0|86
22|./src/_00/output/C/pjreddie~darknet/src/blas.c|pjreddie|darknet|blas.c|C|317|0|34
23|./src/_00/output/C/pjreddie~darknet/src/compare.c|pjreddie|darknet|compare.c|C|305|11|36
24|./src/_00/output/C/pjreddie~darknet/examples/coco.c|pjreddie|darknet|coco.c|C|296|14|47
25|./src/_00/output/C/pjreddie~darknet/src/convolutional_kernels.cu|pjreddie|darknet|convolutional_kernels.cu|CUDA|285|3|42
26|./src/_00/output/C/pjreddie~darknet/examples/yolo.c|pjreddie|darknet|yolo.c|C|282|4|41
27|./src/_00/output/C/pjreddie~darknet/src/connected_layer.c|pjreddie|darknet|connected_layer.c|C|279|7|50
28|./src/_00/output/C/pjreddie~darknet/src/gemm.c|pjreddie|darknet|gemm.c|C|262|28|34
29|./src/_00/output/C/pjreddie~darknet/src/batchnorm_layer.c|pjreddie|darknet|batchnorm_layer.c|C|245|0|34
30|./src/_00/output/C/pjreddie~darknet/src/deconvolutional_layer.c|pjreddie|darknet|deconvolutional_layer.c|C|245|4|63
31|./src/_00/output/C/pjreddie~darknet/src/rnn_layer.c|pjreddie|darknet|rnn_layer.c|C|238|8|46
32|./src/_00/output/C/pjreddie~darknet/src/detection_layer.c|pjreddie|darknet|detection_layer.c|C|236|6|33
33|./src/_00/output/C/pjreddie~darknet/src/local_layer.c|pjreddie|darknet|local_layer.c|C|236|1|56
34|./src/_00/output/C/pjreddie~darknet/src/crnn_layer.c|pjreddie|darknet|crnn_layer.c|C|229|8|46
35|./src/_00/output/C/pjreddie~darknet/examples/instance-segmenter.c|pjreddie|darknet|instance-segmenter.c|C|228|0|39
36|./src/_00/output/C/pjreddie~darknet/examples/nightmare.c|pjreddie|darknet|nightmare.c|C|219|135|60
37|./src/_00/output/C/pjreddie~darknet/examples/segmenter.c|pjreddie|darknet|segmenter.c|C|218|0|37
38|./src/_00/output/C/pjreddie~darknet/examples/cifar.c|pjreddie|darknet|cifar.c|C|209|0|42
39|./src/_00/output/C/pjreddie~darknet/examples/regressor.c|pjreddie|darknet|regressor.c|C|204|0|36
40|./src/_00/output/C/pjreddie~darknet/src/demo.c|pjreddie|darknet|demo.c|C|203|103|43
41|./src/_00/output/C/pjreddie~darknet/src/activation_kernels.cu|pjreddie|darknet|activation_kernels.cu|CUDA|191|0|15
42|./src/_00/output/C/pjreddie~darknet/src/iseg_layer.c|pjreddie|darknet|iseg_layer.c|C|187|7|31
43|./src/_00/output/C/pjreddie~darknet/src/matrix.c|pjreddie|darknet|matrix.c|C|178|0|18
44|./src/_00/output/C/pjreddie~darknet/src/crop_layer_kernels.cu|pjreddie|darknet|crop_layer_kernels.cu|CUDA|176|16|33
45|./src/_00/output/C/pjreddie~darknet/examples/rnn_vid.c|pjreddie|darknet|rnn_vid.c|C|172|4|32
46|./src/_00/output/C/pjreddie~darknet/examples/captcha.c|pjreddie|darknet|captcha.c|C|161|176|16
47|./src/_00/output/C/pjreddie~darknet/src/cuda.c|pjreddie|darknet|cuda.c|C|157|4|17
48|./src/_00/output/C/pjreddie~darknet/src/reorg_layer.c|pjreddie|darknet|reorg_layer.c|C|156|0|17
49|./src/_00/output/C/pjreddie~darknet/src/cost_layer.c|pjreddie|darknet|cost_layer.c|C|155|0|21
50|./src/_00/output/C/pjreddie~darknet/src/activations.c|pjreddie|darknet|activations.c|C|142|0|8
51|./src/_00/output/C/pjreddie~darknet/examples/voxel.c|pjreddie|darknet|voxel.c|C|139|5|17
52|./src/_00/output/C/pjreddie~darknet/src/normalization_layer.c|pjreddie|darknet|normalization_layer.c|C|131|3|17
53|./src/_00/output/C/pjreddie~darknet/src/option_list.c|pjreddie|darknet|option_list.c|C|129|0|11
54|./src/_00/output/C/pjreddie~darknet/src/tree.c|pjreddie|darknet|tree.c|C|128|1|10
55|./src/_00/output/C/pjreddie~darknet/examples/tag.c|pjreddie|darknet|tag.c|C|125|0|15
56|./src/_00/output/C/pjreddie~darknet/src/route_layer.c|pjreddie|darknet|route_layer.c|C|123|0|11
57|./src/_00/output/C/pjreddie~darknet/src/image_opencv.cpp|pjreddie|darknet|image_opencv.cpp|C++|118|1|16
58|./src/_00/output/C/pjreddie~darknet/python/darknet.py|pjreddie|darknet|darknet.py|Python|116|6|34
59|./src/_00/output/C/pjreddie~darknet/src/maxpool_layer.c|pjreddie|darknet|maxpool_layer.c|C|115|0|12
60|./src/_00/output/C/pjreddie~darknet/examples/writing.c|pjreddie|darknet|writing.c|C|114|14|16
61|./src/_00/output/C/pjreddie~darknet/src/deconvolutional_kernels.cu|pjreddie|darknet|deconvolutional_kernels.cu|CUDA|113|2|24
62|./src/_00/output/C/pjreddie~darknet/examples/dice.c|pjreddie|darknet|dice.c|C|105|0|11
63|./src/_00/output/C/pjreddie~darknet/examples/super.c|pjreddie|darknet|super.c|C|100|5|15
64|./src/_00/output/C/pjreddie~darknet/src/upsample_layer.c|pjreddie|darknet|upsample_layer.c|C|95|0|11
65|./src/_00/output/C/pjreddie~darknet/src/layer.c|pjreddie|darknet|layer.c|C|93|0|4
66|./src/_00/output/C/pjreddie~darknet/src/crop_layer.c|pjreddie|darknet|crop_layer.c|C|92|0|11
67|./src/_00/output/C/pjreddie~darknet/src/maxpool_layer_kernels.cu|pjreddie|darknet|maxpool_layer_kernels.cu|CUDA|89|0|17
68|./src/_00/output/C/pjreddie~darknet/src/softmax_layer.c|pjreddie|darknet|softmax_layer.c|C|86|9|12
69|./src/_00/output/C/pjreddie~darknet/src/blas.h|pjreddie|darknet|blas.h|C/C++ Header|85|0|20
70|./src/_00/output/C/pjreddie~darknet/src/activations.h|pjreddie|darknet|activations.h|C/C++ Header|80|0|7
71|./src/_00/output/C/pjreddie~darknet/README.md|pjreddie|darknet|README.md|Markdown|78|0|46
72|./src/_00/output/C/pjreddie~darknet/Makefile|pjreddie|darknet|Makefile|make|77|4|24
73|./src/_00/output/C/pjreddie~darknet/src/shortcut_layer.c|pjreddie|darknet|shortcut_layer.c|C|76|0|14
74|./src/_00/output/C/pjreddie~darknet/examples/swag.c|pjreddie|darknet|swag.c|C|70|2|11
75|./src/_00/output/C/pjreddie~darknet/src/list.c|pjreddie|darknet|list.c|C|69|13|10
76|./src/_00/output/C/pjreddie~darknet/src/avgpool_layer.c|pjreddie|darknet|avgpool_layer.c|C|64|0|7
77|./src/_00/output/C/pjreddie~darknet/src/logistic_layer.c|pjreddie|darknet|logistic_layer.c|C|61|0|10
78|./src/_00/output/C/pjreddie~darknet/src/image.h|pjreddie|darknet|image.h|C/C++ Header|56|0|13
79|./src/_00/output/C/pjreddie~darknet/src/dropout_layer.c|pjreddie|darknet|dropout_layer.c|C|54|0|6
80|./src/_00/output/C/pjreddie~darknet/src/activation_layer.c|pjreddie|darknet|activation_layer.c|C|52|0|11
81|./src/_00/output/C/pjreddie~darknet/src/l2norm_layer.c|pjreddie|darknet|l2norm_layer.c|C|52|1|10
82|./src/_00/output/C/pjreddie~darknet/scripts/voc_label.py|pjreddie|darknet|voc_label.py|Python|49|0|10
83|./src/_00/output/C/pjreddie~darknet/src/avgpool_layer_kernels.cu|pjreddie|darknet|avgpool_layer_kernels.cu|CUDA|49|0|12
84|./src/_00/output/C/pjreddie~darknet/src/im2col_kernels.cu|pjreddie|darknet|im2col_kernels.cu|CUDA|49|5|7
85|./src/_00/output/C/pjreddie~darknet/src/utils.h|pjreddie|darknet|utils.h|C/C++ Header|48|0|5
86|./src/_00/output/C/pjreddie~darknet/src/col2im_kernels.cu|pjreddie|darknet|col2im_kernels.cu|CUDA|47|6|5
87|./src/_00/output/C/pjreddie~darknet/examples/art.c|pjreddie|darknet|art.c|C|46|0|13
88|./src/_00/output/C/pjreddie~darknet/src/data.h|pjreddie|darknet|data.h|C/C++ Header|42|0|8
89|./src/_00/output/C/pjreddie~darknet/examples/detector-scipy-opencv.py|pjreddie|darknet|detector-scipy-opencv.py|Python|40|7|9
90|./src/_00/output/C/pjreddie~darknet/src/convolutional_layer.h|pjreddie|darknet|convolutional_layer.h|C/C++ Header|38|0|12
91|./src/_00/output/C/pjreddie~darknet/src/col2im.c|pjreddie|darknet|col2im.c|C|35|1|3
92|./src/_00/output/C/pjreddie~darknet/python/proverbot.py|pjreddie|darknet|proverbot.py|Python|34|0|3
93|./src/_00/output/C/pjreddie~darknet/src/im2col.c|pjreddie|darknet|im2col.c|C|34|2|4
94|./src/_00/output/C/pjreddie~darknet/src/gemm.h|pjreddie|darknet|gemm.h|C/C++ Header|29|0|5
95|./src/_00/output/C/pjreddie~darknet/src/dropout_layer_kernels.cu|pjreddie|darknet|dropout_layer_kernels.cu|CUDA|28|7|6
96|./src/_00/output/C/pjreddie~darknet/src/local_layer.h|pjreddie|darknet|local_layer.h|C/C++ Header|22|0|9
97|./src/_00/output/C/pjreddie~darknet/src/deconvolutional_layer.h|pjreddie|darknet|deconvolutional_layer.h|C/C++ Header|20|0|5
98|./src/_00/output/C/pjreddie~darknet/data/labels/make_labels.py|pjreddie|darknet|make_labels.py|Python|19|0|4
99|./src/_00/output/C/pjreddie~darknet/src/network.h|pjreddie|darknet|network.h|C/C++ Header|19|1|9
100|./src/_00/output/C/pjreddie~darknet/scripts/get_coco_dataset.sh|pjreddie|darknet|get_coco_dataset.sh|Bourne Shell|18|5|8
101|./src/_00/output/C/pjreddie~darknet/src/rnn_layer.h|pjreddie|darknet|rnn_layer.h|C/C++ Header|18|0|7
102|./src/_00/output/C/pjreddie~darknet/examples/detector.py|pjreddie|darknet|detector.py|Python|17|5|5
103|./src/_00/output/C/pjreddie~darknet/src/avgpool_layer.h|pjreddie|darknet|avgpool_layer.h|C/C++ Header|17|0|6
104|./src/_00/output/C/pjreddie~darknet/src/connected_layer.h|pjreddie|darknet|connected_layer.h|C/C++ Header|17|0|6
105|./src/_00/output/C/pjreddie~darknet/src/crnn_layer.h|pjreddie|darknet|crnn_layer.h|C/C++ Header|17|0|7
106|./src/_00/output/C/pjreddie~darknet/src/gru_layer.h|pjreddie|darknet|gru_layer.h|C/C++ Header|17|0|7
107|./src/_00/output/C/pjreddie~darknet/src/maxpool_layer.h|pjreddie|darknet|maxpool_layer.h|C/C++ Header|17|0|6
108|./src/_00/output/C/pjreddie~darknet/src/cost_layer.h|pjreddie|darknet|cost_layer.h|C/C++ Header|16|0|4
109|./src/_00/output/C/pjreddie~darknet/scripts/dice_label.sh|pjreddie|darknet|dice_label.sh|Bourne Shell|15|0|5
110|./src/_00/output/C/pjreddie~darknet/src/batchnorm_layer.h|pjreddie|darknet|batchnorm_layer.h|C/C++ Header|15|0|4
111|./src/_00/output/C/pjreddie~darknet/src/cuda.h|pjreddie|darknet|cuda.h|C/C++ Header|15|0|5
112|./src/_00/output/C/pjreddie~darknet/src/iseg_layer.h|pjreddie|darknet|iseg_layer.h|C/C++ Header|15|0|4
113|./src/_00/output/C/pjreddie~darknet/src/lstm_layer.h|pjreddie|darknet|lstm_layer.h|C/C++ Header|15|0|5
114|./src/_00/output/C/pjreddie~darknet/src/normalization_layer.h|pjreddie|darknet|normalization_layer.h|C/C++ Header|15|0|4
115|./src/_00/output/C/pjreddie~darknet/src/option_list.h|pjreddie|darknet|option_list.h|C/C++ Header|15|0|4
116|./src/_00/output/C/pjreddie~darknet/src/reorg_layer.h|pjreddie|darknet|reorg_layer.h|C/C++ Header|15|0|5
117|./src/_00/output/C/pjreddie~darknet/src/softmax_layer.h|pjreddie|darknet|softmax_layer.h|C/C++ Header|15|0|4
118|./src/_00/output/C/pjreddie~darknet/src/yolo_layer.h|pjreddie|darknet|yolo_layer.h|C/C++ Header|15|0|4
119|./src/_00/output/C/pjreddie~darknet/src/crop_layer.h|pjreddie|darknet|crop_layer.h|C/C++ Header|14|0|6
120|./src/_00/output/C/pjreddie~darknet/src/dropout_layer.h|pjreddie|darknet|dropout_layer.h|C/C++ Header|14|0|6
121|./src/_00/output/C/pjreddie~darknet/src/region_layer.h|pjreddie|darknet|region_layer.h|C/C++ Header|14|0|4
122|./src/_00/output/C/pjreddie~darknet/src/route_layer.h|pjreddie|darknet|route_layer.h|C/C++ Header|14|0|4
123|./src/_00/output/C/pjreddie~darknet/src/activation_layer.h|pjreddie|darknet|activation_layer.h|C/C++ Header|13|0|6
124|./src/_00/output/C/pjreddie~darknet/src/detection_layer.h|pjreddie|darknet|detection_layer.h|C/C++ Header|13|0|5
125|./src/_00/output/C/pjreddie~darknet/src/shortcut_layer.h|pjreddie|darknet|shortcut_layer.h|C/C++ Header|13|0|4
126|./src/_00/output/C/pjreddie~darknet/src/l2norm_layer.h|pjreddie|darknet|l2norm_layer.h|C/C++ Header|12|0|3
127|./src/_00/output/C/pjreddie~darknet/src/logistic_layer.h|pjreddie|darknet|logistic_layer.h|C/C++ Header|12|0|3
128|./src/_00/output/C/pjreddie~darknet/src/upsample_layer.h|pjreddie|darknet|upsample_layer.h|C/C++ Header|12|0|3
129|./src/_00/output/C/pjreddie~darknet/scripts/imagenet_label.sh|pjreddie|darknet|imagenet_label.sh|Bourne Shell|11|0|4
130|./src/_00/output/C/pjreddie~darknet/src/box.h|pjreddie|darknet|box.h|C/C++ Header|11|0|3
131|./src/_00/output/C/pjreddie~darknet/src/col2im.h|pjreddie|darknet|col2im.h|C/C++ Header|11|0|2
132|./src/_00/output/C/pjreddie~darknet/src/im2col.h|pjreddie|darknet|im2col.h|C/C++ Header|11|0|4
133|./src/_00/output/C/pjreddie~darknet/src/matrix.h|pjreddie|darknet|matrix.h|C/C++ Header|9|0|4
134|./src/_00/output/C/pjreddie~darknet/src/list.h|pjreddie|darknet|list.h|C/C++ Header|8|0|5
135|./src/_00/output/C/pjreddie~darknet/src/parser.h|pjreddie|darknet|parser.h|C/C++ Header|7|0|2
136|./src/_00/output/C/pjreddie~darknet/src/tree.h|pjreddie|darknet|tree.h|C/C++ Header|6|0|2
137|./src/_00/output/C/pjreddie~darknet/src/demo.h|pjreddie|darknet|demo.h|C/C++ Header|4|0|2
138|./src/_00/output/C/pjreddie~darknet/scripts/gen_tactic.sh|pjreddie|darknet|gen_tactic.sh|Bourne Shell|2|3|0
139|./src/_00/output/C/pjreddie~darknet/src/layer.h|pjreddie|darknet|layer.h|C/C++ Header|1|0|0
140|./src/_00/output/C/pjreddie~darknet/src/classifier.h|pjreddie|darknet|classifier.h|C/C++ Header|0|0|1
