Unnamed: 0|path|owner|project|file|language|code|comment|blank
0|./src/_00/output/C/tmux~tmux/window-copy.c|tmux|tmux|window-copy.c|C|4882|196|677
1|./src/_00/output/C/tmux~tmux/format.c|tmux|tmux|format.c|C|4385|323|568
2|./src/_00/output/C/tmux~tmux/tmux.h|tmux|tmux|tmux.h|C/C++ Header|2831|239|392
3|./src/_00/output/C/tmux~tmux/server-client.c|tmux|tmux|server-client.c|C|2800|252|289
4|./src/_00/output/C/tmux~tmux/input.c|tmux|tmux|input.c|C|2444|191|324
5|./src/_00/output/C/tmux~tmux/tty.c|tmux|tmux|tty.c|C|2426|302|460
6|./src/_00/output/C/tmux~tmux/screen-write.c|tmux|tmux|screen-write.c|C|1784|202|370
7|./src/_00/output/C/tmux~tmux/status.c|tmux|tmux|status.c|C|1679|117|236
8|./src/_00/output/C/tmux~tmux/cmd-parse.y|tmux|tmux|cmd-parse.y|yacc|1454|66|197
9|./src/_00/output/C/tmux~tmux/window.c|tmux|tmux|window.c|C|1341|58|272
10|./src/_00/output/C/tmux~tmux/window-customize.c|tmux|tmux|window-customize.c|C|1315|21|176
11|./src/_00/output/C/tmux~tmux/tty-keys.c|tmux|tmux|tty-keys.c|C|1177|212|164
12|./src/_00/output/C/tmux~tmux/options-table.c|tmux|tmux|options-table.c|C|1174|37|137
13|./src/_00/output/C/tmux~tmux/grid.c|tmux|tmux|grid.c|C|1159|187|189
14|./src/_00/output/C/tmux~tmux/window-tree.c|tmux|tmux|window-tree.c|C|1155|22|171
15|./src/_00/output/C/tmux~tmux/mode-tree.c|tmux|tmux|mode-tree.c|C|1067|27|170
16|./src/_00/output/C/tmux~tmux/options.c|tmux|tmux|options.c|C|1031|21|134
17|./src/_00/output/C/tmux~tmux/colour.c|tmux|tmux|colour.c|C|1020|48|45
18|./src/_00/output/C/tmux~tmux/cmd-find.c|tmux|tmux|cmd-find.c|C|1004|150|160
19|./src/_00/output/C/tmux~tmux/configure.ac|tmux|tmux|configure.ac|m4|932|0|56
20|./src/_00/output/C/tmux~tmux/format-draw.c|tmux|tmux|format-draw.c|C|907|224|112
21|./src/_00/output/C/tmux~tmux/arguments.c|tmux|tmux|arguments.c|C|899|73|125
22|./src/_00/output/C/tmux~tmux/control.c|tmux|tmux|control.c|C|861|87|169
23|./src/_00/output/C/tmux~tmux/layout.c|tmux|tmux|layout.c|C|831|154|135
24|./src/_00/output/C/tmux~tmux/tty-term.c|tmux|tmux|tty-term.c|C|775|64|79
25|./src/_00/output/C/tmux~tmux/cmd.c|tmux|tmux|cmd.c|C|712|51|111
26|./src/_00/output/C/tmux~tmux/screen-redraw.c|tmux|tmux|screen-redraw.c|C|689|66|108
27|./src/_00/output/C/tmux~tmux/popup.c|tmux|tmux|popup.c|C|687|29|102
28|./src/_00/output/C/tmux~tmux/cmd-queue.c|tmux|tmux|cmd-queue.c|C|677|85|137
29|./src/_00/output/C/tmux~tmux/file.c|tmux|tmux|file.c|C|677|57|125
30|./src/_00/output/C/tmux~tmux/compat/tree.h|tmux|tmux|tree.h|C/C++ Header|649|63|36
31|./src/_00/output/C/tmux~tmux/utf8.c|tmux|tmux|utf8.c|C|648|64|83
32|./src/_00/output/C/tmux~tmux/client.c|tmux|tmux|client.c|C|642|78|88
33|./src/_00/output/C/tmux~tmux/key-bindings.c|tmux|tmux|key-bindings.c|C|586|33|71
34|./src/_00/output/C/tmux~tmux/compat/imsg-buffer.c|tmux|tmux|imsg-buffer.c|C|576|25|109
35|./src/_00/output/C/tmux~tmux/input-keys.c|tmux|tmux|input-keys.c|C|568|73|45
36|./src/_00/output/C/tmux~tmux/session.c|tmux|tmux|session.c|C|556|73|130
37|./src/_00/output/C/tmux~tmux/screen.c|tmux|tmux|screen.c|C|520|105|112
38|./src/_00/output/C/tmux~tmux/image-sixel.c|tmux|tmux|image-sixel.c|C|506|21|76
39|./src/_00/output/C/tmux~tmux/menu.c|tmux|tmux|menu.c|C|470|23|63
40|./src/_00/output/C/tmux~tmux/window-buffer.c|tmux|tmux|window-buffer.c|C|451|17|82
41|./src/_00/output/C/tmux~tmux/tmux.c|tmux|tmux|tmux.c|C|438|42|58
42|./src/_00/output/C/tmux~tmux/server.c|tmux|tmux|server.c|C|430|44|83
43|./src/_00/output/C/tmux~tmux/cmd-display-menu.c|tmux|tmux|cmd-display-menu.c|C|414|35|53
44|./src/_00/output/C/tmux~tmux/tty-features.c|tmux|tmux|tty-features.c|C|413|57|40
45|./src/_00/output/C/tmux~tmux/key-string.c|tmux|tmux|key-string.c|C|392|40|38
46|./src/_00/output/C/tmux~tmux/server-fn.c|tmux|tmux|server-fn.c|C|390|31|72
47|./src/_00/output/C/tmux~tmux/layout-set.c|tmux|tmux|layout-set.c|C|351|62|74
48|./src/_00/output/C/tmux~tmux/spawn.c|tmux|tmux|spawn.c|C|344|105|48
49|./src/_00/output/C/tmux~tmux/compat.h|tmux|tmux|compat.h|C/C++ Header|342|49|83
50|./src/_00/output/C/tmux~tmux/compat/imsg.c|tmux|tmux|imsg.c|C|342|31|75
51|./src/_00/output/C/tmux~tmux/compat/queue.h|tmux|tmux|queue.h|C/C++ Header|340|121|72
52|./src/_00/output/C/tmux~tmux/mdoc2man.awk|tmux|tmux|mdoc2man.awk|awk|340|23|7
53|./src/_00/output/C/tmux~tmux/window-client.c|tmux|tmux|window-client.c|C|337|17|64
54|./src/_00/output/C/tmux~tmux/style.c|tmux|tmux|style.c|C|326|30|29
55|./src/_00/output/C/tmux~tmux/grid-reader.c|tmux|tmux|grid-reader.c|C|323|63|43
56|./src/_00/output/C/tmux~tmux/job.c|tmux|tmux|job.c|C|313|45|70
57|./src/_00/output/C/tmux~tmux/resize.c|tmux|tmux|resize.c|C|306|112|49
58|./src/_00/output/C/tmux~tmux/cmd-list-keys.c|tmux|tmux|cmd-list-keys.c|C|303|19|50
59|./src/_00/output/C/tmux~tmux/proc.c|tmux|tmux|proc.c|C|302|16|70
60|./src/_00/output/C/tmux~tmux/layout-custom.c|tmux|tmux|layout-custom.c|C|287|39|44
61|./src/_00/output/C/tmux~tmux/cmd-new-session.c|tmux|tmux|cmd-new-session.c|C|279|50|41
62|./src/_00/output/C/tmux~tmux/regress/tty-keys.sh|tmux|tmux|tty-keys.sh|Bourne Shell|275|47|39
63|./src/_00/output/C/tmux~tmux/notify.c|tmux|tmux|notify.c|C|256|16|51
64|./src/_00/output/C/tmux~tmux/regress/input-keys.sh|tmux|tmux|input-keys.sh|Bourne Shell|254|7|38
65|./src/_00/output/C/tmux~tmux/cmd-refresh-client.c|tmux|tmux|cmd-refresh-client.c|C|253|19|32
66|./src/_00/output/C/tmux~tmux/cmd-display-panes.c|tmux|tmux|cmd-display-panes.c|C|243|27|42
67|./src/_00/output/C/tmux~tmux/paste.c|tmux|tmux|paste.c|C|236|39|67
68|./src/_00/output/C/tmux~tmux/regress/osc-11colours.sh|tmux|tmux|osc-11colours.sh|Bourne Shell|234|0|10
69|./src/_00/output/C/tmux~tmux/alerts.c|tmux|tmux|alerts.c|C|233|34|58
70|./src/_00/output/C/tmux~tmux/cmd-run-shell.c|tmux|tmux|cmd-run-shell.c|C|233|20|37
71|./src/_00/output/C/tmux~tmux/window-clock.c|tmux|tmux|window-clock.c|C|232|16|38
72|./src/_00/output/C/tmux~tmux/Makefile.am|tmux|tmux|Makefile.am|make|210|16|16
73|./src/_00/output/C/tmux~tmux/cfg.c|tmux|tmux|cfg.c|C|207|26|44
74|./src/_00/output/C/tmux~tmux/cmd-show-options.c|tmux|tmux|cmd-show-options.c|C|207|19|34
75|./src/_00/output/C/tmux~tmux/tty-acs.c|tmux|tmux|tty-acs.c|C|206|39|24
76|./src/_00/output/C/tmux~tmux/environ.c|tmux|tmux|environ.c|C|203|31|41
77|./src/_00/output/C/tmux~tmux/compat/unvis.c|tmux|tmux|unvis.c|C|201|59|21
78|./src/_00/output/C/tmux~tmux/cmd-capture-pane.c|tmux|tmux|cmd-capture-pane.c|C|198|19|36
79|./src/_00/output/C/tmux~tmux/cmd-wait-for.c|tmux|tmux|cmd-wait-for.c|C|190|20|54
80|./src/_00/output/C/tmux~tmux/control-notify.c|tmux|tmux|control-notify.c|C|190|22|50
81|./src/_00/output/C/tmux~tmux/cmd-command-prompt.c|tmux|tmux|cmd-command-prompt.c|C|188|19|35
82|./src/_00/output/C/tmux~tmux/cmd-send-keys.c|tmux|tmux|cmd-send-keys.c|C|188|19|30
83|./src/_00/output/C/tmux~tmux/cmd-select-pane.c|tmux|tmux|cmd-select-pane.c|C|186|27|29
84|./src/_00/output/C/tmux~tmux/cmd-set-option.c|tmux|tmux|cmd-set-option.c|C|182|26|31
85|./src/_00/output/C/tmux~tmux/compat/vis.c|tmux|tmux|vis.c|C|182|47|13
86|./src/_00/output/C/tmux~tmux/cmd-resize-pane.c|tmux|tmux|cmd-resize-pane.c|C|170|19|26
87|./src/_00/output/C/tmux~tmux/compat/systemd.c|tmux|tmux|systemd.c|C|166|35|27
88|./src/_00/output/C/tmux~tmux/cmd-pipe-pane.c|tmux|tmux|cmd-pipe-pane.c|C|158|34|38
89|./src/_00/output/C/tmux~tmux/cmd-source-file.c|tmux|tmux|cmd-source-file.c|C|156|19|33
90|./src/_00/output/C/tmux~tmux/compat/base64.c|tmux|tmux|base64.c|C|156|124|35
91|./src/_00/output/C/tmux~tmux/grid-view.c|tmux|tmux|grid-view.c|C|154|37|44
92|./src/_00/output/C/tmux~tmux/osdep-freebsd.c|tmux|tmux|osdep-freebsd.c|C|153|20|35
93|./src/_00/output/C/tmux~tmux/cmd-split-window.c|tmux|tmux|cmd-split-window.c|C|151|20|28
94|./src/_00/output/C/tmux~tmux/hyperlinks.c|tmux|tmux|hyperlinks.c|C|143|48|36
95|./src/_00/output/C/tmux~tmux/cmd-if-shell.c|tmux|tmux|cmd-if-shell.c|C|141|20|29
96|./src/_00/output/C/tmux~tmux/image.c|tmux|tmux|image.c|C|133|21|32
97|./src/_00/output/C/tmux~tmux/cmd-attach-session.c|tmux|tmux|cmd-attach-session.c|C|129|20|26
98|./src/_00/output/C/tmux~tmux/cmd-join-pane.c|tmux|tmux|cmd-join-pane.c|C|128|21|31
99|./src/_00/output/C/tmux~tmux/server-acl.c|tmux|tmux|server-acl.c|C|128|29|29
100|./src/_00/output/C/tmux~tmux/names.c|tmux|tmux|names.c|C|125|17|30
101|./src/_00/output/C/tmux~tmux/osdep-netbsd.c|tmux|tmux|osdep-netbsd.c|C|125|16|28
102|./src/_00/output/C/tmux~tmux/compat/imsg.h|tmux|tmux|imsg.h|C/C++ Header|122|21|15
103|./src/_00/output/C/tmux~tmux/compat/closefrom.c|tmux|tmux|closefrom.c|C|119|25|11
104|./src/_00/output/C/tmux~tmux/cmd-confirm-before.c|tmux|tmux|cmd-confirm-before.c|C|118|19|26
105|./src/_00/output/C/tmux~tmux/xmalloc.c|tmux|tmux|xmalloc.c|C|116|14|31
106|./src/_00/output/C/tmux~tmux/osdep-openbsd.c|tmux|tmux|osdep-openbsd.c|C|115|16|27
107|./src/_00/output/C/tmux~tmux/cmd-new-window.c|tmux|tmux|cmd-new-window.c|C|113|23|23
108|./src/_00/output/C/tmux~tmux/log.c|tmux|tmux|log.c|C|111|26|29
109|./src/_00/output/C/tmux~tmux/cmd-display-message.c|tmux|tmux|cmd-display-message.c|C|110|25|24
110|./src/_00/output/C/tmux~tmux/cmd-list-panes.c|tmux|tmux|cmd-list-panes.c|C|106|19|23
111|./src/_00/output/C/tmux~tmux/cmd-swap-pane.c|tmux|tmux|cmd-swap-pane.c|C|106|19|23
112|./src/_00/output/C/tmux~tmux/cmd-server-access.c|tmux|tmux|cmd-server-access.c|C|104|21|22
113|./src/_00/output/C/tmux~tmux/cmd-switch-client.c|tmux|tmux|cmd-switch-client.c|C|104|20|18
114|./src/_00/output/C/tmux~tmux/cmd-break-pane.c|tmux|tmux|cmd-break-pane.c|C|103|19|21
115|./src/_00/output/C/tmux~tmux/cmd-select-window.c|tmux|tmux|cmd-select-window.c|C|101|23|26
116|./src/_00/output/C/tmux~tmux/cmd-select-layout.c|tmux|tmux|cmd-select-layout.c|C|100|19|30
117|./src/_00/output/C/tmux~tmux/cmd-show-environment.c|tmux|tmux|cmd-show-environment.c|C|100|20|23
118|./src/_00/output/C/tmux~tmux/tools/24-bit-color.sh|tmux|tmux|24-bit-color.sh|Bourne Shell|97|20|10
119|./src/_00/output/C/tmux~tmux/cmd-set-buffer.c|tmux|tmux|cmd-set-buffer.c|C|96|19|22
120|./src/_00/output/C/tmux~tmux/osdep-dragonfly.c|tmux|tmux|osdep-dragonfly.c|C|94|16|22
121|./src/_00/output/C/tmux~tmux/regress/format-strings.sh|tmux|tmux|format-strings.sh|Bourne Shell|91|54|37
122|./src/_00/output/C/tmux~tmux/cmd-list-windows.c|tmux|tmux|cmd-list-windows.c|C|89|19|22
123|./src/_00/output/C/tmux~tmux/cmd-set-environment.c|tmux|tmux|cmd-set-environment.c|C|84|19|16
124|./src/_00/output/C/tmux~tmux/regress/copy-mode-test-emacs.sh|tmux|tmux|copy-mode-test-emacs.sh|Bourne Shell|84|15|17
125|./src/_00/output/C/tmux~tmux/cmd-save-buffer.c|tmux|tmux|cmd-save-buffer.c|C|82|19|19
126|./src/_00/output/C/tmux~tmux/regress/copy-mode-test-vi.sh|tmux|tmux|copy-mode-test-vi.sh|Bourne Shell|82|16|17
127|./src/_00/output/C/tmux~tmux/compat/forkpty-aix.c|tmux|tmux|forkpty-aix.c|C|80|15|24
128|./src/_00/output/C/tmux~tmux/attributes.c|tmux|tmux|attributes.c|C|79|16|13
129|./src/_00/output/C/tmux~tmux/tmux-protocol.h|tmux|tmux|tmux-protocol.h|C/C++ Header|79|23|17
130|./src/_00/output/C/tmux~tmux/cmd-find-window.c|tmux|tmux|cmd-find-window.c|C|78|19|19
131|./src/_00/output/C/tmux~tmux/cmd-resize-window.c|tmux|tmux|cmd-resize-window.c|C|78|19|18
132|./src/_00/output/C/tmux~tmux/cmd-rotate-window.c|tmux|tmux|cmd-rotate-window.c|C|78|19|18
133|./src/_00/output/C/tmux~tmux/.travis.yml|tmux|tmux|.travis.yml|YAML|77|4|7
134|./src/_00/output/C/tmux~tmux/regsub.c|tmux|tmux|regsub.c|C|77|26|17
135|./src/_00/output/C/tmux~tmux/cmd-load-buffer.c|tmux|tmux|cmd-load-buffer.c|C|76|19|18
136|./src/_00/output/C/tmux~tmux/cmd-choose-tree.c|tmux|tmux|cmd-choose-tree.c|C|73|19|25
137|./src/_00/output/C/tmux~tmux/cmd-show-prompt-history.c|tmux|tmux|cmd-show-prompt-history.c|C|73|19|16
138|./src/_00/output/C/tmux~tmux/cmd-bind-key.c|tmux|tmux|cmd-bind-key.c|C|72|19|16
139|./src/_00/output/C/tmux~tmux/cmd-move-window.c|tmux|tmux|cmd-move-window.c|C|72|26|24
140|./src/_00/output/C/tmux~tmux/osdep-sunos.c|tmux|tmux|osdep-sunos.c|C|72|22|18
141|./src/_00/output/C/tmux~tmux/cmd-detach-client.c|tmux|tmux|cmd-detach-client.c|C|71|19|19
142|./src/_00/output/C/tmux~tmux/cmd-paste-buffer.c|tmux|tmux|cmd-paste-buffer.c|C|71|19|23
143|./src/_00/output/C/tmux~tmux/cmd-show-messages.c|tmux|tmux|cmd-show-messages.c|C|71|19|17
144|./src/_00/output/C/tmux~tmux/compat/getopt.c|tmux|tmux|getopt.c|C|70|37|8
145|./src/_00/output/C/tmux~tmux/osdep-darwin.c|tmux|tmux|osdep-darwin.c|C|70|20|18
146|./src/_00/output/C/tmux~tmux/utf8-combined.c|tmux|tmux|utf8-combined.c|C|70|20|10
147|./src/_00/output/C/tmux~tmux/cmd-unbind-key.c|tmux|tmux|cmd-unbind-key.c|C|69|19|16
148|./src/_00/output/C/tmux~tmux/osdep-linux.c|tmux|tmux|osdep-linux.c|C|68|17|17
149|./src/_00/output/C/tmux~tmux/cmd-kill-window.c|tmux|tmux|cmd-kill-window.c|C|66|24|20
150|./src/_00/output/C/tmux~tmux/regress/style-trim.sh|tmux|tmux|style-trim.sh|Bourne Shell|65|10|16
151|./src/_00/output/C/tmux~tmux/osdep-aix.c|tmux|tmux|osdep-aix.c|C|64|16|15
152|./src/_00/output/C/tmux~tmux/cmd-list-clients.c|tmux|tmux|cmd-list-clients.c|C|63|19|20
153|./src/_00/output/C/tmux~tmux/compat/forkpty-sunos.c|tmux|tmux|forkpty-sunos.c|C|63|15|14
154|./src/_00/output/C/tmux~tmux/.github/README.md|tmux|tmux|README.md|Markdown|61|0|34
155|./src/_00/output/C/tmux~tmux/compat/forkpty-hpux.c|tmux|tmux|forkpty-hpux.c|C|61|15|14
156|./src/_00/output/C/tmux~tmux/fuzz/input-fuzzer.c|tmux|tmux|input-fuzzer.c|C|61|19|16
157|./src/_00/output/C/tmux~tmux/compat/err.c|tmux|tmux|err.c|C|59|15|19
158|./src/_00/output/C/tmux~tmux/cmd-copy-mode.c|tmux|tmux|cmd-copy-mode.c|C|58|19|19
159|./src/_00/output/C/tmux~tmux/cmd-respawn-pane.c|tmux|tmux|cmd-respawn-pane.c|C|58|20|20
160|./src/_00/output/C/tmux~tmux/osdep-cygwin.c|tmux|tmux|osdep-cygwin.c|C|58|16|13
161|./src/_00/output/C/tmux~tmux/cmd-respawn-window.c|tmux|tmux|cmd-respawn-window.c|C|57|19|19
162|./src/_00/output/C/tmux~tmux/cmd-swap-window.c|tmux|tmux|cmd-swap-window.c|C|57|19|18
163|./src/_00/output/C/tmux~tmux/compat/bitstring.h|tmux|tmux|bitstring.h|C/C++ Header|56|56|16
164|./src/_00/output/C/tmux~tmux/cmd-list-sessions.c|tmux|tmux|cmd-list-sessions.c|C|55|19|16
165|./src/_00/output/C/tmux~tmux/compat/forkpty-haiku.c|tmux|tmux|forkpty-haiku.c|C|54|15|13
166|./src/_00/output/C/tmux~tmux/regress/new-session-environment.sh|tmux|tmux|new-session-environment.sh|Bourne Shell|54|1|11
167|./src/_00/output/C/tmux~tmux/compat/getline.c|tmux|tmux|getline.c|C|51|31|11
168|./src/_00/output/C/tmux~tmux/.github/CONTRIBUTING.md|tmux|tmux|CONTRIBUTING.md|Markdown|49|0|30
169|./src/_00/output/C/tmux~tmux/cmd-rename-session.c|tmux|tmux|cmd-rename-session.c|C|47|19|15
170|./src/_00/output/C/tmux~tmux/cmd-list-buffers.c|tmux|tmux|cmd-list-buffers.c|C|46|19|16
171|./src/_00/output/C/tmux~tmux/compat/recallocarray.c|tmux|tmux|recallocarray.c|C|45|24|13
172|./src/_00/output/C/tmux~tmux/regress/command-order.sh|tmux|tmux|command-order.sh|Bourne Shell|45|0|6
173|./src/_00/output/C/tmux~tmux/compat/strtonum.c|tmux|tmux|strtonum.c|C|43|17|7
174|./src/_00/output/C/tmux~tmux/cmd-lock-server.c|tmux|tmux|cmd-lock-server.c|C|42|19|18
175|./src/_00/output/C/tmux~tmux/tools/256colors.pl|tmux|tmux|256colors.pl|Perl|42|12|9
176|./src/_00/output/C/tmux~tmux/cmd-kill-session.c|tmux|tmux|cmd-kill-session.c|C|38|22|11
177|./src/_00/output/C/tmux~tmux/compat/fgetln.c|tmux|tmux|fgetln.c|C|38|18|5
178|./src/_00/output/C/tmux~tmux/regress/control-client-size.sh|tmux|tmux|control-client-size.sh|Bourne Shell|38|3|8
179|./src/_00/output/C/tmux~tmux/compat/asprintf.c|tmux|tmux|asprintf.c|C|37|15|12
180|./src/_00/output/C/tmux~tmux/regress/control-client-sanity.sh|tmux|tmux|control-client-sanity.sh|Bourne Shell|37|0|5
181|./src/_00/output/C/tmux~tmux/compat/daemon.c|tmux|tmux|daemon.c|C|36|29|10
182|./src/_00/output/C/tmux~tmux/cmd-kill-pane.c|tmux|tmux|cmd-kill-pane.c|C|35|19|13
183|./src/_00/output/C/tmux~tmux/compat/getpeereid.c|tmux|tmux|getpeereid.c|C|35|15|7
184|./src/_00/output/C/tmux~tmux/.github/travis/build-all.sh|tmux|tmux|build-all.sh|Bourne Shell|33|0|5
185|./src/_00/output/C/tmux~tmux/compat/utf8proc.c|tmux|tmux|utf8proc.c|C|33|23|10
186|./src/_00/output/C/tmux~tmux/.github/workflows/lock.yml|tmux|tmux|lock.yml|YAML|30|0|4
187|./src/_00/output/C/tmux~tmux/compat/setproctitle.c|tmux|tmux|setproctitle.c|C|30|15|8
188|./src/_00/output/C/tmux~tmux/cmd-rename-window.c|tmux|tmux|cmd-rename-window.c|C|29|19|14
189|./src/_00/output/C/tmux~tmux/regress/combine-test.sh|tmux|tmux|combine-test.sh|Bourne Shell|29|0|8
190|./src/_00/output/C/tmux~tmux/cmd-kill-server.c|tmux|tmux|cmd-kill-server.c|C|28|19|14
191|./src/_00/output/C/tmux~tmux/compat/daemon-darwin.c|tmux|tmux|daemon-darwin.c|C|28|45|12
192|./src/_00/output/C/tmux~tmux/compat/vis.h|tmux|tmux|vis.h|C/C++ Header|28|48|9
193|./src/_00/output/C/tmux~tmux/compat/getdtablecount.c|tmux|tmux|getdtablecount.c|C|27|15|6
194|./src/_00/output/C/tmux~tmux/compat/strsep.c|tmux|tmux|strsep.c|C|27|41|5
195|./src/_00/output/C/tmux~tmux/xmalloc.h|tmux|tmux|xmalloc.h|C/C++ Header|27|16|5
196|./src/_00/output/C/tmux~tmux/compat/setenv.c|tmux|tmux|setenv.c|C|26|16|7
197|./src/_00/output/C/tmux~tmux/compat/strlcat.c|tmux|tmux|strlcat.c|C|26|24|7
198|./src/_00/output/C/tmux~tmux/osdep-haiku.c|tmux|tmux|osdep-haiku.c|C|25|17|10
199|./src/_00/output/C/tmux~tmux/.github/travis/build.sh|tmux|tmux|build.sh|Bourne Shell|24|0|1
200|./src/_00/output/C/tmux~tmux/regress/am-terminal.sh|tmux|tmux|am-terminal.sh|Bourne Shell|24|0|5
201|./src/_00/output/C/tmux~tmux/regress/cursor-test4.sh|tmux|tmux|cursor-test4.sh|Bourne Shell|24|0|7
202|./src/_00/output/C/tmux~tmux/compat/getprogname.c|tmux|tmux|getprogname.c|C|23|15|5
203|./src/_00/output/C/tmux~tmux/compat/strlcpy.c|tmux|tmux|strlcpy.c|C|23|23|7
204|./src/_00/output/C/tmux~tmux/regress/capture-pane-hyperlink.sh|tmux|tmux|capture-pane-hyperlink.sh|Bourne Shell|22|1|7
205|./src/_00/output/C/tmux~tmux/regress/cursor-test1.sh|tmux|tmux|cursor-test1.sh|Bourne Shell|22|0|7
206|./src/_00/output/C/tmux~tmux/regress/cursor-test2.sh|tmux|tmux|cursor-test2.sh|Bourne Shell|22|0|7
207|./src/_00/output/C/tmux~tmux/regress/cursor-test3.sh|tmux|tmux|cursor-test3.sh|Bourne Shell|22|0|7
208|./src/_00/output/C/tmux~tmux/.github/travis/before-install.sh|tmux|tmux|before-install.sh|Bourne Shell|21|0|3
209|./src/_00/output/C/tmux~tmux/compat/strcasestr.c|tmux|tmux|strcasestr.c|C|21|36|5
210|./src/_00/output/C/tmux~tmux/compat/memmem.c|tmux|tmux|memmem.c|C|20|35|10
211|./src/_00/output/C/tmux~tmux/regress/capture-pane-sgr0.sh|tmux|tmux|capture-pane-sgr0.sh|Bourne Shell|19|2|10
212|./src/_00/output/C/tmux~tmux/regress/if-shell-TERM.sh|tmux|tmux|if-shell-TERM.sh|Bourne Shell|19|2|9
213|./src/_00/output/C/tmux~tmux/regress/new-session-base-index.sh|tmux|tmux|new-session-base-index.sh|Bourne Shell|19|1|7
214|./src/_00/output/C/tmux~tmux/regress/new-session-size.sh|tmux|tmux|new-session-size.sh|Bourne Shell|19|1|7
215|./src/_00/output/C/tmux~tmux/compat/strndup.c|tmux|tmux|strndup.c|C|18|16|7
216|./src/_00/output/C/tmux~tmux/regress/new-window-command.sh|tmux|tmux|new-window-command.sh|Bourne Shell|18|1|7
217|./src/_00/output/C/tmux~tmux/compat/clock_gettime.c|tmux|tmux|clock_gettime.c|C|17|15|5
218|./src/_00/output/C/tmux~tmux/logo/tmux-logo-1-color.svg|tmux|tmux|tmux-logo-1-color.svg|SVG|17|1|0
219|./src/_00/output/C/tmux~tmux/logo/tmux-logo.svg|tmux|tmux|tmux-logo.svg|SVG|17|1|0
220|./src/_00/output/C/tmux~tmux/osdep-hpux.c|tmux|tmux|osdep-hpux.c|C|17|16|6
221|./src/_00/output/C/tmux~tmux/osdep-unknown.c|tmux|tmux|osdep-unknown.c|C|17|16|6
222|./src/_00/output/C/tmux~tmux/regress/new-session-command.sh|tmux|tmux|new-session-command.sh|Bourne Shell|17|1|7
223|./src/_00/output/C/tmux~tmux/compat/reallocarray.c|tmux|tmux|reallocarray.c|C|16|20|4
224|./src/_00/output/C/tmux~tmux/regress/kill-session-process-exit.sh|tmux|tmux|kill-session-process-exit.sh|Bourne Shell|16|1|5
225|./src/_00/output/C/tmux~tmux/.github/ISSUE_TEMPLATE.md|tmux|tmux|ISSUE_TEMPLATE.md|Markdown|15|0|7
226|./src/_00/output/C/tmux~tmux/regress/if-shell-error.sh|tmux|tmux|if-shell-error.sh|Bourne Shell|15|2|6
227|./src/_00/output/C/tmux~tmux/regress/if-shell-nested.sh|tmux|tmux|if-shell-nested.sh|Bourne Shell|15|2|8
228|./src/_00/output/C/tmux~tmux/regress/new-session-no-client.sh|tmux|tmux|new-session-no-client.sh|Bourne Shell|15|3|7
229|./src/_00/output/C/tmux~tmux/autogen.sh|tmux|tmux|autogen.sh|Bourne Shell|14|0|3
230|./src/_00/output/C/tmux~tmux/compat/fdforkpty.c|tmux|tmux|fdforkpty.c|C|14|15|5
231|./src/_00/output/C/tmux~tmux/logo/tmux-logomark.svg|tmux|tmux|tmux-logomark.svg|SVG|14|1|0
232|./src/_00/output/C/tmux~tmux/compat/cfmakeraw.c|tmux|tmux|cfmakeraw.c|C|13|16|4
233|./src/_00/output/C/tmux~tmux/compat/freezero.c|tmux|tmux|freezero.c|C|12|15|4
234|./src/_00/output/C/tmux~tmux/compat/htonll.c|tmux|tmux|htonll.c|C|12|15|4
235|./src/_00/output/C/tmux~tmux/compat/ntohll.c|tmux|tmux|ntohll.c|C|12|15|4
236|./src/_00/output/C/tmux~tmux/regress/has-session-return.sh|tmux|tmux|has-session-return.sh|Bourne Shell|12|2|5
237|./src/_00/output/C/tmux~tmux/compat/strnlen.c|tmux|tmux|strnlen.c|C|11|16|7
238|./src/_00/output/C/tmux~tmux/compat/getdtablesize.c|tmux|tmux|getdtablesize.c|C|10|15|4
239|./src/_00/output/C/tmux~tmux/regress/conf-syntax.sh|tmux|tmux|conf-syntax.sh|Bourne Shell|10|0|4
240|./src/_00/output/C/tmux~tmux/tools/cmp-cvs.sh|tmux|tmux|cmp-cvs.sh|Bourne Shell|10|0|2
241|./src/_00/output/C/tmux~tmux/compat/explicit_bzero.c|tmux|tmux|explicit_bzero.c|C|7|5|3
242|./src/_00/output/C/tmux~tmux/regress/Makefile|tmux|tmux|Makefile|make|7|0|3
243|./src/_00/output/C/tmux~tmux/.github/FUNDING.yml|tmux|tmux|FUNDING.yml|YAML|2|0|0
