path|owner|project|file|language|code|comment|blank
./src/_00/output/Kotlin/pppscn~SmsForwarder/app/src/main/res/layout/fragment_settings.xml|pppscn|SmsForwarder|fragment_settings.xml|XML|1641|0|337
./src/_00/output/Kotlin/pppscn~SmsForwarder/app/src/main/java/com/idormy/sms/forwarder/fragment/condition/CronFragment.kt|pppscn|SmsForwarder|CronFragment.kt|Kotlin|1394|65|185
./src/_00/output/Kotlin/pppscn~SmsForwarder/app/src/main/java/com/idormy/sms/forwarder/fragment/SettingsFragment.kt|pppscn|SmsForwarder|SettingsFragment.kt|Kotlin|1210|115|99
./src/_00/output/Kotlin/pppscn~SmsForwarder/app/src/main/res/values/strings.xml|pppscn|SmsForwarder|strings.xml|XML|1112|11|48
./src/_00/output/Kotlin/pppscn~SmsForwarder/app/src/main/res/layout/fragment_tasks_condition_cron.xml|pppscn|SmsForwarder|fragment_tasks_condition_cron.xml|XML|1101|0|217
./src/_00/output/Kotlin/pppscn~SmsForwarder/app/src/main/res/values-en/strings.xml|pppscn|SmsForwarder|strings.xml|XML|1085|11|47
./src/_00/output/Kotlin/pppscn~SmsForwarder/app/src/main/res/values-zh-rCN/strings.xml|pppscn|SmsForwarder|strings.xml|XML|1085|11|48
./src/_00/output/Kotlin/pppscn~SmsForwarder/app/src/main/res/values-zh-rTW/strings.xml|pppscn|SmsForwarder|strings.xml|XML|1085|11|48
./src/_00/output/Kotlin/pppscn~SmsForwarder/app/src/main/java/com/idormy/sms/forwarder/fragment/RulesEditFragment.kt|pppscn|SmsForwarder|RulesEditFragment.kt|Kotlin|754|32|94
./src/_00/output/Kotlin/pppscn~SmsForwarder/app/src/main/res/layout/fragment_tasks_action_settings.xml|pppscn|SmsForwarder|fragment_tasks_action_settings.xml|XML|709|0|145
./src/_00/output/Kotlin/pppscn~SmsForwarder/app/src/main/res/layout/fragment_server.xml|pppscn|SmsForwarder|fragment_server.xml|XML|673|0|134
./src/_00/output/Kotlin/pppscn~SmsForwarder/app/src/main/java/com/idormy/sms/forwarder/fragment/TasksEditFragment.kt|pppscn|SmsForwarder|TasksEditFragment.kt|Kotlin|616|43|64
./src/_00/output/Kotlin/pppscn~SmsForwarder/app/src/main/java/com/idormy/sms/forwarder/fragment/senders/EmailFragment.kt|pppscn|SmsForwarder|EmailFragment.kt|Kotlin|566|30|60
./src/_00/output/Kotlin/pppscn~SmsForwarder/app/src/main/res/layout/fragment_senders_email.xml|pppscn|SmsForwarder|fragment_senders_email.xml|XML|490|0|99
./src/_00/output/Kotlin/pppscn~SmsForwarder/app/src/main/res/layout/fragment_rules_edit.xml|pppscn|SmsForwarder|fragment_rules_edit.xml|XML|485|0|110
./src/_00/output/Kotlin/pppscn~SmsForwarder/app/src/main/java/com/idormy/sms/forwarder/fragment/ServerFragment.kt|pppscn|SmsForwarder|ServerFragment.kt|Kotlin|454|32|60
./src/_00/output/Kotlin/pppscn~SmsForwarder/app/src/main/java/com/idormy/sms/forwarder/fragment/action/NotificationFragment.kt|pppscn|SmsForwarder|NotificationFragment.kt|Kotlin|428|19|62
./src/_00/output/Kotlin/pppscn~SmsForwarder/app/src/main/java/com/idormy/sms/forwarder/fragment/condition/MsgFragment.kt|pppscn|SmsForwarder|MsgFragment.kt|Kotlin|423|15|46
./src/_00/output/Kotlin/pppscn~SmsForwarder/app/src/main/java/com/idormy/sms/forwarder/utils/PhoneUtils.kt|pppscn|SmsForwarder|PhoneUtils.kt|Kotlin|422|115|47
./src/_00/output/Kotlin/pppscn~SmsForwarder/app/src/main/java/com/idormy/sms/forwarder/fragment/action/SettingsFragment.kt|pppscn|SmsForwarder|SettingsFragment.kt|Kotlin|420|31|46
./src/_00/output/Kotlin/pppscn~SmsForwarder/app/src/main/java/com/idormy/sms/forwarder/fragment/client/CloneFragment.kt|pppscn|SmsForwarder|CloneFragment.kt|Kotlin|413|23|52
./src/_00/output/Kotlin/pppscn~SmsForwarder/app/src/main/java/com/idormy/sms/forwarder/core/webview/AgentWebFragment.kt|pppscn|SmsForwarder|AgentWebFragment.kt|Kotlin|407|148|42
./src/_00/output/Kotlin/pppscn~SmsForwarder/app/src/main/res/layout/fragment_senders_wework_agent.xml|pppscn|SmsForwarder|fragment_senders_wework_agent.xml|XML|404|0|85
./src/_00/output/Kotlin/pppscn~SmsForwarder/app/src/main/java/com/idormy/sms/forwarder/core/webview/XPageWebViewFragment.kt|pppscn|SmsForwarder|XPageWebViewFragment.kt|Kotlin|398|171|42
./src/_00/output/Kotlin/pppscn~SmsForwarder/app/src/main/java/com/idormy/sms/forwarder/fragment/ClientFragment.kt|pppscn|SmsForwarder|ClientFragment.kt|Kotlin|390|8|43
./src/_00/output/Kotlin/pppscn~SmsForwarder/app/src/main/java/com/idormy/sms/forwarder/database/AppDatabase.kt|pppscn|SmsForwarder|AppDatabase.kt|Kotlin|382|35|40
./src/_00/output/Kotlin/pppscn~SmsForwarder/app/src/main/java/com/idormy/sms/forwarder/App.kt|pppscn|SmsForwarder|App.kt|Kotlin|379|53|42
./src/_00/output/Kotlin/pppscn~SmsForwarder/app/src/main/res/layout/fragment_senders_socket.xml|pppscn|SmsForwarder|fragment_senders_socket.xml|XML|377|0|79
./src/_00/output/Kotlin/pppscn~SmsForwarder/app/src/main/res/layout/fragment_tasks_action_http_server.xml|pppscn|SmsForwarder|fragment_tasks_action_http_server.xml|XML|370|0|87
./src/_00/output/Kotlin/pppscn~SmsForwarder/app/src/main/res/layout/fragment_senders_dingtalk_inner_robot.xml|pppscn|SmsForwarder|fragment_senders_dingtalk_inner_robot.xml|XML|366|0|80
./src/_00/output/Kotlin/pppscn~SmsForwarder/app/src/main/java/com/idormy/sms/forwarder/workers/ActionWorker.kt|pppscn|SmsForwarder|ActionWorker.kt|Kotlin|356|10|52
./src/_00/output/Kotlin/pppscn~SmsForwarder/app/src/main/res/layout/fragment_senders_webhook.xml|pppscn|SmsForwarder|fragment_senders_webhook.xml|XML|356|0|76
./src/_00/output/Kotlin/pppscn~SmsForwarder/app/src/main/res/layout/fragment_senders_bark.xml|pppscn|SmsForwarder|fragment_senders_bark.xml|XML|337|0|71
./src/_00/output/Kotlin/pppscn~SmsForwarder/app/src/main/java/com/idormy/sms/forwarder/fragment/SendersFragment.kt|pppscn|SmsForwarder|SendersFragment.kt|Kotlin|332|7|22
./src/_00/output/Kotlin/pppscn~SmsForwarder/app/src/main/AndroidManifest.xml|pppscn|SmsForwarder|AndroidManifest.xml|XML|325|37|18
./src/_00/output/Kotlin/pppscn~SmsForwarder/app/src/main/java/com/idormy/sms/forwarder/activity/MainActivity.kt|pppscn|SmsForwarder|MainActivity.kt|Kotlin|322|30|40
./src/_00/output/Kotlin/pppscn~SmsForwarder/app/src/main/res/layout/dialog_logs_filter.xml|pppscn|SmsForwarder|dialog_logs_filter.xml|XML|315|0|57
./src/_00/output/Kotlin/pppscn~SmsForwarder/app/src/main/java/com/idormy/sms/forwarder/fragment/LogsFragment.kt|pppscn|SmsForwarder|LogsFragment.kt|Kotlin|313|7|27
./src/_00/output/Kotlin/pppscn~SmsForwarder/app/src/main/res/layout/fragment_senders_feishu_app.xml|pppscn|SmsForwarder|fragment_senders_feishu_app.xml|XML|311|0|71
./src/_00/output/Kotlin/pppscn~SmsForwarder/app/src/main/java/com/idormy/sms/forwarder/utils/sender/EmailUtils.kt|pppscn|SmsForwarder|EmailUtils.kt|Kotlin|302|13|34
./src/_00/output/Kotlin/pppscn~SmsForwarder/app/src/main/res/layout/fragment_tasks_action_notification.xml|pppscn|SmsForwarder|fragment_tasks_action_notification.xml|XML|296|0|64
./src/_00/output/Kotlin/pppscn~SmsForwarder/app/src/main/res/layout/fragment_senders_pushplus.xml|pppscn|SmsForwarder|fragment_senders_pushplus.xml|XML|295|0|60
./src/_00/output/Kotlin/pppscn~SmsForwarder/app/src/main/java/com/idormy/sms/forwarder/service/ForegroundService.kt|pppscn|SmsForwarder|ForegroundService.kt|Kotlin|291|19|47
./src/_00/output/Kotlin/pppscn~SmsForwarder/app/src/main/java/com/idormy/sms/forwarder/fragment/condition/BluetoothFragment.kt|pppscn|SmsForwarder|BluetoothFragment.kt|Kotlin|282|8|35
./src/_00/output/Kotlin/pppscn~SmsForwarder/app/src/main/java/com/idormy/sms/forwarder/fragment/senders/WebhookFragment.kt|pppscn|SmsForwarder|WebhookFragment.kt|Kotlin|281|23|35
./src/_00/output/Kotlin/pppscn~SmsForwarder/app/src/main/java/com/idormy/sms/forwarder/utils/RuleLine.kt|pppscn|SmsForwarder|RuleLine.kt|Kotlin|276|34|35
./src/_00/output/Kotlin/pppscn~SmsForwarder/app/build.gradle|pppscn|SmsForwarder|build.gradle|Gradle|274|79|46
./src/_00/output/Kotlin/pppscn~SmsForwarder/app/src/main/java/com/idormy/sms/forwarder/fragment/senders/FeishuAppFragment.kt|pppscn|SmsForwarder|FeishuAppFragment.kt|Kotlin|274|6|38
./src/_00/output/Kotlin/pppscn~SmsForwarder/app/src/main/java/com/idormy/sms/forwarder/fragment/senders/BarkFragment.kt|pppscn|SmsForwarder|BarkFragment.kt|Kotlin|273|6|33
./src/_00/output/Kotlin/pppscn~SmsForwarder/app/src/main/java/com/idormy/sms/forwarder/fragment/senders/WeworkAgentFragment.kt|pppscn|SmsForwarder|WeworkAgentFragment.kt|Kotlin|270|6|34
./src/_00/output/Kotlin/pppscn~SmsForwarder/app/src/main/java/com/idormy/sms/forwarder/fragment/action/HttpServerFragment.kt|pppscn|SmsForwarder|HttpServerFragment.kt|Kotlin|267|20|42
./src/_00/output/Kotlin/pppscn~SmsForwarder/app/src/main/res/layout/fragment_senders_dingtalk_group_robot.xml|pppscn|SmsForwarder|fragment_senders_dingtalk_group_robot.xml|XML|264|0|58
./src/_00/output/Kotlin/pppscn~SmsForwarder/app/src/main/java/com/idormy/sms/forwarder/fragment/client/CallQueryFragment.kt|pppscn|SmsForwarder|CallQueryFragment.kt|Kotlin|262|13|29
./src/_00/output/Kotlin/pppscn~SmsForwarder/app/src/main/java/com/idormy/sms/forwarder/fragment/action/RuleFragment.kt|pppscn|SmsForwarder|RuleFragment.kt|Kotlin|260|18|31
./src/_00/output/Kotlin/pppscn~SmsForwarder/app/src/main/java/com/idormy/sms/forwarder/utils/Constants.kt|pppscn|SmsForwarder|Constants.kt|Kotlin|257|20|41
./src/_00/output/Kotlin/pppscn~SmsForwarder/app/src/main/java/com/idormy/sms/forwarder/fragment/senders/DingtalkInnerRobotFragment.kt|pppscn|SmsForwarder|DingtalkInnerRobotFragment.kt|Kotlin|256|6|36
./src/_00/output/Kotlin/pppscn~SmsForwarder/app/src/main/res/layout/fragment_tasks_condition_msg.xml|pppscn|SmsForwarder|fragment_tasks_condition_msg.xml|XML|256|0|56
./src/_00/output/Kotlin/pppscn~SmsForwarder/app/src/main/java/com/idormy/sms/forwarder/fragment/action/SenderFragment.kt|pppscn|SmsForwarder|SenderFragment.kt|Kotlin|255|17|32
./src/_00/output/Kotlin/pppscn~SmsForwarder/app/src/main/java/com/idormy/sms/forwarder/fragment/action/TaskActionFragment.kt|pppscn|SmsForwarder|TaskActionFragment.kt|Kotlin|254|18|31
./src/_00/output/Kotlin/pppscn~SmsForwarder/app/src/main/java/com/idormy/sms/forwarder/fragment/senders/FeishuFragment.kt|pppscn|SmsForwarder|FeishuFragment.kt|Kotlin|254|6|38
./src/_00/output/Kotlin/pppscn~SmsForwarder/app/src/main/res/layout/fragment_senders_telegram.xml|pppscn|SmsForwarder|fragment_senders_telegram.xml|XML|253|0|56
./src/_00/output/Kotlin/pppscn~SmsForwarder/app/src/main/java/com/idormy/sms/forwarder/fragment/action/AlarmFragment.kt|pppscn|SmsForwarder|AlarmFragment.kt|Kotlin|250|12|27
./src/_00/output/Kotlin/pppscn~SmsForwarder/app/src/main/java/com/idormy/sms/forwarder/fragment/client/SmsQueryFragment.kt|pppscn|SmsForwarder|SmsQueryFragment.kt|Kotlin|250|14|28
./src/_00/output/Kotlin/pppscn~SmsForwarder/app/src/main/res/layout/fragment_senders_feishu.xml|pppscn|SmsForwarder|fragment_senders_feishu.xml|XML|250|0|55
./src/_00/output/Kotlin/pppscn~SmsForwarder/app/src/main/java/com/idormy/sms/forwarder/fragment/action/FrpcFragment.kt|pppscn|SmsForwarder|FrpcFragment.kt|Kotlin|249|17|30
./src/_00/output/Kotlin/pppscn~SmsForwarder/app/src/main/java/com/idormy/sms/forwarder/utils/task/ConditionUtils.kt|pppscn|SmsForwarder|ConditionUtils.kt|Kotlin|247|9|39
./src/_00/output/Kotlin/pppscn~SmsForwarder/app/src/main/java/com/idormy/sms/forwarder/utils/sender/WebhookUtils.kt|pppscn|SmsForwarder|WebhookUtils.kt|Kotlin|245|9|25
./src/_00/output/Kotlin/pppscn~SmsForwarder/app/src/main/java/com/idormy/sms/forwarder/utils/CommonUtils.kt|pppscn|SmsForwarder|CommonUtils.kt|Kotlin|241|96|41
./src/_00/output/Kotlin/pppscn~SmsForwarder/app/src/main/java/com/idormy/sms/forwarder/fragment/client/ContactQueryFragment.kt|pppscn|SmsForwarder|ContactQueryFragment.kt|Kotlin|237|11|27
./src/_00/output/Kotlin/pppscn~SmsForwarder/app/src/main/java/com/idormy/sms/forwarder/fragment/senders/PushplusFragment.kt|pppscn|SmsForwarder|PushplusFragment.kt|Kotlin|237|6|32
./src/_00/output/Kotlin/pppscn~SmsForwarder/app/src/main/java/com/idormy/sms/forwarder/fragment/condition/LeaveAddressFragment.kt|pppscn|SmsForwarder|LeaveAddressFragment.kt|Kotlin|234|4|21
./src/_00/output/Kotlin/pppscn~SmsForwarder/app/src/main/java/com/idormy/sms/forwarder/fragment/senders/DingtalkGroupRobotFragment.kt|pppscn|SmsForwarder|DingtalkGroupRobotFragment.kt|Kotlin|233|7|32
./src/_00/output/Kotlin/pppscn~SmsForwarder/app/src/main/java/com/idormy/sms/forwarder/database/entity/Rule.kt|pppscn|SmsForwarder|Rule.kt|Kotlin|231|6|25
./src/_00/output/Kotlin/pppscn~SmsForwarder/app/src/main/java/com/idormy/sms/forwarder/fragment/senders/SocketFragment.kt|pppscn|SmsForwarder|SocketFragment.kt|Kotlin|229|6|30
./src/_00/output/Kotlin/pppscn~SmsForwarder/app/src/main/java/com/idormy/sms/forwarder/fragment/condition/ToAddressFragment.kt|pppscn|SmsForwarder|ToAddressFragment.kt|Kotlin|227|4|21
./src/_00/output/Kotlin/pppscn~SmsForwarder/app/src/main/java/com/idormy/sms/forwarder/utils/SendUtils.kt|pppscn|SmsForwarder|SendUtils.kt|Kotlin|226|10|34
./src/_00/output/Kotlin/pppscn~SmsForwarder/app/src/main/java/com/idormy/sms/forwarder/fragment/senders/TelegramFragment.kt|pppscn|SmsForwarder|TelegramFragment.kt|Kotlin|225|7|31
./src/_00/output/Kotlin/pppscn~SmsForwarder/app/src/main/java/com/idormy/sms/forwarder/entity/MsgInfo.kt|pppscn|SmsForwarder|MsgInfo.kt|Kotlin|220|6|22
./src/_00/output/Kotlin/pppscn~SmsForwarder/app/src/main/java/com/idormy/sms/forwarder/core/BaseFragment.kt|pppscn|SmsForwarder|BaseFragment.kt|Kotlin|217|143|39
./src/_00/output/Kotlin/pppscn~SmsForwarder/app/src/main/java/com/idormy/sms/forwarder/fragment/senders/SmsFragment.kt|pppscn|SmsForwarder|SmsFragment.kt|Kotlin|216|8|30
./src/_00/output/Kotlin/pppscn~SmsForwarder/app/src/main/res/layout/fragment_tasks_condition_bluetooth.xml|pppscn|SmsForwarder|fragment_tasks_condition_bluetooth.xml|XML|216|0|43
./src/_00/output/Kotlin/pppscn~SmsForwarder/app/src/main/res/layout/fragment_tasks_condition_leave_address.xml|pppscn|SmsForwarder|fragment_tasks_condition_leave_address.xml|XML|212|0|38
./src/_00/output/Kotlin/pppscn~SmsForwarder/app/src/main/res/layout/fragment_tasks_condition_to_address.xml|pppscn|SmsForwarder|fragment_tasks_condition_to_address.xml|XML|212|0|38
./src/_00/output/Kotlin/pppscn~SmsForwarder/app/src/main/java/com/idormy/sms/forwarder/fragment/senders/GotifyFragment.kt|pppscn|SmsForwarder|GotifyFragment.kt|Kotlin|208|6|31
./src/_00/output/Kotlin/pppscn~SmsForwarder/app/src/main/java/com/idormy/sms/forwarder/fragment/senders/WeworkRobotFragment.kt|pppscn|SmsForwarder|WeworkRobotFragment.kt|Kotlin|208|7|26
./src/_00/output/Kotlin/pppscn~SmsForwarder/app/src/main/java/com/idormy/sms/forwarder/fragment/client/WolSendFragment.kt|pppscn|SmsForwarder|WolSendFragment.kt|Kotlin|207|8|27
./src/_00/output/Kotlin/pppscn~SmsForwarder/app/src/main/res/layout/fragment_senders_wework_robot.xml|pppscn|SmsForwarder|fragment_senders_wework_robot.xml|XML|202|0|43
./src/_00/output/Kotlin/pppscn~SmsForwarder/app/src/main/res/layout/fragment_tasks_edit.xml|pppscn|SmsForwarder|fragment_tasks_edit.xml|XML|202|0|45
./src/_00/output/Kotlin/pppscn~SmsForwarder/app/src/main/res/layout/fragment_client_clone.xml|pppscn|SmsForwarder|fragment_client_clone.xml|XML|201|0|40
./src/_00/output/Kotlin/pppscn~SmsForwarder/app/src/main/res/layout/fragment_about.xml|pppscn|SmsForwarder|fragment_about.xml|XML|200|0|35
./src/_00/output/Kotlin/pppscn~SmsForwarder/app/src/main/java/com/idormy/sms/forwarder/utils/mail/PgpUtils.kt|pppscn|SmsForwarder|PgpUtils.kt|Kotlin|199|25|23
./src/_00/output/Kotlin/pppscn~SmsForwarder/app/src/main/java/com/idormy/sms/forwarder/fragment/senders/ServerchanFragment.kt|pppscn|SmsForwarder|ServerchanFragment.kt|Kotlin|197|6|26
./src/_00/output/Kotlin/pppscn~SmsForwarder/app/src/main/res/layout/fragment_tasks_condition_lock_screen.xml|pppscn|SmsForwarder|fragment_tasks_condition_lock_screen.xml|XML|197|0|32
./src/_00/output/Kotlin/pppscn~SmsForwarder/app/src/main/java/com/idormy/sms/forwarder/fragment/FrpcFragment.kt|pppscn|SmsForwarder|FrpcFragment.kt|Kotlin|195|10|26
./src/_00/output/Kotlin/pppscn~SmsForwarder/app/src/main/java/com/idormy/sms/forwarder/utils/mail/SmimeUtils.kt|pppscn|SmsForwarder|SmimeUtils.kt|Kotlin|195|34|23
./src/_00/output/Kotlin/pppscn~SmsForwarder/app/src/main/java/com/idormy/sms/forwarder/fragment/senders/UrlSchemeFragment.kt|pppscn|SmsForwarder|UrlSchemeFragment.kt|Kotlin|192|7|27
./src/_00/output/Kotlin/pppscn~SmsForwarder/app/src/main/res/layout/fragment_client.xml|pppscn|SmsForwarder|fragment_client.xml|XML|191|0|39
./src/_00/output/Kotlin/pppscn~SmsForwarder/app/src/main/java/com/idormy/sms/forwarder/utils/sender/DingtalkInnerRobotUtils.kt|pppscn|SmsForwarder|DingtalkInnerRobotUtils.kt|Kotlin|189|10|33
./src/_00/output/Kotlin/pppscn~SmsForwarder/app/src/main/res/layout/fragment_tasks_action_alarm.xml|pppscn|SmsForwarder|fragment_tasks_action_alarm.xml|XML|186|0|37
./src/_00/output/Kotlin/pppscn~SmsForwarder/app/proguard-rules.pro|pppscn|SmsForwarder|proguard-rules.pro|ProGuard|184|81|46
./src/_00/output/Kotlin/pppscn~SmsForwarder/app/src/main/java/com/idormy/sms/forwarder/fragment/action/SendSmsFragment.kt|pppscn|SmsForwarder|SendSmsFragment.kt|Kotlin|181|7|26
./src/_00/output/Kotlin/pppscn~SmsForwarder/app/src/main/java/com/idormy/sms/forwarder/service/LocationService.kt|pppscn|SmsForwarder|LocationService.kt|Kotlin|181|17|30
./src/_00/output/Kotlin/pppscn~SmsForwarder/app/src/main/java/com/idormy/sms/forwarder/utils/sender/WeworkAgentUtils.kt|pppscn|SmsForwarder|WeworkAgentUtils.kt|Kotlin|180|9|30
./src/_00/output/Kotlin/pppscn~SmsForwarder/app/src/main/java/com/idormy/sms/forwarder/utils/sender/FeishuUtils.kt|pppscn|SmsForwarder|FeishuUtils.kt|Kotlin|175|2|19
./src/_00/output/Kotlin/pppscn~SmsForwarder/app/src/main/java/com/idormy/sms/forwarder/fragment/client/SmsSendFragment.kt|pppscn|SmsForwarder|SmsSendFragment.kt|Kotlin|173|6|24
./src/_00/output/Kotlin/pppscn~SmsForwarder/app/src/main/res/layout/fragment_tasks_condition_network.xml|pppscn|SmsForwarder|fragment_tasks_condition_network.xml|XML|173|0|34
./src/_00/output/Kotlin/pppscn~SmsForwarder/app/src/main/res/values/styles_widget.xml|pppscn|SmsForwarder|styles_widget.xml|XML|172|4|23
./src/_00/output/Kotlin/pppscn~SmsForwarder/app/src/main/res/layout/fragment_senders_gotify.xml|pppscn|SmsForwarder|fragment_senders_gotify.xml|XML|171|0|37
./src/_00/output/Kotlin/pppscn~SmsForwarder/app/src/main/java/com/idormy/sms/forwarder/workers/SendWorker.kt|pppscn|SmsForwarder|SendWorker.kt|Kotlin|170|8|26
./src/_00/output/Kotlin/pppscn~SmsForwarder/app/src/main/res/values-en/styles_widget.xml|pppscn|SmsForwarder|styles_widget.xml|XML|170|4|23
./src/_00/output/Kotlin/pppscn~SmsForwarder/app/src/main/java/com/idormy/sms/forwarder/fragment/client/LocationFragment.kt|pppscn|SmsForwarder|LocationFragment.kt|Kotlin|165|5|24
./src/_00/output/Kotlin/pppscn~SmsForwarder/app/src/main/java/com/idormy/sms/forwarder/utils/tinker/TinkerLoadLibrary.kt|pppscn|SmsForwarder|TinkerLoadLibrary.kt|Kotlin|165|24|7
./src/_00/output/Kotlin/pppscn~SmsForwarder/app/src/main/java/com/idormy/sms/forwarder/utils/tinker/ShareReflectUtil.kt|pppscn|SmsForwarder|ShareReflectUtil.kt|Kotlin|164|65|11
./src/_00/output/Kotlin/pppscn~SmsForwarder/versions.gradle|pppscn|SmsForwarder|versions.gradle|Gradle|164|30|28
./src/_00/output/Kotlin/pppscn~SmsForwarder/app/src/main/java/com/idormy/sms/forwarder/receiver/NetworkChangeReceiver.kt|pppscn|SmsForwarder|NetworkChangeReceiver.kt|Kotlin|160|20|21
./src/_00/output/Kotlin/pppscn~SmsForwarder/app/src/main/java/com/idormy/sms/forwarder/core/BaseSimpleListFragment.kt|pppscn|SmsForwarder|BaseSimpleListFragment.kt|Kotlin|159|109|18
./src/_00/output/Kotlin/pppscn~SmsForwarder/app/src/main/java/com/idormy/sms/forwarder/fragment/client/ContactAddFragment.kt|pppscn|SmsForwarder|ContactAddFragment.kt|Kotlin|157|5|23
./src/_00/output/Kotlin/pppscn~SmsForwarder/app/src/main/java/com/idormy/sms/forwarder/utils/sender/SocketUtils.kt|pppscn|SmsForwarder|SocketUtils.kt|Kotlin|154|8|16
./src/_00/output/Kotlin/pppscn~SmsForwarder/app/src/main/java/com/idormy/sms/forwarder/utils/HttpServerUtils.kt|pppscn|SmsForwarder|HttpServerUtils.kt|Kotlin|153|42|38
./src/_00/output/Kotlin/pppscn~SmsForwarder/app/src/main/res/layout/fragment_senders_sms.xml|pppscn|SmsForwarder|fragment_senders_sms.xml|XML|153|0|35
./src/_00/output/Kotlin/pppscn~SmsForwarder/app/src/main/res/layout/fragment_tasks_condition_battery.xml|pppscn|SmsForwarder|fragment_tasks_condition_battery.xml|XML|152|0|28
./src/_00/output/Kotlin/pppscn~SmsForwarder/app/src/main/java/com/idormy/sms/forwarder/fragment/action/ResendFragment.kt|pppscn|SmsForwarder|ResendFragment.kt|Kotlin|151|5|15
./src/_00/output/Kotlin/pppscn~SmsForwarder/app/src/main/res/layout/fragment_tasks_action_resend.xml|pppscn|SmsForwarder|fragment_tasks_action_resend.xml|XML|151|0|26
./src/_00/output/Kotlin/pppscn~SmsForwarder/app/src/main/java/com/idormy/sms/forwarder/receiver/SmsReceiver.kt|pppscn|SmsForwarder|SmsReceiver.kt|Kotlin|150|22|28
./src/_00/output/Kotlin/pppscn~SmsForwarder/app/src/main/res/layout/adapter_tasks_card_view_list_item.xml|pppscn|SmsForwarder|adapter_tasks_card_view_list_item.xml|XML|150|0|27
./src/_00/output/Kotlin/pppscn~SmsForwarder/app/src/main/res/layout/fragment_senders_serverchan.xml|pppscn|SmsForwarder|fragment_senders_serverchan.xml|XML|150|0|34
./src/_00/output/Kotlin/pppscn~SmsForwarder/app/src/main/java/com/idormy/sms/forwarder/workers/LocationWorker.kt|pppscn|SmsForwarder|LocationWorker.kt|Kotlin|149|10|29
./src/_00/output/Kotlin/pppscn~SmsForwarder/app/src/main/res/layout/fragment_tasks_condition_charge.xml|pppscn|SmsForwarder|fragment_tasks_condition_charge.xml|XML|149|0|31
./src/_00/output/Kotlin/pppscn~SmsForwarder/app/src/main/res/layout/fragment_tasks_action_send_sms.xml|pppscn|SmsForwarder|fragment_tasks_action_send_sms.xml|XML|147|0|29
./src/_00/output/Kotlin/pppscn~SmsForwarder/app/src/main/java/com/idormy/sms/forwarder/fragment/AboutFragment.kt|pppscn|SmsForwarder|AboutFragment.kt|Kotlin|146|4|17
./src/_00/output/Kotlin/pppscn~SmsForwarder/app/src/main/java/com/idormy/sms/forwarder/receiver/BluetoothReceiver.kt|pppscn|SmsForwarder|BluetoothReceiver.kt|Kotlin|145|22|25
./src/_00/output/Kotlin/pppscn~SmsForwarder/app/src/main/java/com/idormy/sms/forwarder/utils/mail/EmailSender.kt|pppscn|SmsForwarder|EmailSender.kt|Kotlin|144|20|10
./src/_00/output/Kotlin/pppscn~SmsForwarder/app/src/main/java/com/idormy/sms/forwarder/workers/NetworkWorker.kt|pppscn|SmsForwarder|NetworkWorker.kt|Kotlin|142|13|22
./src/_00/output/Kotlin/pppscn~SmsForwarder/app/src/main/java/com/idormy/sms/forwarder/widget/GuideTipsDialog.kt|pppscn|SmsForwarder|GuideTipsDialog.kt|Kotlin|141|34|18
./src/_00/output/Kotlin/pppscn~SmsForwarder/app/src/main/java/com/idormy/sms/forwarder/utils/sender/FeishuAppUtils.kt|pppscn|SmsForwarder|FeishuAppUtils.kt|Kotlin|140|5|26
./src/_00/output/Kotlin/pppscn~SmsForwarder/app/src/main/java/com/idormy/sms/forwarder/fragment/FrpcEditFragment.kt|pppscn|SmsForwarder|FrpcEditFragment.kt|Kotlin|139|1|19
./src/_00/output/Kotlin/pppscn~SmsForwarder/app/src/main/java/com/idormy/sms/forwarder/fragment/condition/BatteryFragment.kt|pppscn|SmsForwarder|BatteryFragment.kt|Kotlin|137|4|18
./src/_00/output/Kotlin/pppscn~SmsForwarder/app/src/main/res/values/colors.xml|pppscn|SmsForwarder|colors.xml|XML|136|0|12
./src/_00/output/Kotlin/pppscn~SmsForwarder/app/src/main/java/com/idormy/sms/forwarder/utils/Log.kt|pppscn|SmsForwarder|Log.kt|Kotlin|135|0|26
./src/_00/output/Kotlin/pppscn~SmsForwarder/app/src/main/java/com/idormy/sms/forwarder/utils/sender/TelegramUtils.kt|pppscn|SmsForwarder|TelegramUtils.kt|Kotlin|135|6|18
./src/_00/output/Kotlin/pppscn~SmsForwarder/app/src/main/java/com/idormy/sms/forwarder/fragment/condition/LockScreenFragment.kt|pppscn|SmsForwarder|LockScreenFragment.kt|Kotlin|134|4|16
./src/_00/output/Kotlin/pppscn~SmsForwarder/app/src/main/java/com/idormy/sms/forwarder/utils/sender/BarkUtils.kt|pppscn|SmsForwarder|BarkUtils.kt|Kotlin|134|11|19
./src/_00/output/Kotlin/pppscn~SmsForwarder/app/src/main/java/com/idormy/sms/forwarder/workers/BatteryWorker.kt|pppscn|SmsForwarder|BatteryWorker.kt|Kotlin|132|6|22
./src/_00/output/Kotlin/pppscn~SmsForwarder/app/src/main/java/com/idormy/sms/forwarder/fragment/client/BatteryQueryFragment.kt|pppscn|SmsForwarder|BatteryQueryFragment.kt|Kotlin|131|4|19
./src/_00/output/Kotlin/pppscn~SmsForwarder/gradlew|pppscn|SmsForwarder|gradlew|Bourne Shell|129|22|21
./src/_00/output/Kotlin/pppscn~SmsForwarder/app/src/main/java/com/idormy/sms/forwarder/adapter/base/delegate/XDelegateAdapter.kt|pppscn|SmsForwarder|XDelegateAdapter.kt|Kotlin|128|115|26
./src/_00/output/Kotlin/pppscn~SmsForwarder/app/src/main/res/layout/dialog_guide_tips.xml|pppscn|SmsForwarder|dialog_guide_tips.xml|XML|128|0|22
./src/_00/output/Kotlin/pppscn~SmsForwarder/app/src/main/java/com/idormy/sms/forwarder/fragment/action/CleanerFragment.kt|pppscn|SmsForwarder|CleanerFragment.kt|Kotlin|127|5|15
./src/_00/output/Kotlin/pppscn~SmsForwarder/app/src/main/java/com/idormy/sms/forwarder/adapter/spinner/FrpcSpinnerAdapter.kt|pppscn|SmsForwarder|FrpcSpinnerAdapter.kt|Kotlin|126|27|18
./src/_00/output/Kotlin/pppscn~SmsForwarder/app/src/main/java/com/idormy/sms/forwarder/adapter/spinner/RuleSpinnerAdapter.kt|pppscn|SmsForwarder|RuleSpinnerAdapter.kt|Kotlin|126|23|18
./src/_00/output/Kotlin/pppscn~SmsForwarder/app/src/main/java/com/idormy/sms/forwarder/adapter/spinner/SenderSpinnerAdapter.kt|pppscn|SmsForwarder|SenderSpinnerAdapter.kt|Kotlin|126|23|18
./src/_00/output/Kotlin/pppscn~SmsForwarder/app/src/main/java/com/idormy/sms/forwarder/adapter/spinner/TaskSpinnerAdapter.kt|pppscn|SmsForwarder|TaskSpinnerAdapter.kt|Kotlin|126|23|18
./src/_00/output/Kotlin/pppscn~SmsForwarder/app/src/main/java/com/idormy/sms/forwarder/fragment/RulesFragment.kt|pppscn|SmsForwarder|RulesFragment.kt|Kotlin|126|7|16
./src/_00/output/Kotlin/pppscn~SmsForwarder/app/src/main/java/com/idormy/sms/forwarder/utils/task/TaskUtils.kt|pppscn|SmsForwarder|TaskUtils.kt|Kotlin|125|23|24
./src/_00/output/Kotlin/pppscn~SmsForwarder/app/src/main/res/values/arrays.xml|pppscn|SmsForwarder|arrays.xml|XML|125|7|13
./src/_00/output/Kotlin/pppscn~SmsForwarder/app/src/main/res/layout/fragment_tasks_action_rule.xml|pppscn|SmsForwarder|fragment_tasks_action_rule.xml|XML|123|0|25
./src/_00/output/Kotlin/pppscn~SmsForwarder/app/src/main/res/layout/fragment_tasks_action_sender.xml|pppscn|SmsForwarder|fragment_tasks_action_sender.xml|XML|123|0|25
./src/_00/output/Kotlin/pppscn~SmsForwarder/app/src/main/res/layout/fragment_tasks_action_task.xml|pppscn|SmsForwarder|fragment_tasks_action_task.xml|XML|123|0|25
./src/_00/output/Kotlin/pppscn~SmsForwarder/app/src/main/res/layout/fragment_tasks_action_frpc.xml|pppscn|SmsForwarder|fragment_tasks_action_frpc.xml|XML|121|0|25
./src/_00/output/Kotlin/pppscn~SmsForwarder/app/src/main/java/com/idormy/sms/forwarder/utils/SmsCommandUtils.kt|pppscn|SmsForwarder|SmsCommandUtils.kt|Kotlin|118|6|20
./src/_00/output/Kotlin/pppscn~SmsForwarder/app/src/main/java/com/idormy/sms/forwarder/adapter/spinner/AppListSpinnerAdapter.kt|pppscn|SmsForwarder|AppListSpinnerAdapter.kt|Kotlin|116|23|18
./src/_00/output/Kotlin/pppscn~SmsForwarder/app/src/main/res/layout/adapter_frpcs_card_view_list_item.xml|pppscn|SmsForwarder|adapter_frpcs_card_view_list_item.xml|XML|116|0|19
./src/_00/output/Kotlin/pppscn~SmsForwarder/app/src/main/res/layout/fragment_client_sms_send.xml|pppscn|SmsForwarder|fragment_client_sms_send.xml|XML|116|0|24
./src/_00/output/Kotlin/pppscn~SmsForwarder/app/src/main/res/layout/fragment_client_wol_send.xml|pppscn|SmsForwarder|fragment_client_wol_send.xml|XML|116|0|22
./src/_00/output/Kotlin/pppscn~SmsForwarder/app/src/main/java/com/idormy/sms/forwarder/utils/RandomUtils.kt|pppscn|SmsForwarder|RandomUtils.kt|Kotlin|115|143|17
./src/_00/output/Kotlin/pppscn~SmsForwarder/app/src/main/java/com/idormy/sms/forwarder/fragment/TasksFragment.kt|pppscn|SmsForwarder|TasksFragment.kt|Kotlin|114|8|17
./src/_00/output/Kotlin/pppscn~SmsForwarder/app/src/main/res/layout/item_add_recipient.xml|pppscn|SmsForwarder|item_add_recipient.xml|XML|114|0|18
./src/_00/output/Kotlin/pppscn~SmsForwarder/app/src/main/java/com/idormy/sms/forwarder/adapter/TaskPagingAdapter.kt|pppscn|SmsForwarder|TaskPagingAdapter.kt|Kotlin|113|8|12
./src/_00/output/Kotlin/pppscn~SmsForwarder/app/src/main/java/com/idormy/sms/forwarder/fragment/condition/NetworkFragment.kt|pppscn|SmsForwarder|NetworkFragment.kt|Kotlin|113|4|17
./src/_00/output/Kotlin/pppscn~SmsForwarder/app/src/main/java/com/idormy/sms/forwarder/utils/sender/DingtalkGroupRobotUtils.kt|pppscn|SmsForwarder|DingtalkGroupRobotUtils.kt|Kotlin|112|1|18
./src/_00/output/Kotlin/pppscn~SmsForwarder/app/src/main/java/com/idormy/sms/forwarder/fragment/AppListFragment.kt|pppscn|SmsForwarder|AppListFragment.kt|Kotlin|111|6|14
./src/_00/output/Kotlin/pppscn~SmsForwarder/.github/ISSUE_TEMPLATE/issue_template_bug.yml|pppscn|SmsForwarder|issue_template_bug.yml|YAML|110|0|0
./src/_00/output/Kotlin/pppscn~SmsForwarder/.github/workflows/Weekly_Build.yml|pppscn|SmsForwarder|Weekly_Build.yml|YAML|109|11|8
./src/_00/output/Kotlin/pppscn~SmsForwarder/app/src/main/java/com/idormy/sms/forwarder/adapter/BluetoothRecyclerAdapter.kt|pppscn|SmsForwarder|BluetoothRecyclerAdapter.kt|Kotlin|105|2|15
./src/_00/output/Kotlin/pppscn~SmsForwarder/app/src/main/java/com/idormy/sms/forwarder/utils/XToastUtils.kt|pppscn|SmsForwarder|XToastUtils.kt|Kotlin|103|11|24
./src/_00/output/Kotlin/pppscn~SmsForwarder/app/src/main/res/layout/adapter_call_card_view_list_item.xml|pppscn|SmsForwarder|adapter_call_card_view_list_item.xml|XML|103|0|17
./src/_00/output/Kotlin/pppscn~SmsForwarder/app/src/main/java/com/idormy/sms/forwarder/utils/interceptor/LoggingInterceptor.kt|pppscn|SmsForwarder|LoggingInterceptor.kt|Kotlin|102|15|13
./src/_00/output/Kotlin/pppscn~SmsForwarder/app/src/main/java/com/idormy/sms/forwarder/receiver/CallReceiver.kt|pppscn|SmsForwarder|CallReceiver.kt|Kotlin|101|16|23
./src/_00/output/Kotlin/pppscn~SmsForwarder/app/src/main/java/com/idormy/sms/forwarder/utils/RSACrypt.kt|pppscn|SmsForwarder|RSACrypt.kt|Kotlin|101|68|40
./src/_00/output/Kotlin/pppscn~SmsForwarder/app/src/main/java/com/idormy/sms/forwarder/core/BaseActivity.kt|pppscn|SmsForwarder|BaseActivity.kt|Kotlin|99|64|17
./src/_00/output/Kotlin/pppscn~SmsForwarder/app/src/main/java/com/idormy/sms/forwarder/fragment/LogcatFragment.kt|pppscn|SmsForwarder|LogcatFragment.kt|Kotlin|98|0|12
./src/_00/output/Kotlin/pppscn~SmsForwarder/app/src/main/java/com/idormy/sms/forwarder/fragment/condition/ChargeFragment.kt|pppscn|SmsForwarder|ChargeFragment.kt|Kotlin|98|4|15
./src/_00/output/Kotlin/pppscn~SmsForwarder/app/src/main/java/com/idormy/sms/forwarder/service/NotificationService.kt|pppscn|SmsForwarder|NotificationService.kt|Kotlin|98|12|22
./src/_00/output/Kotlin/pppscn~SmsForwarder/app/src/main/java/com/idormy/sms/forwarder/workers/BluetoothWorker.kt|pppscn|SmsForwarder|BluetoothWorker.kt|Kotlin|98|3|14
./src/_00/output/Kotlin/pppscn~SmsForwarder/app/src/main/java/com/idormy/sms/forwarder/utils/SharedPreference.kt|pppscn|SmsForwarder|SharedPreference.kt|Kotlin|95|22|14
./src/_00/output/Kotlin/pppscn~SmsForwarder/app/src/main/res/layout/fragment_tasks_action_cleaner.xml|pppscn|SmsForwarder|fragment_tasks_action_cleaner.xml|XML|95|0|17
./src/_00/output/Kotlin/pppscn~SmsForwarder/app/src/main/res/layout/fragment_tasks_condition_sim.xml|pppscn|SmsForwarder|fragment_tasks_condition_sim.xml|XML|95|0|20
./src/_00/output/Kotlin/pppscn~SmsForwarder/app/src/main/java/com/idormy/sms/forwarder/adapter/FrpcRecyclerAdapter.kt|pppscn|SmsForwarder|FrpcRecyclerAdapter.kt|Kotlin|94|0|16
./src/_00/output/Kotlin/pppscn~SmsForwarder/app/src/main/java/com/idormy/sms/forwarder/adapter/RuleRecyclerAdapter.kt|pppscn|SmsForwarder|RuleRecyclerAdapter.kt|Kotlin|94|0|16
./src/_00/output/Kotlin/pppscn~SmsForwarder/app/src/main/res/layout/fragment_senders_url_scheme.xml|pppscn|SmsForwarder|fragment_senders_url_scheme.xml|XML|94|0|20
./src/_00/output/Kotlin/pppscn~SmsForwarder/app/src/main/java/com/idormy/sms/forwarder/fragment/condition/SimFragment.kt|pppscn|SmsForwarder|SimFragment.kt|Kotlin|93|4|15
./src/_00/output/Kotlin/pppscn~SmsForwarder/app/src/main/res/layout/adapter_rules_card_view_list_item.xml|pppscn|SmsForwarder|adapter_rules_card_view_list_item.xml|XML|90|0|14
./src/_00/output/Kotlin/pppscn~SmsForwarder/app/src/main/java/com/idormy/sms/forwarder/core/webview/WebViewInterceptDialog.kt|pppscn|SmsForwarder|WebViewInterceptDialog.kt|Kotlin|89|12|11
./src/_00/output/Kotlin/pppscn~SmsForwarder/app/src/main/java/com/idormy/sms/forwarder/adapter/SenderRecyclerAdapter.kt|pppscn|SmsForwarder|SenderRecyclerAdapter.kt|Kotlin|88|0|16
./src/_00/output/Kotlin/pppscn~SmsForwarder/app/src/main/java/com/idormy/sms/forwarder/adapter/TaskRecyclerAdapter.kt|pppscn|SmsForwarder|TaskRecyclerAdapter.kt|Kotlin|88|0|16
./src/_00/output/Kotlin/pppscn~SmsForwarder/app/src/main/java/com/idormy/sms/forwarder/adapter/TaskSettingAdapter.kt|pppscn|SmsForwarder|TaskSettingAdapter.kt|Kotlin|88|0|15
./src/_00/output/Kotlin/pppscn~SmsForwarder/app/src/main/java/com/idormy/sms/forwarder/database/viewmodel/MsgViewModel.kt|pppscn|SmsForwarder|MsgViewModel.kt|Kotlin|88|1|12
./src/_00/output/Kotlin/pppscn~SmsForwarder/app/src/main/res/layout/adapter_sms_card_view_list_item.xml|pppscn|SmsForwarder|adapter_sms_card_view_list_item.xml|XML|86|0|15
./src/_00/output/Kotlin/pppscn~SmsForwarder/app/src/main/java/com/idormy/sms/forwarder/utils/sender/PushplusUtils.kt|pppscn|SmsForwarder|PushplusUtils.kt|Kotlin|84|0|16
./src/_00/output/Kotlin/pppscn~SmsForwarder/app/src/main/java/com/idormy/sms/forwarder/utils/AppUtils.kt|pppscn|SmsForwarder|AppUtils.kt|Kotlin|83|8|13
./src/_00/output/Kotlin/pppscn~SmsForwarder/app/src/main/res/layout/fragment_client_contact_add.xml|pppscn|SmsForwarder|fragment_client_contact_add.xml|XML|83|0|17
./src/_00/output/Kotlin/pppscn~SmsForwarder/app/src/main/java/com/idormy/sms/forwarder/server/component/AppMessageConverter.kt|pppscn|SmsForwarder|AppMessageConverter.kt|Kotlin|82|5|14
./src/_00/output/Kotlin/pppscn~SmsForwarder/app/src/main/java/com/idormy/sms/forwarder/utils/CacheUtils.kt|pppscn|SmsForwarder|CacheUtils.kt|Kotlin|82|20|6
./src/_00/output/Kotlin/pppscn~SmsForwarder/app/src/main/java/com/idormy/sms/forwarder/entity/condition/BluetoothSetting.kt|pppscn|SmsForwarder|BluetoothSetting.kt|Kotlin|80|0|8
./src/_00/output/Kotlin/pppscn~SmsForwarder/app/src/main/java/com/idormy/sms/forwarder/utils/update/XHttpUpdateHttpServiceImpl.kt|pppscn|SmsForwarder|XHttpUpdateHttpServiceImpl.kt|Kotlin|80|6|10
./src/_00/output/Kotlin/pppscn~SmsForwarder/app/src/main/java/com/idormy/sms/forwarder/workers/CronWorker.kt|pppscn|SmsForwarder|CronWorker.kt|Kotlin|80|8|14
./src/_00/output/Kotlin/pppscn~SmsForwarder/app/src/main/java/com/idormy/sms/forwarder/workers/SimWorker.kt|pppscn|SmsForwarder|SimWorker.kt|Kotlin|80|6|12
./src/_00/output/Kotlin/pppscn~SmsForwarder/app/src/main/java/com/idormy/sms/forwarder/utils/RuleLineUtils.kt|pppscn|SmsForwarder|RuleLineUtils.kt|Kotlin|79|16|11
./src/_00/output/Kotlin/pppscn~SmsForwarder/app/src/main/java/com/idormy/sms/forwarder/utils/PlaceholderHelper.kt|pppscn|SmsForwarder|PlaceholderHelper.kt|Kotlin|78|18|9
./src/_00/output/Kotlin/pppscn~SmsForwarder/app/src/main/res/layout/adapter_senders_card_view_list_item.xml|pppscn|SmsForwarder|adapter_senders_card_view_list_item.xml|XML|78|0|11
./src/_00/output/Kotlin/pppscn~SmsForwarder/app/src/main/java/com/idormy/sms/forwarder/core/webview/MiddlewareWebViewClient.kt|pppscn|SmsForwarder|MiddlewareWebViewClient.kt|Kotlin|77|48|8
./src/_00/output/Kotlin/pppscn~SmsForwarder/app/src/main/java/com/idormy/sms/forwarder/utils/HistoryUtils.kt|pppscn|SmsForwarder|HistoryUtils.kt|Kotlin|77|26|12
./src/_00/output/Kotlin/pppscn~SmsForwarder/app/src/main/java/com/idormy/sms/forwarder/utils/sender/WeworkRobotUtils.kt|pppscn|SmsForwarder|WeworkRobotUtils.kt|Kotlin|77|0|16
./src/_00/output/Kotlin/pppscn~SmsForwarder/app/src/main/java/com/idormy/sms/forwarder/workers/LockScreenWorker.kt|pppscn|SmsForwarder|LockScreenWorker.kt|Kotlin|77|3|12
./src/_00/output/Kotlin/pppscn~SmsForwarder/app/src/main/res/layout/adapter_contact_card_view_list_item.xml|pppscn|SmsForwarder|adapter_contact_card_view_list_item.xml|XML|77|0|11
./src/_00/output/Kotlin/pppscn~SmsForwarder/app/src/main/res/layout/adapter_task_setting_item.xml|pppscn|SmsForwarder|adapter_task_setting_item.xml|XML|77|0|12
./src/_00/output/Kotlin/pppscn~SmsForwarder/app/src/main/java/com/idormy/sms/forwarder/receiver/PhoneStateReceiver.kt|pppscn|SmsForwarder|PhoneStateReceiver.kt|Kotlin|76|12|23
./src/_00/output/Kotlin/pppscn~SmsForwarder/app/src/main/java/com/idormy/sms/forwarder/widget/MaterialFooter.kt|pppscn|SmsForwarder|MaterialFooter.kt|Kotlin|75|7|15
./src/_00/output/Kotlin/pppscn~SmsForwarder/app/src/main/res/layout/adapter_task_list_item.xml|pppscn|SmsForwarder|adapter_task_list_item.xml|XML|75|0|12
./src/_00/output/Kotlin/pppscn~SmsForwarder/app/src/main/java/com/idormy/sms/forwarder/utils/Base64.kt|pppscn|SmsForwarder|Base64.kt|Kotlin|74|7|7
./src/_00/output/Kotlin/pppscn~SmsForwarder/app/src/main/java/com/idormy/sms/forwarder/core/webview/AgentWebActivity.kt|pppscn|SmsForwarder|AgentWebActivity.kt|Kotlin|73|14|9
./src/_00/output/Kotlin/pppscn~SmsForwarder/app/src/main/java/com/idormy/sms/forwarder/utils/sender/GotifyUtils.kt|pppscn|SmsForwarder|GotifyUtils.kt|Kotlin|73|1|13
./src/_00/output/Kotlin/pppscn~SmsForwarder/app/src/main/res/layout/dialog_rule_test.xml|pppscn|SmsForwarder|dialog_rule_test.xml|XML|73|0|14
./src/_00/output/Kotlin/pppscn~SmsForwarder/README.md|pppscn|SmsForwarder|README.md|Markdown|72|0|50
./src/_00/output/Kotlin/pppscn~SmsForwarder/app/src/main/java/com/idormy/sms/forwarder/receiver/BatteryReceiver.kt|pppscn|SmsForwarder|BatteryReceiver.kt|Kotlin|72|4|14
./src/_00/output/Kotlin/pppscn~SmsForwarder/app/src/main/java/com/idormy/sms/forwarder/adapter/FrpcPagingAdapter.kt|pppscn|SmsForwarder|FrpcPagingAdapter.kt|Kotlin|71|0|9
./src/_00/output/Kotlin/pppscn~SmsForwarder/app/src/main/java/com/idormy/sms/forwarder/database/entity/LogsDetail.kt|pppscn|SmsForwarder|LogsDetail.kt|Kotlin|71|0|4
./src/_00/output/Kotlin/pppscn~SmsForwarder/app/src/main/java/com/idormy/sms/forwarder/utils/sdkinit/XBasicLibInit.kt|pppscn|SmsForwarder|XBasicLibInit.kt|Kotlin|71|48|14
./src/_00/output/Kotlin/pppscn~SmsForwarder/README_en.md|pppscn|SmsForwarder|README_en.md|Markdown|70|0|48
./src/_00/output/Kotlin/pppscn~SmsForwarder/app/src/main/java/com/idormy/sms/forwarder/core/BaseContainerFragment.kt|pppscn|SmsForwarder|BaseContainerFragment.kt|Kotlin|70|7|10
./src/_00/output/Kotlin/pppscn~SmsForwarder/app/src/main/java/com/idormy/sms/forwarder/entity/condition/ChargeSetting.kt|pppscn|SmsForwarder|ChargeSetting.kt|Kotlin|70|0|10
./src/_00/output/Kotlin/pppscn~SmsForwarder/app/src/main/java/com/idormy/sms/forwarder/adapter/MsgPagingAdapter.kt|pppscn|SmsForwarder|MsgPagingAdapter.kt|Kotlin|68|2|9
./src/_00/output/Kotlin/pppscn~SmsForwarder/app/src/main/java/com/idormy/sms/forwarder/adapter/RulePagingAdapter.kt|pppscn|SmsForwarder|RulePagingAdapter.kt|Kotlin|67|0|9
./src/_00/output/Kotlin/pppscn~SmsForwarder/app/src/main/java/com/idormy/sms/forwarder/utils/sender/UrlSchemeUtils.kt|pppscn|SmsForwarder|UrlSchemeUtils.kt|Kotlin|67|0|9
./src/_00/output/Kotlin/pppscn~SmsForwarder/app/src/main/java/com/idormy/sms/forwarder/utils/sender/ServerchanUtils.kt|pppscn|SmsForwarder|ServerchanUtils.kt|Kotlin|66|0|13
./src/_00/output/Kotlin/pppscn~SmsForwarder/app/src/main/res/layout/adapter_logs_card_view_list_item.xml|pppscn|SmsForwarder|adapter_logs_card_view_list_item.xml|XML|66|0|11
./src/_00/output/Kotlin/pppscn~SmsForwarder/app/src/main/java/com/idormy/sms/forwarder/adapter/menu/DrawerAdapter.kt|pppscn|SmsForwarder|DrawerAdapter.kt|Kotlin|64|0|19
./src/_00/output/Kotlin/pppscn~SmsForwarder/app/src/main/java/com/idormy/sms/forwarder/database/entity/Sender.kt|pppscn|SmsForwarder|Sender.kt|Kotlin|62|0|5
./src/_00/output/Kotlin/pppscn~SmsForwarder/app/src/main/java/com/idormy/sms/forwarder/entity/ImageInfo.kt|pppscn|SmsForwarder|ImageInfo.kt|Kotlin|62|8|18
./src/_00/output/Kotlin/pppscn~SmsForwarder/app/src/main/java/com/idormy/sms/forwarder/utils/SettingUtils.kt|pppscn|SmsForwarder|SettingUtils.kt|Kotlin|61|51|53
./src/_00/output/Kotlin/pppscn~SmsForwarder/app/src/main/res/layout/adapter_bluetooth_list_item.xml|pppscn|SmsForwarder|adapter_bluetooth_list_item.xml|XML|61|0|11
./src/_00/output/Kotlin/pppscn~SmsForwarder/app/src/main/java/com/idormy/sms/forwarder/database/dao/LogsDao.kt|pppscn|SmsForwarder|LogsDao.kt|Kotlin|60|0|15
./src/_00/output/Kotlin/pppscn~SmsForwarder/app/src/main/java/com/idormy/sms/forwarder/entity/condition/NetworkSetting.kt|pppscn|SmsForwarder|NetworkSetting.kt|Kotlin|60|0|5
./src/_00/output/Kotlin/pppscn~SmsForwarder/app/src/main/java/com/idormy/sms/forwarder/utils/sender/SmsUtils.kt|pppscn|SmsForwarder|SmsUtils.kt|Kotlin|60|5|11
./src/_00/output/Kotlin/pppscn~SmsForwarder/app/src/main/res/values-zh-rTW-v21/styles.xml|pppscn|SmsForwarder|styles.xml|XML|60|16|9
./src/_00/output/Kotlin/pppscn~SmsForwarder/app/src/main/java/com/idormy/sms/forwarder/entity/condition/LockScreenSetting.kt|pppscn|SmsForwarder|LockScreenSetting.kt|Kotlin|59|0|9
./src/_00/output/Kotlin/pppscn~SmsForwarder/app/src/main/java/com/idormy/sms/forwarder/service/BluetoothScanService.kt|pppscn|SmsForwarder|BluetoothScanService.kt|Kotlin|59|3|11
./src/_00/output/Kotlin/pppscn~SmsForwarder/gradlew.bat|pppscn|SmsForwarder|gradlew.bat|DOS Batch|59|2|23
./src/_00/output/Kotlin/pppscn~SmsForwarder/app/src/main/java/com/idormy/sms/forwarder/receiver/SimStateReceiver.kt|pppscn|SmsForwarder|SimStateReceiver.kt|Kotlin|58|5|15
./src/_00/output/Kotlin/pppscn~SmsForwarder/app/src/main/java/com/idormy/sms/forwarder/utils/BatteryUtils.kt|pppscn|SmsForwarder|BatteryUtils.kt|Kotlin|58|2|9
./src/_00/output/Kotlin/pppscn~SmsForwarder/app/src/main/java/com/idormy/sms/forwarder/utils/DataProvider.kt|pppscn|SmsForwarder|DataProvider.kt|Kotlin|57|10|7
./src/_00/output/Kotlin/pppscn~SmsForwarder/app/src/main/res/layout/include_toolbar_web.xml|pppscn|SmsForwarder|include_toolbar_web.xml|XML|57|0|10
./src/_00/output/Kotlin/pppscn~SmsForwarder/app/src/main/res/layout/adapter_app_list_item.xml|pppscn|SmsForwarder|adapter_app_list_item.xml|XML|56|5|13
./src/_00/output/Kotlin/pppscn~SmsForwarder/app/src/main/res/values/styles.xml|pppscn|SmsForwarder|styles.xml|XML|55|16|9
./src/_00/output/Kotlin/pppscn~SmsForwarder/app/src/main/java/com/idormy/sms/forwarder/database/entity/Logs.kt|pppscn|SmsForwarder|Logs.kt|Kotlin|53|0|2
./src/_00/output/Kotlin/pppscn~SmsForwarder/app/src/main/java/com/idormy/sms/forwarder/fragment/ServiceProtocolFragment.kt|pppscn|SmsForwarder|ServiceProtocolFragment.kt|Kotlin|53|15|12
./src/_00/output/Kotlin/pppscn~SmsForwarder/app/src/main/java/com/idormy/sms/forwarder/adapter/SenderPagingAdapter.kt|pppscn|SmsForwarder|SenderPagingAdapter.kt|Kotlin|51|0|8
./src/_00/output/Kotlin/pppscn~SmsForwarder/app/src/main/java/com/idormy/sms/forwarder/adapter/base/broccoli/BroccoliSimpleDelegateAdapter.kt|pppscn|SmsForwarder|BroccoliSimpleDelegateAdapter.kt|Kotlin|51|25|10
./src/_00/output/Kotlin/pppscn~SmsForwarder/app/src/main/java/com/idormy/sms/forwarder/server/controller/WolController.kt|pppscn|SmsForwarder|WolController.kt|Kotlin|51|5|14
./src/_00/output/Kotlin/pppscn~SmsForwarder/app/src/main/res/layout/item_spinner_with_icon.xml|pppscn|SmsForwarder|item_spinner_with_icon.xml|XML|51|0|9
./src/_00/output/Kotlin/pppscn~SmsForwarder/app/src/main/res/layout/fragment_client_location.xml|pppscn|SmsForwarder|fragment_client_location.xml|XML|50|0|10
./src/_00/output/Kotlin/pppscn~SmsForwarder/.github/workflows/Release.yml|pppscn|SmsForwarder|Release.yml|YAML|49|7|2
./src/_00/output/Kotlin/pppscn~SmsForwarder/app/src/main/java/com/idormy/sms/forwarder/activity/SplashActivity.kt|pppscn|SmsForwarder|SplashActivity.kt|Kotlin|49|9|8
./src/_00/output/Kotlin/pppscn~SmsForwarder/app/src/main/java/com/idormy/sms/forwarder/server/controller/ContactController.kt|pppscn|SmsForwarder|ContactController.kt|Kotlin|49|6|12
./src/_00/output/Kotlin/pppscn~SmsForwarder/app/src/main/java/com/idormy/sms/forwarder/utils/LocationUtils.kt|pppscn|SmsForwarder|LocationUtils.kt|Kotlin|49|2|9
./src/_00/output/Kotlin/pppscn~SmsForwarder/app/src/main/java/com/idormy/sms/forwarder/utils/sdkinit/XUpdateInit.kt|pppscn|SmsForwarder|XUpdateInit.kt|Kotlin|49|29|5
./src/_00/output/Kotlin/pppscn~SmsForwarder/app/src/main/java/com/idormy/sms/forwarder/utils/SM4Crypt.kt|pppscn|SmsForwarder|SM4Crypt.kt|Kotlin|48|6|8
./src/_00/output/Kotlin/pppscn~SmsForwarder/app/src/main/java/com/idormy/sms/forwarder/utils/sdkinit/UMengInit.kt|pppscn|SmsForwarder|UMengInit.kt|Kotlin|48|33|6
./src/_00/output/Kotlin/pppscn~SmsForwarder/app/src/main/java/com/idormy/sms/forwarder/database/dao/SenderDao.kt|pppscn|SmsForwarder|SenderDao.kt|Kotlin|46|3|17
./src/_00/output/Kotlin/pppscn~SmsForwarder/app/src/main/java/com/idormy/sms/forwarder/server/component/AppExceptionResolver.kt|pppscn|SmsForwarder|AppExceptionResolver.kt|Kotlin|46|4|8
./src/_00/output/Kotlin/pppscn~SmsForwarder/app/src/main/java/com/idormy/sms/forwarder/server/component/LoggerInterceptor.kt|pppscn|SmsForwarder|LoggerInterceptor.kt|Kotlin|46|6|6
./src/_00/output/Kotlin/pppscn~SmsForwarder/app/src/main/java/com/idormy/sms/forwarder/server/controller/SmsController.kt|pppscn|SmsForwarder|SmsController.kt|Kotlin|46|5|10
./src/_00/output/Kotlin/pppscn~SmsForwarder/app/src/main/java/com/idormy/sms/forwarder/service/HttpServerService.kt|pppscn|SmsForwarder|HttpServerService.kt|Kotlin|46|2|14
./src/_00/output/Kotlin/pppscn~SmsForwarder/app/src/main/java/com/idormy/sms/forwarder/utils/KeepAliveUtils.kt|pppscn|SmsForwarder|KeepAliveUtils.kt|Kotlin|46|1|5
./src/_00/output/Kotlin/pppscn~SmsForwarder/app/src/main/res/layout/fragment_app_list.xml|pppscn|SmsForwarder|fragment_app_list.xml|XML|46|0|7
./src/_00/output/Kotlin/pppscn~SmsForwarder/app/src/main/java/com/idormy/sms/forwarder/database/dao/RuleDao.kt|pppscn|SmsForwarder|RuleDao.kt|Kotlin|45|0|16
./src/_00/output/Kotlin/pppscn~SmsForwarder/app/src/main/java/com/idormy/sms/forwarder/database/dao/TaskDao.kt|pppscn|SmsForwarder|TaskDao.kt|Kotlin|45|0|17
./src/_00/output/Kotlin/pppscn~SmsForwarder/app/src/main/java/com/idormy/sms/forwarder/entity/CallInfo.kt|pppscn|SmsForwarder|CallInfo.kt|Kotlin|45|8|5
./src/_00/output/Kotlin/pppscn~SmsForwarder/app/src/main/java/com/idormy/sms/forwarder/adapter/AppListAdapter.kt|pppscn|SmsForwarder|AppListAdapter.kt|Kotlin|44|19|5
./src/_00/output/Kotlin/pppscn~SmsForwarder/app/src/main/java/com/idormy/sms/forwarder/adapter/menu/SimpleItem.kt|pppscn|SmsForwarder|SimpleItem.kt|Kotlin|44|0|10
./src/_00/output/Kotlin/pppscn~SmsForwarder/app/src/main/java/com/idormy/sms/forwarder/core/http/loader/MiniLoadingDialogLoader.kt|pppscn|SmsForwarder|MiniLoadingDialogLoader.kt|Kotlin|44|12|9
./src/_00/output/Kotlin/pppscn~SmsForwarder/app/src/main/java/com/idormy/sms/forwarder/utils/FrpcUtils.kt|pppscn|SmsForwarder|FrpcUtils.kt|Kotlin|44|0|7
./src/_00/output/Kotlin/pppscn~SmsForwarder/app/src/main/java/com/idormy/sms/forwarder/workers/LoadAppListWorker.kt|pppscn|SmsForwarder|LoadAppListWorker.kt|Kotlin|44|0|8
./src/_00/output/Kotlin/pppscn~SmsForwarder/app/src/main/res/layout/fragment_client_call_query.xml|pppscn|SmsForwarder|fragment_client_call_query.xml|XML|44|1|8
./src/_00/output/Kotlin/pppscn~SmsForwarder/app/src/main/res/layout/fragment_client_sms_query.xml|pppscn|SmsForwarder|fragment_client_sms_query.xml|XML|44|1|8
./src/_00/output/Kotlin/pppscn~SmsForwarder/app/src/main/java/com/idormy/sms/forwarder/database/viewmodel/BaseViewModelFactory.kt|pppscn|SmsForwarder|BaseViewModelFactory.kt|Kotlin|43|0|12
./src/_00/output/Kotlin/pppscn~SmsForwarder/app/src/main/java/com/idormy/sms/forwarder/fragment/MarkdownFragment.kt|pppscn|SmsForwarder|MarkdownFragment.kt|Kotlin|43|3|10
./src/_00/output/Kotlin/pppscn~SmsForwarder/app/src/main/java/com/idormy/sms/forwarder/utils/task/CronJobScheduler.kt|pppscn|SmsForwarder|CronJobScheduler.kt|Kotlin|43|1|7
./src/_00/output/Kotlin/pppscn~SmsForwarder/app/src/main/java/com/idormy/sms/forwarder/database/dao/MsgDao.kt|pppscn|SmsForwarder|MsgDao.kt|Kotlin|42|0|14
./src/_00/output/Kotlin/pppscn~SmsForwarder/app/src/main/java/com/idormy/sms/forwarder/receiver/LockScreenReceiver.kt|pppscn|SmsForwarder|LockScreenReceiver.kt|Kotlin|42|1|8
./src/_00/output/Kotlin/pppscn~SmsForwarder/app/src/main/java/com/idormy/sms/forwarder/server/controller/ConfigController.kt|pppscn|SmsForwarder|ConfigController.kt|Kotlin|42|2|7
./src/_00/output/Kotlin/pppscn~SmsForwarder/app/src/main/res/layout/dialog_frpc_save.xml|pppscn|SmsForwarder|dialog_frpc_save.xml|XML|42|0|9
./src/_00/output/Kotlin/pppscn~SmsForwarder/app/src/main/res/values/integers.xml|pppscn|SmsForwarder|integers.xml|XML|42|0|0
./src/_00/output/Kotlin/pppscn~SmsForwarder/app/src/main/java/com/idormy/sms/forwarder/core/webview/LollipopFixedWebView.kt|pppscn|SmsForwarder|LollipopFixedWebView.kt|Kotlin|41|5|6
./src/_00/output/Kotlin/pppscn~SmsForwarder/app/src/main/java/com/idormy/sms/forwarder/entity/condition/BatterySetting.kt|pppscn|SmsForwarder|BatterySetting.kt|Kotlin|41|0|8
./src/_00/output/Kotlin/pppscn~SmsForwarder/app/src/main/res/layout/fragment_tasks.xml|pppscn|SmsForwarder|fragment_tasks.xml|XML|41|1|7
./src/_00/output/Kotlin/pppscn~SmsForwarder/app/src/main/java/com/idormy/sms/forwarder/database/dao/FrpcDao.kt|pppscn|SmsForwarder|FrpcDao.kt|Kotlin|40|4|15
./src/_00/output/Kotlin/pppscn~SmsForwarder/app/src/main/java/com/idormy/sms/forwarder/database/entity/Msg.kt|pppscn|SmsForwarder|Msg.kt|Kotlin|40|1|4
./src/_00/output/Kotlin/pppscn~SmsForwarder/app/src/main/java/com/idormy/sms/forwarder/utils/update/UpdateTipDialog.kt|pppscn|SmsForwarder|UpdateTipDialog.kt|Kotlin|40|13|7
./src/_00/output/Kotlin/pppscn~SmsForwarder/app/src/main/res/layout/fragment_logs.xml|pppscn|SmsForwarder|fragment_logs.xml|XML|40|1|7
./src/_00/output/Kotlin/pppscn~SmsForwarder/app/src/main/res/layout/fragment_rules.xml|pppscn|SmsForwarder|fragment_rules.xml|XML|40|1|7
./src/_00/output/Kotlin/pppscn~SmsForwarder/app/src/main/res/layout/fragment_senders.xml|pppscn|SmsForwarder|fragment_senders.xml|XML|40|1|7
./src/_00/output/Kotlin/pppscn~SmsForwarder/app/src/main/res/layout/item_add_header.xml|pppscn|SmsForwarder|item_add_header.xml|XML|40|0|6
./src/_00/output/Kotlin/pppscn~SmsForwarder/app/src/main/java/com/idormy/sms/forwarder/adapter/spinner/FrpcSpinnerItem.kt|pppscn|SmsForwarder|FrpcSpinnerItem.kt|Kotlin|39|6|10
./src/_00/output/Kotlin/pppscn~SmsForwarder/app/src/main/java/com/idormy/sms/forwarder/adapter/spinner/RuleSpinnerItem.kt|pppscn|SmsForwarder|RuleSpinnerItem.kt|Kotlin|39|1|9
./src/_00/output/Kotlin/pppscn~SmsForwarder/app/src/main/java/com/idormy/sms/forwarder/adapter/spinner/SenderSpinnerItem.kt|pppscn|SmsForwarder|SenderSpinnerItem.kt|Kotlin|39|1|9
./src/_00/output/Kotlin/pppscn~SmsForwarder/app/src/main/java/com/idormy/sms/forwarder/adapter/spinner/TaskSpinnerItem.kt|pppscn|SmsForwarder|TaskSpinnerItem.kt|Kotlin|39|1|9
./src/_00/output/Kotlin/pppscn~SmsForwarder/app/src/main/java/com/idormy/sms/forwarder/workers/UpdateLogsWorker.kt|pppscn|SmsForwarder|UpdateLogsWorker.kt|Kotlin|39|0|5
./src/_00/output/Kotlin/pppscn~SmsForwarder/app/src/main/java/com/idormy/sms/forwarder/adapter/base/broccoli/BroccoliRecyclerAdapter.kt|pppscn|SmsForwarder|BroccoliRecyclerAdapter.kt|Kotlin|38|24|5
./src/_00/output/Kotlin/pppscn~SmsForwarder/app/src/main/java/com/idormy/sms/forwarder/core/SimpleListAdapter.kt|pppscn|SmsForwarder|SimpleListAdapter.kt|Kotlin|38|12|7
./src/_00/output/Kotlin/pppscn~SmsForwarder/app/src/main/res/drawable/img_guide_tip_top.xml|pppscn|SmsForwarder|img_guide_tip_top.xml|XML|38|0|0
./src/_00/output/Kotlin/pppscn~SmsForwarder/app/src/main/res/layout/dialog_task_condition_bottom_sheet.xml|pppscn|SmsForwarder|dialog_task_condition_bottom_sheet.xml|XML|38|0|6
./src/_00/output/Kotlin/pppscn~SmsForwarder/app/src/main/res/layout/item_sender.xml|pppscn|SmsForwarder|item_sender.xml|XML|38|0|6
./src/_00/output/Kotlin/pppscn~SmsForwarder/app/src/main/res/layout/dialog_sender_bottom_sheet.xml|pppscn|SmsForwarder|dialog_sender_bottom_sheet.xml|XML|37|0|6
./src/_00/output/Kotlin/pppscn~SmsForwarder/app/src/main/res/layout/dialog_task_action_bottom_sheet.xml|pppscn|SmsForwarder|dialog_task_action_bottom_sheet.xml|XML|37|0|6
./src/_00/output/Kotlin/pppscn~SmsForwarder/.github/ISSUE_TEMPLATE/issue_template_suggest.yml|pppscn|SmsForwarder|issue_template_suggest.yml|YAML|36|0|0
./src/_00/output/Kotlin/pppscn~SmsForwarder/app/src/main/java/com/idormy/sms/forwarder/database/viewmodel/TaskViewModel.kt|pppscn|SmsForwarder|TaskViewModel.kt|Kotlin|36|2|7
./src/_00/output/Kotlin/pppscn~SmsForwarder/app/src/main/java/com/idormy/sms/forwarder/server/model/ConfigData.kt|pppscn|SmsForwarder|ConfigData.kt|Kotlin|36|0|2
./src/_00/output/Kotlin/pppscn~SmsForwarder/app/src/main/java/com/idormy/sms/forwarder/utils/DrawableUtils.kt|pppscn|SmsForwarder|DrawableUtils.kt|Kotlin|36|16|7
./src/_00/output/Kotlin/pppscn~SmsForwarder/app/src/main/java/com/idormy/sms/forwarder/workers/SendLogicWorker.kt|pppscn|SmsForwarder|SendLogicWorker.kt|Kotlin|36|2|7
./src/_00/output/Kotlin/pppscn~SmsForwarder/app/src/main/java/com/idormy/sms/forwarder/entity/setting/SocketSetting.kt|pppscn|SmsForwarder|SocketSetting.kt|Kotlin|35|0|5
./src/_00/output/Kotlin/pppscn~SmsForwarder/app/x-library.gradle|pppscn|SmsForwarder|x-library.gradle|Gradle|35|26|5
./src/_00/output/Kotlin/pppscn~SmsForwarder/app/src/main/java/com/idormy/sms/forwarder/database/entity/Frpc.kt|pppscn|SmsForwarder|Frpc.kt|Kotlin|34|0|6
./src/_00/output/Kotlin/pppscn~SmsForwarder/app/src/main/java/com/idormy/sms/forwarder/database/viewmodel/FrpcViewModel.kt|pppscn|SmsForwarder|FrpcViewModel.kt|Kotlin|34|0|7
./src/_00/output/Kotlin/pppscn~SmsForwarder/app/src/main/java/com/idormy/sms/forwarder/entity/setting/WebhookSetting.kt|pppscn|SmsForwarder|WebhookSetting.kt|Kotlin|34|0|3
./src/_00/output/Kotlin/pppscn~SmsForwarder/app/src/main/java/com/idormy/sms/forwarder/utils/interceptor/NoContentInterceptor.kt|pppscn|SmsForwarder|NoContentInterceptor.kt|Kotlin|34|12|7
./src/_00/output/Kotlin/pppscn~SmsForwarder/app/src/main/res/layout/fragment_client_contact_query.xml|pppscn|SmsForwarder|fragment_client_contact_query.xml|XML|34|1|7
./src/_00/output/Kotlin/pppscn~SmsForwarder/app/src/main/java/com/idormy/sms/forwarder/core/Core.kt|pppscn|SmsForwarder|Core.kt|Kotlin|33|0|4
./src/_00/output/Kotlin/pppscn~SmsForwarder/app/src/main/java/com/idormy/sms/forwarder/database/entity/Task.kt|pppscn|SmsForwarder|Task.kt|Kotlin|33|0|6
./src/_00/output/Kotlin/pppscn~SmsForwarder/app/src/main/java/com/idormy/sms/forwarder/database/viewmodel/SenderViewModel.kt|pppscn|SmsForwarder|SenderViewModel.kt|Kotlin|33|0|6
./src/_00/output/Kotlin/pppscn~SmsForwarder/app/src/main/java/com/idormy/sms/forwarder/entity/setting/DingtalkInnerRobotSetting.kt|pppscn|SmsForwarder|DingtalkInnerRobotSetting.kt|Kotlin|33|0|4
./src/_00/output/Kotlin/pppscn~SmsForwarder/app/src/main/java/com/idormy/sms/forwarder/database/repository/SenderRepository.kt|pppscn|SmsForwarder|SenderRepository.kt|Kotlin|32|1|15
./src/_00/output/Kotlin/pppscn~SmsForwarder/app/src/main/java/com/idormy/sms/forwarder/server/controller/CloneController.kt|pppscn|SmsForwarder|CloneController.kt|Kotlin|32|2|10
./src/_00/output/Kotlin/pppscn~SmsForwarder/app/src/main/res/layout/fragment_client_battery_query.xml|pppscn|SmsForwarder|fragment_client_battery_query.xml|XML|32|0|7
./src/_00/output/Kotlin/pppscn~SmsForwarder/app/src/main/java/com/idormy/sms/forwarder/core/http/callback/TipProgressLoadingCallBack.kt|pppscn|SmsForwarder|TipProgressLoadingCallBack.kt|Kotlin|31|9|5
./src/_00/output/Kotlin/pppscn~SmsForwarder/app/src/main/java/com/idormy/sms/forwarder/database/repository/LogsRepository.kt|pppscn|SmsForwarder|LogsRepository.kt|Kotlin|31|0|11
./src/_00/output/Kotlin/pppscn~SmsForwarder/app/src/main/java/com/idormy/sms/forwarder/database/viewmodel/RuleViewModel.kt|pppscn|SmsForwarder|RuleViewModel.kt|Kotlin|31|0|6
./src/_00/output/Kotlin/pppscn~SmsForwarder/app/src/main/java/com/idormy/sms/forwarder/entity/condition/SimSetting.kt|pppscn|SmsForwarder|SimSetting.kt|Kotlin|31|0|4
./src/_00/output/Kotlin/pppscn~SmsForwarder/app/src/main/java/com/idormy/sms/forwarder/entity/setting/FeishuAppSetting.kt|pppscn|SmsForwarder|FeishuAppSetting.kt|Kotlin|31|0|4
./src/_00/output/Kotlin/pppscn~SmsForwarder/app/src/main/res/drawable/auto_task_icon_cleaner.xml|pppscn|SmsForwarder|auto_task_icon_cleaner.xml|XML|31|0|0
./src/_00/output/Kotlin/pppscn~SmsForwarder/app/src/main/res/drawable/auto_task_icon_cleaner_grey.xml|pppscn|SmsForwarder|auto_task_icon_cleaner_grey.xml|XML|31|0|0
./src/_00/output/Kotlin/pppscn~SmsForwarder/build.gradle|pppscn|SmsForwarder|build.gradle|Gradle|31|7|4
./src/_00/output/Kotlin/pppscn~SmsForwarder/app/src/main/java/com/idormy/sms/forwarder/database/repository/RuleRepository.kt|pppscn|SmsForwarder|RuleRepository.kt|Kotlin|30|0|14
./src/_00/output/Kotlin/pppscn~SmsForwarder/app/src/main/java/com/idormy/sms/forwarder/receiver/CactusReceiver.kt|pppscn|SmsForwarder|CactusReceiver.kt|Kotlin|30|1|2
./src/_00/output/Kotlin/pppscn~SmsForwarder/app/src/main/res/drawable/ic_edit.xml|pppscn|SmsForwarder|ic_edit.xml|XML|30|0|0
./src/_00/output/Kotlin/pppscn~SmsForwarder/app/src/main/res/layout/activity_main.xml|pppscn|SmsForwarder|activity_main.xml|XML|30|0|5
./src/_00/output/Kotlin/pppscn~SmsForwarder/app/src/main/res/layout/fragment_frpcs.xml|pppscn|SmsForwarder|fragment_frpcs.xml|XML|30|1|6
./src/_00/output/Kotlin/pppscn~SmsForwarder/app/src/main/java/com/idormy/sms/forwarder/core/http/subscriber/TipProgressLoadingSubscriber.kt|pppscn|SmsForwarder|TipProgressLoadingSubscriber.kt|Kotlin|29|9|4
./src/_00/output/Kotlin/pppscn~SmsForwarder/app/src/main/java/com/idormy/sms/forwarder/core/webview/BaseWebViewFragment.kt|pppscn|SmsForwarder|BaseWebViewFragment.kt|Kotlin|29|9|6
./src/_00/output/Kotlin/pppscn~SmsForwarder/app/src/main/java/com/idormy/sms/forwarder/entity/action/SettingsSetting.kt|pppscn|SmsForwarder|SettingsSetting.kt|Kotlin|29|0|9
./src/_00/output/Kotlin/pppscn~SmsForwarder/app/src/main/java/com/idormy/sms/forwarder/core/XPageTransferActivity.kt|pppscn|SmsForwarder|XPageTransferActivity.kt|Kotlin|28|7|4
./src/_00/output/Kotlin/pppscn~SmsForwarder/app/src/main/java/com/idormy/sms/forwarder/entity/SimInfo.kt|pppscn|SmsForwarder|SimInfo.kt|Kotlin|28|7|2
./src/_00/output/Kotlin/pppscn~SmsForwarder/app/src/main/java/com/idormy/sms/forwarder/entity/setting/WeworkAgentSetting.kt|pppscn|SmsForwarder|WeworkAgentSetting.kt|Kotlin|28|0|3
./src/_00/output/Kotlin/pppscn~SmsForwarder/app/src/main/java/com/idormy/sms/forwarder/database/entity/LogsAndRuleAndSender.kt|pppscn|SmsForwarder|LogsAndRuleAndSender.kt|Kotlin|27|0|5
./src/_00/output/Kotlin/pppscn~SmsForwarder/app/src/main/java/com/idormy/sms/forwarder/database/repository/FrpcRepository.kt|pppscn|SmsForwarder|FrpcRepository.kt|Kotlin|27|1|12
./src/_00/output/Kotlin/pppscn~SmsForwarder/app/src/main/java/com/idormy/sms/forwarder/entity/setting/EmailSetting.kt|pppscn|SmsForwarder|EmailSetting.kt|Kotlin|27|0|3
./src/_00/output/Kotlin/pppscn~SmsForwarder/app/src/main/java/com/idormy/sms/forwarder/adapter/base/ItemMoveCallback.kt|pppscn|SmsForwarder|ItemMoveCallback.kt|Kotlin|26|1|7
./src/_00/output/Kotlin/pppscn~SmsForwarder/app/src/main/java/com/idormy/sms/forwarder/entity/setting/TelegramSetting.kt|pppscn|SmsForwarder|TelegramSetting.kt|Kotlin|26|0|4
./src/_00/output/Kotlin/pppscn~SmsForwarder/app/src/main/java/com/idormy/sms/forwarder/server/controller/LocationController.kt|pppscn|SmsForwarder|LocationController.kt|Kotlin|26|1|5
./src/_00/output/Kotlin/pppscn~SmsForwarder/app/src/main/res/layout/fragment_logcat.xml|pppscn|SmsForwarder|fragment_logcat.xml|XML|26|0|4
./src/_00/output/Kotlin/pppscn~SmsForwarder/app/src/main/java/com/idormy/sms/forwarder/database/repository/TaskRepository.kt|pppscn|SmsForwarder|TaskRepository.kt|Kotlin|25|0|14
./src/_00/output/Kotlin/pppscn~SmsForwarder/app/src/main/java/com/idormy/sms/forwarder/entity/BatteryInfo.kt|pppscn|SmsForwarder|BatteryInfo.kt|Kotlin|25|0|2
./src/_00/output/Kotlin/pppscn~SmsForwarder/app/src/main/java/com/idormy/sms/forwarder/entity/SmsInfo.kt|pppscn|SmsForwarder|SmsInfo.kt|Kotlin|25|7|4
./src/_00/output/Kotlin/pppscn~SmsForwarder/app/src/main/res/drawable/ic_bt_imaging.xml|pppscn|SmsForwarder|ic_bt_imaging.xml|XML|25|0|0
./src/_00/output/Kotlin/pppscn~SmsForwarder/app/src/main/java/com/idormy/sms/forwarder/adapter/base/delegate/SimpleDelegateAdapter.kt|pppscn|SmsForwarder|SimpleDelegateAdapter.kt|Kotlin|24|6|7
./src/_00/output/Kotlin/pppscn~SmsForwarder/app/src/main/java/com/idormy/sms/forwarder/core/http/callback/TipCallBack.kt|pppscn|SmsForwarder|TipCallBack.kt|Kotlin|24|9|4
./src/_00/output/Kotlin/pppscn~SmsForwarder/app/src/main/java/com/idormy/sms/forwarder/core/http/subscriber/TipRequestSubscriber.kt|pppscn|SmsForwarder|TipRequestSubscriber.kt|Kotlin|24|9|4
./src/_00/output/Kotlin/pppscn~SmsForwarder/app/src/main/java/com/idormy/sms/forwarder/server/controller/BatteryController.kt|pppscn|SmsForwarder|BatteryController.kt|Kotlin|24|1|6
./src/_00/output/Kotlin/pppscn~SmsForwarder/app/src/main/res/drawable/ic_action_menu.xml|pppscn|SmsForwarder|ic_action_menu.xml|XML|24|0|0
./src/_00/output/Kotlin/pppscn~SmsForwarder/app/src/main/res/drawable/icon_api_sms_query.xml|pppscn|SmsForwarder|icon_api_sms_query.xml|XML|24|0|0
./src/_00/output/Kotlin/pppscn~SmsForwarder/app/src/main/res/layout/fragment_service_protocol.xml|pppscn|SmsForwarder|fragment_service_protocol.xml|XML|24|0|6
./src/_00/output/Kotlin/pppscn~SmsForwarder/app/src/main/res/menu/menu_toolbar_web.xml|pppscn|SmsForwarder|menu_toolbar_web.xml|XML|24|0|3
./src/_00/output/Kotlin/pppscn~SmsForwarder/app/src/main/java/com/idormy/sms/forwarder/core/webview/UIController.kt|pppscn|SmsForwarder|UIController.kt|Kotlin|23|8|4
./src/_00/output/Kotlin/pppscn~SmsForwarder/app/src/main/java/com/idormy/sms/forwarder/entity/CloneInfo.kt|pppscn|SmsForwarder|CloneInfo.kt|Kotlin|23|0|8
./src/_00/output/Kotlin/pppscn~SmsForwarder/app/src/main/java/com/idormy/sms/forwarder/utils/BluetoothUtils.kt|pppscn|SmsForwarder|BluetoothUtils.kt|Kotlin|23|9|6
./src/_00/output/Kotlin/pppscn~SmsForwarder/app/src/main/java/com/idormy/sms/forwarder/utils/update/CustomUpdateFailureListener.kt|pppscn|SmsForwarder|CustomUpdateFailureListener.kt|Kotlin|23|14|2
./src/_00/output/Kotlin/pppscn~SmsForwarder/app/src/main/res/drawable/ic_app.xml|pppscn|SmsForwarder|ic_app.xml|XML|23|0|0
./src/_00/output/Kotlin/pppscn~SmsForwarder/app/src/main/res/drawable/ic_bt_network_pan.xml|pppscn|SmsForwarder|ic_bt_network_pan.xml|XML|23|0|0
./src/_00/output/Kotlin/pppscn~SmsForwarder/app/src/main/java/com/idormy/sms/forwarder/core/http/callback/NoTipCallBack.kt|pppscn|SmsForwarder|NoTipCallBack.kt|Kotlin|22|9|4
./src/_00/output/Kotlin/pppscn~SmsForwarder/app/src/main/java/com/idormy/sms/forwarder/core/http/subscriber/NoTipRequestSubscriber.kt|pppscn|SmsForwarder|NoTipRequestSubscriber.kt|Kotlin|22|9|4
./src/_00/output/Kotlin/pppscn~SmsForwarder/app/src/main/java/com/idormy/sms/forwarder/receiver/BootCompletedReceiver.kt|pppscn|SmsForwarder|BootCompletedReceiver.kt|Kotlin|22|0|7
./src/_00/output/Kotlin/pppscn~SmsForwarder/app/src/main/java/com/idormy/sms/forwarder/server/component/IntegerDefaultAdapter.kt|pppscn|SmsForwarder|IntegerDefaultAdapter.kt|Kotlin|22|0|3
./src/_00/output/Kotlin/pppscn~SmsForwarder/app/src/main/java/com/idormy/sms/forwarder/server/controller/CallController.kt|pppscn|SmsForwarder|CallController.kt|Kotlin|22|1|6
./src/_00/output/Kotlin/pppscn~SmsForwarder/app/src/main/java/com/idormy/sms/forwarder/utils/update/CustomUpdateDownloader.kt|pppscn|SmsForwarder|CustomUpdateDownloader.kt|Kotlin|22|6|3
./src/_00/output/Kotlin/pppscn~SmsForwarder/app/src/main/res/drawable/ic_action_close.xml|pppscn|SmsForwarder|ic_action_close.xml|XML|22|0|0
./src/_00/output/Kotlin/pppscn~SmsForwarder/app/src/main/res/layout/menu_left_drawer.xml|pppscn|SmsForwarder|menu_left_drawer.xml|XML|22|0|5
./src/_00/output/Kotlin/pppscn~SmsForwarder/app/src/main/res/values/dimens.xml|pppscn|SmsForwarder|dimens.xml|XML|22|0|4
./src/_00/output/Kotlin/pppscn~SmsForwarder/app/src/main/java/com/idormy/sms/forwarder/core/http/loader/ProgressLoader.kt|pppscn|SmsForwarder|ProgressLoader.kt|Kotlin|21|19|5
./src/_00/output/Kotlin/pppscn~SmsForwarder/app/src/main/java/com/idormy/sms/forwarder/entity/LocationInfo.kt|pppscn|SmsForwarder|LocationInfo.kt|Kotlin|21|0|4
./src/_00/output/Kotlin/pppscn~SmsForwarder/app/src/main/java/com/idormy/sms/forwarder/server/component/StringDefaultAdapter.kt|pppscn|SmsForwarder|StringDefaultAdapter.kt|Kotlin|21|0|3
./src/_00/output/Kotlin/pppscn~SmsForwarder/app/src/main/res/drawable/ic_delete.xml|pppscn|SmsForwarder|ic_delete.xml|XML|21|0|0
./src/_00/output/Kotlin/pppscn~SmsForwarder/app/src/main/res/drawable/icon_api_sms_send.xml|pppscn|SmsForwarder|icon_api_sms_send.xml|XML|21|0|0
./src/_00/output/Kotlin/pppscn~SmsForwarder/app/src/main/res/layout/layout_widget_item.xml|pppscn|SmsForwarder|layout_widget_item.xml|XML|21|0|3
./src/_00/output/Kotlin/pppscn~SmsForwarder/app/src/main/java/com/idormy/sms/forwarder/adapter/spinner/AppListAdapterItem.kt|pppscn|SmsForwarder|AppListAdapterItem.kt|Kotlin|20|1|5
./src/_00/output/Kotlin/pppscn~SmsForwarder/app/src/main/java/com/idormy/sms/forwarder/entity/ContactInfo.kt|pppscn|SmsForwarder|ContactInfo.kt|Kotlin|20|0|4
./src/_00/output/Kotlin/pppscn~SmsForwarder/app/src/main/java/com/idormy/sms/forwarder/entity/condition/LocationSetting.kt|pppscn|SmsForwarder|LocationSetting.kt|Kotlin|20|0|4
./src/_00/output/Kotlin/pppscn~SmsForwarder/app/src/main/java/com/idormy/sms/forwarder/entity/setting/DingtalkGroupRobotSetting.kt|pppscn|SmsForwarder|DingtalkGroupRobotSetting.kt|Kotlin|20|0|3
./src/_00/output/Kotlin/pppscn~SmsForwarder/app/src/main/res/drawable/auto_task_icon_sim.xml|pppscn|SmsForwarder|auto_task_icon_sim.xml|XML|20|0|0
./src/_00/output/Kotlin/pppscn~SmsForwarder/app/src/main/res/drawable/auto_task_icon_sim_grey.xml|pppscn|SmsForwarder|auto_task_icon_sim_grey.xml|XML|20|0|0
./src/_00/output/Kotlin/pppscn~SmsForwarder/app/src/main/res/drawable/auto_task_icon_sms.xml|pppscn|SmsForwarder|auto_task_icon_sms.xml|XML|20|0|0
./src/_00/output/Kotlin/pppscn~SmsForwarder/app/src/main/res/drawable/xui_config_bg_splash.xml|pppscn|SmsForwarder|xui_config_bg_splash.xml|XML|20|0|2
./src/_00/output/Kotlin/pppscn~SmsForwarder/app/src/main/res/layout/adapter_item_simple_list.xml|pppscn|SmsForwarder|adapter_item_simple_list.xml|XML|20|0|3
./src/_00/output/Kotlin/pppscn~SmsForwarder/app/src/main/res/layout/include_navigation_header.xml|pppscn|SmsForwarder|include_navigation_header.xml|XML|20|0|2
./src/_00/output/Kotlin/pppscn~SmsForwarder/app/src/main/res/layout/menu_item_option.xml|pppscn|SmsForwarder|menu_item_option.xml|XML|20|0|3
./src/_00/output/Kotlin/pppscn~SmsForwarder/app/src/main/java/com/idormy/sms/forwarder/core/webview/WebLayout.kt|pppscn|SmsForwarder|WebLayout.kt|Kotlin|19|6|4
./src/_00/output/Kotlin/pppscn~SmsForwarder/app/src/main/java/com/idormy/sms/forwarder/server/component/AppConfig.kt|pppscn|SmsForwarder|AppConfig.kt|Kotlin|19|10|6
./src/_00/output/Kotlin/pppscn~SmsForwarder/app/src/main/java/com/idormy/sms/forwarder/utils/interceptor/BasicAuthInterceptor.kt|pppscn|SmsForwarder|BasicAuthInterceptor.kt|Kotlin|19|0|5
./src/_00/output/Kotlin/pppscn~SmsForwarder/app/src/main/res/drawable/auto_task_icon_alarm.xml|pppscn|SmsForwarder|auto_task_icon_alarm.xml|XML|19|0|0
./src/_00/output/Kotlin/pppscn~SmsForwarder/app/src/main/res/drawable/auto_task_icon_alarm_grey.xml|pppscn|SmsForwarder|auto_task_icon_alarm_grey.xml|XML|19|0|0
./src/_00/output/Kotlin/pppscn~SmsForwarder/app/src/main/res/drawable/auto_task_icon_frpc.xml|pppscn|SmsForwarder|auto_task_icon_frpc.xml|XML|19|0|0
./src/_00/output/Kotlin/pppscn~SmsForwarder/app/src/main/res/drawable/auto_task_icon_frpc_grey.xml|pppscn|SmsForwarder|auto_task_icon_frpc_grey.xml|XML|19|0|0
./src/_00/output/Kotlin/pppscn~SmsForwarder/app/src/main/res/drawable/auto_task_icon_http_server.xml|pppscn|SmsForwarder|auto_task_icon_http_server.xml|XML|19|0|0
./src/_00/output/Kotlin/pppscn~SmsForwarder/app/src/main/res/drawable/auto_task_icon_http_server_grey.xml|pppscn|SmsForwarder|auto_task_icon_http_server_grey.xml|XML|19|0|0
./src/_00/output/Kotlin/pppscn~SmsForwarder/app/src/main/res/drawable/auto_task_icon_notification.xml|pppscn|SmsForwarder|auto_task_icon_notification.xml|XML|19|0|0
./src/_00/output/Kotlin/pppscn~SmsForwarder/app/src/main/res/drawable/auto_task_icon_notification_grey.xml|pppscn|SmsForwarder|auto_task_icon_notification_grey.xml|XML|19|0|0
./src/_00/output/Kotlin/pppscn~SmsForwarder/app/src/main/res/drawable/auto_task_icon_resend.xml|pppscn|SmsForwarder|auto_task_icon_resend.xml|XML|19|0|0
./src/_00/output/Kotlin/pppscn~SmsForwarder/app/src/main/res/drawable/auto_task_icon_resend_grey.xml|pppscn|SmsForwarder|auto_task_icon_resend_grey.xml|XML|19|0|0
./src/_00/output/Kotlin/pppscn~SmsForwarder/app/src/main/res/drawable/auto_task_icon_rule.xml|pppscn|SmsForwarder|auto_task_icon_rule.xml|XML|19|0|0
./src/_00/output/Kotlin/pppscn~SmsForwarder/app/src/main/res/drawable/auto_task_icon_rule_grey.xml|pppscn|SmsForwarder|auto_task_icon_rule_grey.xml|XML|19|0|0
./src/_00/output/Kotlin/pppscn~SmsForwarder/app/src/main/res/drawable/auto_task_icon_sender.xml|pppscn|SmsForwarder|auto_task_icon_sender.xml|XML|19|0|0
./src/_00/output/Kotlin/pppscn~SmsForwarder/app/src/main/res/drawable/auto_task_icon_sender_grey.xml|pppscn|SmsForwarder|auto_task_icon_sender_grey.xml|XML|19|0|0
./src/_00/output/Kotlin/pppscn~SmsForwarder/app/src/main/res/drawable/auto_task_icon_settings.xml|pppscn|SmsForwarder|auto_task_icon_settings.xml|XML|19|0|0
./src/_00/output/Kotlin/pppscn~SmsForwarder/app/src/main/res/drawable/auto_task_icon_settings_grey.xml|pppscn|SmsForwarder|auto_task_icon_settings_grey.xml|XML|19|0|0
./src/_00/output/Kotlin/pppscn~SmsForwarder/app/src/main/res/drawable/auto_task_icon_task.xml|pppscn|SmsForwarder|auto_task_icon_task.xml|XML|19|0|0
./src/_00/output/Kotlin/pppscn~SmsForwarder/app/src/main/res/drawable/auto_task_icon_task_grey.xml|pppscn|SmsForwarder|auto_task_icon_task_grey.xml|XML|19|0|0
./src/_00/output/Kotlin/pppscn~SmsForwarder/app/src/main/res/drawable/ic_bt_misc_hid.xml|pppscn|SmsForwarder|ic_bt_misc_hid.xml|XML|19|0|0
./src/_00/output/Kotlin/pppscn~SmsForwarder/app/src/main/res/drawable/ic_bt_wristband.xml|pppscn|SmsForwarder|ic_bt_wristband.xml|XML|19|0|0
./src/_00/output/Kotlin/pppscn~SmsForwarder/app/src/main/res/drawable/ic_sim.xml|pppscn|SmsForwarder|ic_sim.xml|XML|19|0|0
./src/_00/output/Kotlin/pppscn~SmsForwarder/app/src/main/java/com/idormy/sms/forwarder/adapter/menu/SpaceItem.kt|pppscn|SmsForwarder|SpaceItem.kt|Kotlin|18|0|6
./src/_00/output/Kotlin/pppscn~SmsForwarder/app/src/main/java/com/idormy/sms/forwarder/entity/setting/FeishuSetting.kt|pppscn|SmsForwarder|FeishuSetting.kt|Kotlin|18|0|3
./src/_00/output/Kotlin/pppscn~SmsForwarder/app/src/main/java/com/idormy/sms/forwarder/entity/setting/WeworkRobotSetting.kt|pppscn|SmsForwarder|WeworkRobotSetting.kt|Kotlin|18|0|3
./src/_00/output/Kotlin/pppscn~SmsForwarder/app/src/main/res/drawable/auto_task_icon_leave_address.xml|pppscn|SmsForwarder|auto_task_icon_leave_address.xml|XML|18|0|0
./src/_00/output/Kotlin/pppscn~SmsForwarder/app/src/main/res/drawable/auto_task_icon_leave_address_grey.xml|pppscn|SmsForwarder|auto_task_icon_leave_address_grey.xml|XML|18|0|0
./src/_00/output/Kotlin/pppscn~SmsForwarder/app/src/main/res/drawable/auto_task_icon_network.xml|pppscn|SmsForwarder|auto_task_icon_network.xml|XML|18|0|0
./src/_00/output/Kotlin/pppscn~SmsForwarder/app/src/main/res/drawable/auto_task_icon_network_grey.xml|pppscn|SmsForwarder|auto_task_icon_network_grey.xml|XML|18|0|0
./src/_00/output/Kotlin/pppscn~SmsForwarder/app/src/main/res/drawable/auto_task_icon_to_address.xml|pppscn|SmsForwarder|auto_task_icon_to_address.xml|XML|18|0|0
./src/_00/output/Kotlin/pppscn~SmsForwarder/app/src/main/res/drawable/auto_task_icon_to_address_grey.xml|pppscn|SmsForwarder|auto_task_icon_to_address_grey.xml|XML|18|0|0
./src/_00/output/Kotlin/pppscn~SmsForwarder/app/src/main/res/drawable/icon_api_battery_query.xml|pppscn|SmsForwarder|icon_api_battery_query.xml|XML|18|0|0
./src/_00/output/Kotlin/pppscn~SmsForwarder/app/src/main/res/drawable/icon_api_call_query.xml|pppscn|SmsForwarder|icon_api_call_query.xml|XML|18|0|0
./src/_00/output/Kotlin/pppscn~SmsForwarder/app/src/main/res/drawable/icon_api_clone.xml|pppscn|SmsForwarder|icon_api_clone.xml|XML|18|0|0
./src/_00/output/Kotlin/pppscn~SmsForwarder/app/src/main/res/drawable/icon_api_wol.xml|pppscn|SmsForwarder|icon_api_wol.xml|XML|18|0|0
./src/_00/output/Kotlin/pppscn~SmsForwarder/app/src/main/assets/tips.json|pppscn|SmsForwarder|tips.json|JSON|17|0|0
./src/_00/output/Kotlin/pppscn~SmsForwarder/app/src/main/res/drawable/ic_bt_bluetooth.xml|pppscn|SmsForwarder|ic_bt_bluetooth.xml|XML|17|0|0
./src/_00/output/Kotlin/pppscn~SmsForwarder/app/src/main/res/layout/item_setting.xml|pppscn|SmsForwarder|item_setting.xml|XML|17|0|2
./src/_00/output/Kotlin/pppscn~SmsForwarder/app/src/main/res/raw/frpc.toml|pppscn|SmsForwarder|frpc.toml|TOML|17|11|2
./src/_00/output/Kotlin/pppscn~SmsForwarder/app/src/main/java/com/idormy/sms/forwarder/adapter/WidgetItemAdapter.kt|pppscn|SmsForwarder|WidgetItemAdapter.kt|Kotlin|16|0|4
./src/_00/output/Kotlin/pppscn~SmsForwarder/app/src/main/java/com/idormy/sms/forwarder/entity/action/HttpServerSetting.kt|pppscn|SmsForwarder|HttpServerSetting.kt|Kotlin|16|0|2
./src/_00/output/Kotlin/pppscn~SmsForwarder/app/src/main/java/com/idormy/sms/forwarder/entity/setting/SmsSetting.kt|pppscn|SmsForwarder|SmsSetting.kt|Kotlin|16|0|3
./src/_00/output/Kotlin/pppscn~SmsForwarder/app/src/main/res/drawable-anydpi-v24/ic_forwarder.xml|pppscn|SmsForwarder|ic_forwarder.xml|XML|16|0|0
./src/_00/output/Kotlin/pppscn~SmsForwarder/app/src/main/res/layout/fragment_frpc_edit.xml|pppscn|SmsForwarder|fragment_frpc_edit.xml|XML|16|0|2
./src/_00/output/Kotlin/pppscn~SmsForwarder/app/src/main/java/com/idormy/sms/forwarder/core/webview/MiddlewareChromeClient.kt|pppscn|SmsForwarder|MiddlewareChromeClient.kt|Kotlin|15|6|3
./src/_00/output/Kotlin/pppscn~SmsForwarder/app/src/main/java/com/idormy/sms/forwarder/entity/TaskSetting.kt|pppscn|SmsForwarder|TaskSetting.kt|Kotlin|15|0|4
./src/_00/output/Kotlin/pppscn~SmsForwarder/app/src/main/java/com/idormy/sms/forwarder/entity/setting/BarkSetting.kt|pppscn|SmsForwarder|BarkSetting.kt|Kotlin|15|11|2
./src/_00/output/Kotlin/pppscn~SmsForwarder/app/src/main/res/drawable-v21/xui_config_bg_splash.xml|pppscn|SmsForwarder|xui_config_bg_splash.xml|XML|15|0|2
./src/_00/output/Kotlin/pppscn~SmsForwarder/app/src/main/res/drawable/ic_bt_cellphone.xml|pppscn|SmsForwarder|ic_bt_cellphone.xml|XML|15|0|0
./src/_00/output/Kotlin/pppscn~SmsForwarder/app/src/main/res/drawable/ic_menu_task.xml|pppscn|SmsForwarder|ic_menu_task.xml|XML|15|0|0
./src/_00/output/Kotlin/pppscn~SmsForwarder/app/src/main/res/drawable/icon_api_location.xml|pppscn|SmsForwarder|icon_api_location.xml|XML|15|0|0
./src/_00/output/Kotlin/pppscn~SmsForwarder/app/src/main/res/drawable/receive_btn.xml|pppscn|SmsForwarder|receive_btn.xml|XML|15|0|1
./src/_00/output/Kotlin/pppscn~SmsForwarder/app/src/main/res/drawable/send_btn.xml|pppscn|SmsForwarder|send_btn.xml|XML|15|0|1
./src/_00/output/Kotlin/pppscn~SmsForwarder/app/src/main/res/layout/fragment_markdown.xml|pppscn|SmsForwarder|fragment_markdown.xml|XML|15|0|4
./src/_00/output/Kotlin/pppscn~SmsForwarder/app/src/main/java/com/idormy/sms/forwarder/database/entity/MsgAndLogs.kt|pppscn|SmsForwarder|MsgAndLogs.kt|Kotlin|14|0|3
./src/_00/output/Kotlin/pppscn~SmsForwarder/app/src/main/java/com/idormy/sms/forwarder/database/entity/RuleAndSender.kt|pppscn|SmsForwarder|RuleAndSender.kt|Kotlin|14|0|3
./src/_00/output/Kotlin/pppscn~SmsForwarder/app/src/main/java/com/idormy/sms/forwarder/database/ext/ConvertersSenderList.kt|pppscn|SmsForwarder|ConvertersSenderList.kt|Kotlin|14|0|4
./src/_00/output/Kotlin/pppscn~SmsForwarder/app/src/main/res/drawable/auto_task_icon_battery.xml|pppscn|SmsForwarder|auto_task_icon_battery.xml|XML|14|0|0
./src/_00/output/Kotlin/pppscn~SmsForwarder/app/src/main/res/drawable/auto_task_icon_battery_grey.xml|pppscn|SmsForwarder|auto_task_icon_battery_grey.xml|XML|14|0|0
./src/_00/output/Kotlin/pppscn~SmsForwarder/app/src/main/res/drawable/auto_task_icon_bluetooth.xml|pppscn|SmsForwarder|auto_task_icon_bluetooth.xml|XML|14|0|0
./src/_00/output/Kotlin/pppscn~SmsForwarder/app/src/main/res/drawable/auto_task_icon_bluetooth_grey.xml|pppscn|SmsForwarder|auto_task_icon_bluetooth_grey.xml|XML|14|0|0
./src/_00/output/Kotlin/pppscn~SmsForwarder/app/src/main/res/drawable/auto_task_icon_charge.xml|pppscn|SmsForwarder|auto_task_icon_charge.xml|XML|14|0|0
./src/_00/output/Kotlin/pppscn~SmsForwarder/app/src/main/res/drawable/auto_task_icon_charge_grey.xml|pppscn|SmsForwarder|auto_task_icon_charge_grey.xml|XML|14|0|0
./src/_00/output/Kotlin/pppscn~SmsForwarder/app/src/main/res/drawable/auto_task_icon_custom_time.xml|pppscn|SmsForwarder|auto_task_icon_custom_time.xml|XML|14|0|0
./src/_00/output/Kotlin/pppscn~SmsForwarder/app/src/main/res/drawable/auto_task_icon_custom_time_grey.xml|pppscn|SmsForwarder|auto_task_icon_custom_time_grey.xml|XML|14|0|0
./src/_00/output/Kotlin/pppscn~SmsForwarder/app/src/main/res/drawable/auto_task_icon_incall.xml|pppscn|SmsForwarder|auto_task_icon_incall.xml|XML|14|0|0
./src/_00/output/Kotlin/pppscn~SmsForwarder/app/src/main/res/drawable/auto_task_icon_incall_grey.xml|pppscn|SmsForwarder|auto_task_icon_incall_grey.xml|XML|14|0|0
./src/_00/output/Kotlin/pppscn~SmsForwarder/app/src/main/res/drawable/auto_task_icon_lock_screen.xml|pppscn|SmsForwarder|auto_task_icon_lock_screen.xml|XML|14|0|0
./src/_00/output/Kotlin/pppscn~SmsForwarder/app/src/main/res/drawable/auto_task_icon_lock_screen_grey.xml|pppscn|SmsForwarder|auto_task_icon_lock_screen_grey.xml|XML|14|0|0
./src/_00/output/Kotlin/pppscn~SmsForwarder/app/src/main/res/drawable/auto_task_icon_sms_grey.xml|pppscn|SmsForwarder|auto_task_icon_sms_grey.xml|XML|14|0|0
./src/_00/output/Kotlin/pppscn~SmsForwarder/app/src/main/res/drawable/auto_task_icon_start_activity.xml|pppscn|SmsForwarder|auto_task_icon_start_activity.xml|XML|14|0|0
./src/_00/output/Kotlin/pppscn~SmsForwarder/app/src/main/res/drawable/auto_task_icon_start_activity_grey.xml|pppscn|SmsForwarder|auto_task_icon_start_activity_grey.xml|XML|14|0|0
./src/_00/output/Kotlin/pppscn~SmsForwarder/app/src/main/res/drawable/ic_bt_headphones.xml|pppscn|SmsForwarder|ic_bt_headphones.xml|XML|14|0|0
./src/_00/output/Kotlin/pppscn~SmsForwarder/app/src/main/res/drawable/ic_bt_headset_hfp.xml|pppscn|SmsForwarder|ic_bt_headset_hfp.xml|XML|14|0|0
./src/_00/output/Kotlin/pppscn~SmsForwarder/app/src/main/res/drawable/ic_bt_laptop.xml|pppscn|SmsForwarder|ic_bt_laptop.xml|XML|14|0|0
./src/_00/output/Kotlin/pppscn~SmsForwarder/app/src/main/java/com/idormy/sms/forwarder/adapter/menu/DrawerItem.kt|pppscn|SmsForwarder|DrawerItem.kt|Kotlin|13|0|6
./src/_00/output/Kotlin/pppscn~SmsForwarder/app/src/main/java/com/idormy/sms/forwarder/core/http/entity/TipInfo.kt|pppscn|SmsForwarder|TipInfo.kt|Kotlin|13|12|2
./src/_00/output/Kotlin/pppscn~SmsForwarder/app/src/main/java/com/idormy/sms/forwarder/database/ext/ConvertersDate.kt|pppscn|SmsForwarder|ConvertersDate.kt|Kotlin|13|0|3
./src/_00/output/Kotlin/pppscn~SmsForwarder/app/src/main/java/com/idormy/sms/forwarder/database/repository/MsgRepository.kt|pppscn|SmsForwarder|MsgRepository.kt|Kotlin|13|0|7
./src/_00/output/Kotlin/pppscn~SmsForwarder/app/src/main/java/com/idormy/sms/forwarder/entity/setting/PushplusSetting.kt|pppscn|SmsForwarder|PushplusSetting.kt|Kotlin|13|0|2
./src/_00/output/Kotlin/pppscn~SmsForwarder/app/src/main/java/com/idormy/sms/forwarder/server/model/CallQueryData.kt|pppscn|SmsForwarder|CallQueryData.kt|Kotlin|13|1|2
./src/_00/output/Kotlin/pppscn~SmsForwarder/app/src/main/java/com/idormy/sms/forwarder/server/model/ContactQueryData.kt|pppscn|SmsForwarder|ContactQueryData.kt|Kotlin|13|0|2
./src/_00/output/Kotlin/pppscn~SmsForwarder/app/src/main/res/drawable/auto_task_icon_location.xml|pppscn|SmsForwarder|auto_task_icon_location.xml|XML|13|0|0
./src/_00/output/Kotlin/pppscn~SmsForwarder/app/src/main/res/drawable/ic_autorun.xml|pppscn|SmsForwarder|ic_autorun.xml|XML|13|0|0
./src/_00/output/Kotlin/pppscn~SmsForwarder/app/src/main/res/drawable/ic_logcat.xml|pppscn|SmsForwarder|ic_logcat.xml|XML|13|0|0
./src/_00/output/Kotlin/pppscn~SmsForwarder/app/src/main/res/drawable/ic_manual.xml|pppscn|SmsForwarder|ic_manual.xml|XML|13|0|0
./src/_00/output/Kotlin/pppscn~SmsForwarder/app/src/main/res/drawable/ic_sim1.xml|pppscn|SmsForwarder|ic_sim1.xml|XML|13|0|0
./src/_00/output/Kotlin/pppscn~SmsForwarder/app/src/main/res/drawable/ic_sim2.xml|pppscn|SmsForwarder|ic_sim2.xml|XML|13|0|0
./src/_00/output/Kotlin/pppscn~SmsForwarder/app/src/main/java/com/idormy/sms/forwarder/adapter/base/delegate/BaseDelegateAdapter.kt|pppscn|SmsForwarder|BaseDelegateAdapter.kt|Kotlin|12|12|3
./src/_00/output/Kotlin/pppscn~SmsForwarder/app/src/main/java/com/idormy/sms/forwarder/core/http/api/ApiService.kt|pppscn|SmsForwarder|ApiService.kt|Kotlin|12|10|2
./src/_00/output/Kotlin/pppscn~SmsForwarder/app/src/main/java/com/idormy/sms/forwarder/entity/result/GotifyResult.kt|pppscn|SmsForwarder|GotifyResult.kt|Kotlin|12|2|1
./src/_00/output/Kotlin/pppscn~SmsForwarder/app/src/main/res/drawable/icon_api_contact_add.xml|pppscn|SmsForwarder|icon_api_contact_add.xml|XML|12|0|0
./src/_00/output/Kotlin/pppscn~SmsForwarder/app/src/main/res/drawable/icon_api_contact_query.xml|pppscn|SmsForwarder|icon_api_contact_query.xml|XML|12|0|0
./src/_00/output/Kotlin/pppscn~SmsForwarder/app/src/main/res/drawable/icon_arrow_right_grey.xml|pppscn|SmsForwarder|icon_arrow_right_grey.xml|XML|12|0|0
./src/_00/output/Kotlin/pppscn~SmsForwarder/app/src/main/res/layout/fragment_pulldown_web.xml|pppscn|SmsForwarder|fragment_pulldown_web.xml|XML|12|0|2
./src/_00/output/Kotlin/pppscn~SmsForwarder/app/src/main/res/xml/backup_descriptor.xml|pppscn|SmsForwarder|backup_descriptor.xml|XML|12|2|0
./src/_00/output/Kotlin/pppscn~SmsForwarder/.github/ISSUE_TEMPLATE/config.yml|pppscn|SmsForwarder|config.yml|YAML|11|1|0
./src/_00/output/Kotlin/pppscn~SmsForwarder/app/src/main/java/com/idormy/sms/forwarder/activity/ClientActivity.kt|pppscn|SmsForwarder|ClientActivity.kt|Kotlin|11|0|3
./src/_00/output/Kotlin/pppscn~SmsForwarder/app/src/main/java/com/idormy/sms/forwarder/activity/TaskActivity.kt|pppscn|SmsForwarder|TaskActivity.kt|Kotlin|11|0|3
./src/_00/output/Kotlin/pppscn~SmsForwarder/app/src/main/java/com/idormy/sms/forwarder/core/http/loader/MiniProgressLoaderFactory.kt|pppscn|SmsForwarder|MiniProgressLoaderFactory.kt|Kotlin|11|6|3
./src/_00/output/Kotlin/pppscn~SmsForwarder/app/src/main/java/com/idormy/sms/forwarder/server/model/SmsQueryData.kt|pppscn|SmsForwarder|SmsQueryData.kt|Kotlin|11|1|2
./src/_00/output/Kotlin/pppscn~SmsForwarder/app/src/main/java/com/idormy/sms/forwarder/server/model/SmsSendData.kt|pppscn|SmsForwarder|SmsSendData.kt|Kotlin|11|0|2
./src/_00/output/Kotlin/pppscn~SmsForwarder/app/src/main/java/com/idormy/sms/forwarder/server/model/WolData.kt|pppscn|SmsForwarder|WolData.kt|Kotlin|11|0|2
./src/_00/output/Kotlin/pppscn~SmsForwarder/app/src/main/res/drawable/auto_task_icon_left_arrow.xml|pppscn|SmsForwarder|auto_task_icon_left_arrow.xml|XML|11|0|0
./src/_00/output/Kotlin/pppscn~SmsForwarder/app/src/main/res/drawable/auto_task_icon_left_arrow_grey.xml|pppscn|SmsForwarder|auto_task_icon_left_arrow_grey.xml|XML|11|0|0
./src/_00/output/Kotlin/pppscn~SmsForwarder/app/src/main/res/drawable/ic_filter.xml|pppscn|SmsForwarder|ic_filter.xml|XML|11|0|0
./src/_00/output/Kotlin/pppscn~SmsForwarder/app/src/main/java/com/idormy/sms/forwarder/utils/update/CustomUpdateParser.kt|pppscn|SmsForwarder|CustomUpdateParser.kt|Kotlin|10|8|2
./src/_00/output/Kotlin/pppscn~SmsForwarder/app/src/main/res/drawable/custom_radio_button_checked.xml|pppscn|SmsForwarder|custom_radio_button_checked.xml|XML|10|0|0
./src/_00/output/Kotlin/pppscn~SmsForwarder/app/src/main/res/drawable/custom_radio_button_unchecked.xml|pppscn|SmsForwarder|custom_radio_button_unchecked.xml|XML|10|0|0
./src/_00/output/Kotlin/pppscn~SmsForwarder/app/src/main/res/drawable/ic_action_back.xml|pppscn|SmsForwarder|ic_action_back.xml|XML|10|0|0
./src/_00/output/Kotlin/pppscn~SmsForwarder/app/src/main/res/drawable/ic_add.xml|pppscn|SmsForwarder|ic_add.xml|XML|10|0|0
./src/_00/output/Kotlin/pppscn~SmsForwarder/app/src/main/res/drawable/ic_copy.xml|pppscn|SmsForwarder|ic_copy.xml|XML|10|0|0
./src/_00/output/Kotlin/pppscn~SmsForwarder/app/src/main/res/drawable/ic_logout.xml|pppscn|SmsForwarder|ic_logout.xml|XML|10|0|0
./src/_00/output/Kotlin/pppscn~SmsForwarder/app/src/main/res/drawable/ic_round_cancel.xml|pppscn|SmsForwarder|ic_round_cancel.xml|XML|10|0|0
./src/_00/output/Kotlin/pppscn~SmsForwarder/app/src/main/res/drawable/ic_round_check.xml|pppscn|SmsForwarder|ic_round_check.xml|XML|10|0|0
./src/_00/output/Kotlin/pppscn~SmsForwarder/app/src/main/res/drawable/ic_round_warning.xml|pppscn|SmsForwarder|ic_round_warning.xml|XML|10|0|0
./src/_00/output/Kotlin/pppscn~SmsForwarder/app/src/main/res/drawable/ic_send_white.xml|pppscn|SmsForwarder|ic_send_white.xml|XML|10|0|0
./src/_00/output/Kotlin/pppscn~SmsForwarder/app/src/main/res/drawable/ic_swap_horiz.xml|pppscn|SmsForwarder|ic_swap_horiz.xml|XML|10|0|0
./src/_00/output/Kotlin/pppscn~SmsForwarder/app/lint.xml|pppscn|SmsForwarder|lint.xml|XML|9|0|0
./src/_00/output/Kotlin/pppscn~SmsForwarder/app/src/main/java/com/idormy/sms/forwarder/database/viewmodel/LogsViewModel.kt|pppscn|SmsForwarder|LogsViewModel.kt|Kotlin|9|14|6
./src/_00/output/Kotlin/pppscn~SmsForwarder/app/src/main/java/com/idormy/sms/forwarder/entity/action/AlarmSetting.kt|pppscn|SmsForwarder|AlarmSetting.kt|Kotlin|9|0|2
./src/_00/output/Kotlin/pppscn~SmsForwarder/app/src/main/java/com/idormy/sms/forwarder/entity/result/FeishuAppResult.kt|pppscn|SmsForwarder|FeishuAppResult.kt|Kotlin|9|2|1
./src/_00/output/Kotlin/pppscn~SmsForwarder/app/src/main/java/com/idormy/sms/forwarder/entity/result/WeworkAgentResult.kt|pppscn|SmsForwarder|WeworkAgentResult.kt|Kotlin|9|2|1
./src/_00/output/Kotlin/pppscn~SmsForwarder/app/src/main/res/drawable/ic_drag.xml|pppscn|SmsForwarder|ic_drag.xml|XML|9|0|0
./src/_00/output/Kotlin/pppscn~SmsForwarder/app/src/main/res/drawable/ic_menu_about.xml|pppscn|SmsForwarder|ic_menu_about.xml|XML|9|0|0
./src/_00/output/Kotlin/pppscn~SmsForwarder/app/src/main/res/drawable/ic_menu_app.xml|pppscn|SmsForwarder|ic_menu_app.xml|XML|9|0|0
./src/_00/output/Kotlin/pppscn~SmsForwarder/app/src/main/res/drawable/ic_menu_client.xml|pppscn|SmsForwarder|ic_menu_client.xml|XML|9|0|0
./src/_00/output/Kotlin/pppscn~SmsForwarder/app/src/main/res/drawable/ic_menu_frpc.xml|pppscn|SmsForwarder|ic_menu_frpc.xml|XML|9|0|0
./src/_00/output/Kotlin/pppscn~SmsForwarder/app/src/main/res/drawable/ic_menu_help.xml|pppscn|SmsForwarder|ic_menu_help.xml|XML|9|0|0
./src/_00/output/Kotlin/pppscn~SmsForwarder/app/src/main/res/drawable/ic_menu_logs.xml|pppscn|SmsForwarder|ic_menu_logs.xml|XML|9|0|0
./src/_00/output/Kotlin/pppscn~SmsForwarder/app/src/main/res/drawable/ic_menu_logs_selected.xml|pppscn|SmsForwarder|ic_menu_logs_selected.xml|XML|9|0|0
./src/_00/output/Kotlin/pppscn~SmsForwarder/app/src/main/res/drawable/ic_menu_notifications_white.xml|pppscn|SmsForwarder|ic_menu_notifications_white.xml|XML|9|0|0
./src/_00/output/Kotlin/pppscn~SmsForwarder/app/src/main/res/drawable/ic_menu_rule.xml|pppscn|SmsForwarder|ic_menu_rule.xml|XML|9|0|0
./src/_00/output/Kotlin/pppscn~SmsForwarder/app/src/main/res/drawable/ic_menu_rule_selected.xml|pppscn|SmsForwarder|ic_menu_rule_selected.xml|XML|9|0|0
./src/_00/output/Kotlin/pppscn~SmsForwarder/app/src/main/res/drawable/ic_menu_send.xml|pppscn|SmsForwarder|ic_menu_send.xml|XML|9|0|0
./src/_00/output/Kotlin/pppscn~SmsForwarder/app/src/main/res/drawable/ic_menu_send_selected.xml|pppscn|SmsForwarder|ic_menu_send_selected.xml|XML|9|0|0
./src/_00/output/Kotlin/pppscn~SmsForwarder/app/src/main/res/drawable/ic_menu_server.xml|pppscn|SmsForwarder|ic_menu_server.xml|XML|9|0|0
./src/_00/output/Kotlin/pppscn~SmsForwarder/app/src/main/res/drawable/ic_menu_settings.xml|pppscn|SmsForwarder|ic_menu_settings.xml|XML|9|0|0
./src/_00/output/Kotlin/pppscn~SmsForwarder/app/src/main/res/drawable/ic_menu_settings_selected.xml|pppscn|SmsForwarder|ic_menu_settings_selected.xml|XML|9|0|0
./src/_00/output/Kotlin/pppscn~SmsForwarder/app/src/main/res/drawable/ic_phone_in.xml|pppscn|SmsForwarder|ic_phone_in.xml|XML|9|0|0
./src/_00/output/Kotlin/pppscn~SmsForwarder/app/src/main/res/drawable/ic_phone_missed.xml|pppscn|SmsForwarder|ic_phone_missed.xml|XML|9|0|0
./src/_00/output/Kotlin/pppscn~SmsForwarder/app/src/main/res/drawable/ic_phone_out.xml|pppscn|SmsForwarder|ic_phone_out.xml|XML|9|0|0
./src/_00/output/Kotlin/pppscn~SmsForwarder/app/src/main/res/drawable/ic_query.xml|pppscn|SmsForwarder|ic_query.xml|XML|9|0|0
./src/_00/output/Kotlin/pppscn~SmsForwarder/app/src/main/res/drawable/ic_refresh.xml|pppscn|SmsForwarder|ic_refresh.xml|XML|9|0|0
./src/_00/output/Kotlin/pppscn~SmsForwarder/app/src/main/res/drawable/ic_reply.xml|pppscn|SmsForwarder|ic_reply.xml|XML|9|0|0
./src/_00/output/Kotlin/pppscn~SmsForwarder/app/src/main/res/drawable/ic_restore.xml|pppscn|SmsForwarder|ic_restore.xml|XML|9|0|0
./src/_00/output/Kotlin/pppscn~SmsForwarder/app/src/main/res/drawable/ic_save.xml|pppscn|SmsForwarder|ic_save.xml|XML|9|0|0
./src/_00/output/Kotlin/pppscn~SmsForwarder/app/src/main/res/drawable/ic_sms.xml|pppscn|SmsForwarder|ic_sms.xml|XML|9|0|0
./src/_00/output/Kotlin/pppscn~SmsForwarder/app/src/main/res/drawable/ic_start.xml|pppscn|SmsForwarder|ic_start.xml|XML|9|0|0
./src/_00/output/Kotlin/pppscn~SmsForwarder/app/src/main/res/drawable/ic_stop.xml|pppscn|SmsForwarder|ic_stop.xml|XML|9|0|0
./src/_00/output/Kotlin/pppscn~SmsForwarder/app/src/main/res/drawable/ic_test.xml|pppscn|SmsForwarder|ic_test.xml|XML|9|0|0
./src/_00/output/Kotlin/pppscn~SmsForwarder/app/src/main/res/layout/fragment_agentweb.xml|pppscn|SmsForwarder|fragment_agentweb.xml|XML|9|0|2
./src/_00/output/Kotlin/pppscn~SmsForwarder/app/src/main/java/com/idormy/sms/forwarder/entity/action/FrpcSetting.kt|pppscn|SmsForwarder|FrpcSetting.kt|Kotlin|8|0|2
./src/_00/output/Kotlin/pppscn~SmsForwarder/app/src/main/java/com/idormy/sms/forwarder/entity/action/RuleSetting.kt|pppscn|SmsForwarder|RuleSetting.kt|Kotlin|8|0|2
./src/_00/output/Kotlin/pppscn~SmsForwarder/app/src/main/java/com/idormy/sms/forwarder/entity/action/SenderSetting.kt|pppscn|SmsForwarder|SenderSetting.kt|Kotlin|8|0|2
./src/_00/output/Kotlin/pppscn~SmsForwarder/app/src/main/java/com/idormy/sms/forwarder/entity/action/SmsSetting.kt|pppscn|SmsForwarder|SmsSetting.kt|Kotlin|8|0|2
./src/_00/output/Kotlin/pppscn~SmsForwarder/app/src/main/java/com/idormy/sms/forwarder/entity/action/TaskActionSetting.kt|pppscn|SmsForwarder|TaskActionSetting.kt|Kotlin|8|0|2
./src/_00/output/Kotlin/pppscn~SmsForwarder/app/src/main/java/com/idormy/sms/forwarder/entity/setting/ServerchanSetting.kt|pppscn|SmsForwarder|ServerchanSetting.kt|Kotlin|8|0|2
./src/_00/output/Kotlin/pppscn~SmsForwarder/app/src/main/java/com/idormy/sms/forwarder/server/model/BaseResponse.kt|pppscn|SmsForwarder|BaseResponse.kt|Kotlin|8|0|1
./src/_00/output/Kotlin/pppscn~SmsForwarder/app/src/main/res/layout/activity_agent_web.xml|pppscn|SmsForwarder|activity_agent_web.xml|XML|8|0|1
./src/_00/output/Kotlin/pppscn~SmsForwarder/app/src/main/java/com/idormy/sms/forwarder/core/http/loader/IProgressLoaderFactory.kt|pppscn|SmsForwarder|IProgressLoaderFactory.kt|Kotlin|7|19|3
./src/_00/output/Kotlin/pppscn~SmsForwarder/app/src/main/java/com/idormy/sms/forwarder/entity/action/ResendSetting.kt|pppscn|SmsForwarder|ResendSetting.kt|Kotlin|7|0|2
./src/_00/output/Kotlin/pppscn~SmsForwarder/app/src/main/java/com/idormy/sms/forwarder/entity/result/PushplusResult.kt|pppscn|SmsForwarder|PushplusResult.kt|Kotlin|7|0|1
./src/_00/output/Kotlin/pppscn~SmsForwarder/app/src/main/java/com/idormy/sms/forwarder/entity/setting/GotifySetting.kt|pppscn|SmsForwarder|GotifySetting.kt|Kotlin|7|0|2
./src/_00/output/Kotlin/pppscn~SmsForwarder/app/src/main/java/com/idormy/sms/forwarder/server/model/EmptyData.kt|pppscn|SmsForwarder|EmptyData.kt|Kotlin|7|0|2
./src/_00/output/Kotlin/pppscn~SmsForwarder/app/src/main/java/com/idormy/sms/forwarder/utils/CactusSave.kt|pppscn|SmsForwarder|CactusSave.kt|Kotlin|7|4|4
./src/_00/output/Kotlin/pppscn~SmsForwarder/app/multiple-channel.gradle|pppscn|SmsForwarder|multiple-channel.gradle|Gradle|6|3|1
./src/_00/output/Kotlin/pppscn~SmsForwarder/app/src/main/java/com/idormy/sms/forwarder/database/ext/Executors.kt|pppscn|SmsForwarder|Executors.kt|Kotlin|6|3|3
./src/_00/output/Kotlin/pppscn~SmsForwarder/app/src/main/java/com/idormy/sms/forwarder/database/ext/LifecyleExt.kt|pppscn|SmsForwarder|LifecyleExt.kt|Kotlin|6|0|2
./src/_00/output/Kotlin/pppscn~SmsForwarder/app/src/main/java/com/idormy/sms/forwarder/entity/action/CleanerSetting.kt|pppscn|SmsForwarder|CleanerSetting.kt|Kotlin|6|0|2
./src/_00/output/Kotlin/pppscn~SmsForwarder/app/src/main/java/com/idormy/sms/forwarder/entity/condition/CronSetting.kt|pppscn|SmsForwarder|CronSetting.kt|Kotlin|6|0|2
./src/_00/output/Kotlin/pppscn~SmsForwarder/app/src/main/java/com/idormy/sms/forwarder/entity/result/BarkResult.kt|pppscn|SmsForwarder|BarkResult.kt|Kotlin|6|0|1
./src/_00/output/Kotlin/pppscn~SmsForwarder/app/src/main/java/com/idormy/sms/forwarder/entity/result/DingtalkInnerRobotResult.kt|pppscn|SmsForwarder|DingtalkInnerRobotResult.kt|Kotlin|6|6|1
./src/_00/output/Kotlin/pppscn~SmsForwarder/app/src/main/java/com/idormy/sms/forwarder/entity/result/FeishuResult.kt|pppscn|SmsForwarder|FeishuResult.kt|Kotlin|6|0|1
./src/_00/output/Kotlin/pppscn~SmsForwarder/app/src/main/java/com/idormy/sms/forwarder/entity/result/SendResponse.kt|pppscn|SmsForwarder|SendResponse.kt|Kotlin|6|0|1
./src/_00/output/Kotlin/pppscn~SmsForwarder/app/src/main/java/com/idormy/sms/forwarder/entity/result/ServerchanResult.kt|pppscn|SmsForwarder|ServerchanResult.kt|Kotlin|6|0|1
./src/_00/output/Kotlin/pppscn~SmsForwarder/app/src/main/java/com/idormy/sms/forwarder/entity/result/TelegramResult.kt|pppscn|SmsForwarder|TelegramResult.kt|Kotlin|6|0|1
./src/_00/output/Kotlin/pppscn~SmsForwarder/app/src/main/java/com/idormy/sms/forwarder/server/model/BaseRequest.kt|pppscn|SmsForwarder|BaseRequest.kt|Kotlin|6|0|1
./src/_00/output/Kotlin/pppscn~SmsForwarder/app/src/main/res/drawable/bg_bottom_sheet.xml|pppscn|SmsForwarder|bg_bottom_sheet.xml|XML|6|0|0
./src/_00/output/Kotlin/pppscn~SmsForwarder/app/src/main/res/drawable/bg_dialog_common_tip_corner_white.xml|pppscn|SmsForwarder|bg_dialog_common_tip_corner_white.xml|XML|6|0|2
./src/_00/output/Kotlin/pppscn~SmsForwarder/app/src/main/res/drawable/selector_icon_tabbar_logs.xml|pppscn|SmsForwarder|selector_icon_tabbar_logs.xml|XML|6|0|0
./src/_00/output/Kotlin/pppscn~SmsForwarder/app/src/main/res/drawable/selector_icon_tabbar_rules.xml|pppscn|SmsForwarder|selector_icon_tabbar_rules.xml|XML|6|0|0
./src/_00/output/Kotlin/pppscn~SmsForwarder/app/src/main/res/drawable/selector_icon_tabbar_senders.xml|pppscn|SmsForwarder|selector_icon_tabbar_senders.xml|XML|6|0|0
./src/_00/output/Kotlin/pppscn~SmsForwarder/app/src/main/res/drawable/selector_icon_tabbar_settings.xml|pppscn|SmsForwarder|selector_icon_tabbar_settings.xml|XML|6|0|0
./src/_00/output/Kotlin/pppscn~SmsForwarder/app/src/main/res/xml/network_security_config.xml|pppscn|SmsForwarder|network_security_config.xml|XML|6|1|0
./src/_00/output/Kotlin/pppscn~SmsForwarder/app/src/main/java/com/idormy/sms/forwarder/core/webview/FragmentKeyDown.kt|pppscn|SmsForwarder|FragmentKeyDown.kt|Kotlin|5|12|2
./src/_00/output/Kotlin/pppscn~SmsForwarder/app/src/main/java/com/idormy/sms/forwarder/entity/result/DingtalkResult.kt|pppscn|SmsForwarder|DingtalkResult.kt|Kotlin|5|0|1
./src/_00/output/Kotlin/pppscn~SmsForwarder/app/src/main/java/com/idormy/sms/forwarder/entity/result/WeworkRobotResult.kt|pppscn|SmsForwarder|WeworkRobotResult.kt|Kotlin|5|0|1
./src/_00/output/Kotlin/pppscn~SmsForwarder/app/src/main/java/com/idormy/sms/forwarder/entity/setting/UrlSchemeSetting.kt|pppscn|SmsForwarder|UrlSchemeSetting.kt|Kotlin|5|0|2
./src/_00/output/Kotlin/pppscn~SmsForwarder/app/src/main/res/color/selector_tab_text_color.xml|pppscn|SmsForwarder|selector_tab_text_color.xml|XML|5|15|1
./src/_00/output/Kotlin/pppscn~SmsForwarder/app/src/main/res/drawable/selector_custom_spinner_bg.xml|pppscn|SmsForwarder|selector_custom_spinner_bg.xml|XML|5|0|0
./src/_00/output/Kotlin/pppscn~SmsForwarder/app/src/main/java/com/idormy/sms/forwarder/database/repository/Listener.kt|pppscn|SmsForwarder|Listener.kt|Kotlin|4|0|1
./src/_00/output/Kotlin/pppscn~SmsForwarder/app/src/main/res/drawable/custom_radio_button.xml|pppscn|SmsForwarder|custom_radio_button.xml|XML|4|0|0
./src/_00/output/Kotlin/pppscn~SmsForwarder/app/src/main/res/drawable/rounded_background.xml|pppscn|SmsForwarder|rounded_background.xml|XML|4|0|0
./src/_00/output/Kotlin/pppscn~SmsForwarder/.github/FUNDING.yml|pppscn|SmsForwarder|FUNDING.yml|YAML|1|1|1
./src/_00/output/Kotlin/pppscn~SmsForwarder/settings.gradle|pppscn|SmsForwarder|settings.gradle|Gradle|1|0|0
