path|owner|project|file|language|code|comment|blank
./src/_00/output/Kotlin/square~leakcanary/shark/shark-android/src/main/java/shark/AndroidReferenceMatchers.kt|square|leakcanary|AndroidReferenceMatchers.kt|Kotlin|1479|83|120
./src/_00/output/Kotlin/square~leakcanary/docs/changelog.md|square|leakcanary|changelog.md|Markdown|1394|0|432
./src/_00/output/Kotlin/square~leakcanary/shark/shark-android/src/main/java/shark/AndroidObjectInspectors.kt|square|leakcanary|AndroidObjectInspectors.kt|Kotlin|916|92|90
./src/_00/output/Kotlin/square~leakcanary/shark/shark-graph/src/main/java/shark/internal/HprofInMemoryIndex.kt|square|leakcanary|HprofInMemoryIndex.kt|Kotlin|683|45|57
./src/_00/output/Kotlin/square~leakcanary/shark/shark-graph/src/main/java/shark/internal/aosp/ByteArrayTimSort.kt|square|leakcanary|ByteArrayTimSort.kt|Kotlin|675|383|30
./src/_00/output/Kotlin/square~leakcanary/shark/shark-cli/src/main/java/shark/Neo4JCommand.kt|square|leakcanary|Neo4JCommand.kt|Kotlin|669|37|57
./src/_00/output/Kotlin/square~leakcanary/plumber/plumber-android-core/src/main/java/leakcanary/AndroidLeakFixes.kt|square|leakcanary|AndroidLeakFixes.kt|Kotlin|575|219|53
./src/_00/output/Kotlin/square~leakcanary/shark/shark-cli/src/main/java/shark/InteractiveCommand.kt|square|leakcanary|InteractiveCommand.kt|Kotlin|562|0|46
./src/_00/output/Kotlin/square~leakcanary/config/detekt-config.yml|square|leakcanary|detekt-config.yml|YAML|519|40|12
./src/_00/output/Kotlin/square~leakcanary/shark/shark/src/test/java/shark/LeakStatusTest.kt|square|leakcanary|LeakStatusTest.kt|Kotlin|491|0|80
./src/_00/output/Kotlin/square~leakcanary/shark/shark/src/test/java/shark/ObjectGrowthDetectorTest.kt|square|leakcanary|ObjectGrowthDetectorTest.kt|Kotlin|461|0|57
./src/_00/output/Kotlin/square~leakcanary/shark/shark/src/main/java/shark/RealLeakTracerFactory.kt|square|leakcanary|RealLeakTracerFactory.kt|Kotlin|450|37|67
./src/_00/output/Kotlin/square~leakcanary/shark/shark-hprof/src/main/java/shark/HprofRecordReader.kt|square|leakcanary|HprofRecordReader.kt|Kotlin|442|47|83
./src/_00/output/Kotlin/square~leakcanary/shark/shark-hprof/src/main/java/shark/HprofWriter.kt|square|leakcanary|HprofWriter.kt|Kotlin|418|24|28
./src/_00/output/Kotlin/square~leakcanary/shark/shark/src/main/java/shark/ObjectGrowthDetector.kt|square|leakcanary|ObjectGrowthDetector.kt|Kotlin|399|57|67
./src/_00/output/Kotlin/square~leakcanary/shark/shark/src/test/java/shark/OpenJdkInstanceRefReadersTest.kt|square|leakcanary|OpenJdkInstanceRefReadersTest.kt|Kotlin|398|0|111
./src/_00/output/Kotlin/square~leakcanary/leakcanary/leakcanary-android-core/src/main/java/leakcanary/internal/HeapDumpTrigger.kt|square|leakcanary|HeapDumpTrigger.kt|Kotlin|368|15|40
./src/_00/output/Kotlin/square~leakcanary/docs/recipes.md|square|leakcanary|recipes.md|Markdown|363|0|117
./src/_00/output/Kotlin/square~leakcanary/leakcanary/leakcanary-android-core/src/main/java/leakcanary/internal/LeakCanaryFileProvider.kt|square|leakcanary|LeakCanaryFileProvider.kt|Kotlin|358|178|56
./src/_00/output/Kotlin/square~leakcanary/shark/shark-hprof-test/src/main/kotlin/shark/HprofWriterHelper.kt|square|leakcanary|HprofWriterHelper.kt|Kotlin|352|1|49
./src/_00/output/Kotlin/square~leakcanary/shark/shark-graph/src/main/java/shark/HprofHeapGraph.kt|square|leakcanary|HprofHeapGraph.kt|Kotlin|344|34|49
./src/_00/output/Kotlin/square~leakcanary/shark/shark-graph/src/main/java/shark/HeapObject.kt|square|leakcanary|HeapObject.kt|Kotlin|317|265|91
./src/_00/output/Kotlin/square~leakcanary/shark/shark/src/test/java/shark/LeakTraceRenderingTest.kt|square|leakcanary|LeakTraceRenderingTest.kt|Kotlin|304|0|35
./src/_00/output/Kotlin/square~leakcanary/leakcanary/leakcanary-android-core/src/main/java/leakcanary/internal/activity/screen/HprofExplorerScreen.kt|square|leakcanary|HprofExplorerScreen.kt|Kotlin|297|0|14
./src/_00/output/Kotlin/square~leakcanary/leakcanary/leakcanary-app/src/main/java/org/leakcanary/screens/LeakScreen.kt|square|leakcanary|LeakScreen.kt|Kotlin|293|10|30
./src/_00/output/Kotlin/square~leakcanary/shark/shark-hprof/src/main/java/shark/StreamingHprofReader.kt|square|leakcanary|StreamingHprofReader.kt|Kotlin|286|23|27
./src/_00/output/Kotlin/square~leakcanary/shark/shark/src/test/java/shark/RetainedSizeTest.kt|square|leakcanary|RetainedSizeTest.kt|Kotlin|286|15|57
./src/_00/output/Kotlin/square~leakcanary/leakcanary/leakcanary-android-release/src/main/java/leakcanary/internal/RealHeapAnalysisJob.kt|square|leakcanary|RealHeapAnalysisJob.kt|Kotlin|282|17|39
./src/_00/output/Kotlin/square~leakcanary/shark/shark/src/main/java/shark/AndroidReferenceReaders.kt|square|leakcanary|AndroidReferenceReaders.kt|Kotlin|278|41|43
./src/_00/output/Kotlin/square~leakcanary/shark/shark-graph/src/main/java/shark/internal/hppc/LongLongScatterMap.kt|square|leakcanary|LongLongScatterMap.kt|Kotlin|267|89|51
./src/_00/output/Kotlin/square~leakcanary/leakcanary/leakcanary-app/src/main/java/org/leakcanary/screens/TreemapLayout.kt|square|leakcanary|TreemapLayout.kt|Kotlin|250|16|28
./src/_00/output/Kotlin/square~leakcanary/leakcanary/leakcanary-android-core/src/main/java/leakcanary/internal/activity/screen/HeapDumpRenderer.kt|square|leakcanary|HeapDumpRenderer.kt|Kotlin|245|9|26
./src/_00/output/Kotlin/square~leakcanary/leakcanary/leakcanary-android-core/src/main/java/leakcanary/internal/DisplayLeakAdapter.kt|square|leakcanary|DisplayLeakAdapter.kt|Kotlin|244|16|38
./src/_00/output/Kotlin/square~leakcanary/shark/shark-android/src/test/java/shark/LegacyHprofTest.kt|square|leakcanary|LegacyHprofTest.kt|Kotlin|243|0|33
./src/_00/output/Kotlin/square~leakcanary/shark/shark/src/main/java/shark/internal/InternalSharedExpanderHelpers.kt|square|leakcanary|InternalSharedExpanderHelpers.kt|Kotlin|243|3|21
./src/_00/output/Kotlin/square~leakcanary/leakcanary/leakcanary-android-core/src/main/java/leakcanary/internal/activity/screen/LeakScreen.kt|square|leakcanary|LeakScreen.kt|Kotlin|238|3|29
./src/_00/output/Kotlin/square~leakcanary/shark/shark-graph/src/main/java/shark/internal/hppc/LongObjectScatterMap.kt|square|leakcanary|LongObjectScatterMap.kt|Kotlin|236|77|43
./src/_00/output/Kotlin/square~leakcanary/shark/shark-hprof/src/main/java/shark/StreamingRecordReaderAdapter.kt|square|leakcanary|StreamingRecordReaderAdapter.kt|Kotlin|235|10|21
./src/_00/output/Kotlin/square~leakcanary/leakcanary/leakcanary-android-core/src/test/java/leakcanary/internal/activity/screen/LeakTraceWrapperTest.kt|square|leakcanary|LeakTraceWrapperTest.kt|Kotlin|225|0|59
./src/_00/output/Kotlin/square~leakcanary/shark/shark-android/src/test/java/shark/HprofIOPerfTest.kt|square|leakcanary|HprofIOPerfTest.kt|Kotlin|225|5|61
./src/_00/output/Kotlin/square~leakcanary/leakcanary/leakcanary-android-core/src/main/java/leakcanary/internal/activity/screen/HeapDumpScreen.kt|square|leakcanary|HeapDumpScreen.kt|Kotlin|218|0|28
./src/_00/output/Kotlin/square~leakcanary/leakcanary/leakcanary-app/src/main/java/org/leakcanary/screens/TreeMapScreen.kt|square|leakcanary|TreeMapScreen.kt|Kotlin|217|17|20
./src/_00/output/Kotlin/square~leakcanary/shark/shark-android/src/test/java/shark/HprofRetainedHeapPerfTest.kt|square|leakcanary|HprofRetainedHeapPerfTest.kt|Kotlin|216|7|44
./src/_00/output/Kotlin/square~leakcanary/shark/shark/src/main/java/shark/PrioritizingShortestPathFinder.kt|square|leakcanary|PrioritizingShortestPathFinder.kt|Kotlin|214|48|36
./src/_00/output/Kotlin/square~leakcanary/docs/upgrading-to-leakcanary-2.0.md|square|leakcanary|upgrading-to-leakcanary-2.0.md|Markdown|213|0|76
./src/_00/output/Kotlin/square~leakcanary/docs/shark.md|square|leakcanary|shark.md|Markdown|212|0|48
./src/_00/output/Kotlin/square~leakcanary/docs/ui-tests.md|square|leakcanary|ui-tests.md|Markdown|209|0|47
./src/_00/output/Kotlin/square~leakcanary/leakcanary/leakcanary-app/src/main/java/org/leakcanary/screens/ClientAppAnalysisScreen.kt|square|leakcanary|ClientAppAnalysisScreen.kt|Kotlin|209|31|21
./src/_00/output/Kotlin/square~leakcanary/shark/shark-cli/src/main/java/shark/SharkCliCommand.kt|square|leakcanary|SharkCliCommand.kt|Kotlin|205|10|28
./src/_00/output/Kotlin/square~leakcanary/leakcanary/leakcanary-android-core/src/main/java/leakcanary/internal/activity/LeakActivity.kt|square|leakcanary|LeakActivity.kt|Kotlin|202|3|27
./src/_00/output/Kotlin/square~leakcanary/leakcanary/leakcanary-android-core/src/main/java/leakcanary/internal/activity/db/LeakTable.kt|square|leakcanary|LeakTable.kt|Kotlin|201|0|18
./src/_00/output/Kotlin/square~leakcanary/docs/fundamentals-fixing-a-memory-leak.md|square|leakcanary|fundamentals-fixing-a-memory-leak.md|Markdown|199|0|51
./src/_00/output/Kotlin/square~leakcanary/shark/shark-graph/src/main/java/shark/internal/hppc/LongScatterSet.kt|square|leakcanary|LongScatterSet.kt|Kotlin|194|59|29
./src/_00/output/Kotlin/square~leakcanary/leakcanary/leakcanary-android-core/src/main/java/leakcanary/internal/DisplayLeakConnectorView.kt|square|leakcanary|DisplayLeakConnectorView.kt|Kotlin|193|18|30
./src/_00/output/Kotlin/square~leakcanary/shark/shark/src/main/java/shark/HeapAnalysis.kt|square|leakcanary|HeapAnalysis.kt|Kotlin|192|72|38
./src/_00/output/Kotlin/square~leakcanary/shark/shark-cli/src/main/java/shark/HeapGrowthCommand.kt|square|leakcanary|HeapGrowthCommand.kt|Kotlin|188|0|31
./src/_00/output/Kotlin/square~leakcanary/leakcanary/leakcanary-android-core/src/main/java/leakcanary/internal/InternalLeakCanary.kt|square|leakcanary|InternalLeakCanary.kt|Kotlin|185|9|39
./src/_00/output/Kotlin/square~leakcanary/leakcanary/leakcanary-android-core/src/main/java/leakcanary/internal/activity/db/HeapAnalysisTable.kt|square|leakcanary|HeapAnalysisTable.kt|Kotlin|185|4|15
./src/_00/output/Kotlin/square~leakcanary/shark/shark-graph/src/test/java/shark/HprofDeobfuscatorTest.kt|square|leakcanary|HprofDeobfuscatorTest.kt|Kotlin|185|0|40
./src/_00/output/Kotlin/square~leakcanary/shark/shark/src/main/java/shark/OpenJdkInstanceRefReaders.kt|square|leakcanary|OpenJdkInstanceRefReaders.kt|Kotlin|180|30|33
./src/_00/output/Kotlin/square~leakcanary/leakcanary/leakcanary-deobfuscation-gradle-plugin/src/test/java/com/squareup/leakcanary/deobfuscation/LeakCanaryLeakDeobfuscationPluginTest.kt|square|leakcanary|LeakCanaryLeakDeobfuscationPluginTest.kt|Kotlin|178|6|35
./src/_00/output/Kotlin/square~leakcanary/shark/shark-graph/src/test/java/shark/HprofWriterTest.kt|square|leakcanary|HprofWriterTest.kt|Kotlin|177|0|20
./src/_00/output/Kotlin/square~leakcanary/leakcanary/leakcanary-android-core/src/main/java/leakcanary/internal/AndroidDebugHeapAnalyzer.kt|square|leakcanary|AndroidDebugHeapAnalyzer.kt|Kotlin|171|9|14
./src/_00/output/Kotlin/square~leakcanary/leakcanary/leakcanary-app/src/main/res/drawable/ic_launcher_background.xml|square|leakcanary|ic_launcher_background.xml|XML|170|0|0
./src/_00/output/Kotlin/square~leakcanary/shark/shark-graph/src/main/java/shark/internal/ClassFieldsReader.kt|square|leakcanary|ClassFieldsReader.kt|Kotlin|170|1|22
./src/_00/output/Kotlin/square~leakcanary/shark/shark/src/main/java/shark/DominatorTree.kt|square|leakcanary|DominatorTree.kt|Kotlin|170|53|26
./src/_00/output/Kotlin/square~leakcanary/shark/shark-graph/src/test/java/shark/SortedBytesMapTest.kt|square|leakcanary|SortedBytesMapTest.kt|Kotlin|169|0|33
./src/_00/output/Kotlin/square~leakcanary/leakcanary/leakcanary-android-core/src/main/java/leakcanary/internal/SquigglySpanRenderer.kt|square|leakcanary|SquigglySpanRenderer.kt|Kotlin|164|15|23
./src/_00/output/Kotlin/square~leakcanary/shark/shark-hprof/src/main/java/shark/HprofDeobfuscator.kt|square|leakcanary|HprofDeobfuscator.kt|Kotlin|164|26|21
./src/_00/output/Kotlin/square~leakcanary/shark/shark/src/test/java/shark/internal/DominatorTreeTest.kt|square|leakcanary|DominatorTreeTest.kt|Kotlin|161|0|44
./src/_00/output/Kotlin/square~leakcanary/shark/shark-graph/src/main/java/shark/internal/UnsortedByteEntries.kt|square|leakcanary|UnsortedByteEntries.kt|Kotlin|160|7|19
./src/_00/output/Kotlin/square~leakcanary/shark/shark/src/test/java/shark/HeapDumps.kt|square|leakcanary|HeapDumps.kt|Kotlin|159|0|16
./src/_00/output/Kotlin/square~leakcanary/leakcanary/leakcanary-android-core/src/main/java/leakcanary/internal/LeakDirectoryProvider.kt|square|leakcanary|LeakDirectoryProvider.kt|Kotlin|157|21|21
./src/_00/output/Kotlin/square~leakcanary/leakcanary/leakcanary-android-instrumentation/src/androidTest/java/leakcanary/LifecycleLeaksTest.kt|square|leakcanary|LifecycleLeaksTest.kt|Kotlin|157|3|27
./src/_00/output/Kotlin/square~leakcanary/leakcanary/leakcanary-android-core/src/main/java/leakcanary/internal/navigation/NavigatingActivity.kt|square|leakcanary|NavigatingActivity.kt|Kotlin|156|3|34
./src/_00/output/Kotlin/square~leakcanary/leakcanary/leakcanary-jvm-test/src/test/java/leakcanary/JvmLiveObjectGrowthDetectorTest.kt|square|leakcanary|JvmLiveObjectGrowthDetectorTest.kt|Kotlin|152|0|45
./src/_00/output/Kotlin/square~leakcanary/shark/shark/src/main/java/shark/HeapAnalyzer.kt|square|leakcanary|HeapAnalyzer.kt|Kotlin|152|38|16
./src/_00/output/Kotlin/square~leakcanary/leakcanary/leakcanary-android-instrumentation/src/androidTest/java/leakcanary/LifecycleTestUtils.kt|square|leakcanary|LifecycleTestUtils.kt|Kotlin|151|0|16
./src/_00/output/Kotlin/square~leakcanary/shark/shark/src/main/java/shark/ObjectDominators.kt|square|leakcanary|ObjectDominators.kt|Kotlin|149|10|17
./src/_00/output/Kotlin/square~leakcanary/leakcanary/leakcanary-app/src/main/java/org/leakcanary/screens/ClientAppAnalysesScreen.kt|square|leakcanary|ClientAppAnalysesScreen.kt|Kotlin|148|5|13
./src/_00/output/Kotlin/square~leakcanary/shark/shark/src/main/java/shark/FieldInstanceReferenceReader.kt|square|leakcanary|FieldInstanceReferenceReader.kt|Kotlin|148|27|16
./src/_00/output/Kotlin/square~leakcanary/docs/releasing.md|square|leakcanary|releasing.md|Markdown|145|0|37
./src/_00/output/Kotlin/square~leakcanary/object-watcher/object-watcher-android-core/src/main/java/leakcanary/ServiceWatcher.kt|square|leakcanary|ServiceWatcher.kt|Kotlin|145|11|24
./src/_00/output/Kotlin/square~leakcanary/leakcanary/leakcanary-android-core/src/main/java/leakcanary/LeakCanary.kt|square|leakcanary|LeakCanary.kt|Kotlin|144|217|36
./src/_00/output/Kotlin/square~leakcanary/docs/fundamentals-how-leakcanary-works.md|square|leakcanary|fundamentals-how-leakcanary-works.md|Markdown|141|0|54
./src/_00/output/Kotlin/square~leakcanary/shark/shark/src/main/java/shark/ApacheHarmonyInstanceRefReaders.kt|square|leakcanary|ApacheHarmonyInstanceRefReaders.kt|Kotlin|141|21|29
./src/_00/output/Kotlin/square~leakcanary/shark/shark/src/test/java/shark/ReferenceMatcherTest.kt|square|leakcanary|ReferenceMatcherTest.kt|Kotlin|141|0|21
./src/_00/output/Kotlin/square~leakcanary/shark/shark-android/src/test/java/shark/LruCacheTuning.kt|square|leakcanary|LruCacheTuning.kt|Kotlin|140|7|16
./src/_00/output/Kotlin/square~leakcanary/shark/shark-hprof/src/main/java/shark/HprofRecord.kt|square|leakcanary|HprofRecord.kt|Kotlin|140|17|20
./src/_00/output/Kotlin/square~leakcanary/leakcanary/leakcanary-android-core/src/main/java/leakcanary/internal/activity/screen/RenderHeapDumpScreen.kt|square|leakcanary|RenderHeapDumpScreen.kt|Kotlin|139|2|11
./src/_00/output/Kotlin/square~leakcanary/leakcanary/leakcanary-android-core/src/androidTest/java/leakcanary/LeakActivityTest.kt|square|leakcanary|LeakActivityTest.kt|Kotlin|135|0|16
./src/_00/output/Kotlin/square~leakcanary/shark/shark/src/test/java/shark/HeapAnalyzerTest.kt|square|leakcanary|HeapAnalyzerTest.kt|Kotlin|131|1|39
./src/_00/output/Kotlin/square~leakcanary/shark/shark/src/main/java/shark/LeakTrace.kt|square|leakcanary|LeakTrace.kt|Kotlin|128|40|19
./src/_00/output/Kotlin/square~leakcanary/build.gradle|square|leakcanary|build.gradle|Gradle|127|31|21
./src/_00/output/Kotlin/square~leakcanary/shark/shark/src/test/java/shark/HeapAnalysisStringRenderingTest.kt|square|leakcanary|HeapAnalysisStringRenderingTest.kt|Kotlin|124|0|15
./src/_00/output/Kotlin/square~leakcanary/leakcanary/leakcanary-android-core/src/main/java/leakcanary/internal/activity/screen/LeakTraceWrapper.kt|square|leakcanary|LeakTraceWrapper.kt|Kotlin|120|19|27
./src/_00/output/Kotlin/square~leakcanary/leakcanary/leakcanary-app/src/main/java/org/leakcanary/util/LeakTraceWrapper.kt|square|leakcanary|LeakTraceWrapper.kt|Kotlin|120|19|27
./src/_00/output/Kotlin/square~leakcanary/leakcanary/leakcanary-deobfuscation-gradle-plugin/src/main/java/com/squareup/leakcanary/deobfuscation/LeakCanaryLeakDeobfuscationPlugin.kt|square|leakcanary|LeakCanaryLeakDeobfuscationPlugin.kt|Kotlin|120|17|17
./src/_00/output/Kotlin/square~leakcanary/shark/shark-graph/src/test/java/shark/JvmHprofParsingTest.kt|square|leakcanary|JvmHprofParsingTest.kt|Kotlin|119|1|34
./src/_00/output/Kotlin/square~leakcanary/shark/shark-android/src/test/java/shark/AndroidResourceIdNamesTest.kt|square|leakcanary|AndroidResourceIdNamesTest.kt|Kotlin|118|0|27
./src/_00/output/Kotlin/square~leakcanary/.github/workflows/main.yml|square|leakcanary|main.yml|YAML|117|7|5
./src/_00/output/Kotlin/square~leakcanary/shark/shark/src/main/java/shark/internal/ReferencePathNode.kt|square|leakcanary|ReferencePathNode.kt|Kotlin|112|5|8
./src/_00/output/Kotlin/square~leakcanary/docs/leakcanary-for-releases.md|square|leakcanary|leakcanary-for-releases.md|Markdown|111|0|23
./src/_00/output/Kotlin/square~leakcanary/leakcanary/leakcanary-app/src/main/java/org/leakcanary/data/HeapRepository.kt|square|leakcanary|HeapRepository.kt|Kotlin|111|2|9
./src/_00/output/Kotlin/square~leakcanary/shark/shark/src/main/java/shark/ObjectInspectors.kt|square|leakcanary|ObjectInspectors.kt|Kotlin|111|29|15
./src/_00/output/Kotlin/square~leakcanary/leakcanary/leakcanary-android-core/src/main/java/leakcanary/internal/Notifications.kt|square|leakcanary|Notifications.kt|Kotlin|110|19|11
./src/_00/output/Kotlin/square~leakcanary/shark/shark-android/src/test/java/shark/AndroidReferenceMatcher_XIAMI__RESOURCES_IMPL_Test.kt|square|leakcanary|AndroidReferenceMatcher_XIAMI__RESOURCES_IMPL_Test.kt|Kotlin|110|29|18
./src/_00/output/Kotlin/square~leakcanary/leakcanary/leakcanary-android-core/src/main/java/leakcanary/internal/activity/screen/HeapAnalysisFailureScreen.kt|square|leakcanary|HeapAnalysisFailureScreen.kt|Kotlin|109|0|9
./src/_00/output/Kotlin/square~leakcanary/shark/shark/src/main/java/shark/ShortestPathObjectNode.kt|square|leakcanary|ShortestPathObjectNode.kt|Kotlin|109|18|18
./src/_00/output/Kotlin/square~leakcanary/leakcanary/leakcanary-android-core/src/main/java/leakcanary/internal/activity/db/LeaksDbHelper.kt|square|leakcanary|LeaksDbHelper.kt|Kotlin|108|5|9
./src/_00/output/Kotlin/square~leakcanary/leakcanary/leakcanary-android-core/src/androidTest/java/leakcanary/DatabaseMigrationTest.kt|square|leakcanary|DatabaseMigrationTest.kt|Kotlin|107|0|16
./src/_00/output/Kotlin/square~leakcanary/plumber/plumber-android-core/src/main/java/leakcanary/internal/ReferenceCleaner.kt|square|leakcanary|ReferenceCleaner.kt|Kotlin|107|9|6
./src/_00/output/Kotlin/square~leakcanary/shark/shark-android/src/main/java/shark/AndroidMetadataExtractor.kt|square|leakcanary|AndroidMetadataExtractor.kt|Kotlin|107|1|19
./src/_00/output/Kotlin/square~leakcanary/object-watcher/object-watcher/src/main/java/leakcanary/ReferenceQueueRetainedObjectTracker.kt|square|leakcanary|ReferenceQueueRetainedObjectTracker.kt|Kotlin|106|33|18
./src/_00/output/Kotlin/square~leakcanary/plumber/plumber-android-core/src/main/java/leakcanary/FixedWindowCallback.java|square|leakcanary|FixedWindowCallback.java|Java|106|6|29
./src/_00/output/Kotlin/square~leakcanary/leakcanary/leakcanary-android-core/src/main/res/layout/leak_canary_leak_activity.xml|square|leakcanary|leak_canary_leak_activity.xml|XML|105|0|6
./src/_00/output/Kotlin/square~leakcanary/samples/leakcanary-android-sample/src/main/java/com/example/leakcanary/MainActivity.kt|square|leakcanary|MainActivity.kt|Kotlin|105|19|7
./src/_00/output/Kotlin/square~leakcanary/shark/shark/src/main/java/shark/MatchingGcRootProvider.kt|square|leakcanary|MatchingGcRootProvider.kt|Kotlin|105|27|7
./src/_00/output/Kotlin/square~leakcanary/leakcanary/leakcanary-android-core/src/main/java/leakcanary/LeakCanaryAndroidInternalUtils.kt|square|leakcanary|LeakCanaryAndroidInternalUtils.kt|Kotlin|104|6|19
./src/_00/output/Kotlin/square~leakcanary/shark/shark-cli/src/main/java/shark/DumpProcessCommand.kt|square|leakcanary|DumpProcessCommand.kt|Kotlin|104|1|22
./src/_00/output/Kotlin/square~leakcanary/leakcanary/leakcanary-android-instrumentation/src/main/java/leakcanary/AndroidDetectLeaksAssert.kt|square|leakcanary|AndroidDetectLeaksAssert.kt|Kotlin|102|13|13
./src/_00/output/Kotlin/square~leakcanary/leakcanary/leakcanary-android-core/src/main/java/leakcanary/internal/activity/screen/HeapDumpsScreen.kt|square|leakcanary|HeapDumpsScreen.kt|Kotlin|100|1|16
./src/_00/output/Kotlin/square~leakcanary/docs/snippets/bugsnag-uploader.md|square|leakcanary|bugsnag-uploader.md|Markdown|99|0|9
./src/_00/output/Kotlin/square~leakcanary/gradlew|square|leakcanary|gradlew|Bourne Shell|99|108|27
./src/_00/output/Kotlin/square~leakcanary/leakcanary/leakcanary-android-core/src/main/java/leakcanary/internal/activity/LeakViews.kt|square|leakcanary|LeakViews.kt|Kotlin|99|4|8
./src/_00/output/Kotlin/square~leakcanary/shark/shark-graph/src/main/java/shark/internal/FieldValuesReader.kt|square|leakcanary|FieldValuesReader.kt|Kotlin|97|1|14
./src/_00/output/Kotlin/square~leakcanary/shark/shark/src/main/java/shark/JdkReferenceMatchers.kt|square|leakcanary|JdkReferenceMatchers.kt|Kotlin|95|18|10
./src/_00/output/Kotlin/square~leakcanary/leakcanary/leakcanary-android-release/src/main/java/leakcanary/ProcessInfo.kt|square|leakcanary|ProcessInfo.kt|Kotlin|94|5|21
./src/_00/output/Kotlin/square~leakcanary/shark/shark-hprof/src/main/java/shark/HprofPrimitiveArrayStripper.kt|square|leakcanary|HprofPrimitiveArrayStripper.kt|Kotlin|93|19|4
./src/_00/output/Kotlin/square~leakcanary/leakcanary/leakcanary-app/src/main/java/org/leakcanary/screens/BackStackViewModel.kt|square|leakcanary|BackStackViewModel.kt|Kotlin|92|7|25
./src/_00/output/Kotlin/square~leakcanary/samples/leakcanary-android-sample/src/debug/java/com/example/leakcanary/ExampleSetup.kt|square|leakcanary|ExampleSetup.kt|Kotlin|92|14|24
./src/_00/output/Kotlin/square~leakcanary/leakcanary/leakcanary-android-core/src/main/res/values/leak_canary_strings.xml|square|leakcanary|leak_canary_strings.xml|XML|90|15|0
./src/_00/output/Kotlin/square~leakcanary/shark/shark-graph/src/test/java/shark/LongScatterSetTest.kt|square|leakcanary|LongScatterSetTest.kt|Kotlin|90|12|34
./src/_00/output/Kotlin/square~leakcanary/mkdocs.yml|square|leakcanary|mkdocs.yml|YAML|89|1|8
./src/_00/output/Kotlin/square~leakcanary/leakcanary/leakcanary-android-core/src/main/java/leakcanary/internal/HeapDumpControl.kt|square|leakcanary|HeapDumpControl.kt|Kotlin|88|4|15
./src/_00/output/Kotlin/square~leakcanary/object-watcher/object-watcher-android-core/src/main/java/leakcanary/FragmentAndViewModelWatcher.kt|square|leakcanary|FragmentAndViewModelWatcher.kt|Kotlin|88|19|14
./src/_00/output/Kotlin/square~leakcanary/shark/shark-graph/src/main/java/shark/internal/ByteSubArray.kt|square|leakcanary|ByteSubArray.kt|Kotlin|88|3|15
./src/_00/output/Kotlin/square~leakcanary/shark/shark/src/test/java/shark/internal/ShallowSizeCalculatorTest.kt|square|leakcanary|ShallowSizeCalculatorTest.kt|Kotlin|88|0|19
./src/_00/output/Kotlin/square~leakcanary/leakcanary/leakcanary-android/src/androidTest/java/leakcanary/LeakActivityTest.kt|square|leakcanary|LeakActivityTest.kt|Kotlin|86|1|9
./src/_00/output/Kotlin/square~leakcanary/shark/shark-graph/src/test/java/shark/HprofHeapGraphTest.kt|square|leakcanary|HprofHeapGraphTest.kt|Kotlin|85|0|15
./src/_00/output/Kotlin/square~leakcanary/shark/shark/src/test/java/shark/FlatteningPartitionedInstanceReferenceReaderTest.kt|square|leakcanary|FlatteningPartitionedInstanceReferenceReaderTest.kt|Kotlin|85|4|20
./src/_00/output/Kotlin/square~leakcanary/leakcanary/leakcanary-app/src/main/java/org/leakcanary/screens/ScreenHost.kt|square|leakcanary|ScreenHost.kt|Kotlin|83|1|4
./src/_00/output/Kotlin/square~leakcanary/leakcanary/leakcanary-android-core/src/main/java/leakcanary/NotificationEventListener.kt|square|leakcanary|NotificationEventListener.kt|Kotlin|82|2|5
./src/_00/output/Kotlin/square~leakcanary/leakcanary/leakcanary-app/build.gradle|square|leakcanary|build.gradle|Gradle|82|7|15
./src/_00/output/Kotlin/square~leakcanary/leakcanary/leakcanary-android-instrumentation/src/main/java/leakcanary/internal/InstrumentationHeapAnalyzer.kt|square|leakcanary|InstrumentationHeapAnalyzer.kt|Kotlin|79|3|5
./src/_00/output/Kotlin/square~leakcanary/shark/shark/src/test/java/shark/internal/AndroidReferenceReadersHprofTest.kt|square|leakcanary|AndroidReferenceReadersHprofTest.kt|Kotlin|78|1|17
./src/_00/output/Kotlin/square~leakcanary/shark/shark-android/src/main/java/shark/AndroidResourceIdNames.kt|square|leakcanary|AndroidResourceIdNames.kt|Kotlin|77|11|12
./src/_00/output/Kotlin/square~leakcanary/plumber/plumber-android-core/src/main/java/leakcanary/ViewLocationHolderLeakFix.kt|square|leakcanary|ViewLocationHolderLeakFix.kt|Kotlin|76|8|7
./src/_00/output/Kotlin/square~leakcanary/shark/shark-graph/src/test/java/shark/HprofPrimitiveArrayStripperTest.kt|square|leakcanary|HprofPrimitiveArrayStripperTest.kt|Kotlin|76|0|16
./src/_00/output/Kotlin/square~leakcanary/docs/code_of_conduct.md|square|leakcanary|code_of_conduct.md|Markdown|75|0|27
./src/_00/output/Kotlin/square~leakcanary/leakcanary/leakcanary-android-core/src/androidTest/java/leakcanary/ManualInstallTest.kt|square|leakcanary|ManualInstallTest.kt|Kotlin|75|0|13
./src/_00/output/Kotlin/square~leakcanary/shark/shark/src/main/java/shark/LeakTraceObject.kt|square|leakcanary|LeakTraceObject.kt|Kotlin|75|26|15
./src/_00/output/Kotlin/square~leakcanary/leakcanary/leakcanary-android-process/src/main/java/leakcanary/LeakCanaryProcess.kt|square|leakcanary|LeakCanaryProcess.kt|Kotlin|74|16|11
./src/_00/output/Kotlin/square~leakcanary/leakcanary/leakcanary-app/src/main/java/org/leakcanary/screens/ClientAppsScreen.kt|square|leakcanary|ClientAppsScreen.kt|Kotlin|74|1|10
./src/_00/output/Kotlin/square~leakcanary/samples/leakcanary-android-sample/build.gradle|square|leakcanary|build.gradle|Gradle|73|10|15
./src/_00/output/Kotlin/square~leakcanary/shark/shark-hprof/src/main/java/shark/ProguardMappingReader.kt|square|leakcanary|ProguardMappingReader.kt|Kotlin|73|3|16
./src/_00/output/Kotlin/square~leakcanary/leakcanary/leakcanary-android-uiautomator/src/main/java/leakcanary/UiAutomatorShellHeapDumper.kt|square|leakcanary|UiAutomatorShellHeapDumper.kt|Kotlin|72|3|11
./src/_00/output/Kotlin/square~leakcanary/samples/leakcanary-android-sample/src/main/res/layout/main_activity.xml|square|leakcanary|main_activity.xml|XML|72|15|2
./src/_00/output/Kotlin/square~leakcanary/shark/shark-graph/src/main/java/shark/internal/hppc/HPPC.kt|square|leakcanary|HPPC.kt|Kotlin|71|18|13
./src/_00/output/Kotlin/square~leakcanary/shark/shark-graph/src/test/java/shark/ByteArrayTimSortTest.kt|square|leakcanary|ByteArrayTimSortTest.kt|Kotlin|71|1|14
./src/_00/output/Kotlin/square~leakcanary/leakcanary/leakcanary-android-core/src/main/AndroidManifest.xml|square|leakcanary|AndroidManifest.xml|XML|70|24|11
./src/_00/output/Kotlin/square~leakcanary/leakcanary/leakcanary-android-core/src/main/res/layout/leak_canary_leak_row.xml|square|leakcanary|leak_canary_leak_row.xml|XML|69|0|6
./src/_00/output/Kotlin/square~leakcanary/docs/faq.md|square|leakcanary|faq.md|Markdown|68|0|36
./src/_00/output/Kotlin/square~leakcanary/leakcanary/leakcanary-android-core/src/main/java/leakcanary/internal/RequestPermissionActivity.kt|square|leakcanary|RequestPermissionActivity.kt|Kotlin|68|16|11
./src/_00/output/Kotlin/square~leakcanary/leakcanary/leakcanary-app/src/main/java/org/leakcanary/util/CurrentActivityProvider.kt|square|leakcanary|CurrentActivityProvider.kt|Kotlin|68|0|16
./src/_00/output/Kotlin/square~leakcanary/leakcanary/leakcanary-core/src/test/java/leakcanary/ObjectGrowthWarmupHeapDumperTest.kt|square|leakcanary|ObjectGrowthWarmupHeapDumperTest.kt|Kotlin|68|0|14
./src/_00/output/Kotlin/square~leakcanary/object-watcher/object-watcher-android-core/src/main/java/leakcanary/AppWatcher.kt|square|leakcanary|AppWatcher.kt|Kotlin|67|67|10
./src/_00/output/Kotlin/square~leakcanary/leakcanary/leakcanary-android-core/src/main/java/leakcanary/ToastEventListener.kt|square|leakcanary|ToastEventListener.kt|Kotlin|66|4|6
./src/_00/output/Kotlin/square~leakcanary/leakcanary/leakcanary-android-core/src/main/java/leakcanary/internal/RowElementLayout.kt|square|leakcanary|RowElementLayout.kt|Kotlin|65|15|12
./src/_00/output/Kotlin/square~leakcanary/leakcanary/leakcanary-android-instrumentation/src/androidTest/java/leakcanary/TestDescriptionHolderTest.kt|square|leakcanary|TestDescriptionHolderTest.kt|Kotlin|65|3|14
./src/_00/output/Kotlin/square~leakcanary/object-watcher/object-watcher-android-core/src/main/java/leakcanary/RootViewWatcher.kt|square|leakcanary|RootViewWatcher.kt|Kotlin|65|23|11
./src/_00/output/Kotlin/square~leakcanary/leakcanary/leakcanary-deobfuscation-gradle-plugin/src/test/java/com/squareup/leakcanary/deobfuscation/CopyObfuscationMappingFileTaskTest.kt|square|leakcanary|CopyObfuscationMappingFileTaskTest.kt|Kotlin|64|2|17
./src/_00/output/Kotlin/square~leakcanary/shark/shark-android/src/test/java/shark/AndroidObjectInspectorsTest.kt|square|leakcanary|AndroidObjectInspectorsTest.kt|Kotlin|64|0|4
./src/_00/output/Kotlin/square~leakcanary/shark/shark/src/main/java/shark/ClassReferenceReader.kt|square|leakcanary|ClassReferenceReader.kt|Kotlin|64|6|7
./src/_00/output/Kotlin/square~leakcanary/leakcanary/leakcanary-android-core/src/main/java/leakcanary/internal/VisibilityTracker.kt|square|leakcanary|VisibilityTracker.kt|Kotlin|63|10|13
./src/_00/output/Kotlin/square~leakcanary/leakcanary/leakcanary-android-core/src/main/java/leakcanary/internal/activity/screen/LeaksScreen.kt|square|leakcanary|LeaksScreen.kt|Kotlin|63|0|13
./src/_00/output/Kotlin/square~leakcanary/object-watcher/object-watcher/src/main/java/leakcanary/ObjectWatcher.kt|square|leakcanary|ObjectWatcher.kt|Kotlin|63|33|13
./src/_00/output/Kotlin/square~leakcanary/shark/shark-graph/src/main/java/shark/internal/SortedBytesMap.kt|square|leakcanary|SortedBytesMap.kt|Kotlin|63|8|10
./src/_00/output/Kotlin/square~leakcanary/shark/shark/src/main/java/shark/internal/FieldIdReader.kt|square|leakcanary|FieldIdReader.kt|Kotlin|63|5|11
./src/_00/output/Kotlin/square~leakcanary/leakcanary/leakcanary-android-release/src/main/java/leakcanary/ScreenOffTrigger.kt|square|leakcanary|ScreenOffTrigger.kt|Kotlin|62|12|7
./src/_00/output/Kotlin/square~leakcanary/leakcanary/leakcanary-app/src/main/java/org/leakcanary/service/LeakUiAppService.kt|square|leakcanary|LeakUiAppService.kt|Kotlin|62|8|12
./src/_00/output/Kotlin/square~leakcanary/shark/shark-graph/src/main/java/shark/internal/LruCache.kt|square|leakcanary|LruCache.kt|Kotlin|62|5|10
./src/_00/output/Kotlin/square~leakcanary/shark/shark-hprof/src/main/java/shark/HprofRecordTag.kt|square|leakcanary|HprofRecordTag.kt|Kotlin|61|22|15
./src/_00/output/Kotlin/square~leakcanary/shark/shark/src/main/java/shark/JavaLocalReferenceReader.kt|square|leakcanary|JavaLocalReferenceReader.kt|Kotlin|61|5|9
./src/_00/output/Kotlin/square~leakcanary/leakcanary/leakcanary-android-core/src/main/java/leakcanary/internal/navigation/BackstackFrame.kt|square|leakcanary|BackstackFrame.kt|Kotlin|60|0|11
./src/_00/output/Kotlin/square~leakcanary/leakcanary/leakcanary-android-instrumentation/src/androidTest/java/leakcanary/Profiler.kt|square|leakcanary|Profiler.kt|Kotlin|60|33|11
./src/_00/output/Kotlin/square~leakcanary/leakcanary/leakcanary-deobfuscation-gradle-plugin/src/main/java/com/squareup/leakcanary/deobfuscation/CopyObfuscationMappingFileTask.kt|square|leakcanary|CopyObfuscationMappingFileTask.kt|Kotlin|60|15|10
./src/_00/output/Kotlin/square~leakcanary/leakcanary/leakcanary-core/src/main/java/leakcanary/ObjectGrowthWarmupHeapDumper.kt|square|leakcanary|ObjectGrowthWarmupHeapDumper.kt|Kotlin|59|5|9
./src/_00/output/Kotlin/square~leakcanary/leakcanary/leakcanary-android-core/src/main/java/leakcanary/internal/activity/db/ScopedLeaksDb.kt|square|leakcanary|ScopedLeaksDb.kt|Kotlin|58|2|14
./src/_00/output/Kotlin/square~leakcanary/docs/uploading.md|square|leakcanary|uploading.md|Markdown|57|0|19
./src/_00/output/Kotlin/square~leakcanary/shark/shark/src/main/java/shark/HeapTraversal.kt|square|leakcanary|HeapTraversal.kt|Kotlin|57|22|13
./src/_00/output/Kotlin/square~leakcanary/shark/shark/src/main/java/shark/FlatteningPartitionedInstanceReferenceReader.kt|square|leakcanary|FlatteningPartitionedInstanceReferenceReader.kt|Kotlin|56|62|9
./src/_00/output/Kotlin/square~leakcanary/leakcanary/leakcanary-android-core/src/main/java/leakcanary/internal/navigation/Views.kt|square|leakcanary|Views.kt|Kotlin|55|0|11
./src/_00/output/Kotlin/square~leakcanary/leakcanary/leakcanary-app-service/src/main/java/org/leakcanary/internal/LeakUiAppClient.kt|square|leakcanary|LeakUiAppClient.kt|Kotlin|55|23|8
./src/_00/output/Kotlin/square~leakcanary/shark/shark-graph/src/test/java/shark/HprofIndexParsingTest.kt|square|leakcanary|HprofIndexParsingTest.kt|Kotlin|55|0|10
./src/_00/output/Kotlin/square~leakcanary/leakcanary/leakcanary-android-core/src/main/java/leakcanary/internal/activity/db/Io.kt|square|leakcanary|Io.kt|Kotlin|54|3|10
./src/_00/output/Kotlin/square~leakcanary/shark/shark-graph/src/main/java/shark/HeapValue.kt|square|leakcanary|HeapValue.kt|Kotlin|54|57|16
./src/_00/output/Kotlin/square~leakcanary/shark/shark-hprof/src/main/java/shark/RandomAccessHprofReader.kt|square|leakcanary|RandomAccessHprofReader.kt|Kotlin|54|10|8
./src/_00/output/Kotlin/square~leakcanary/leakcanary/leakcanary-android-core/src/main/java/leakcanary/EventListener.kt|square|leakcanary|EventListener.kt|Kotlin|53|32|12
./src/_00/output/Kotlin/square~leakcanary/leakcanary/leakcanary-android-core/src/main/java/leakcanary/TvEventListener.kt|square|leakcanary|TvEventListener.kt|Kotlin|52|10|7
./src/_00/output/Kotlin/square~leakcanary/leakcanary/leakcanary-app/src/main/java/org/leakcanary/ui/theme/Theme.kt|square|leakcanary|Theme.kt|Kotlin|52|10|6
./src/_00/output/Kotlin/square~leakcanary/shark/shark/src/test/java/shark/TestUtil.kt|square|leakcanary|TestUtil.kt|Kotlin|52|0|4
./src/_00/output/Kotlin/square~leakcanary/leakcanary/leakcanary-android-core/build.gradle|square|leakcanary|build.gradle|Gradle|51|2|6
./src/_00/output/Kotlin/square~leakcanary/leakcanary/leakcanary-android-release/src/main/java/leakcanary/internal/BackgroundListener.kt|square|leakcanary|BackgroundListener.kt|Kotlin|51|3|10
./src/_00/output/Kotlin/square~leakcanary/leakcanary/leakcanary-core/src/main/java/leakcanary/DateFormatHeapDumpFileProvider.kt|square|leakcanary|DateFormatHeapDumpFileProvider.kt|Kotlin|51|1|9
./src/_00/output/Kotlin/square~leakcanary/shark/shark-android/src/main/java/shark/AndroidObjectGrowthReferenceMatchers.kt|square|leakcanary|AndroidObjectGrowthReferenceMatchers.kt|Kotlin|51|16|11
./src/_00/output/Kotlin/square~leakcanary/shark/shark/src/test/java/shark/LabelerTest.kt|square|leakcanary|LabelerTest.kt|Kotlin|51|0|17
./src/_00/output/Kotlin/square~leakcanary/leakcanary/leakcanary-android-core/src/main/java/leakcanary/internal/activity/screen/AboutScreen.kt|square|leakcanary|AboutScreen.kt|Kotlin|50|3|5
./src/_00/output/Kotlin/square~leakcanary/shark/shark-hprof/src/main/java/shark/ConstantMemoryMetricsDualSourceProvider.kt|square|leakcanary|ConstantMemoryMetricsDualSourceProvider.kt|Kotlin|50|3|13
./src/_00/output/Kotlin/square~leakcanary/leakcanary/leakcanary-android-core/src/main/java/leakcanary/WorkManagerHeapAnalyzer.kt|square|leakcanary|WorkManagerHeapAnalyzer.kt|Kotlin|49|6|6
./src/_00/output/Kotlin/square~leakcanary/leakcanary/leakcanary-android-core/src/main/java/leakcanary/internal/HeapAnalyzerWorker.kt|square|leakcanary|HeapAnalyzerWorker.kt|Kotlin|49|0|7
./src/_00/output/Kotlin/square~leakcanary/samples/leakcanary-android-sample/src/release/java/com/example/leakcanary/ReleaseExampleApplication.kt|square|leakcanary|ReleaseExampleApplication.kt|Kotlin|49|1|6
./src/_00/output/Kotlin/square~leakcanary/shark/shark/src/main/java/shark/ReferencePattern.kt|square|leakcanary|ReferencePattern.kt|Kotlin|49|22|15
./src/_00/output/Kotlin/square~leakcanary/leakcanary/leakcanary-android-core/src/main/res/layout/leak_canary_heap_dumps_screen.xml|square|leakcanary|leak_canary_heap_dumps_screen.xml|XML|48|0|0
./src/_00/output/Kotlin/square~leakcanary/object-watcher/object-watcher-android-androidx/src/main/java/leakcanary/internal/ViewModelClearedWatcher.kt|square|leakcanary|ViewModelClearedWatcher.kt|Kotlin|48|11|5
./src/_00/output/Kotlin/square~leakcanary/leakcanary/leakcanary-android-instrumentation/src/androidTest/java/leakcanary/TestUtils.kt|square|leakcanary|TestUtils.kt|Kotlin|47|1|8
./src/_00/output/Kotlin/square~leakcanary/object-watcher/object-watcher-android-androidx/src/main/java/leakcanary/internal/AndroidXFragmentDestroyWatcher.kt|square|leakcanary|AndroidXFragmentDestroyWatcher.kt|Kotlin|47|15|7
./src/_00/output/Kotlin/square~leakcanary/shark/shark/src/main/java/shark/KeyedWeakReferenceFinder.kt|square|leakcanary|KeyedWeakReferenceFinder.kt|Kotlin|47|4|8
./src/_00/output/Kotlin/square~leakcanary/shark/shark/src/main/java/shark/RepeatingScenarioObjectGrowthDetector.kt|square|leakcanary|RepeatingScenarioObjectGrowthDetector.kt|Kotlin|47|18|8
./src/_00/output/Kotlin/square~leakcanary/shark/shark/src/test/java/shark/HprofHeapGraphTest.kt|square|leakcanary|HprofHeapGraphTest.kt|Kotlin|47|0|9
./src/_00/output/Kotlin/square~leakcanary/gradle/libs.versions.toml|square|leakcanary|libs.versions.toml|TOML|46|21|6
./src/_00/output/Kotlin/square~leakcanary/shark/shark-android/src/test/java/shark/MetricsDualSourceProvider.kt|square|leakcanary|MetricsDualSourceProvider.kt|Kotlin|46|0|9
./src/_00/output/Kotlin/square~leakcanary/shark/shark-hprof/src/main/java/shark/FileSourceProvider.kt|square|leakcanary|FileSourceProvider.kt|Kotlin|46|0|8
./src/_00/output/Kotlin/square~leakcanary/leakcanary/leakcanary-android-core/src/main/java/leakcanary/internal/NotificationReceiver.kt|square|leakcanary|NotificationReceiver.kt|Kotlin|45|1|5
./src/_00/output/Kotlin/square~leakcanary/leakcanary/leakcanary-app/src/main/java/org/leakcanary/data/DatabaseModule.kt|square|leakcanary|DatabaseModule.kt|Kotlin|45|0|7
./src/_00/output/Kotlin/square~leakcanary/shark/shark-hprof/src/main/java/shark/GcRoot.kt|square|leakcanary|GcRoot.kt|Kotlin|45|68|18
./src/_00/output/Kotlin/square~leakcanary/shark/shark/src/main/java/shark/ObjectArrayReferenceReader.kt|square|leakcanary|ObjectArrayReferenceReader.kt|Kotlin|45|5|4
./src/_00/output/Kotlin/square~leakcanary/shark/shark/src/main/java/shark/internal/KeyedWeakReferenceMirror.kt|square|leakcanary|KeyedWeakReferenceMirror.kt|Kotlin|45|5|12
./src/_00/output/Kotlin/square~leakcanary/shark/shark/src/main/java/shark/internal/ShallowSizeCalculator.kt|square|leakcanary|ShallowSizeCalculator.kt|Kotlin|45|17|3
./src/_00/output/Kotlin/square~leakcanary/leakcanary/leakcanary-android-core/src/main/java/leakcanary/internal/activity/db/Db.kt|square|leakcanary|Db.kt|Kotlin|44|2|9
./src/_00/output/Kotlin/square~leakcanary/leakcanary/leakcanary-android-core/src/main/java/leakcanary/internal/activity/ui/TimeFormatter.kt|square|leakcanary|TimeFormatter.kt|Kotlin|44|1|4
./src/_00/output/Kotlin/square~leakcanary/leakcanary/leakcanary-android-core/src/main/res/drawable/leak_canary_tv_icon.xml|square|leakcanary|leak_canary_tv_icon.xml|XML|44|0|0
./src/_00/output/Kotlin/square~leakcanary/leakcanary/leakcanary-android-release/src/main/java/leakcanary/BackgroundTrigger.kt|square|leakcanary|BackgroundTrigger.kt|Kotlin|44|12|9
./src/_00/output/Kotlin/square~leakcanary/leakcanary/leakcanary-app/src/main/java/org/leakcanary/util/TimeFormatter.kt|square|leakcanary|TimeFormatter.kt|Kotlin|44|1|4
./src/_00/output/Kotlin/square~leakcanary/shark/shark-hprof/src/main/java/shark/ThrowingCancelableFileSourceProvider.kt|square|leakcanary|ThrowingCancelableFileSourceProvider.kt|Kotlin|44|4|5
./src/_00/output/Kotlin/square~leakcanary/shark/shark/src/main/java/shark/ReferenceMatcher.kt|square|leakcanary|ReferenceMatcher.kt|Kotlin|44|28|13
./src/_00/output/Kotlin/square~leakcanary/leakcanary/leakcanary-android-core/src/main/java/leakcanary/internal/RemoteHeapAnalyzerWorker.kt|square|leakcanary|RemoteHeapAnalyzerWorker.kt|Kotlin|43|0|4
./src/_00/output/Kotlin/square~leakcanary/leakcanary/leakcanary-android-core/src/main/res/values/leak_canary_colors.xml|square|leakcanary|leak_canary_colors.xml|XML|43|15|0
./src/_00/output/Kotlin/square~leakcanary/shark/shark-cli/src/main/java/shark/AnalyzeCommand.kt|square|leakcanary|AnalyzeCommand.kt|Kotlin|43|0|7
./src/_00/output/Kotlin/square~leakcanary/leakcanary/leakcanary-android-instrumentation/src/main/java/leakcanary/TestDescriptionHolder.kt|square|leakcanary|TestDescriptionHolder.kt|Kotlin|42|6|7
./src/_00/output/Kotlin/square~leakcanary/shark/shark/src/main/java/shark/AndroidNativeSizeMapper.kt|square|leakcanary|AndroidNativeSizeMapper.kt|Kotlin|42|12|5
./src/_00/output/Kotlin/square~leakcanary/leakcanary/leakcanary-android-core/src/main/java/leakcanary/RemoteWorkManagerHeapAnalyzer.kt|square|leakcanary|RemoteWorkManagerHeapAnalyzer.kt|Kotlin|41|4|5
./src/_00/output/Kotlin/square~leakcanary/leakcanary/leakcanary-android-core/src/main/java/leakcanary/internal/LeakCanaryTextView.kt|square|leakcanary|LeakCanaryTextView.kt|Kotlin|41|7|7
./src/_00/output/Kotlin/square~leakcanary/leakcanary/leakcanary-android-core/src/main/java/leakcanary/internal/tv/TvOnRetainInstanceListener.kt|square|leakcanary|TvOnRetainInstanceListener.kt|Kotlin|41|8|4
./src/_00/output/Kotlin/square~leakcanary/leakcanary/leakcanary-android-instrumentation/src/main/java/leakcanary/AndroidDetectLeaksInterceptor.kt|square|leakcanary|AndroidDetectLeaksInterceptor.kt|Kotlin|41|5|12
./src/_00/output/Kotlin/square~leakcanary/shark/shark-graph/src/main/java/shark/HprofIndex.kt|square|leakcanary|HprofIndex.kt|Kotlin|41|21|9
./src/_00/output/Kotlin/square~leakcanary/shark/shark/src/main/java/shark/ByteSize.kt|square|leakcanary|ByteSize.kt|Kotlin|41|5|14
./src/_00/output/Kotlin/square~leakcanary/leakcanary/leakcanary-android-instrumentation/src/main/java/leakcanary/NoLeakAssertionFailedError.kt|square|leakcanary|NoLeakAssertionFailedError.kt|Kotlin|40|7|2
./src/_00/output/Kotlin/square~leakcanary/shark/shark-android/src/test/java/shark/StringPathFinderOptimTest.kt|square|leakcanary|StringPathFinderOptimTest.kt|Kotlin|40|8|6
./src/_00/output/Kotlin/square~leakcanary/shark/shark/src/main/java/shark/ChainingInstanceReferenceReader.kt|square|leakcanary|ChainingInstanceReferenceReader.kt|Kotlin|40|43|8
./src/_00/output/Kotlin/square~leakcanary/shark/shark/src/main/java/shark/LeakTraceReference.kt|square|leakcanary|LeakTraceReference.kt|Kotlin|40|11|11
./src/_00/output/Kotlin/square~leakcanary/shark/shark/src/main/java/shark/internal/InternalSharkCollectionsHelper.kt|square|leakcanary|InternalSharkCollectionsHelper.kt|Kotlin|40|6|6
./src/_00/output/Kotlin/square~leakcanary/leakcanary/leakcanary-android-core/src/main/res/layout/leak_canary_leak_chips.xml|square|leakcanary|leak_canary_leak_chips.xml|XML|39|0|2
./src/_00/output/Kotlin/square~leakcanary/leakcanary/leakcanary-android-instrumentation/src/androidTest/java/leakcanary/ObjectInspectorTest.kt|square|leakcanary|ObjectInspectorTest.kt|Kotlin|39|0|8
./src/_00/output/Kotlin/square~leakcanary/leakcanary/leakcanary-android-instrumentation/src/main/java/leakcanary/internal/RetryingHeapAnalyzer.kt|square|leakcanary|RetryingHeapAnalyzer.kt|Kotlin|39|8|5
./src/_00/output/Kotlin/square~leakcanary/shark/shark-cli/build.gradle|square|leakcanary|build.gradle|Gradle|39|2|10
./src/_00/output/Kotlin/square~leakcanary/shark/shark-hprof/src/main/java/shark/RandomAccessSource.kt|square|leakcanary|RandomAccessSource.kt|Kotlin|39|0|6
./src/_00/output/Kotlin/square~leakcanary/leakcanary/leakcanary-android-core/src/main/java/leakcanary/internal/activity/db/LeakTraceTable.kt|square|leakcanary|LeakTraceTable.kt|Kotlin|38|0|6
./src/_00/output/Kotlin/square~leakcanary/leakcanary/leakcanary-android-instrumentation/src/main/java/leakcanary/SkipLeakDetection.kt|square|leakcanary|SkipLeakDetection.kt|Kotlin|38|18|4
./src/_00/output/Kotlin/square~leakcanary/leakcanary/leakcanary-app/src/main/AndroidManifest.xml|square|leakcanary|AndroidManifest.xml|XML|38|2|5
./src/_00/output/Kotlin/square~leakcanary/object-watcher/object-watcher-android-core/src/main/java/leakcanary/internal/AndroidOFragmentDestroyWatcher.kt|square|leakcanary|AndroidOFragmentDestroyWatcher.kt|Kotlin|38|15|6
./src/_00/output/Kotlin/square~leakcanary/shark/shark-hprof/src/main/java/shark/HprofHeader.kt|square|leakcanary|HprofHeader.kt|Kotlin|38|23|6
./src/_00/output/Kotlin/square~leakcanary/leakcanary/leakcanary-android-core/src/main/java/leakcanary/internal/activity/db/Cursors.kt|square|leakcanary|Cursors.kt|Kotlin|37|4|4
./src/_00/output/Kotlin/square~leakcanary/leakcanary/leakcanary-android-core/src/main/res/layout/leak_canary_heap_dump_toast.xml|square|leakcanary|leak_canary_heap_dump_toast.xml|XML|37|16|4
./src/_00/output/Kotlin/square~leakcanary/leakcanary/leakcanary-android-instrumentation/src/androidTest/java/leakcanary/Benchmark.kt|square|leakcanary|Benchmark.kt|Kotlin|37|17|4
./src/_00/output/Kotlin/square~leakcanary/leakcanary/leakcanary-app/src/main/java/org/leakcanary/WhileSubscribedOrRetained.kt|square|leakcanary|WhileSubscribedOrRetained.kt|Kotlin|37|1|5
./src/_00/output/Kotlin/square~leakcanary/docs/dev-env.md|square|leakcanary|dev-env.md|Markdown|36|0|13
./src/_00/output/Kotlin/square~leakcanary/leakcanary/leakcanary-android-instrumentation/build.gradle|square|leakcanary|build.gradle|Gradle|36|2|4
./src/_00/output/Kotlin/square~leakcanary/leakcanary/leakcanary-android-instrumentation/src/androidTest/java/leakcanary/ProfiledTest.kt|square|leakcanary|ProfiledTest.kt|Kotlin|36|0|7
./src/_00/output/Kotlin/square~leakcanary/shark/shark-hprof/src/test/java/shark/ProguardMappingTest.kt|square|leakcanary|ProguardMappingTest.kt|Kotlin|36|0|8
./src/_00/output/Kotlin/square~leakcanary/leakcanary/leakcanary-android-core/src/main/res/layout/leak_canary_about_screen.xml|square|leakcanary|leak_canary_about_screen.xml|XML|35|0|3
./src/_00/output/Kotlin/square~leakcanary/leakcanary/leakcanary-android-core/src/main/res/layout/leak_canary_leak_screen.xml|square|leakcanary|leak_canary_leak_screen.xml|XML|35|0|4
./src/_00/output/Kotlin/square~leakcanary/object-watcher/object-watcher/src/test/java/leakcanary/ReferenceQueueRetainedObjectTrackerTest.kt|square|leakcanary|ReferenceQueueRetainedObjectTrackerTest.kt|Kotlin|35|0|8
./src/_00/output/Kotlin/square~leakcanary/settings.gradle|square|leakcanary|settings.gradle|Gradle|35|0|2
./src/_00/output/Kotlin/square~leakcanary/leakcanary/leakcanary-android-release/src/main/java/leakcanary/OncePerPeriodInterceptor.kt|square|leakcanary|OncePerPeriodInterceptor.kt|Kotlin|34|4|8
./src/_00/output/Kotlin/square~leakcanary/leakcanary/leakcanary-core/src/main/java/leakcanary/DumpingAndDeletingHeapGraphProvider.kt|square|leakcanary|DumpingAndDeletingHeapGraphProvider.kt|Kotlin|34|0|4
./src/_00/output/Kotlin/square~leakcanary/shark/shark-hprof/src/test/java/shark/HprofReaderPrimitiveArrayTest.kt|square|leakcanary|HprofReaderPrimitiveArrayTest.kt|Kotlin|34|0|9
./src/_00/output/Kotlin/square~leakcanary/shark/shark/src/test/java/shark/MetadataExtractorTest.kt|square|leakcanary|MetadataExtractorTest.kt|Kotlin|34|0|9
./src/_00/output/Kotlin/square~leakcanary/leakcanary/leakcanary-android-instrumentation/src/androidTest/java/leakcanary/SkipLeakDetectionTest.kt|square|leakcanary|SkipLeakDetectionTest.kt|Kotlin|33|0|9
./src/_00/output/Kotlin/square~leakcanary/leakcanary/leakcanary-android-release/src/main/java/leakcanary/HeapAnalysisClient.kt|square|leakcanary|HeapAnalysisClient.kt|Kotlin|33|13|5
./src/_00/output/Kotlin/square~leakcanary/leakcanary/leakcanary-android-release/src/main/java/leakcanary/JobContext.kt|square|leakcanary|JobContext.kt|Kotlin|33|18|9
./src/_00/output/Kotlin/square~leakcanary/leakcanary/leakcanary-android-core/src/main/res/layout/leak_canary_simple_row.xml|square|leakcanary|leak_canary_simple_row.xml|XML|32|15|3
./src/_00/output/Kotlin/square~leakcanary/leakcanary/leakcanary-android-instrumentation/src/androidTest/java/leakcanary/DetectLeaksAfterTestSuccessTest.kt|square|leakcanary|DetectLeaksAfterTestSuccessTest.kt|Kotlin|32|1|5
./src/_00/output/Kotlin/square~leakcanary/leakcanary/leakcanary-android-process/src/main/java/leakcanary/internal/RemoteLeakCanaryWorkerService.kt|square|leakcanary|RemoteLeakCanaryWorkerService.kt|Kotlin|32|25|8
./src/_00/output/Kotlin/square~leakcanary/leakcanary/leakcanary-app/src/main/java/org/leakcanary/data/DatabaseDispatchers.kt|square|leakcanary|DatabaseDispatchers.kt|Kotlin|32|10|5
./src/_00/output/Kotlin/square~leakcanary/leakcanary/leakcanary-deobfuscation-gradle-plugin/build.gradle|square|leakcanary|build.gradle|Gradle|32|0|7
./src/_00/output/Kotlin/square~leakcanary/object-watcher/object-watcher/src/main/java/leakcanary/KeyedWeakReference.kt|square|leakcanary|KeyedWeakReference.kt|Kotlin|32|34|7
./src/_00/output/Kotlin/square~leakcanary/shark/shark-graph/src/main/java/shark/internal/IndexedObject.kt|square|leakcanary|IndexedObject.kt|Kotlin|32|0|6
./src/_00/output/Kotlin/square~leakcanary/shark/shark-log/src/test/java/shark/SharkLogTest.kt|square|leakcanary|SharkLogTest.kt|Kotlin|32|4|12
./src/_00/output/Kotlin/square~leakcanary/leakcanary/leakcanary-android-test/src/androidTest/java/leakcanary/RepeatingAndroidInProcessScenarioTest.kt|square|leakcanary|RepeatingAndroidInProcessScenarioTest.kt|Kotlin|31|0|7
./src/_00/output/Kotlin/square~leakcanary/leakcanary/leakcanary-android-core/src/main/res/drawable/leak_canary_leak.xml|square|leakcanary|leak_canary_leak.xml|XML|30|0|0
./src/_00/output/Kotlin/square~leakcanary/leakcanary/leakcanary-android-instrumentation/src/main/java/leakcanary/DetectLeaksAfterTestSuccess.kt|square|leakcanary|DetectLeaksAfterTestSuccess.kt|Kotlin|30|27|5
./src/_00/output/Kotlin/square~leakcanary/leakcanary/leakcanary-android-release/build.gradle|square|leakcanary|build.gradle|Gradle|30|0|4
./src/_00/output/Kotlin/square~leakcanary/leakcanary/leakcanary-android-release/src/main/java/leakcanary/MinimumMemoryInterceptor.kt|square|leakcanary|MinimumMemoryInterceptor.kt|Kotlin|30|0|4
./src/_00/output/Kotlin/square~leakcanary/leakcanary/leakcanary-android/build.gradle|square|leakcanary|build.gradle|Gradle|30|2|3
./src/_00/output/Kotlin/square~leakcanary/leakcanary/leakcanary-app/src/main/java/org/leakcanary/util/Sharer.kt|square|leakcanary|Sharer.kt|Kotlin|30|0|5
./src/_00/output/Kotlin/square~leakcanary/leakcanary/leakcanary-app/src/main/res/drawable-v24/ic_launcher_foreground.xml|square|leakcanary|ic_launcher_foreground.xml|XML|30|0|0
./src/_00/output/Kotlin/square~leakcanary/object-watcher/object-watcher-android-core/build.gradle|square|leakcanary|build.gradle|Gradle|30|0|6
./src/_00/output/Kotlin/square~leakcanary/plumber/plumber-android-core/src/main/java/leakcanary/internal/FragmentExtensions.kt|square|leakcanary|FragmentExtensions.kt|Kotlin|30|0|3
./src/_00/output/Kotlin/square~leakcanary/shark/shark-graph/src/main/java/shark/GraphContext.kt|square|leakcanary|GraphContext.kt|Kotlin|30|16|5
./src/_00/output/Kotlin/square~leakcanary/docs/theme/main.html|square|leakcanary|main.html|HTML|29|0|2
./src/_00/output/Kotlin/square~leakcanary/leakcanary/leakcanary-android-core/src/main/java/leakcanary/LogcatEventListener.kt|square|leakcanary|LogcatEventListener.kt|Kotlin|29|0|3
./src/_00/output/Kotlin/square~leakcanary/leakcanary/leakcanary-android-core/src/main/res/layout/leak_canary_hprof_explorer.xml|square|leakcanary|leak_canary_hprof_explorer.xml|XML|29|0|0
./src/_00/output/Kotlin/square~leakcanary/leakcanary/leakcanary-android-release/src/main/java/leakcanary/SaveResourceIdsInterceptor.kt|square|leakcanary|SaveResourceIdsInterceptor.kt|Kotlin|29|4|3
./src/_00/output/Kotlin/square~leakcanary/shark/shark-graph/src/main/java/shark/HeapGraph.kt|square|leakcanary|HeapGraph.kt|Kotlin|29|68|21
./src/_00/output/Kotlin/square~leakcanary/shark/shark/src/main/java/shark/JvmObjectGrowthReferenceMatchers.kt|square|leakcanary|JvmObjectGrowthReferenceMatchers.kt|Kotlin|29|1|7
./src/_00/output/Kotlin/square~leakcanary/shark/shark/src/main/java/shark/RepeatingHeapGraphObjectGrowthDetector.kt|square|leakcanary|RepeatingHeapGraphObjectGrowthDetector.kt|Kotlin|29|12|3
./src/_00/output/Kotlin/square~leakcanary/leakcanary/leakcanary-android-core/src/main/java/leakcanary/internal/SquigglySpan.kt|square|leakcanary|SquigglySpan.kt|Kotlin|28|19|4
./src/_00/output/Kotlin/square~leakcanary/leakcanary/leakcanary-android-core/src/main/java/leakcanary/internal/activity/ui/UiUtils.kt|square|leakcanary|UiUtils.kt|Kotlin|28|0|3
./src/_00/output/Kotlin/square~leakcanary/leakcanary/leakcanary-android-instrumentation/src/androidTest/java/leakcanary/IndexingTest.kt|square|leakcanary|IndexingTest.kt|Kotlin|28|0|7
./src/_00/output/Kotlin/square~leakcanary/leakcanary/leakcanary-android-uiautomator/src/main/java/leakcanary/RepeatingUiAutomatorScenario.kt|square|leakcanary|RepeatingUiAutomatorScenario.kt|Kotlin|28|9|2
./src/_00/output/Kotlin/square~leakcanary/leakcanary/leakcanary-android-core/src/main/java/leakcanary/internal/tv/TvToast.kt|square|leakcanary|TvToast.kt|Kotlin|27|13|5
./src/_00/output/Kotlin/square~leakcanary/leakcanary/leakcanary-app-service/build.gradle|square|leakcanary|build.gradle|Gradle|27|0|3
./src/_00/output/Kotlin/square~leakcanary/leakcanary/leakcanary-app/src/main/java/org/leakcanary/MainActivity.kt|square|leakcanary|MainActivity.kt|Kotlin|27|2|5
./src/_00/output/Kotlin/square~leakcanary/object-watcher/object-watcher-android-core/src/main/java/leakcanary/ActivityWatcher.kt|square|leakcanary|ActivityWatcher.kt|Kotlin|27|5|6
./src/_00/output/Kotlin/square~leakcanary/object-watcher/object-watcher-android/src/main/java/leakcanary/internal/MainProcessAppWatcherInstaller.kt|square|leakcanary|MainProcessAppWatcherInstaller.kt|Kotlin|27|7|8
./src/_00/output/Kotlin/square~leakcanary/plumber/plumber-android-core/build.gradle|square|leakcanary|build.gradle|Gradle|27|1|3
./src/_00/output/Kotlin/square~leakcanary/plumber/plumber-android/src/main/java/leakcanary/internal/PlumberInstaller.kt|square|leakcanary|PlumberInstaller.kt|Kotlin|27|4|8
./src/_00/output/Kotlin/square~leakcanary/samples/leakcanary-android-sample/src/main/AndroidManifest.xml|square|leakcanary|AndroidManifest.xml|XML|27|16|3
./src/_00/output/Kotlin/square~leakcanary/shark/shark-android/src/main/java/shark/AndroidBuildMirror.kt|square|leakcanary|AndroidBuildMirror.kt|Kotlin|27|19|3
./src/_00/output/Kotlin/square~leakcanary/shark/shark-graph/src/test/java/shark/LongScatterSetAssertion.kt|square|leakcanary|LongScatterSetAssertion.kt|Kotlin|27|4|9
./src/_00/output/Kotlin/square~leakcanary/shark/shark-hprof/src/main/java/shark/ByteArraySourceProvider.kt|square|leakcanary|ByteArraySourceProvider.kt|Kotlin|27|0|6
./src/_00/output/Kotlin/square~leakcanary/shark/shark/src/main/java/shark/OnAnalysisProgressListener.kt|square|leakcanary|OnAnalysisProgressListener.kt|Kotlin|27|7|8
./src/_00/output/Kotlin/square~leakcanary/leakcanary/leakcanary-android-core/src/androidTest/java/leakcanary/AndroidExtensionsTest.kt|square|leakcanary|AndroidExtensionsTest.kt|Kotlin|26|1|9
./src/_00/output/Kotlin/square~leakcanary/leakcanary/leakcanary-android-core/src/main/res/drawable/leak_canary_icon_monochrome.xml|square|leakcanary|leak_canary_icon_monochrome.xml|XML|26|0|0
./src/_00/output/Kotlin/square~leakcanary/leakcanary/leakcanary-android-test/build.gradle|square|leakcanary|build.gradle|Gradle|26|0|3
./src/_00/output/Kotlin/square~leakcanary/leakcanary/leakcanary-android-utils/src/main/java/leakcanary/LogcatSharkLog.kt|square|leakcanary|LogcatSharkLog.kt|Kotlin|26|0|5
./src/_00/output/Kotlin/square~leakcanary/shark/shark-hprof-test/src/main/kotlin/shark/ProguardMappingHelper.kt|square|leakcanary|ProguardMappingHelper.kt|Kotlin|26|0|4
./src/_00/output/Kotlin/square~leakcanary/leakcanary/leakcanary-android-core/src/androidTest/java/leakcanary/DatabaseRule.kt|square|leakcanary|DatabaseRule.kt|Kotlin|25|0|2
./src/_00/output/Kotlin/square~leakcanary/leakcanary/leakcanary-android-core/src/main/java/leakcanary/internal/LazyImmediateFuture.kt|square|leakcanary|LazyImmediateFuture.kt|Kotlin|25|0|9
./src/_00/output/Kotlin/square~leakcanary/leakcanary/leakcanary-android-instrumentation/src/androidTest/java/leakcanary/AndroidDetectLeaksAssertTest.kt|square|leakcanary|AndroidDetectLeaksAssertTest.kt|Kotlin|25|4|6
./src/_00/output/Kotlin/square~leakcanary/leakcanary/leakcanary-app-aidl/build.gradle|square|leakcanary|build.gradle|Gradle|25|0|2
./src/_00/output/Kotlin/square~leakcanary/leakcanary/leakcanary-android-core/src/main/java/leakcanary/BackgroundThreadHeapAnalyzer.kt|square|leakcanary|BackgroundThreadHeapAnalyzer.kt|Kotlin|24|3|4
./src/_00/output/Kotlin/square~leakcanary/leakcanary/leakcanary-android-process/build.gradle|square|leakcanary|build.gradle|Gradle|24|0|3
./src/_00/output/Kotlin/square~leakcanary/object-watcher/object-watcher-android-androidx/build.gradle|square|leakcanary|build.gradle|Gradle|24|1|3
./src/_00/output/Kotlin/square~leakcanary/object-watcher/object-watcher-android/build.gradle|square|leakcanary|build.gradle|Gradle|24|0|4
./src/_00/output/Kotlin/square~leakcanary/plumber/plumber-android-startup/build.gradle|square|leakcanary|build.gradle|Gradle|24|0|3
./src/_00/output/Kotlin/square~leakcanary/plumber/plumber-android/build.gradle|square|leakcanary|build.gradle|Gradle|24|0|3
./src/_00/output/Kotlin/square~leakcanary/samples/leakcanary-android-sample/src/main/java/com/example/leakcanary/ExampleApplication.kt|square|leakcanary|ExampleApplication.kt|Kotlin|24|15|4
./src/_00/output/Kotlin/square~leakcanary/shark/shark/src/main/java/shark/Retained.kt|square|leakcanary|Retained.kt|Kotlin|24|13|8
./src/_00/output/Kotlin/square~leakcanary/shark/shark/src/test/java/shark/UnreachableObjectRenderingTest.kt|square|leakcanary|UnreachableObjectRenderingTest.kt|Kotlin|24|0|7
./src/_00/output/Kotlin/square~leakcanary/leakcanary/leakcanary-android-core/src/main/java/leakcanary/internal/Serializables.kt|square|leakcanary|Serializables.kt|Kotlin|23|0|4
./src/_00/output/Kotlin/square~leakcanary/leakcanary/leakcanary-android-core/src/main/java/leakcanary/internal/activity/ui/SimpleListAdapter.kt|square|leakcanary|SimpleListAdapter.kt|Kotlin|23|0|5
./src/_00/output/Kotlin/square~leakcanary/leakcanary/leakcanary-android-core/src/main/res/drawable/leak_canary_icon_foreground.xml|square|leakcanary|leak_canary_icon_foreground.xml|XML|23|0|0
./src/_00/output/Kotlin/square~leakcanary/leakcanary/leakcanary-android-release/src/main/java/leakcanary/GoodAndroidVersionInterceptor.kt|square|leakcanary|GoodAndroidVersionInterceptor.kt|Kotlin|23|3|3
./src/_00/output/Kotlin/square~leakcanary/leakcanary/leakcanary-android-release/src/main/java/leakcanary/HeapAnalysisConfig.kt|square|leakcanary|HeapAnalysisConfig.kt|Kotlin|23|46|9
./src/_00/output/Kotlin/square~leakcanary/leakcanary/leakcanary-android-startup/build.gradle|square|leakcanary|build.gradle|Gradle|23|2|2
./src/_00/output/Kotlin/square~leakcanary/leakcanary/leakcanary-android-utils/build.gradle|square|leakcanary|build.gradle|Gradle|23|0|3
./src/_00/output/Kotlin/square~leakcanary/leakcanary/leakcanary-app-aidl/src/main/java/org/leakcanary/internal/ParcelableHeapAnalysis.kt|square|leakcanary|ParcelableHeapAnalysis.kt|Kotlin|23|0|8
./src/_00/output/Kotlin/square~leakcanary/leakcanary/leakcanary-app/src/main/java/org/leakcanary/util/Serializables.kt|square|leakcanary|Serializables.kt|Kotlin|23|0|4
./src/_00/output/Kotlin/square~leakcanary/object-watcher/object-watcher-android-startup/build.gradle|square|leakcanary|build.gradle|Gradle|23|0|3
./src/_00/output/Kotlin/square~leakcanary/shark/shark/src/main/java/shark/ObjectReporter.kt|square|leakcanary|ObjectReporter.kt|Kotlin|23|22|7
./src/_00/output/Kotlin/square~leakcanary/leakcanary/leakcanary-android-core/src/main/res/drawable/leak_canary_dump.xml|square|leakcanary|leak_canary_dump.xml|XML|22|0|0
./src/_00/output/Kotlin/square~leakcanary/object-watcher/object-watcher/src/main/java/leakcanary/DeletableObjectReporter.kt|square|leakcanary|DeletableObjectReporter.kt|Kotlin|22|16|3
./src/_00/output/Kotlin/square~leakcanary/shark/shark-android/src/main/java/shark/AndroidServices.kt|square|leakcanary|AndroidServices.kt|Kotlin|22|2|4
./src/_00/output/Kotlin/square~leakcanary/shark/shark-cli/src/main/java/shark/DeobfuscateHprofCommand.kt|square|leakcanary|DeobfuscateHprofCommand.kt|Kotlin|22|0|3
./src/_00/output/Kotlin/square~leakcanary/shark/shark-log/src/main/java/shark/SharkLog.kt|square|leakcanary|SharkLog.kt|Kotlin|22|20|7
./src/_00/output/Kotlin/square~leakcanary/shark/shark-test/src/main/kotlin/shark/HeapDumpRule.kt|square|leakcanary|HeapDumpRule.kt|Kotlin|22|0|5
./src/_00/output/Kotlin/square~leakcanary/.github/ISSUE_TEMPLATE/2-bug.md|square|leakcanary|2-bug.md|Markdown|21|0|11
./src/_00/output/Kotlin/square~leakcanary/docs/getting_started.md|square|leakcanary|getting_started.md|Markdown|21|0|8
./src/_00/output/Kotlin/square~leakcanary/leakcanary/leakcanary-android-core/src/main/res/layout/leak_canary_heap_analysis_failure_screen.xml|square|leakcanary|leak_canary_heap_analysis_failure_screen.xml|XML|21|0|5
./src/_00/output/Kotlin/square~leakcanary/leakcanary/leakcanary-app/src/main/java/org/leakcanary/screens/Destination.kt|square|leakcanary|Destination.kt|Kotlin|21|3|8
./src/_00/output/Kotlin/square~leakcanary/object-watcher/object-watcher-android-core/src/main/java/leakcanary/internal/LeakCanaryDelegate.kt|square|leakcanary|LeakCanaryDelegate.kt|Kotlin|21|0|5
./src/_00/output/Kotlin/square~leakcanary/samples/leakcanary-android-sample/src/androidTest/java/leakcanary/tests/TuPeuxPasTest.kt|square|leakcanary|TuPeuxPasTest.kt|Kotlin|21|16|6
./src/_00/output/Kotlin/square~leakcanary/.github/workflows/stale.yaml|square|leakcanary|stale.yaml|YAML|20|0|1
./src/_00/output/Kotlin/square~leakcanary/leakcanary/leakcanary-android-release/src/main/java/leakcanary/ConditionalInterceptor.kt|square|leakcanary|ConditionalInterceptor.kt|Kotlin|20|3|3
./src/_00/output/Kotlin/square~leakcanary/leakcanary/leakcanary-android-test/src/main/java/leakcanary/RepeatingAndroidInProcessScenario.kt|square|leakcanary|RepeatingAndroidInProcessScenario.kt|Kotlin|20|10|2
./src/_00/output/Kotlin/square~leakcanary/leakcanary/leakcanary-android-uiautomator/build.gradle|square|leakcanary|build.gradle|Gradle|20|0|3
./src/_00/output/Kotlin/square~leakcanary/leakcanary/leakcanary-jvm-test/src/main/java/leakcanary/RepeatingJvmInProcessScenario.kt|square|leakcanary|RepeatingJvmInProcessScenario.kt|Kotlin|20|10|2
./src/_00/output/Kotlin/square~leakcanary/leakcanary/leakcanary-jvm-test/src/test/java/leakcanary/JvmHeapGrowthDetectorConfigTest.kt|square|leakcanary|JvmHeapGrowthDetectorConfigTest.kt|Kotlin|20|0|7
./src/_00/output/Kotlin/square~leakcanary/shark/shark/src/main/java/shark/Reference.kt|square|leakcanary|Reference.kt|Kotlin|20|31|5
./src/_00/output/Kotlin/square~leakcanary/leakcanary/leakcanary-android-core/src/main/res/layout/leak_canary_heap_render.xml|square|leakcanary|leak_canary_heap_render.xml|XML|19|0|1
./src/_00/output/Kotlin/square~leakcanary/leakcanary/leakcanary-android-core/src/main/res/values/leak_canary_dimens.xml|square|leakcanary|leak_canary_dimens.xml|XML|19|16|1
./src/_00/output/Kotlin/square~leakcanary/leakcanary/leakcanary-jvm-test/src/main/java/leakcanary/HotSpotHeapDumper.kt|square|leakcanary|HotSpotHeapDumper.kt|Kotlin|19|0|5
./src/_00/output/Kotlin/square~leakcanary/object-watcher/object-watcher/src/main/java/leakcanary/DelayedDeletableObjectReporter.kt|square|leakcanary|DelayedDeletableObjectReporter.kt|Kotlin|19|10|2
./src/_00/output/Kotlin/square~leakcanary/shark/shark-graph/src/main/java/shark/HeapField.kt|square|leakcanary|HeapField.kt|Kotlin|19|26|6
./src/_00/output/Kotlin/square~leakcanary/shark/shark-hprof/src/main/java/shark/PrimitiveType.kt|square|leakcanary|PrimitiveType.kt|Kotlin|19|12|4
./src/_00/output/Kotlin/square~leakcanary/shark/shark-hprof/src/main/java/shark/ProguardMapping.kt|square|leakcanary|ProguardMapping.kt|Kotlin|19|16|5
./src/_00/output/Kotlin/square~leakcanary/shark/shark-hprof/src/main/java/shark/ValueHolder.kt|square|leakcanary|ValueHolder.kt|Kotlin|19|4|4
./src/_00/output/Kotlin/square~leakcanary/shark/shark-test/src/main/kotlin/shark/JvmTestHeapDumper.kt|square|leakcanary|JvmTestHeapDumper.kt|Kotlin|19|0|3
./src/_00/output/Kotlin/square~leakcanary/shark/shark/src/main/java/shark/AndroidReferenceReaderFactory.kt|square|leakcanary|AndroidReferenceReaderFactory.kt|Kotlin|19|7|3
./src/_00/output/Kotlin/square~leakcanary/shark/shark/src/main/java/shark/DelegatingObjectReferenceReader.kt|square|leakcanary|DelegatingObjectReferenceReader.kt|Kotlin|19|0|2
./src/_00/output/Kotlin/square~leakcanary/shark/shark/src/main/java/shark/VirtualizingMatchingReferenceReaderFactory.kt|square|leakcanary|VirtualizingMatchingReferenceReaderFactory.kt|Kotlin|19|6|2
./src/_00/output/Kotlin/square~leakcanary/leakcanary/leakcanary-android-core/src/main/res/layout/leak_canary_ref_row.xml|square|leakcanary|leak_canary_ref_row.xml|XML|18|15|2
./src/_00/output/Kotlin/square~leakcanary/leakcanary/leakcanary-android-core/src/main/res/values/leak_canary_themes.xml|square|leakcanary|leak_canary_themes.xml|XML|18|15|2
./src/_00/output/Kotlin/square~leakcanary/object-watcher/object-watcher/src/main/java/leakcanary/ReachabilityWatcher.kt|square|leakcanary|ReachabilityWatcher.kt|Kotlin|18|6|3
./src/_00/output/Kotlin/square~leakcanary/samples/leakcanary-android-sample/src/main/java/com/example/leakcanary/LeakingThread.kt|square|leakcanary|LeakingThread.kt|Kotlin|18|0|6
./src/_00/output/Kotlin/square~leakcanary/shark/shark-android/build.gradle|square|leakcanary|build.gradle|Gradle|18|0|4
./src/_00/output/Kotlin/square~leakcanary/shark/shark/src/main/java/shark/OpenJdkReferenceReaderFactory.kt|square|leakcanary|OpenJdkReferenceReaderFactory.kt|Kotlin|18|0|3
./src/_00/output/Kotlin/square~leakcanary/leakcanary/leakcanary-android-core/src/main/res/drawable/leak_canary_icon.xml|square|leakcanary|leak_canary_icon.xml|XML|17|0|0
./src/_00/output/Kotlin/square~leakcanary/leakcanary/leakcanary-android-release/src/main/java/leakcanary/MinimumDiskSpaceInterceptor.kt|square|leakcanary|MinimumDiskSpaceInterceptor.kt|Kotlin|17|0|3
./src/_00/output/Kotlin/square~leakcanary/leakcanary/leakcanary-android-release/src/main/java/leakcanary/MinimumElapsedSinceStartInterceptor.kt|square|leakcanary|MinimumElapsedSinceStartInterceptor.kt|Kotlin|17|0|3
./src/_00/output/Kotlin/square~leakcanary/leakcanary/leakcanary-gc/src/main/java/leakcanary/FinalizingInProcessGcTrigger.kt|square|leakcanary|FinalizingInProcessGcTrigger.kt|Kotlin|17|24|3
./src/_00/output/Kotlin/square~leakcanary/samples/leakcanary-android-sample/src/debug/java/com/example/leakcanary/DebugExampleApplication.kt|square|leakcanary|DebugExampleApplication.kt|Kotlin|17|5|4
./src/_00/output/Kotlin/square~leakcanary/shark/shark-android/src/main/java/shark/AndroidExtensions.kt|square|leakcanary|AndroidExtensions.kt|Kotlin|17|18|3
./src/_00/output/Kotlin/square~leakcanary/shark/shark/src/main/java/shark/AppSingletonInspector.kt|square|leakcanary|AppSingletonInspector.kt|Kotlin|17|4|2
./src/_00/output/Kotlin/square~leakcanary/shark/shark/src/main/java/shark/FilteringLeakingObjectFinder.kt|square|leakcanary|FilteringLeakingObjectFinder.kt|Kotlin|17|11|3
./src/_00/output/Kotlin/square~leakcanary/docs/assets/vector_falling_canary.svg|square|leakcanary|vector_falling_canary.svg|SVG|16|0|0
./src/_00/output/Kotlin/square~leakcanary/leakcanary/leakcanary-android-core/src/main/res/drawable-v21/leak_canary_gray_fill.xml|square|leakcanary|leak_canary_gray_fill.xml|XML|16|0|0
./src/_00/output/Kotlin/square~leakcanary/leakcanary/leakcanary-android-core/src/main/res/drawable-v21/leak_canary_primary_button.xml|square|leakcanary|leak_canary_primary_button.xml|XML|16|0|1
./src/_00/output/Kotlin/square~leakcanary/leakcanary/leakcanary-android-core/src/main/res/drawable-v21/leak_canary_secondary_button.xml|square|leakcanary|leak_canary_secondary_button.xml|XML|16|0|1
./src/_00/output/Kotlin/square~leakcanary/leakcanary/leakcanary-android-core/src/main/res/drawable/leak_canary_count_background.xml|square|leakcanary|leak_canary_count_background.xml|XML|16|0|0
./src/_00/output/Kotlin/square~leakcanary/leakcanary/leakcanary-android-core/src/test/java/leakcanary/LeakCanaryConfigTest.kt|square|leakcanary|LeakCanaryConfigTest.kt|Kotlin|16|4|5
./src/_00/output/Kotlin/square~leakcanary/leakcanary/leakcanary-android-release/src/main/java/leakcanary/HeapAnalysisJob.kt|square|leakcanary|HeapAnalysisJob.kt|Kotlin|16|25|10
./src/_00/output/Kotlin/square~leakcanary/shark/shark-cli/src/main/java/shark/StripHprofCommand.kt|square|leakcanary|StripHprofCommand.kt|Kotlin|16|0|3
./src/_00/output/Kotlin/square~leakcanary/shark/shark-graph/build.gradle|square|leakcanary|build.gradle|Gradle|16|0|4
./src/_00/output/Kotlin/square~leakcanary/shark/shark-graph/src/main/java/shark/internal/hppc/Tuples.kt|square|leakcanary|Tuples.kt|Kotlin|16|3|6
./src/_00/output/Kotlin/square~leakcanary/shark/shark/build.gradle|square|leakcanary|build.gradle|Gradle|16|0|4
./src/_00/output/Kotlin/square~leakcanary/shark/shark/src/main/java/shark/internal/JavaFrames.kt|square|leakcanary|JavaFrames.kt|Kotlin|16|0|4
./src/_00/output/Kotlin/square~leakcanary/README.md|square|leakcanary|README.md|Markdown|15|0|8
./src/_00/output/Kotlin/square~leakcanary/leakcanary/leakcanary-android-core/src/main/java/leakcanary/internal/NotificationType.kt|square|leakcanary|NotificationType.kt|Kotlin|15|0|3
./src/_00/output/Kotlin/square~leakcanary/leakcanary/leakcanary-android-core/src/main/java/leakcanary/internal/OnRetainInstanceListener.kt|square|leakcanary|OnRetainInstanceListener.kt|Kotlin|15|7|5
./src/_00/output/Kotlin/square~leakcanary/leakcanary/leakcanary-android-core/src/main/res/drawable/leak_canary_gray_fill.xml|square|leakcanary|leak_canary_gray_fill.xml|XML|15|0|0
./src/_00/output/Kotlin/square~leakcanary/leakcanary/leakcanary-android-core/src/main/res/drawable/leak_canary_primary_button.xml|square|leakcanary|leak_canary_primary_button.xml|XML|15|0|1
./src/_00/output/Kotlin/square~leakcanary/leakcanary/leakcanary-android-core/src/main/res/drawable/leak_canary_secondary_button.xml|square|leakcanary|leak_canary_secondary_button.xml|XML|15|0|0
./src/_00/output/Kotlin/square~leakcanary/leakcanary/leakcanary-android-core/src/main/res/layout/leak_canary_leak_header.xml|square|leakcanary|leak_canary_leak_header.xml|XML|15|0|2
./src/_00/output/Kotlin/square~leakcanary/leakcanary/leakcanary-android-core/src/main/res/layout/leak_canary_list.xml|square|leakcanary|leak_canary_list.xml|XML|15|0|0
./src/_00/output/Kotlin/square~leakcanary/leakcanary/leakcanary-android-utils/src/main/java/leakcanary/internal/Handlers.kt|square|leakcanary|Handlers.kt|Kotlin|15|0|5
./src/_00/output/Kotlin/square~leakcanary/leakcanary/leakcanary-app/src/main/java/org/leakcanary/ui/theme/Type.kt|square|leakcanary|Type.kt|Kotlin|15|17|2
./src/_00/output/Kotlin/square~leakcanary/leakcanary/leakcanary-app/src/main/java/org/leakcanary/util/Handlers.kt|square|leakcanary|Handlers.kt|Kotlin|15|0|5
./src/_00/output/Kotlin/square~leakcanary/object-watcher/object-watcher-android-startup/src/main/AndroidManifest.xml|square|leakcanary|AndroidManifest.xml|XML|15|0|2
./src/_00/output/Kotlin/square~leakcanary/plumber/plumber-android-startup/src/main/AndroidManifest.xml|square|leakcanary|AndroidManifest.xml|XML|15|0|2
./src/_00/output/Kotlin/square~leakcanary/shark/shark-hprof/build.gradle|square|leakcanary|build.gradle|Gradle|15|6|4
./src/_00/output/Kotlin/square~leakcanary/shark/shark/src/main/java/shark/ActualMatchingReferenceReaderFactory.kt|square|leakcanary|ActualMatchingReferenceReaderFactory.kt|Kotlin|15|4|1
./src/_00/output/Kotlin/square~leakcanary/docs/fundamentals.md|square|leakcanary|fundamentals.md|Markdown|14|0|11
./src/_00/output/Kotlin/square~leakcanary/leakcanary/leakcanary-core/build.gradle|square|leakcanary|build.gradle|Gradle|14|0|3
./src/_00/output/Kotlin/square~leakcanary/samples/leakcanary-android-sample/src/main/java/com/example/leakcanary/LeakingService.kt|square|leakcanary|LeakingService.kt|Kotlin|14|0|4
./src/_00/output/Kotlin/square~leakcanary/leakcanary/leakcanary-android-core/src/main/java/leakcanary/internal/SerializableIntent.kt|square|leakcanary|SerializableIntent.kt|Kotlin|13|4|5
./src/_00/output/Kotlin/square~leakcanary/leakcanary/leakcanary-android-core/src/main/java/leakcanary/internal/utils/Size.kt|square|leakcanary|Size.kt|Kotlin|13|1|2
./src/_00/output/Kotlin/square~leakcanary/leakcanary/leakcanary-core/src/main/java/leakcanary/HeapDumper.kt|square|leakcanary|HeapDumper.kt|Kotlin|13|10|5
./src/_00/output/Kotlin/square~leakcanary/leakcanary/leakcanary-core/src/main/java/leakcanary/TempHeapDumpFileProvider.kt|square|leakcanary|TempHeapDumpFileProvider.kt|Kotlin|13|0|3
./src/_00/output/Kotlin/square~leakcanary/leakcanary/leakcanary-jvm-test/build.gradle|square|leakcanary|build.gradle|Gradle|13|0|3
./src/_00/output/Kotlin/square~leakcanary/object-watcher/object-watcher/build.gradle|square|leakcanary|build.gradle|Gradle|13|0|3
./src/_00/output/Kotlin/square~leakcanary/object-watcher/object-watcher/src/main/java/leakcanary/DefaultDelayDeletableObjectReporter.kt|square|leakcanary|DefaultDelayDeletableObjectReporter.kt|Kotlin|13|3|3
./src/_00/output/Kotlin/square~leakcanary/shark/shark/src/main/java/shark/HeapAnalysisException.kt|square|leakcanary|HeapAnalysisException.kt|Kotlin|13|0|4
./src/_00/output/Kotlin/square~leakcanary/shark/shark/src/main/java/shark/internal/ThreadObjects.kt|square|leakcanary|ThreadObjects.kt|Kotlin|13|0|5
./src/_00/output/Kotlin/square~leakcanary/.github/ISSUE_TEMPLATE/1-leak.md|square|leakcanary|1-leak.md|Markdown|12|0|5
./src/_00/output/Kotlin/square~leakcanary/.github/ISSUE_TEMPLATE/5-sdk.md|square|leakcanary|5-sdk.md|Markdown|12|0|4
./src/_00/output/Kotlin/square~leakcanary/config/hooks/pre-push|square|leakcanary|pre-push|Bourne Shell|12|1|4
./src/_00/output/Kotlin/square~leakcanary/leakcanary/leakcanary-android-core/src/main/res/layout/leak_canary_heap_dump_leak_title.xml|square|leakcanary|leak_canary_heap_dump_leak_title.xml|XML|12|0|0
./src/_00/output/Kotlin/square~leakcanary/shark/shark-cli/src/main/java/shark/Main.kt|square|leakcanary|Main.kt|Kotlin|12|0|2
./src/_00/output/Kotlin/square~leakcanary/shark/shark/src/main/java/shark/AndroidObjectSizeCalculator.kt|square|leakcanary|AndroidObjectSizeCalculator.kt|Kotlin|12|0|4
./src/_00/output/Kotlin/square~leakcanary/docs/index.md|square|leakcanary|index.md|Markdown|11|0|6
./src/_00/output/Kotlin/square~leakcanary/leakcanary/leakcanary-android-core/src/main/res/values-v21/leak_canary_themes.xml|square|leakcanary|leak_canary_themes.xml|XML|11|15|2
./src/_00/output/Kotlin/square~leakcanary/leakcanary/leakcanary-android-core/src/main/res/values/leak_canary_ids.xml|square|leakcanary|leak_canary_ids.xml|XML|11|15|0
./src/_00/output/Kotlin/square~leakcanary/leakcanary/leakcanary-android-instrumentation/src/main/java/leakcanary/DetectLeaksAssert.kt|square|leakcanary|DetectLeaksAssert.kt|Kotlin|11|6|4
./src/_00/output/Kotlin/square~leakcanary/leakcanary/leakcanary-android-uiautomator/src/main/java/leakcanary/UiAutomatorShellFileDeleter.kt|square|leakcanary|UiAutomatorShellFileDeleter.kt|Kotlin|11|0|2
./src/_00/output/Kotlin/square~leakcanary/leakcanary/leakcanary-android-utils/src/main/java/leakcanary/internal/Objects.kt|square|leakcanary|Objects.kt|Kotlin|11|1|3
./src/_00/output/Kotlin/square~leakcanary/leakcanary/leakcanary-app/src/main/java/org/leakcanary/LeakCanaryApp.kt|square|leakcanary|LeakCanaryApp.kt|Kotlin|11|0|3
./src/_00/output/Kotlin/square~leakcanary/object-watcher/object-watcher-android-startup/src/main/java/leakcanary/AppWatcherStartupInitializer.kt|square|leakcanary|AppWatcherStartupInitializer.kt|Kotlin|11|0|2
./src/_00/output/Kotlin/square~leakcanary/object-watcher/object-watcher-android/src/main/AndroidManifest.xml|square|leakcanary|AndroidManifest.xml|XML|11|0|1
./src/_00/output/Kotlin/square~leakcanary/plumber/plumber-android-startup/src/main/java/leakcanary/PlumberStartupInitializer.kt|square|leakcanary|PlumberStartupInitializer.kt|Kotlin|11|0|2
./src/_00/output/Kotlin/square~leakcanary/shark/shark-hprof-test/build.gradle|square|leakcanary|build.gradle|Gradle|11|0|3
./src/_00/output/Kotlin/square~leakcanary/shark/shark-log/build.gradle|square|leakcanary|build.gradle|Gradle|11|0|3
./src/_00/output/Kotlin/square~leakcanary/.github/ISSUE_TEMPLATE/3-feature.md|square|leakcanary|3-feature.md|Markdown|10|0|4
./src/_00/output/Kotlin/square~leakcanary/.github/workflows-disabled/greetings.yml|square|leakcanary|greetings.yml|YAML|10|0|2
./src/_00/output/Kotlin/square~leakcanary/leakcanary/leakcanary-android-core/src/main/java/leakcanary/LazyForwardingEventListener.kt|square|leakcanary|LazyForwardingEventListener.kt|Kotlin|10|4|4
./src/_00/output/Kotlin/square~leakcanary/leakcanary/leakcanary-android-core/src/main/java/leakcanary/internal/friendly/Friendly.kt|square|leakcanary|Friendly.kt|Kotlin|10|0|6
./src/_00/output/Kotlin/square~leakcanary/leakcanary/leakcanary-android-core/src/main/res/values/leak_canary_public.xml|square|leakcanary|leak_canary_public.xml|XML|10|15|1
./src/_00/output/Kotlin/square~leakcanary/leakcanary/leakcanary-android-instrumentation/src/androidTest/java/leakcanary/TestActivity.kt|square|leakcanary|TestActivity.kt|Kotlin|10|0|2
./src/_00/output/Kotlin/square~leakcanary/leakcanary/leakcanary-app/src/main/res/values/colors.xml|square|leakcanary|colors.xml|XML|10|0|0
./src/_00/output/Kotlin/square~leakcanary/object-watcher/object-watcher-android-core/src/test/java/leakcanary/AppWatcherTest.kt|square|leakcanary|AppWatcherTest.kt|Kotlin|10|0|3
./src/_00/output/Kotlin/square~leakcanary/object-watcher/object-watcher/src/main/java/leakcanary/RetainedObjectTracker.kt|square|leakcanary|RetainedObjectTracker.kt|Kotlin|10|32|8
./src/_00/output/Kotlin/square~leakcanary/object-watcher/object-watcher/src/main/java/leakcanary/TriggeredDeletableObjectReporter.kt|square|leakcanary|TriggeredDeletableObjectReporter.kt|Kotlin|10|19|3
./src/_00/output/Kotlin/square~leakcanary/plumber/plumber-android-core/src/main/java/leakcanary/internal/friendly/Friendly.kt|square|leakcanary|Friendly.kt|Kotlin|10|0|6
./src/_00/output/Kotlin/square~leakcanary/plumber/plumber-android/src/main/AndroidManifest.xml|square|leakcanary|AndroidManifest.xml|XML|10|0|0
./src/_00/output/Kotlin/square~leakcanary/shark/shark-graph/src/main/java/shark/internal/aosp/ByteArrayComparator.kt|square|leakcanary|ByteArrayComparator.kt|Kotlin|10|3|2
./src/_00/output/Kotlin/square~leakcanary/shark/shark-test/build.gradle|square|leakcanary|build.gradle|Gradle|10|0|3
./src/_00/output/Kotlin/square~leakcanary/shark/shark/src/main/java/shark/internal/IntIntPairUtils.kt|square|leakcanary|IntIntPairUtils.kt|Kotlin|10|0|3
./src/_00/output/Kotlin/square~leakcanary/docs/recorded-presentations.md|square|leakcanary|recorded-presentations.md|Markdown|9|0|1
./src/_00/output/Kotlin/square~leakcanary/leakcanary/leakcanary-android-core/src/main/res/drawable-v21/leak_canary_list_selector.xml|square|leakcanary|leak_canary_list_selector.xml|XML|9|0|0
./src/_00/output/Kotlin/square~leakcanary/leakcanary/leakcanary-android-core/src/main/res/drawable/leak_canary_list_selector.xml|square|leakcanary|leak_canary_list_selector.xml|XML|9|0|0
./src/_00/output/Kotlin/square~leakcanary/leakcanary/leakcanary-android-process/src/main/AndroidManifest.xml|square|leakcanary|AndroidManifest.xml|XML|9|15|2
./src/_00/output/Kotlin/square~leakcanary/leakcanary/leakcanary-android-release/src/main/java/leakcanary/internal/friendly/Friendly.kt|square|leakcanary|Friendly.kt|Kotlin|9|0|5
./src/_00/output/Kotlin/square~leakcanary/leakcanary/leakcanary-android-utils/src/main/java/leakcanary/AndroidDebugHeapDumper.kt|square|leakcanary|AndroidDebugHeapDumper.kt|Kotlin|9|6|3
./src/_00/output/Kotlin/square~leakcanary/leakcanary/leakcanary-gc/build.gradle|square|leakcanary|build.gradle|Gradle|9|0|2
./src/_00/output/Kotlin/square~leakcanary/shark/shark-android/src/main/java/shark/AndroidObjectGrowthDetector.kt|square|leakcanary|AndroidObjectGrowthDetector.kt|Kotlin|9|0|1
./src/_00/output/Kotlin/square~leakcanary/shark/shark/src/main/java/shark/JvmObjectGrowthDetector.kt|square|leakcanary|JvmObjectGrowthDetector.kt|Kotlin|9|0|1
./src/_00/output/Kotlin/square~leakcanary/shark/shark/src/main/java/shark/ShortestPathFinder.kt|square|leakcanary|ShortestPathFinder.kt|Kotlin|9|7|2
./src/_00/output/Kotlin/square~leakcanary/docs/how_to_help.md|square|leakcanary|how_to_help.md|Markdown|8|0|4
./src/_00/output/Kotlin/square~leakcanary/docs/support.md|square|leakcanary|support.md|Markdown|8|0|4
./src/_00/output/Kotlin/square~leakcanary/leakcanary/leakcanary-android-core/src/main/java/leakcanary/internal/LeakCanarySingleThreadFactory.kt|square|leakcanary|LeakCanarySingleThreadFactory.kt|Kotlin|8|18|4
./src/_00/output/Kotlin/square~leakcanary/leakcanary/leakcanary-android-instrumentation/src/androidTest/AndroidManifest.xml|square|leakcanary|AndroidManifest.xml|XML|8|15|1
./src/_00/output/Kotlin/square~leakcanary/leakcanary/leakcanary-android-release/src/main/java/leakcanary/HeapAnalysisInterceptor.kt|square|leakcanary|HeapAnalysisInterceptor.kt|Kotlin|8|0|4
./src/_00/output/Kotlin/square~leakcanary/leakcanary/leakcanary-app/src/main/java/org/leakcanary/ui/theme/Color.kt|square|leakcanary|Color.kt|Kotlin|8|0|3
./src/_00/output/Kotlin/square~leakcanary/leakcanary/leakcanary-gc/src/main/java/leakcanary/GcTrigger.kt|square|leakcanary|GcTrigger.kt|Kotlin|8|22|3
./src/_00/output/Kotlin/square~leakcanary/samples/leakcanary-android-sample/src/debug/AndroidManifest.xml|square|leakcanary|AndroidManifest.xml|XML|8|0|0
./src/_00/output/Kotlin/square~leakcanary/samples/leakcanary-android-sample/src/main/res/values/strings.xml|square|leakcanary|strings.xml|XML|8|15|0
./src/_00/output/Kotlin/square~leakcanary/samples/leakcanary-android-sample/src/release/AndroidManifest.xml|square|leakcanary|AndroidManifest.xml|XML|8|0|0
./src/_00/output/Kotlin/square~leakcanary/shark/shark-android/src/test/java/shark/Resources.kt|square|leakcanary|Resources.kt|Kotlin|8|0|2
./src/_00/output/Kotlin/square~leakcanary/shark/shark-hprof/src/main/java/shark/OnHprofRecordTagListener.kt|square|leakcanary|OnHprofRecordTagListener.kt|Kotlin|8|10|1
./src/_00/output/Kotlin/square~leakcanary/.github/ISSUE_TEMPLATE/4-doc.md|square|leakcanary|4-doc.md|Markdown|7|0|3
./src/_00/output/Kotlin/square~leakcanary/docs/blog-articles.md|square|leakcanary|blog-articles.md|Markdown|7|0|1
./src/_00/output/Kotlin/square~leakcanary/leakcanary/leakcanary-android-core/src/main/java/leakcanary/internal/navigation/Screen.kt|square|leakcanary|Screen.kt|Kotlin|7|4|3
./src/_00/output/Kotlin/square~leakcanary/leakcanary/leakcanary-android-instrumentation/src/main/java/leakcanary/LeakAssertions.kt|square|leakcanary|LeakAssertions.kt|Kotlin|7|15|8
./src/_00/output/Kotlin/square~leakcanary/leakcanary/leakcanary-android-instrumentation/src/main/java/leakcanary/internal/friendly/Friendly.kt|square|leakcanary|Friendly.kt|Kotlin|7|0|3
./src/_00/output/Kotlin/square~leakcanary/leakcanary/leakcanary-android-test/src/androidTest/AndroidManifest.xml|square|leakcanary|AndroidManifest.xml|XML|7|0|1
./src/_00/output/Kotlin/square~leakcanary/leakcanary/leakcanary-android-utils/src/main/java/leakcanary/internal/Timing.kt|square|leakcanary|Timing.kt|Kotlin|7|3|2
./src/_00/output/Kotlin/square~leakcanary/leakcanary/leakcanary-core/src/main/java/leakcanary/HeapDumpFileProvider.kt|square|leakcanary|HeapDumpFileProvider.kt|Kotlin|7|7|4
./src/_00/output/Kotlin/square~leakcanary/object-watcher/object-watcher-android-core/src/main/java/leakcanary/internal/friendly/Friendly.kt|square|leakcanary|Friendly.kt|Kotlin|7|0|4
./src/_00/output/Kotlin/square~leakcanary/object-watcher/object-watcher/src/main/java/leakcanary/TrackedObjectReachability.kt|square|leakcanary|TrackedObjectReachability.kt|Kotlin|7|9|3
./src/_00/output/Kotlin/square~leakcanary/shark/shark-android/src/main/java/shark/internal/friendly/Friendly.kt|square|leakcanary|Friendly.kt|Kotlin|7|0|3
./src/_00/output/Kotlin/square~leakcanary/shark/shark-hprof/src/main/java/shark/HprofVersion.kt|square|leakcanary|HprofVersion.kt|Kotlin|7|3|1
./src/_00/output/Kotlin/square~leakcanary/shark/shark-hprof/src/main/java/shark/OnHprofRecordListener.kt|square|leakcanary|OnHprofRecordListener.kt|Kotlin|7|8|1
./src/_00/output/Kotlin/square~leakcanary/shark/shark/src/main/java/shark/LeakTracer.kt|square|leakcanary|LeakTracer.kt|Kotlin|7|1|3
./src/_00/output/Kotlin/square~leakcanary/shark/shark/src/main/java/shark/MetadataExtractor.kt|square|leakcanary|MetadataExtractor.kt|Kotlin|7|6|3
./src/_00/output/Kotlin/square~leakcanary/shark/shark/src/main/java/shark/ReferenceLocationType.kt|square|leakcanary|ReferenceLocationType.kt|Kotlin|7|3|1
./src/_00/output/Kotlin/square~leakcanary/shark/shark/src/main/java/shark/ReferenceReader.kt|square|leakcanary|ReferenceReader.kt|Kotlin|7|12|3
./src/_00/output/Kotlin/square~leakcanary/shark/shark/src/main/java/shark/internal/ByteStringCompat.java|square|leakcanary|ByteStringCompat.java|Java|7|4|3
./src/_00/output/Kotlin/square~leakcanary/docs/assets/vector_icon.svg|square|leakcanary|vector_icon.svg|SVG|6|0|0
./src/_00/output/Kotlin/square~leakcanary/leakcanary/leakcanary-android-core/src/main/java/leakcanary/internal/DebuggerControl.kt|square|leakcanary|DebuggerControl.kt|Kotlin|6|19|3
./src/_00/output/Kotlin/square~leakcanary/leakcanary/leakcanary-android-core/src/main/res/anim/leak_canary_enter_alpha.xml|square|leakcanary|leak_canary_enter_alpha.xml|XML|6|0|0
./src/_00/output/Kotlin/square~leakcanary/leakcanary/leakcanary-android-core/src/main/res/anim/leak_canary_enter_backward.xml|square|leakcanary|leak_canary_enter_backward.xml|XML|6|0|0
./src/_00/output/Kotlin/square~leakcanary/leakcanary/leakcanary-android-core/src/main/res/anim/leak_canary_enter_forward.xml|square|leakcanary|leak_canary_enter_forward.xml|XML|6|0|0
./src/_00/output/Kotlin/square~leakcanary/leakcanary/leakcanary-android-core/src/main/res/anim/leak_canary_exit_alpha.xml|square|leakcanary|leak_canary_exit_alpha.xml|XML|6|0|0
./src/_00/output/Kotlin/square~leakcanary/leakcanary/leakcanary-android-core/src/main/res/anim/leak_canary_exit_backward.xml|square|leakcanary|leak_canary_exit_backward.xml|XML|6|0|0
./src/_00/output/Kotlin/square~leakcanary/leakcanary/leakcanary-android-core/src/main/res/anim/leak_canary_exit_forward.xml|square|leakcanary|leak_canary_exit_forward.xml|XML|6|0|0
./src/_00/output/Kotlin/square~leakcanary/leakcanary/leakcanary-android-core/src/main/res/mipmap-anydpi-v26/leak_canary_icon.xml|square|leakcanary|leak_canary_icon.xml|XML|6|0|0
./src/_00/output/Kotlin/square~leakcanary/leakcanary/leakcanary-android-core/src/main/res/values/leak_canary_attrs.xml|square|leakcanary|leak_canary_attrs.xml|XML|6|15|0
./src/_00/output/Kotlin/square~leakcanary/leakcanary/leakcanary-android-core/src/main/res/values/leak_canary_bools.xml|square|leakcanary|leak_canary_bools.xml|XML|6|0|0
./src/_00/output/Kotlin/square~leakcanary/leakcanary/leakcanary-android-core/src/main/res/xml/leak_canary_file_paths.xml|square|leakcanary|leak_canary_file_paths.xml|XML|6|0|1
./src/_00/output/Kotlin/square~leakcanary/leakcanary/leakcanary-android-instrumentation/src/androidTest/res/layout/activity_test.xml|square|leakcanary|activity_test.xml|XML|6|0|0
./src/_00/output/Kotlin/square~leakcanary/leakcanary/leakcanary-app-service/src/main/AndroidManifest.xml|square|leakcanary|AndroidManifest.xml|XML|6|0|2
./src/_00/output/Kotlin/square~leakcanary/shark/shark-hprof/src/main/java/shark/StreamingSourceProvider.kt|square|leakcanary|StreamingSourceProvider.kt|Kotlin|6|3|2
./src/_00/output/Kotlin/square~leakcanary/shark/shark/src/main/java/shark/GcRootReference.kt|square|leakcanary|GcRootReference.kt|Kotlin|6|1|1
./src/_00/output/Kotlin/square~leakcanary/shark/shark/src/main/java/shark/LeakNodeStatus.kt|square|leakcanary|LeakNodeStatus.kt|Kotlin|6|3|1
./src/_00/output/Kotlin/square~leakcanary/shark/shark/src/main/java/shark/LeaksAndUnreachableObjects.kt|square|leakcanary|LeaksAndUnreachableObjects.kt|Kotlin|6|1|1
./src/_00/output/Kotlin/square~leakcanary/shark/shark/src/main/java/shark/PathFindingResults.kt|square|leakcanary|PathFindingResults.kt|Kotlin|6|1|2
./src/_00/output/Kotlin/square~leakcanary/shark/shark/src/main/java/shark/internal/Strings.kt|square|leakcanary|Strings.kt|Kotlin|6|0|2
./src/_00/output/Kotlin/square~leakcanary/leakcanary/leakcanary-android-core/src/main/res/color/leak_canary_bottom_menu.xml|square|leakcanary|leak_canary_bottom_menu.xml|XML|5|0|0
./src/_00/output/Kotlin/square~leakcanary/leakcanary/leakcanary-android-core/src/main/res/color/leak_canary_count_text.xml|square|leakcanary|leak_canary_count_text.xml|XML|5|0|0
./src/_00/output/Kotlin/square~leakcanary/leakcanary/leakcanary-android-core/src/main/res/drawable-v21/leak_canary_tab_selector_ripple.xml|square|leakcanary|leak_canary_tab_selector_ripple.xml|XML|5|0|0
./src/_00/output/Kotlin/square~leakcanary/leakcanary/leakcanary-android-core/src/main/res/drawable/leak_canary_info.xml|square|leakcanary|leak_canary_info.xml|XML|5|0|0
./src/_00/output/Kotlin/square~leakcanary/leakcanary/leakcanary-android-core/src/main/res/drawable/leak_canary_info_rectangle.xml|square|leakcanary|leak_canary_info_rectangle.xml|XML|5|0|0
./src/_00/output/Kotlin/square~leakcanary/leakcanary/leakcanary-android-core/src/main/res/drawable/leak_canary_tab_background.xml|square|leakcanary|leak_canary_tab_background.xml|XML|5|0|0
./src/_00/output/Kotlin/square~leakcanary/leakcanary/leakcanary-android-core/src/main/res/drawable/leak_canary_toast_background.xml|square|leakcanary|leak_canary_toast_background.xml|XML|5|0|0
./src/_00/output/Kotlin/square~leakcanary/leakcanary/leakcanary-android-instrumentation/src/main/java/leakcanary/HeapAnalysisDecision.kt|square|leakcanary|HeapAnalysisDecision.kt|Kotlin|5|0|1
./src/_00/output/Kotlin/square~leakcanary/leakcanary/leakcanary-android-instrumentation/src/main/java/leakcanary/HeapAnalysisReporter.kt|square|leakcanary|HeapAnalysisReporter.kt|Kotlin|5|3|2
./src/_00/output/Kotlin/square~leakcanary/leakcanary/leakcanary-android-uiautomator/src/main/AndroidManifest.xml|square|leakcanary|AndroidManifest.xml|XML|5|5|2
./src/_00/output/Kotlin/square~leakcanary/leakcanary/leakcanary-app/src/main/res/mipmap-anydpi-v26/ic_launcher_round.xml|square|leakcanary|ic_launcher_round.xml|XML|5|0|0
./src/_00/output/Kotlin/square~leakcanary/leakcanary/leakcanary-deobfuscation-gradle-plugin/src/main/java/com/squareup/leakcanary/deobfuscation/LeakCanaryDeobfuscationExtension.kt|square|leakcanary|LeakCanaryDeobfuscationExtension.kt|Kotlin|5|30|3
./src/_00/output/Kotlin/square~leakcanary/leakcanary/leakcanary-deobfuscation-gradle-plugin/src/test/test-project/src/main/java/com/leakcanary/test/TestProjectClass.java|square|leakcanary|TestProjectClass.java|Java|5|0|2
./src/_00/output/Kotlin/square~leakcanary/object-watcher/object-watcher-android-core/src/main/java/leakcanary/InstallableWatcher.kt|square|leakcanary|InstallableWatcher.kt|Kotlin|5|0|3
./src/_00/output/Kotlin/square~leakcanary/object-watcher/object-watcher-android-core/src/main/java/leakcanary/internal/Applications.kt|square|leakcanary|Applications.kt|Kotlin|5|0|2
./src/_00/output/Kotlin/square~leakcanary/object-watcher/object-watcher/src/main/java/leakcanary/Clock.kt|square|leakcanary|Clock.kt|Kotlin|5|8|1
./src/_00/output/Kotlin/square~leakcanary/object-watcher/object-watcher/src/main/java/leakcanary/DelayedExecutor.kt|square|leakcanary|DelayedExecutor.kt|Kotlin|5|0|2
./src/_00/output/Kotlin/square~leakcanary/object-watcher/object-watcher/src/main/java/leakcanary/UptimeClock.kt|square|leakcanary|UptimeClock.kt|Kotlin|5|10|2
./src/_00/output/Kotlin/square~leakcanary/samples/leakcanary-android-sample/src/main/java/com/example/leakcanary/LeakingSingleton.kt|square|leakcanary|LeakingSingleton.kt|Kotlin|5|0|2
./src/_00/output/Kotlin/square~leakcanary/shark/shark-graph/src/main/java/shark/HeapGraphProvider.kt|square|leakcanary|HeapGraphProvider.kt|Kotlin|5|4|2
./src/_00/output/Kotlin/square~leakcanary/leakcanary/leakcanary-android-core/lint.xml|square|leakcanary|lint.xml|XML|4|0|0
./src/_00/output/Kotlin/square~leakcanary/leakcanary/leakcanary-android-core/src/main/res/drawable-v21/leak_canary_tab_background.xml|square|leakcanary|leak_canary_tab_background.xml|XML|4|0|0
./src/_00/output/Kotlin/square~leakcanary/leakcanary/leakcanary-android-instrumentation/src/main/java/leakcanary/DetectLeaksInterceptor.kt|square|leakcanary|DetectLeaksInterceptor.kt|Kotlin|4|5|1
./src/_00/output/Kotlin/square~leakcanary/leakcanary/leakcanary-app/src/main/res/values/themes.xml|square|leakcanary|themes.xml|XML|4|0|1
./src/_00/output/Kotlin/square~leakcanary/leakcanary/leakcanary-app/src/main/res/xml/data_extraction_rules.xml|square|leakcanary|data_extraction_rules.xml|XML|4|15|0
./src/_00/output/Kotlin/square~leakcanary/object-watcher/object-watcher-android-core/src/main/res/values/leak_canary_public.xml|square|leakcanary|leak_canary_public.xml|XML|4|0|0
./src/_00/output/Kotlin/square~leakcanary/object-watcher/object-watcher-android-core/src/main/res/values/watcher_bools.xml|square|leakcanary|watcher_bools.xml|XML|4|3|0
./src/_00/output/Kotlin/square~leakcanary/object-watcher/object-watcher-android/src/main/res/values/leak_canary_public.xml|square|leakcanary|leak_canary_public.xml|XML|4|0|0
./src/_00/output/Kotlin/square~leakcanary/object-watcher/object-watcher-android/src/main/res/values/watcher_bools.xml|square|leakcanary|watcher_bools.xml|XML|4|3|0
./src/_00/output/Kotlin/square~leakcanary/object-watcher/object-watcher/src/main/java/leakcanary/OnObjectRetainedListener.kt|square|leakcanary|OnObjectRetainedListener.kt|Kotlin|4|6|2
./src/_00/output/Kotlin/square~leakcanary/plumber/plumber-android/src/main/res/values/plumber_bools.xml|square|leakcanary|plumber_bools.xml|XML|4|0|0
./src/_00/output/Kotlin/square~leakcanary/plumber/plumber-android/src/main/res/values/plumber_public.xml|square|leakcanary|plumber_public.xml|XML|4|15|1
./src/_00/output/Kotlin/square~leakcanary/shark/shark-hprof/src/main/java/shark/RandomAccessSourceProvider.kt|square|leakcanary|RandomAccessSourceProvider.kt|Kotlin|4|3|1
./src/_00/output/Kotlin/square~leakcanary/shark/shark/src/main/java/shark/Dominators.kt|square|leakcanary|Dominators.kt|Kotlin|4|0|2
./src/_00/output/Kotlin/square~leakcanary/shark/shark/src/main/java/shark/GcRootProvider.kt|square|leakcanary|GcRootProvider.kt|Kotlin|4|3|1
./src/_00/output/Kotlin/square~leakcanary/shark/shark/src/main/java/shark/LeakingObjectFinder.kt|square|leakcanary|LeakingObjectFinder.kt|Kotlin|4|7|2
./src/_00/output/Kotlin/square~leakcanary/shark/shark/src/main/java/shark/ObjectInspector.kt|square|leakcanary|ObjectInspector.kt|Kotlin|4|9|2
./src/_00/output/Kotlin/square~leakcanary/leakcanary/leakcanary-app/src/main/res/values/strings.xml|square|leakcanary|strings.xml|XML|3|0|0
./src/_00/output/Kotlin/square~leakcanary/object-watcher/object-watcher-android-core/src/main/AndroidManifest.xml|square|leakcanary|AndroidManifest.xml|XML|3|0|0
./src/_00/output/Kotlin/square~leakcanary/plumber/plumber-android-core/consumer-proguard-rules.pro|square|leakcanary|consumer-proguard-rules.pro|ProGuard|3|1|0
./src/_00/output/Kotlin/square~leakcanary/samples/leakcanary-android-sample/src/androidTest/AndroidManifest.xml|square|leakcanary|AndroidManifest.xml|XML|3|15|0
./src/_00/output/Kotlin/square~leakcanary/shark/shark-graph/src/main/java/shark/CloseableHeapGraph.kt|square|leakcanary|CloseableHeapGraph.kt|Kotlin|3|3|2
./src/_00/output/Kotlin/square~leakcanary/leakcanary/leakcanary-android-core/consumer-proguard-rules.pro|square|leakcanary|consumer-proguard-rules.pro|ProGuard|2|2|0
./src/_00/output/Kotlin/square~leakcanary/leakcanary/leakcanary-android-core/src/androidTest/AndroidManifest.xml|square|leakcanary|AndroidManifest.xml|XML|2|15|0
./src/_00/output/Kotlin/square~leakcanary/leakcanary/leakcanary-android-core/src/main/java/leakcanary/internal/utils/Tuples.kt|square|leakcanary|Tuples.kt|Kotlin|2|0|1
./src/_00/output/Kotlin/square~leakcanary/leakcanary/leakcanary-android/src/main/AndroidManifest.xml|square|leakcanary|AndroidManifest.xml|XML|2|15|0
./src/_00/output/Kotlin/square~leakcanary/leakcanary/leakcanary-app/src/main/res/xml/backup_rules.xml|square|leakcanary|backup_rules.xml|XML|2|11|0
./src/_00/output/Kotlin/square~leakcanary/object-watcher/object-watcher-android-androidx/consumer-proguard-rules.pro|square|leakcanary|consumer-proguard-rules.pro|ProGuard|2|2|0
./src/_00/output/Kotlin/square~leakcanary/plumber/plumber-android-core/src/main/AndroidManifest.xml|square|leakcanary|AndroidManifest.xml|XML|2|0|0
./src/_00/output/Kotlin/square~leakcanary/shark-cli.sh|square|leakcanary|shark-cli.sh|Bourne Shell|2|0|0
./src/_00/output/Kotlin/square~leakcanary/shark/shark-hprof/src/main/java/shark/DualSourceProvider.kt|square|leakcanary|DualSourceProvider.kt|Kotlin|2|3|1
./src/_00/output/Kotlin/square~leakcanary/.github/CODE_OF_CONDUCT.md|square|leakcanary|CODE_OF_CONDUCT.md|Markdown|1|0|0
./src/_00/output/Kotlin/square~leakcanary/.github/CONTRIBUTING.md|square|leakcanary|CONTRIBUTING.md|Markdown|1|0|0
./src/_00/output/Kotlin/square~leakcanary/.github/SUPPORT.md|square|leakcanary|SUPPORT.md|Markdown|1|0|0
./src/_00/output/Kotlin/square~leakcanary/leakcanary/leakcanary-android-process/consumer-proguard-rules.pro|square|leakcanary|consumer-proguard-rules.pro|ProGuard|1|1|0
./src/_00/output/Kotlin/square~leakcanary/leakcanary/leakcanary-deobfuscation-gradle-plugin/src/test/test-project/src/main/AndroidManifest.xml|square|leakcanary|AndroidManifest.xml|XML|1|15|0
./src/_00/output/Kotlin/square~leakcanary/object-watcher/object-watcher-android-core/consumer-proguard-rules.pro|square|leakcanary|consumer-proguard-rules.pro|ProGuard|1|1|0
./src/_00/output/Kotlin/square~leakcanary/object-watcher/object-watcher-android/consumer-proguard-rules.pro|square|leakcanary|consumer-proguard-rules.pro|ProGuard|1|1|0
./src/_00/output/Kotlin/square~leakcanary/plumber/plumber-android/consumer-proguard-rules.pro|square|leakcanary|consumer-proguard-rules.pro|ProGuard|1|1|0
./src/_00/output/Kotlin/square~leakcanary/shark/shark-android/src/main/resources/META-INF/proguard/shark.pro|square|leakcanary|shark.pro|ProGuard|1|1|0
