path|owner|project|file|language|code|comment|blank
./src/_00/output/Kotlin/square~picasso/picasso/src/test/java/com/squareup/picasso3/BitmapHunterTest.kt|square|picasso|BitmapHunterTest.kt|Kotlin|877|37|180
./src/_00/output/Kotlin/square~picasso/picasso/src/test/java/com/squareup/picasso3/RequestCreatorTest.kt|square|picasso|RequestCreatorTest.kt|Kotlin|633|16|75
./src/_00/output/Kotlin/square~picasso/picasso/src/test/java/com/squareup/picasso3/InternalCoroutineDispatcherTest.kt|square|picasso|InternalCoroutineDispatcherTest.kt|Kotlin|610|23|140
./src/_00/output/Kotlin/square~picasso/picasso/src/main/java/com/squareup/picasso3/Picasso.kt|square|picasso|Picasso.kt|Kotlin|531|203|94
./src/_00/output/Kotlin/square~picasso/picasso/src/test/java/com/squareup/picasso3/HandlerDispatcherTest.kt|square|picasso|HandlerDispatcherTest.kt|Kotlin|498|15|65
./src/_00/output/Kotlin/square~picasso/picasso/src/test/java/com/squareup/picasso3/PicassoTest.kt|square|picasso|PicassoTest.kt|Kotlin|473|15|71
./src/_00/output/Kotlin/square~picasso/picasso/src/main/java/com/squareup/picasso3/RequestCreator.kt|square|picasso|RequestCreator.kt|Kotlin|421|201|72
./src/_00/output/Kotlin/square~picasso/picasso/src/main/java/com/squareup/picasso3/BaseDispatcher.kt|square|picasso|BaseDispatcher.kt|Kotlin|379|27|48
./src/_00/output/Kotlin/square~picasso/picasso/src/main/java/com/squareup/picasso3/Request.kt|square|picasso|Request.kt|Kotlin|375|130|78
./src/_00/output/Kotlin/square~picasso/picasso/src/test/java/com/squareup/picasso3/TestUtils.kt|square|picasso|TestUtils.kt|Kotlin|360|16|59
./src/_00/output/Kotlin/square~picasso/picasso/src/main/java/com/squareup/picasso3/BitmapHunter.kt|square|picasso|BitmapHunter.kt|Kotlin|268|20|53
./src/_00/output/Kotlin/square~picasso/picasso-sample/src/main/java/com/example/picasso/SampleComposeActivity.kt|square|picasso|SampleComposeActivity.kt|Kotlin|232|15|19
./src/_00/output/Kotlin/square~picasso/picasso/src/test/java/com/squareup/picasso3/NetworkRequestHandlerTest.kt|square|picasso|NetworkRequestHandlerTest.kt|Kotlin|225|15|21
./src/_00/output/Kotlin/square~picasso/picasso/src/main/java/com/squareup/picasso3/BitmapUtils.kt|square|picasso|BitmapUtils.kt|Kotlin|201|29|18
./src/_00/output/Kotlin/square~picasso/picasso/src/main/java/com/squareup/picasso3/MatrixTransformation.kt|square|picasso|MatrixTransformation.kt|Kotlin|192|25|15
./src/_00/output/Kotlin/square~picasso/website/index.html|square|picasso|index.html|HTML|189|1|21
./src/_00/output/Kotlin/square~picasso/website/static/app.css|square|picasso|app.css|CSS|176|3|13
./src/_00/output/Kotlin/square~picasso/picasso/src/main/java/com/squareup/picasso3/Utils.kt|square|picasso|Utils.kt|Kotlin|173|41|25
./src/_00/output/Kotlin/square~picasso/picasso/src/main/java/com/squareup/picasso3/HandlerDispatcher.kt|square|picasso|HandlerDispatcher.kt|Kotlin|169|16|21
./src/_00/output/Kotlin/square~picasso/CHANGELOG.md|square|picasso|CHANGELOG.md|Markdown|165|0|68
./src/_00/output/Kotlin/square~picasso/picasso/src/androidTest/java/com/squareup/picasso3/PlatformLruCacheTest.kt|square|picasso|PlatformLruCacheTest.kt|Kotlin|161|21|24
./src/_00/output/Kotlin/square~picasso/picasso-compose/src/androidTest/java/com/squareup/picasso3/compose/PicassoPainterTest.kt|square|picasso|PicassoPainterTest.kt|Kotlin|156|20|21
./src/_00/output/Kotlin/square~picasso/picasso-stats/src/main/java/com/squareup/picasso3/stats/StatsEventListener.kt|square|picasso|StatsEventListener.kt|Kotlin|144|17|19
./src/_00/output/Kotlin/square~picasso/picasso-pollexor/src/test/java/com/squareup/picasso3/pollexor/PollexorRequestTransformerTest.kt|square|picasso|PollexorRequestTransformerTest.kt|Kotlin|138|15|20
./src/_00/output/Kotlin/square~picasso/picasso/src/test/java/com/squareup/picasso3/ImageViewActionTest.kt|square|picasso|ImageViewActionTest.kt|Kotlin|138|15|13
./src/_00/output/Kotlin/square~picasso/picasso/src/main/java/com/squareup/picasso3/PicassoDrawable.kt|square|picasso|PicassoDrawable.kt|Kotlin|130|25|16
./src/_00/output/Kotlin/square~picasso/picasso/src/main/java/com/squareup/picasso3/InternalCoroutineDispatcher.kt|square|picasso|InternalCoroutineDispatcher.kt|Kotlin|119|16|19
./src/_00/output/Kotlin/square~picasso/picasso/src/test/java/com/squareup/picasso3/DrawableTargetActionTest.kt|square|picasso|DrawableTargetActionTest.kt|Kotlin|110|15|15
./src/_00/output/Kotlin/square~picasso/gradlew|square|picasso|gradlew|Bourne Shell|105|116|28
./src/_00/output/Kotlin/square~picasso/picasso/src/test/java/com/squareup/picasso3/DeferredRequestCreatorTest.kt|square|picasso|DeferredRequestCreatorTest.kt|Kotlin|104|17|19
./src/_00/output/Kotlin/square~picasso/picasso/src/test/java/com/squareup/picasso3/MediaStoreRequestHandlerTest.kt|square|picasso|MediaStoreRequestHandlerTest.kt|Kotlin|103|15|11
./src/_00/output/Kotlin/square~picasso/picasso/src/test/java/com/squareup/picasso3/RemoteViewsActionTest.kt|square|picasso|RemoteViewsActionTest.kt|Kotlin|103|15|9
./src/_00/output/Kotlin/square~picasso/picasso-sample/src/main/java/com/example/picasso/SampleContactsActivity.kt|square|picasso|SampleContactsActivity.kt|Kotlin|99|15|18
./src/_00/output/Kotlin/square~picasso/picasso/src/main/java/com/squareup/picasso3/NetworkRequestHandler.kt|square|picasso|NetworkRequestHandler.kt|Kotlin|99|20|13
./src/_00/output/Kotlin/square~picasso/picasso-compose/src/main/java/com/squareup/picasso3/compose/PicassoPainter.kt|square|picasso|PicassoPainter.kt|Kotlin|97|27|18
./src/_00/output/Kotlin/square~picasso/picasso/src/test/java/com/squareup/picasso3/BitmapTargetActionTest.kt|square|picasso|BitmapTargetActionTest.kt|Kotlin|95|15|10
./src/_00/output/Kotlin/square~picasso/picasso-sample/src/main/java/com/example/picasso/PicassoSampleAdapter.kt|square|picasso|PicassoSampleAdapter.kt|Kotlin|93|16|16
./src/_00/output/Kotlin/square~picasso/picasso/src/main/java/com/squareup/picasso3/RemoteViewsAction.kt|square|picasso|RemoteViewsAction.kt|Kotlin|91|15|12
./src/_00/output/Kotlin/square~picasso/picasso/src/main/java/com/squareup/picasso3/MediaStoreRequestHandler.kt|square|picasso|MediaStoreRequestHandler.kt|Kotlin|90|17|13
./src/_00/output/Kotlin/square~picasso/picasso-sample/src/main/java/com/example/picasso/SampleListDetailActivity.kt|square|picasso|SampleListDetailActivity.kt|Kotlin|81|15|14
./src/_00/output/Kotlin/square~picasso/build.gradle|square|picasso|build.gradle|Gradle|77|9|13
./src/_00/output/Kotlin/square~picasso/picasso/src/androidTest/java/com/squareup/picasso3/BitmapUtilsTest.kt|square|picasso|BitmapUtilsTest.kt|Kotlin|77|18|15
./src/_00/output/Kotlin/square~picasso/.github/workflows/build.yaml|square|picasso|build.yaml|YAML|74|0|20
./src/_00/output/Kotlin/square~picasso/gradlew.bat|square|picasso|gradlew.bat|DOS Batch|69|2|21
./src/_00/output/Kotlin/square~picasso/picasso/src/main/java/com/squareup/picasso3/ContactsPhotoRequestHandler.kt|square|picasso|ContactsPhotoRequestHandler.kt|Kotlin|67|22|10
./src/_00/output/Kotlin/square~picasso/picasso-sample/src/main/java/com/example/picasso/SampleGalleryActivity.kt|square|picasso|SampleGalleryActivity.kt|Kotlin|65|17|12
./src/_00/output/Kotlin/square~picasso/picasso/src/test/java/com/squareup/picasso3/UtilsTest.kt|square|picasso|UtilsTest.kt|Kotlin|60|15|9
./src/_00/output/Kotlin/square~picasso/picasso/src/main/java/com/squareup/picasso3/AssetRequestHandler.kt|square|picasso|AssetRequestHandler.kt|Kotlin|59|15|8
./src/_00/output/Kotlin/square~picasso/picasso/src/test/java/com/squareup/picasso3/BaseDispatcherTest.kt|square|picasso|BaseDispatcherTest.kt|Kotlin|56|15|14
./src/_00/output/Kotlin/square~picasso/picasso/src/androidTest/java/com/squareup/picasso3/PicassoDrawableTest.kt|square|picasso|PicassoDrawableTest.kt|Kotlin|55|15|5
./src/_00/output/Kotlin/square~picasso/picasso/src/main/java/com/squareup/picasso3/DeferredRequestCreator.kt|square|picasso|DeferredRequestCreator.kt|Kotlin|55|17|16
./src/_00/output/Kotlin/square~picasso/picasso/build.gradle|square|picasso|build.gradle|Gradle|53|1|12
./src/_00/output/Kotlin/square~picasso/picasso-sample/src/main/java/com/example/picasso/SampleContactsAdapter.kt|square|picasso|SampleContactsAdapter.kt|Kotlin|52|15|7
./src/_00/output/Kotlin/square~picasso/picasso-paparazzi-sample/src/test/java/com/example/picasso/paparazzi/PicassoPaparazziTest.kt|square|picasso|PicassoPaparazziTest.kt|Kotlin|49|15|7
./src/_00/output/Kotlin/square~picasso/picasso-sample/src/main/java/com/example/picasso/SampleListDetailAdapter.kt|square|picasso|SampleListDetailAdapter.kt|Kotlin|49|17|10
./src/_00/output/Kotlin/square~picasso/picasso-pollexor/src/main/java/com/squareup/picasso3/pollexor/PollexorRequestTransformer.kt|square|picasso|PollexorRequestTransformer.kt|Kotlin|48|28|13
./src/_00/output/Kotlin/square~picasso/picasso-sample/src/main/AndroidManifest.xml|square|picasso|AndroidManifest.xml|XML|48|6|11
./src/_00/output/Kotlin/square~picasso/picasso/src/main/java/com/squareup/picasso3/PicassoExecutorService.kt|square|picasso|PicassoExecutorService.kt|Kotlin|47|20|7
./src/_00/output/Kotlin/square~picasso/gradle/libs.versions.toml|square|picasso|libs.versions.toml|TOML|46|2|10
./src/_00/output/Kotlin/square~picasso/picasso/src/main/java/com/squareup/picasso3/ContentStreamRequestHandler.kt|square|picasso|ContentStreamRequestHandler.kt|Kotlin|46|15|5
./src/_00/output/Kotlin/square~picasso/picasso-sample/build.gradle|square|picasso|build.gradle|Gradle|45|1|12
./src/_00/output/Kotlin/square~picasso/picasso-sample/src/main/java/com/example/picasso/PicassoSampleActivity.kt|square|picasso|PicassoSampleActivity.kt|Kotlin|45|15|11
./src/_00/output/Kotlin/square~picasso/picasso-sample/src/main/res/values/styles.xml|square|picasso|styles.xml|XML|45|2|6
./src/_00/output/Kotlin/square~picasso/picasso/src/main/java/com/squareup/picasso3/PlatformLruCache.kt|square|picasso|PlatformLruCache.kt|Kotlin|45|25|14
./src/_00/output/Kotlin/square~picasso/picasso/src/main/java/com/squareup/picasso3/DrawableTargetAction.kt|square|picasso|DrawableTargetAction.kt|Kotlin|44|15|5
./src/_00/output/Kotlin/square~picasso/picasso-sample/src/main/res/layout/picasso_sample_activity.xml|square|picasso|picasso_sample_activity.xml|XML|43|0|1
./src/_00/output/Kotlin/square~picasso/picasso/src/main/java/com/squareup/picasso3/ImageViewAction.kt|square|picasso|ImageViewAction.kt|Kotlin|43|15|8
./src/_00/output/Kotlin/square~picasso/picasso-compose/build.gradle|square|picasso|build.gradle|Gradle|40|0|14
./src/_00/output/Kotlin/square~picasso/picasso-sample/src/main/java/com/example/picasso/GrayscaleTransformation.kt|square|picasso|GrayscaleTransformation.kt|Kotlin|40|15|11
./src/_00/output/Kotlin/square~picasso/picasso/src/main/java/com/squareup/picasso3/FileRequestHandler.kt|square|picasso|FileRequestHandler.kt|Kotlin|40|15|4
./src/_00/output/Kotlin/square~picasso/README.md|square|picasso|README.md|Markdown|39|0|21
./src/_00/output/Kotlin/square~picasso/picasso/src/test/java/com/squareup/picasso3/TestContentProvider.kt|square|picasso|TestContentProvider.kt|Kotlin|39|15|7
./src/_00/output/Kotlin/square~picasso/picasso/src/main/java/com/squareup/picasso3/RequestHandler.kt|square|picasso|RequestHandler.kt|Kotlin|38|50|9
./src/_00/output/Kotlin/square~picasso/picasso/src/main/java/com/squareup/picasso3/BitmapTargetAction.kt|square|picasso|BitmapTargetAction.kt|Kotlin|36|15|8
./src/_00/output/Kotlin/square~picasso/picasso-sample/src/main/java/com/example/picasso/SampleGridViewAdapter.kt|square|picasso|SampleGridViewAdapter.kt|Kotlin|35|19|11
./src/_00/output/Kotlin/square~picasso/picasso-sample/src/main/res/layout/sample_gallery_activity.xml|square|picasso|sample_gallery_activity.xml|XML|35|0|3
./src/_00/output/Kotlin/square~picasso/picasso-paparazzi-sample/build.gradle|square|picasso|build.gradle|Gradle|34|1|10
./src/_00/output/Kotlin/square~picasso/picasso/src/main/java/com/squareup/picasso3/ResourceDrawableRequestHandler.kt|square|picasso|ResourceDrawableRequestHandler.kt|Kotlin|34|15|4
./src/_00/output/Kotlin/square~picasso/picasso/src/test/java/com/squareup/picasso3/_JavaConsumerIdeCheck.java|square|picasso|_JavaConsumerIdeCheck.java|Java|34|0|11
./src/_00/output/Kotlin/square~picasso/website/static/app-theme.css|square|picasso|app-theme.css|CSS|34|7|10
./src/_00/output/Kotlin/square~picasso/picasso/src/test/java/com/squareup/picasso3/Shadows.kt|square|picasso|Shadows.kt|Kotlin|32|15|3
./src/_00/output/Kotlin/square~picasso/picasso-pollexor/build.gradle|square|picasso|build.gradle|Gradle|31|0|7
./src/_00/output/Kotlin/square~picasso/picasso/src/main/java/com/squareup/picasso3/ResourceRequestHandler.kt|square|picasso|ResourceRequestHandler.kt|Kotlin|31|15|3
./src/_00/output/Kotlin/square~picasso/website/static/prettify.js|square|picasso|prettify.js|JavaScript|29|1|0
./src/_00/output/Kotlin/square~picasso/picasso-stats/build.gradle|square|picasso|build.gradle|Gradle|27|0|8
./src/_00/output/Kotlin/square~picasso/picasso/src/test/java/com/squareup/picasso3/MemoryPolicyTest.kt|square|picasso|MemoryPolicyTest.kt|Kotlin|27|15|6
./src/_00/output/Kotlin/square~picasso/picasso-sample/src/main/res/layout/sample_list_detail_detail.xml|square|picasso|sample_list_detail_detail.xml|XML|26|0|1
./src/_00/output/Kotlin/square~picasso/picasso-sample/src/main/res/layout/notification_view.xml|square|picasso|notification_view.xml|XML|25|0|1
./src/_00/output/Kotlin/square~picasso/picasso-sample/src/main/res/layout/sample_list_detail_item.xml|square|picasso|sample_list_detail_item.xml|XML|25|0|1
./src/_00/output/Kotlin/square~picasso/picasso-sample/src/main/java/com/example/picasso/SampleScrollListener.kt|square|picasso|SampleScrollListener.kt|Kotlin|23|15|4
./src/_00/output/Kotlin/square~picasso/picasso-sample/src/main/res/layout/sample_contacts_activity_item.xml|square|picasso|sample_contacts_activity_item.xml|XML|23|12|6
./src/_00/output/Kotlin/square~picasso/picasso-sample/src/main/java/com/example/picasso/PicassoInitializer.kt|square|picasso|PicassoInitializer.kt|Kotlin|21|15|4
./src/_00/output/Kotlin/square~picasso/picasso-sample/src/main/java/com/example/picasso/SampleWidgetProvider.kt|square|picasso|SampleWidgetProvider.kt|Kotlin|21|16|4
./src/_00/output/Kotlin/square~picasso/picasso/src/main/java/com/squareup/picasso3/Dispatcher.kt|square|picasso|Dispatcher.kt|Kotlin|21|15|16
./src/_00/output/Kotlin/square~picasso/picasso-pollexor/README.md|square|picasso|README.md|Markdown|20|0|11
./src/_00/output/Kotlin/square~picasso/picasso-sample/src/main/java/com/example/picasso/Data.kt|square|picasso|Data.kt|Kotlin|20|15|2
./src/_00/output/Kotlin/square~picasso/picasso/src/main/java/com/squareup/picasso3/FetchAction.kt|square|picasso|FetchAction.kt|Kotlin|19|15|5
./src/_00/output/Kotlin/square~picasso/RELEASING.md|square|picasso|RELEASING.md|Markdown|18|0|7
./src/_00/output/Kotlin/square~picasso/picasso-sample/src/main/res/drawable/button_selector.xml|square|picasso|button_selector.xml|XML|17|0|1
./src/_00/output/Kotlin/square~picasso/picasso/src/main/java/com/squareup/picasso3/Action.kt|square|picasso|Action.kt|Kotlin|17|15|6
./src/_00/output/Kotlin/square~picasso/deploy_website.sh|square|picasso|deploy_website.sh|Bourne Shell|16|9|11
./src/_00/output/Kotlin/square~picasso/picasso-sample/src/main/java/com/example/picasso/SquaredImageView.kt|square|picasso|SquaredImageView.kt|Kotlin|16|16|2
./src/_00/output/Kotlin/square~picasso/picasso/src/androidTest/java/com/squareup/picasso3/AssetRequestHandlerTest.kt|square|picasso|AssetRequestHandlerTest.kt|Kotlin|15|15|3
./src/_00/output/Kotlin/square~picasso/picasso/src/main/java/com/squareup/picasso3/BitmapTarget.kt|square|picasso|BitmapTarget.kt|Kotlin|15|42|4
./src/_00/output/Kotlin/square~picasso/picasso/src/main/java/com/squareup/picasso3/DrawableTarget.kt|square|picasso|DrawableTarget.kt|Kotlin|14|41|4
./src/_00/output/Kotlin/square~picasso/picasso/src/main/java/com/squareup/picasso3/NetworkPolicy.kt|square|picasso|NetworkPolicy.kt|Kotlin|14|25|6
./src/_00/output/Kotlin/square~picasso/picasso/src/test/java/com/squareup/picasso3/TestTransformation.kt|square|picasso|TestTransformation.kt|Kotlin|14|15|3
./src/_00/output/Kotlin/square~picasso/picasso-sample/src/main/java/com/example/picasso/SampleGridViewActivity.kt|square|picasso|SampleGridViewActivity.kt|Kotlin|13|15|3
./src/_00/output/Kotlin/square~picasso/picasso-sample/src/main/res/drawable/list_selector.xml|square|picasso|list_selector.xml|XML|13|1|2
./src/_00/output/Kotlin/square~picasso/picasso/src/main/java/com/squareup/picasso3/EventListener.kt|square|picasso|EventListener.kt|Kotlin|13|15|2
./src/_00/output/Kotlin/square~picasso/picasso-compose/README.md|square|picasso|README.md|Markdown|12|0|4
./src/_00/output/Kotlin/square~picasso/picasso-sample/src/main/res/values/strings.xml|square|picasso|strings.xml|XML|11|0|0
./src/_00/output/Kotlin/square~picasso/picasso/src/main/java/com/squareup/picasso3/MemoryPolicy.kt|square|picasso|MemoryPolicy.kt|Kotlin|11|21|4
./src/_00/output/Kotlin/square~picasso/picasso-sample/src/main/res/layout/sample_gridview_activity.xml|square|picasso|sample_gridview_activity.xml|XML|10|0|1
./src/_00/output/Kotlin/square~picasso/picasso/src/main/java/com/squareup/picasso3/GetAction.kt|square|picasso|GetAction.kt|Kotlin|10|15|2
./src/_00/output/Kotlin/square~picasso/CONTRIBUTING.md|square|picasso|CONTRIBUTING.md|Markdown|9|0|5
./src/_00/output/Kotlin/square~picasso/picasso-sample/lint.xml|square|picasso|lint.xml|XML|9|0|1
./src/_00/output/Kotlin/square~picasso/picasso-sample/src/main/res/values/themes.xml|square|picasso|themes.xml|XML|9|0|1
./src/_00/output/Kotlin/square~picasso/picasso-sample/src/main/res/xml/sample_widget_info.xml|square|picasso|sample_widget_info.xml|XML|9|0|1
./src/_00/output/Kotlin/square~picasso/picasso/src/main/java/com/squareup/picasso3/Callback.kt|square|picasso|Callback.kt|Kotlin|9|15|1
./src/_00/output/Kotlin/square~picasso/lint.xml|square|picasso|lint.xml|XML|8|0|0
./src/_00/output/Kotlin/square~picasso/picasso-sample/src/main/res/values/dimens.xml|square|picasso|dimens.xml|XML|8|0|0
./src/_00/output/Kotlin/square~picasso/settings.gradle|square|picasso|settings.gradle|Gradle|8|0|2
./src/_00/output/Kotlin/square~picasso/picasso-sample/src/main/res/layout/sample_contacts_activity.xml|square|picasso|sample_contacts_activity.xml|XML|7|0|1
./src/_00/output/Kotlin/square~picasso/picasso-sample/src/main/res/layout/sample_widget.xml|square|picasso|sample_widget.xml|XML|7|0|1
./src/_00/output/Kotlin/square~picasso/picasso/src/main/java/com/squareup/picasso3/Initializer.kt|square|picasso|Initializer.kt|Kotlin|7|15|2
./src/_00/output/Kotlin/square~picasso/picasso-sample/src/main/res/layout/sample_list_detail_list.xml|square|picasso|sample_list_detail_list.xml|XML|6|0|1
./src/_00/output/Kotlin/square~picasso/picasso-sample/src/main/res/values/colors.xml|square|picasso|colors.xml|XML|6|0|0
./src/_00/output/Kotlin/square~picasso/picasso/src/main/java/com/squareup/picasso3/DrawableLoader.kt|square|picasso|DrawableLoader.kt|Kotlin|6|15|2
./src/_00/output/Kotlin/square~picasso/picasso/src/main/java/com/squareup/picasso3/Transformation.kt|square|picasso|Transformation.kt|Kotlin|6|25|3
./src/_00/output/Kotlin/square~picasso/renovate.json|square|picasso|renovate.json|JSON|6|0|0
./src/_00/output/Kotlin/square~picasso/picasso-sample/src/main/res/drawable/overlay_selector.xml|square|picasso|overlay_selector.xml|XML|5|0|1
./src/_00/output/Kotlin/square~picasso/picasso-sample/src/main/res/layout/picasso_sample_activity_item.xml|square|picasso|picasso_sample_activity_item.xml|XML|5|0|1
./src/_00/output/Kotlin/square~picasso/picasso/src/androidTest/java/com/squareup/picasso3/TestUtils.kt|square|picasso|TestUtils.kt|Kotlin|5|15|2
./src/_00/output/Kotlin/square~picasso/website/static/html5shiv.min.js|square|picasso|html5shiv.min.js|JavaScript|5|3|0
./src/_00/output/Kotlin/square~picasso/picasso-sample/src/main/res/values-land/dimens.xml|square|picasso|dimens.xml|XML|4|0|0
./src/_00/output/Kotlin/square~picasso/picasso-sample/src/main/res/values-w500dp/integers.xml|square|picasso|integers.xml|XML|4|0|0
./src/_00/output/Kotlin/square~picasso/picasso-sample/src/main/res/values-w600dp/dimens.xml|square|picasso|dimens.xml|XML|4|0|0
./src/_00/output/Kotlin/square~picasso/picasso-sample/src/main/res/values-w600dp/integers.xml|square|picasso|integers.xml|XML|4|0|0
./src/_00/output/Kotlin/square~picasso/picasso-sample/src/main/res/values-w700dp/integers.xml|square|picasso|integers.xml|XML|4|0|0
./src/_00/output/Kotlin/square~picasso/picasso-sample/src/main/res/values/integers.xml|square|picasso|integers.xml|XML|4|0|0
./src/_00/output/Kotlin/square~picasso/picasso/src/androidTest/AndroidManifest.xml|square|picasso|AndroidManifest.xml|XML|3|0|2
./src/_00/output/Kotlin/square~picasso/website/static/bootstrap-combined.min.css|square|picasso|bootstrap-combined.min.css|CSS|2|16|0
./src/_00/output/Kotlin/square~picasso/website/static/bootstrap.min.js|square|picasso|bootstrap.min.js|JavaScript|1|5|0
./src/_00/output/Kotlin/square~picasso/website/static/jquery-maven-artifact.min.js|square|picasso|jquery-maven-artifact.min.js|JavaScript|1|7|0
./src/_00/output/Kotlin/square~picasso/website/static/jquery.smooth-scroll.min.js|square|picasso|jquery.smooth-scroll.min.js|JavaScript|1|6|0
