path|owner|project|file|language|code|comment|blank
./src/_00/output/Kotlin/YiiGuxing~TranslationPlugin/src/main/java/cn/yiiguxing/plugin/translate/ui/balloon/BalloonImpl.java|YiiGuxing|TranslationPlugin|BalloonImpl.java|Java|1780|35|352
./src/_00/output/Kotlin/YiiGuxing~TranslationPlugin/FINANCIAL_CONTRIBUTORS.md|YiiGuxing|TranslationPlugin|FINANCIAL_CONTRIBUTORS.md|Markdown|764|0|12
./src/_00/output/Kotlin/YiiGuxing~TranslationPlugin/src/main/kotlin/cn/yiiguxing/plugin/translate/ui/TranslationDialog.kt|YiiGuxing|TranslationPlugin|TranslationDialog.kt|Kotlin|761|15|114
./src/_00/output/Kotlin/YiiGuxing~TranslationPlugin/src/main/kotlin/cn/yiiguxing/plugin/translate/wordbook/WordBookService.kt|YiiGuxing|TranslationPlugin|WordBookService.kt|Kotlin|588|54|98
./src/_00/output/Kotlin/YiiGuxing~TranslationPlugin/src/main/kotlin/cn/yiiguxing/plugin/translate/ui/TranslationPane.kt|YiiGuxing|TranslationPlugin|TranslationPane.kt|Kotlin|507|0|93
./src/_00/output/Kotlin/YiiGuxing~TranslationPlugin/src/main/kotlin/cn/yiiguxing/plugin/translate/action/TranslateAndReplaceAction.kt|YiiGuxing|TranslationPlugin|TranslateAndReplaceAction.kt|Kotlin|414|11|61
./src/_00/output/Kotlin/YiiGuxing~TranslationPlugin/CHANGELOG.md|YiiGuxing|TranslationPlugin|CHANGELOG.md|Markdown|411|0|146
./src/_00/output/Kotlin/YiiGuxing~TranslationPlugin/src/main/kotlin/cn/yiiguxing/plugin/translate/wordbook/WordBookView.kt|YiiGuxing|TranslationPlugin|WordBookView.kt|Kotlin|349|10|57
./src/_00/output/Kotlin/YiiGuxing~TranslationPlugin/src/main/kotlin/cn/yiiguxing/plugin/translate/ui/settings/SettingsUi.kt|YiiGuxing|TranslationPlugin|SettingsUi.kt|Kotlin|335|2|64
./src/_00/output/Kotlin/YiiGuxing~TranslationPlugin/src/main/kotlin/cn/yiiguxing/plugin/translate/diagnostic/ReportSubmitter.kt|YiiGuxing|TranslationPlugin|ReportSubmitter.kt|Kotlin|331|1|51
./src/_00/output/Kotlin/YiiGuxing~TranslationPlugin/src/main/kotlin/cn/yiiguxing/plugin/translate/ui/TranslationDialogUiImpl.kt|YiiGuxing|TranslationPlugin|TranslationDialogUiImpl.kt|Kotlin|328|6|67
./src/_00/output/Kotlin/YiiGuxing~TranslationPlugin/README.md|YiiGuxing|TranslationPlugin|README.md|Markdown|325|0|109
./src/_00/output/Kotlin/YiiGuxing~TranslationPlugin/src/main/kotlin/cn/yiiguxing/plugin/translate/trans/openai/ui/OpenAISettingsDialog.kt|YiiGuxing|TranslationPlugin|OpenAISettingsDialog.kt|Kotlin|305|2|54
./src/_00/output/Kotlin/YiiGuxing~TranslationPlugin/src/main/kotlin/cn/yiiguxing/plugin/translate/ui/settings/SettingsPanel.kt|YiiGuxing|TranslationPlugin|SettingsPanel.kt|Kotlin|281|3|34
./src/_00/output/Kotlin/YiiGuxing~TranslationPlugin/src/main/java/cn/yiiguxing/plugin/translate/ui/balloon/BalloonPopupBuilder.java|YiiGuxing|TranslationPlugin|BalloonPopupBuilder.java|Java|270|15|44
./src/_00/output/Kotlin/YiiGuxing~TranslationPlugin/src/main/kotlin/cn/yiiguxing/plugin/translate/tts/microsoft/EdgeTTSVoiceManager.kt|YiiGuxing|TranslationPlugin|EdgeTTSVoiceManager.kt|Kotlin|262|16|12
./src/_00/output/Kotlin/YiiGuxing~TranslationPlugin/src/main/kotlin/cn/yiiguxing/plugin/translate/ui/TranslationBalloon.kt|YiiGuxing|TranslationPlugin|TranslationBalloon.kt|Kotlin|247|4|42
./src/_00/output/Kotlin/YiiGuxing~TranslationPlugin/.github/readme/donating_wechat_pay.svg|YiiGuxing|TranslationPlugin|donating_wechat_pay.svg|SVG|243|0|0
./src/_00/output/Kotlin/YiiGuxing~TranslationPlugin/src/main/resources/image/donating_wechat_pay.svg|YiiGuxing|TranslationPlugin|donating_wechat_pay.svg|SVG|243|0|0
./src/_00/output/Kotlin/YiiGuxing~TranslationPlugin/src/main/kotlin/cn/yiiguxing/plugin/translate/trans/youdao/YoudaoDictDocument.kt|YiiGuxing|TranslationPlugin|YoudaoDictDocument.kt|Kotlin|236|2|35
./src/_00/output/Kotlin/YiiGuxing~TranslationPlugin/src/main/kotlin/cn/yiiguxing/plugin/translate/ui/StyledViewer.kt|YiiGuxing|TranslationPlugin|StyledViewer.kt|Kotlin|234|4|52
./src/_00/output/Kotlin/YiiGuxing~TranslationPlugin/src/main/resources/website.html|YiiGuxing|TranslationPlugin|website.html|HTML|221|0|21
./src/_00/output/Kotlin/YiiGuxing~TranslationPlugin/src/test/kotlin/cn/yiiguxing/plugin/translate/update/VersionTest.kt|YiiGuxing|TranslationPlugin|VersionTest.kt|Kotlin|212|0|11
./src/_00/output/Kotlin/YiiGuxing~TranslationPlugin/src/main/kotlin/cn/yiiguxing/plugin/translate/trans/text/dictionary.kt|YiiGuxing|TranslationPlugin|dictionary.kt|Kotlin|205|12|33
./src/_00/output/Kotlin/YiiGuxing~TranslationPlugin/src/main/kotlin/cn/yiiguxing/plugin/translate/ui/wordbook/WordBookWindowComponent.kt|YiiGuxing|TranslationPlugin|WordBookWindowComponent.kt|Kotlin|203|0|37
./src/_00/output/Kotlin/YiiGuxing~TranslationPlugin/src/main/kotlin/cn/yiiguxing/plugin/translate/trans/openai/ui/OpenAISettingsUiImpl.kt|YiiGuxing|TranslationPlugin|OpenAISettingsUiImpl.kt|Kotlin|198|0|31
./src/_00/output/Kotlin/YiiGuxing~TranslationPlugin/src/main/resources/META-INF/plugin.xml|YiiGuxing|TranslationPlugin|plugin.xml|XML|197|2|23
./src/_00/output/Kotlin/YiiGuxing~TranslationPlugin/src/main/kotlin/cn/yiiguxing/plugin/translate/trans/baidu/BaiduLanguageAdapter.kt|YiiGuxing|TranslationPlugin|BaiduLanguageAdapter.kt|Kotlin|192|11|11
./src/_00/output/Kotlin/YiiGuxing~TranslationPlugin/src/main/kotlin/cn/yiiguxing/plugin/translate/ui/wordbook/WordDetailsDialog.kt|YiiGuxing|TranslationPlugin|WordDetailsDialog.kt|Kotlin|192|3|37
./src/_00/output/Kotlin/YiiGuxing~TranslationPlugin/src/main/kotlin/cn/yiiguxing/plugin/translate/trans/Languages.kt|YiiGuxing|TranslationPlugin|Languages.kt|Kotlin|190|154|155
./src/_00/output/Kotlin/YiiGuxing~TranslationPlugin/src/main/kotlin/cn/yiiguxing/plugin/translate/trans/deepl/DeeplSettingsDialog.kt|YiiGuxing|TranslationPlugin|DeeplSettingsDialog.kt|Kotlin|183|1|30
./src/_00/output/Kotlin/YiiGuxing~TranslationPlugin/src/main/kotlin/cn/yiiguxing/plugin/translate/Settings.kt|YiiGuxing|TranslationPlugin|Settings.kt|Kotlin|181|82|66
./src/_00/output/Kotlin/YiiGuxing~TranslationPlugin/src/main/kotlin/cn/yiiguxing/plugin/translate/update/UpdateManager.kt|YiiGuxing|TranslationPlugin|UpdateManager.kt|Kotlin|181|0|27
./src/_00/output/Kotlin/YiiGuxing~TranslationPlugin/.github/workflows/build.yml|YiiGuxing|TranslationPlugin|build.yml|YAML|177|51|38
./src/_00/output/Kotlin/YiiGuxing~TranslationPlugin/src/main/kotlin/cn/yiiguxing/plugin/translate/trans/ali/AliTranslator.kt|YiiGuxing|TranslationPlugin|AliTranslator.kt|Kotlin|175|8|38
./src/_00/output/Kotlin/YiiGuxing~TranslationPlugin/src/main/kotlin/cn/yiiguxing/plugin/translate/trans/TranslateService.kt|YiiGuxing|TranslationPlugin|TranslateService.kt|Kotlin|173|8|28
./src/_00/output/Kotlin/YiiGuxing~TranslationPlugin/.github/readme/donating_alipay.svg|YiiGuxing|TranslationPlugin|donating_alipay.svg|SVG|170|0|0
./src/_00/output/Kotlin/YiiGuxing~TranslationPlugin/src/main/kotlin/cn/yiiguxing/plugin/translate/tts/sound/source/PushablePlaybackSource.kt|YiiGuxing|TranslationPlugin|PushablePlaybackSource.kt|Kotlin|170|23|41
./src/_00/output/Kotlin/YiiGuxing~TranslationPlugin/src/main/resources/image/donating_alipay.svg|YiiGuxing|TranslationPlugin|donating_alipay.svg|SVG|170|0|0
./src/_00/output/Kotlin/YiiGuxing~TranslationPlugin/src/main/kotlin/cn/yiiguxing/plugin/translate/ui/SupportDialog.kt|YiiGuxing|TranslationPlugin|SupportDialog.kt|Kotlin|168|3|22
./src/_00/output/Kotlin/YiiGuxing~TranslationPlugin/src/main/kotlin/cn/yiiguxing/plugin/translate/tts/microsoft/EdgeTTSSource.kt|YiiGuxing|TranslationPlugin|EdgeTTSSource.kt|Kotlin|163|9|33
./src/_00/output/Kotlin/YiiGuxing~TranslationPlugin/src/main/kotlin/cn/yiiguxing/plugin/translate/ui/Popups.kt|YiiGuxing|TranslationPlugin|Popups.kt|Kotlin|163|6|30
./src/_00/output/Kotlin/YiiGuxing~TranslationPlugin/src/main/kotlin/cn/yiiguxing/plugin/translate/action/TranslateDocumentationAction.kt|YiiGuxing|TranslationPlugin|TranslateDocumentationAction.kt|Kotlin|160|0|26
./src/_00/output/Kotlin/YiiGuxing~TranslationPlugin/src/main/kotlin/cn/yiiguxing/plugin/translate/util/LruCache.kt|YiiGuxing|TranslationPlugin|LruCache.kt|Kotlin|160|134|36
./src/_00/output/Kotlin/YiiGuxing~TranslationPlugin/src/main/kotlin/cn/yiiguxing/plugin/translate/trans/google/GoogleTranslator.kt|YiiGuxing|TranslationPlugin|GoogleTranslator.kt|Kotlin|155|3|37
./src/_00/output/Kotlin/YiiGuxing~TranslationPlugin/src/main/kotlin/cn/yiiguxing/plugin/translate/trans/youdao/YoudaoTranslator.kt|YiiGuxing|TranslationPlugin|YoudaoTranslator.kt|Kotlin|155|1|34
./src/_00/output/Kotlin/YiiGuxing~TranslationPlugin/src/main/kotlin/cn/yiiguxing/plugin/translate/tts/microsoft/EdgeTTSSettingsDialog.kt|YiiGuxing|TranslationPlugin|EdgeTTSSettingsDialog.kt|Kotlin|155|1|21
./src/_00/output/Kotlin/YiiGuxing~TranslationPlugin/src/main/kotlin/cn/yiiguxing/plugin/translate/documentation/DocTranslationService.kt|YiiGuxing|TranslationPlugin|DocTranslationService.kt|Kotlin|145|31|33
./src/_00/output/Kotlin/YiiGuxing~TranslationPlugin/src/main/kotlin/cn/yiiguxing/plugin/translate/service/CacheService.kt|YiiGuxing|TranslationPlugin|CacheService.kt|Kotlin|145|5|25
./src/_00/output/Kotlin/YiiGuxing~TranslationPlugin/src/main/kotlin/cn/yiiguxing/plugin/translate/util/Http.kt|YiiGuxing|TranslationPlugin|Http.kt|Kotlin|145|0|26
./src/_00/output/Kotlin/YiiGuxing~TranslationPlugin/src/main/kotlin/cn/yiiguxing/plugin/translate/provider/TranslatedDocumentationProvider.kt|YiiGuxing|TranslationPlugin|TranslatedDocumentationProvider.kt|Kotlin|143|28|30
./src/_00/output/Kotlin/YiiGuxing~TranslationPlugin/src/main/kotlin/cn/yiiguxing/plugin/translate/ui/TranslationFailedComponent.kt|YiiGuxing|TranslationPlugin|TranslationFailedComponent.kt|Kotlin|142|0|24
./src/_00/output/Kotlin/YiiGuxing~TranslationPlugin/src/main/kotlin/cn/yiiguxing/plugin/translate/wordbook/WordBookImportExport.kt|YiiGuxing|TranslationPlugin|WordBookImportExport.kt|Kotlin|142|29|24
./src/_00/output/Kotlin/YiiGuxing~TranslationPlugin/src/test/kotlin/cn/yiiguxing/plugin/translate/util/StringsTest.kt|YiiGuxing|TranslationPlugin|StringsTest.kt|Kotlin|142|3|12
./src/_00/output/Kotlin/YiiGuxing~TranslationPlugin/src/main/kotlin/cn/yiiguxing/plugin/translate/wordbook/WordBookToolWindowFactory.kt|YiiGuxing|TranslationPlugin|WordBookToolWindowFactory.kt|Kotlin|138|11|22
./src/_00/output/Kotlin/YiiGuxing~TranslationPlugin/build.gradle.kts|YiiGuxing|TranslationPlugin|build.gradle.kts|Gradle|137|24|28
./src/_00/output/Kotlin/YiiGuxing~TranslationPlugin/src/main/kotlin/cn/yiiguxing/plugin/translate/ui/TranslationWidget.kt|YiiGuxing|TranslationPlugin|TranslationWidget.kt|Kotlin|136|3|21
./src/_00/output/Kotlin/YiiGuxing~TranslationPlugin/src/main/kotlin/cn/yiiguxing/plugin/translate/ui/wordbook/WordOfTheDayDialog.kt|YiiGuxing|TranslationPlugin|WordOfTheDayDialog.kt|Kotlin|134|3|30
./src/_00/output/Kotlin/YiiGuxing~TranslationPlugin/src/main/kotlin/cn/yiiguxing/plugin/translate/trans/google/TK.kt|YiiGuxing|TranslationPlugin|TK.kt|Kotlin|129|16|26
./src/_00/output/Kotlin/YiiGuxing~TranslationPlugin/src/main/kotlin/cn/yiiguxing/plugin/translate/ui/settings/TranslationEngine.kt|YiiGuxing|TranslationPlugin|TranslationEngine.kt|Kotlin|128|0|15
./src/_00/output/Kotlin/YiiGuxing~TranslationPlugin/src/main/kotlin/cn/yiiguxing/plugin/translate/trans/google/GoogleSettingsDialog.kt|YiiGuxing|TranslationPlugin|GoogleSettingsDialog.kt|Kotlin|127|1|26
./src/_00/output/Kotlin/YiiGuxing~TranslationPlugin/src/main/kotlin/cn/yiiguxing/plugin/translate/documentation/Documentations.kt|YiiGuxing|TranslationPlugin|Documentations.kt|Kotlin|126|22|35
./src/_00/output/Kotlin/YiiGuxing~TranslationPlugin/src/main/kotlin/cn/yiiguxing/plugin/translate/trans/google/GoogleTranslation.kt|YiiGuxing|TranslationPlugin|GoogleTranslation.kt|Kotlin|126|9|22
./src/_00/output/Kotlin/YiiGuxing~TranslationPlugin/.github/labels.json|YiiGuxing|TranslationPlugin|labels.json|JSON|124|0|0
./src/_00/output/Kotlin/YiiGuxing~TranslationPlugin/src/main/kotlin/cn/yiiguxing/plugin/translate/tts/sound/AudioPlayer.kt|YiiGuxing|TranslationPlugin|AudioPlayer.kt|Kotlin|124|6|25
./src/_00/output/Kotlin/YiiGuxing~TranslationPlugin/src/main/kotlin/cn/yiiguxing/plugin/translate/action/ToggleQuickDocTranslationAction.kt|YiiGuxing|TranslationPlugin|ToggleQuickDocTranslationAction.kt|Kotlin|123|4|20
./src/_00/output/Kotlin/YiiGuxing~TranslationPlugin/src/main/kotlin/cn/yiiguxing/plugin/translate/WebPages.kt|YiiGuxing|TranslationPlugin|WebPages.kt|Kotlin|119|53|23
./src/_00/output/Kotlin/YiiGuxing~TranslationPlugin/src/main/kotlin/cn/yiiguxing/plugin/translate/trans/openai/OpenAiTranslator.kt|YiiGuxing|TranslationPlugin|OpenAiTranslator.kt|Kotlin|116|0|17
./src/_00/output/Kotlin/YiiGuxing~TranslationPlugin/src/main/kotlin/cn/yiiguxing/plugin/translate/trans/youdao/YoudaoSettingsDialog.kt|YiiGuxing|TranslationPlugin|YoudaoSettingsDialog.kt|Kotlin|113|2|20
./src/_00/output/Kotlin/YiiGuxing~TranslationPlugin/src/main/kotlin/cn/yiiguxing/plugin/translate/util/Notifications.kt|YiiGuxing|TranslationPlugin|Notifications.kt|Kotlin|113|0|24
./src/_00/output/Kotlin/YiiGuxing~TranslationPlugin/src/main/kotlin/cn/yiiguxing/plugin/translate/ui/BalloonTranslationPane.kt|YiiGuxing|TranslationPlugin|BalloonTranslationPane.kt|Kotlin|112|0|26
./src/_00/output/Kotlin/YiiGuxing~TranslationPlugin/src/main/kotlin/cn/yiiguxing/plugin/translate/update/Version.kt|YiiGuxing|TranslationPlugin|Version.kt|Kotlin|112|35|33
./src/_00/output/Kotlin/YiiGuxing~TranslationPlugin/src/main/kotlin/cn/yiiguxing/plugin/translate/action/TranslateRenderedDocSelectionAction.kt|YiiGuxing|TranslationPlugin|TranslateRenderedDocSelectionAction.kt|Kotlin|111|1|21
./src/_00/output/Kotlin/YiiGuxing~TranslationPlugin/src/main/kotlin/cn/yiiguxing/plugin/translate/trans/microsoft/MicrosoftHttp.kt|YiiGuxing|TranslationPlugin|MicrosoftHttp.kt|Kotlin|109|1|15
./src/_00/output/Kotlin/YiiGuxing~TranslationPlugin/src/main/kotlin/cn/yiiguxing/plugin/translate/action/SwitchEngineAction.kt|YiiGuxing|TranslationPlugin|SwitchEngineAction.kt|Kotlin|107|3|19
./src/_00/output/Kotlin/YiiGuxing~TranslationPlugin/.github/workflows/release.yml|YiiGuxing|TranslationPlugin|release.yml|YAML|106|14|22
./src/_00/output/Kotlin/YiiGuxing~TranslationPlugin/src/main/kotlin/cn/yiiguxing/plugin/translate/trans/baidu/BaiduTranslator.kt|YiiGuxing|TranslationPlugin|BaiduTranslator.kt|Kotlin|106|3|29
./src/_00/output/Kotlin/YiiGuxing~TranslationPlugin/src/main/kotlin/cn/yiiguxing/plugin/translate/trans/openai/OpenAiService.kt|YiiGuxing|TranslationPlugin|OpenAiService.kt|Kotlin|106|8|20
./src/_00/output/Kotlin/YiiGuxing~TranslationPlugin/gradlew|YiiGuxing|TranslationPlugin|gradlew|Bourne Shell|105|116|28
./src/_00/output/Kotlin/YiiGuxing~TranslationPlugin/src/main/kotlin/cn/yiiguxing/plugin/translate/trans/deepl/DeeplLanguageAdapter.kt|YiiGuxing|TranslationPlugin|DeeplLanguageAdapter.kt|Kotlin|103|9|8
./src/_00/output/Kotlin/YiiGuxing~TranslationPlugin/src/main/kotlin/cn/yiiguxing/plugin/translate/trans/microsoft/MicrosoftEdgeAuthService.kt|YiiGuxing|TranslationPlugin|MicrosoftEdgeAuthService.kt|Kotlin|102|22|23
./src/_00/output/Kotlin/YiiGuxing~TranslationPlugin/src/main/kotlin/cn/yiiguxing/plugin/translate/ui/settings/WordbookStoragePathBrowser.kt|YiiGuxing|TranslationPlugin|WordbookStoragePathBrowser.kt|Kotlin|102|0|14
./src/_00/output/Kotlin/YiiGuxing~TranslationPlugin/src/main/kotlin/cn/yiiguxing/plugin/translate/trans/text/ExampleDocument.kt|YiiGuxing|TranslationPlugin|ExampleDocument.kt|Kotlin|98|6|15
./src/_00/output/Kotlin/YiiGuxing~TranslationPlugin/src/main/kotlin/cn/yiiguxing/plugin/translate/ui/LangComboBoxLink.kt|YiiGuxing|TranslationPlugin|LangComboBoxLink.kt|Kotlin|98|0|17
./src/_00/output/Kotlin/YiiGuxing~TranslationPlugin/src/main/kotlin/cn/yiiguxing/plugin/translate/service/TranslationUIManager.kt|YiiGuxing|TranslationPlugin|TranslationUIManager.kt|Kotlin|97|32|22
./src/_00/output/Kotlin/YiiGuxing~TranslationPlugin/src/main/kotlin/cn/yiiguxing/plugin/translate/util/Strings.kt|YiiGuxing|TranslationPlugin|Strings.kt|Kotlin|97|21|26
./src/_00/output/Kotlin/YiiGuxing~TranslationPlugin/src/main/kotlin/cn/yiiguxing/plugin/translate/TranslationStates.kt|YiiGuxing|TranslationPlugin|TranslationStates.kt|Kotlin|96|29|27
./src/_00/output/Kotlin/YiiGuxing~TranslationPlugin/src/main/kotlin/cn/yiiguxing/plugin/translate/tts/GoogleTTSPlayer.kt|YiiGuxing|TranslationPlugin|GoogleTTSPlayer.kt|Kotlin|94|3|23
./src/_00/output/Kotlin/YiiGuxing~TranslationPlugin/src/main/kotlin/cn/yiiguxing/plugin/translate/action/TranslateAction.kt|YiiGuxing|TranslationPlugin|TranslateAction.kt|Kotlin|93|6|15
./src/_00/output/Kotlin/YiiGuxing~TranslationPlugin/src/main/kotlin/cn/yiiguxing/plugin/translate/ui/UI.kt|YiiGuxing|TranslationPlugin|UI.kt|Kotlin|93|10|28
./src/_00/output/Kotlin/YiiGuxing~TranslationPlugin/src/main/kotlin/cn/yiiguxing/plugin/translate/trans/deepl/DeeplTranslator.kt|YiiGuxing|TranslationPlugin|DeeplTranslator.kt|Kotlin|92|4|22
./src/_00/output/Kotlin/YiiGuxing~TranslationPlugin/src/main/kotlin/cn/yiiguxing/plugin/translate/tts/microsoft/EdgeTTSModels.kt|YiiGuxing|TranslationPlugin|EdgeTTSModels.kt|Kotlin|92|37|17
./src/_00/output/Kotlin/YiiGuxing~TranslationPlugin/src/main/kotlin/cn/yiiguxing/plugin/translate/TranslationPresenter.kt|YiiGuxing|TranslationPlugin|TranslationPresenter.kt|Kotlin|91|0|24
./src/_00/output/Kotlin/YiiGuxing~TranslationPlugin/src/main/kotlin/cn/yiiguxing/plugin/translate/diagnostic/github/auth/GitHubDeviceAuthTask.kt|YiiGuxing|TranslationPlugin|GitHubDeviceAuthTask.kt|Kotlin|91|2|14
./src/_00/output/Kotlin/YiiGuxing~TranslationPlugin/src/main/resources/image/microsoft_edge_tts_logo.svg|YiiGuxing|TranslationPlugin|microsoft_edge_tts_logo.svg|SVG|91|0|0
./src/_00/output/Kotlin/YiiGuxing~TranslationPlugin/src/main/resources/image/microsoft_edge_tts_logo_dark.svg|YiiGuxing|TranslationPlugin|microsoft_edge_tts_logo_dark.svg|SVG|91|0|0
./src/_00/output/Kotlin/YiiGuxing~TranslationPlugin/src/main/kotlin/cn/yiiguxing/plugin/translate/util/ObservableValue.kt|YiiGuxing|TranslationPlugin|ObservableValue.kt|Kotlin|88|33|31
./src/_00/output/Kotlin/YiiGuxing~TranslationPlugin/src/main/kotlin/cn/yiiguxing/plugin/translate/util/concurrent/Promises.kt|YiiGuxing|TranslationPlugin|Promises.kt|Kotlin|87|19|17
./src/_00/output/Kotlin/YiiGuxing~TranslationPlugin/src/main/kotlin/cn/yiiguxing/plugin/translate/ui/wordbook/WordDetailsUI.kt|YiiGuxing|TranslationPlugin|WordDetailsUI.kt|Kotlin|84|0|21
./src/_00/output/Kotlin/YiiGuxing~TranslationPlugin/src/main/kotlin/cn/yiiguxing/plugin/translate/trans/youdao/YoudaoWebTranslationDocument.kt|YiiGuxing|TranslationPlugin|YoudaoWebTranslationDocument.kt|Kotlin|82|2|15
./src/_00/output/Kotlin/YiiGuxing~TranslationPlugin/src/main/kotlin/cn/yiiguxing/plugin/translate/ui/TTSButton.kt|YiiGuxing|TranslationPlugin|TTSButton.kt|Kotlin|82|3|16
./src/_00/output/Kotlin/YiiGuxing~TranslationPlugin/src/main/kotlin/cn/yiiguxing/plugin/translate/trans/TranslateClient.kt|YiiGuxing|TranslationPlugin|TranslateClient.kt|Kotlin|81|0|16
./src/_00/output/Kotlin/YiiGuxing~TranslationPlugin/src/main/kotlin/cn/yiiguxing/plugin/translate/diagnostic/github/auth/GitHubDeviceLoginDialog.kt|YiiGuxing|TranslationPlugin|GitHubDeviceLoginDialog.kt|Kotlin|80|0|13
./src/_00/output/Kotlin/YiiGuxing~TranslationPlugin/src/main/kotlin/cn/yiiguxing/plugin/translate/trans/youdao/YoudaoTranslation.kt|YiiGuxing|TranslationPlugin|YoudaoTranslation.kt|Kotlin|80|3|14
./src/_00/output/Kotlin/YiiGuxing~TranslationPlugin/src/main/kotlin/cn/yiiguxing/plugin/translate/trans/microsoft/MicrosoftTranslator.kt|YiiGuxing|TranslationPlugin|MicrosoftTranslator.kt|Kotlin|79|4|14
./src/_00/output/Kotlin/YiiGuxing~TranslationPlugin/src/main/kotlin/cn/yiiguxing/plugin/translate/ui/ScrollPane.kt|YiiGuxing|TranslationPlugin|ScrollPane.kt|Kotlin|79|14|15
./src/_00/output/Kotlin/YiiGuxing~TranslationPlugin/src/main/kotlin/cn/yiiguxing/plugin/translate/tts/OpenAiTTSPlayer.kt|YiiGuxing|TranslationPlugin|OpenAiTTSPlayer.kt|Kotlin|78|12|16
./src/_00/output/Kotlin/YiiGuxing~TranslationPlugin/src/test/kotlin/cn/yiiguxing/plugin/translate/ui/TranslationUiTest.kt|YiiGuxing|TranslationPlugin|TranslationUiTest.kt|Kotlin|78|2|15
./src/_00/output/Kotlin/YiiGuxing~TranslationPlugin/src/main/kotlin/cn/yiiguxing/plugin/translate/trans/microsoft/MicrosoftTranslatorService.kt|YiiGuxing|TranslationPlugin|MicrosoftTranslatorService.kt|Kotlin|77|31|15
./src/_00/output/Kotlin/YiiGuxing~TranslationPlugin/src/main/kotlin/cn/yiiguxing/plugin/translate/ui/LangComboBoxUI.kt|YiiGuxing|TranslationPlugin|LangComboBoxUI.kt|Kotlin|75|3|20
./src/_00/output/Kotlin/YiiGuxing~TranslationPlugin/src/main/kotlin/cn/yiiguxing/plugin/translate/ui/wordbook/WordBookTableView.kt|YiiGuxing|TranslationPlugin|WordBookTableView.kt|Kotlin|75|0|20
./src/_00/output/Kotlin/YiiGuxing~TranslationPlugin/src/main/kotlin/cn/yiiguxing/plugin/translate/ui/LoadingPanel.kt|YiiGuxing|TranslationPlugin|LoadingPanel.kt|Kotlin|74|3|21
./src/_00/output/Kotlin/YiiGuxing~TranslationPlugin/src/main/kotlin/cn/yiiguxing/plugin/translate/ui/AppKeySettingsPanel.kt|YiiGuxing|TranslationPlugin|AppKeySettingsPanel.kt|Kotlin|73|0|14
./src/_00/output/Kotlin/YiiGuxing~TranslationPlugin/src/main/kotlin/cn/yiiguxing/plugin/translate/ui/StarButtons.kt|YiiGuxing|TranslationPlugin|StarButtons.kt|Kotlin|71|0|7
./src/_00/output/Kotlin/YiiGuxing~TranslationPlugin/gradlew.bat|YiiGuxing|TranslationPlugin|gradlew.bat|DOS Batch|69|2|21
./src/_00/output/Kotlin/YiiGuxing~TranslationPlugin/src/main/kotlin/cn/yiiguxing/plugin/translate/util/Applications.kt|YiiGuxing|TranslationPlugin|Applications.kt|Kotlin|69|75|18
./src/_00/output/Kotlin/YiiGuxing~TranslationPlugin/src/main/kotlin/cn/yiiguxing/plugin/translate/util/PSI.kt|YiiGuxing|TranslationPlugin|PSI.kt|Kotlin|69|28|18
./src/_00/output/Kotlin/YiiGuxing~TranslationPlugin/src/main/kotlin/cn/yiiguxing/plugin/translate/trans/TranslationNotifications.kt|YiiGuxing|TranslationPlugin|TranslationNotifications.kt|Kotlin|67|3|9
./src/_00/output/Kotlin/YiiGuxing~TranslationPlugin/src/main/kotlin/cn/yiiguxing/plugin/translate/tts/sound/source/PlaybackLoader.kt|YiiGuxing|TranslationPlugin|PlaybackLoader.kt|Kotlin|67|36|24
./src/_00/output/Kotlin/YiiGuxing~TranslationPlugin/src/main/resources/image/baidu_translate_logo.svg|YiiGuxing|TranslationPlugin|baidu_translate_logo.svg|SVG|66|0|0
./src/_00/output/Kotlin/YiiGuxing~TranslationPlugin/.github/ISSUE_TEMPLATE/bug_report.yml|YiiGuxing|TranslationPlugin|bug_report.yml|YAML|65|0|0
./src/_00/output/Kotlin/YiiGuxing~TranslationPlugin/.github/ISSUE_TEMPLATE/bug_report_zh.yml|YiiGuxing|TranslationPlugin|bug_report_zh.yml|YAML|65|0|0
./src/_00/output/Kotlin/YiiGuxing~TranslationPlugin/src/main/kotlin/cn/yiiguxing/plugin/translate/diagnostic/diagnostic-utils.kt|YiiGuxing|TranslationPlugin|diagnostic-utils.kt|Kotlin|65|14|15
./src/_00/output/Kotlin/YiiGuxing~TranslationPlugin/src/main/kotlin/cn/yiiguxing/plugin/translate/ui/util/ScrollSynchronizer.kt|YiiGuxing|TranslationPlugin|ScrollSynchronizer.kt|Kotlin|64|12|13
./src/_00/output/Kotlin/YiiGuxing~TranslationPlugin/src/main/kotlin/cn/yiiguxing/plugin/translate/activity/CheckGoogleNetworkStartupActivity.kt|YiiGuxing|TranslationPlugin|CheckGoogleNetworkStartupActivity.kt|Kotlin|63|1|8
./src/_00/output/Kotlin/YiiGuxing~TranslationPlugin/src/main/kotlin/cn/yiiguxing/plugin/translate/tts/TextToSpeech.kt|YiiGuxing|TranslationPlugin|TextToSpeech.kt|Kotlin|62|17|13
./src/_00/output/Kotlin/YiiGuxing~TranslationPlugin/src/main/kotlin/cn/yiiguxing/plugin/translate/ui/CollapsiblePanel.kt|YiiGuxing|TranslationPlugin|CollapsiblePanel.kt|Kotlin|61|0|12
./src/_00/output/Kotlin/YiiGuxing~TranslationPlugin/src/main/kotlin/cn/yiiguxing/plugin/translate/util/CamelCaseSplitter.kt|YiiGuxing|TranslationPlugin|CamelCaseSplitter.kt|Kotlin|61|0|10
./src/_00/output/Kotlin/YiiGuxing~TranslationPlugin/src/main/kotlin/cn/yiiguxing/plugin/translate/action/ShowWordOfTheDayAction.kt|YiiGuxing|TranslationPlugin|ShowWordOfTheDayAction.kt|Kotlin|59|3|9
./src/_00/output/Kotlin/YiiGuxing~TranslationPlugin/src/main/kotlin/cn/yiiguxing/plugin/translate/documentation/TranslateDocumentationTask.kt|YiiGuxing|TranslationPlugin|TranslateDocumentationTask.kt|Kotlin|59|4|13
./src/_00/output/Kotlin/YiiGuxing~TranslationPlugin/src/main/kotlin/cn/yiiguxing/plugin/translate/trans/microsoft/MicrosoftLanguageAdapter.kt|YiiGuxing|TranslationPlugin|MicrosoftLanguageAdapter.kt|Kotlin|59|9|9
./src/_00/output/Kotlin/YiiGuxing~TranslationPlugin/src/main/kotlin/cn/yiiguxing/plugin/translate/trans/openai/OpenAiSettings.kt|YiiGuxing|TranslationPlugin|OpenAiSettings.kt|Kotlin|58|3|20
./src/_00/output/Kotlin/YiiGuxing~TranslationPlugin/src/main/kotlin/cn/yiiguxing/plugin/translate/trans/ali/AliLanguageAdapter.kt|YiiGuxing|TranslationPlugin|AliLanguageAdapter.kt|Kotlin|57|9|9
./src/_00/output/Kotlin/YiiGuxing~TranslationPlugin/src/main/kotlin/cn/yiiguxing/plugin/translate/trans/text/NamedTranslationDocument.kt|YiiGuxing|TranslationPlugin|NamedTranslationDocument.kt|Kotlin|57|0|10
./src/_00/output/Kotlin/YiiGuxing~TranslationPlugin/src/main/kotlin/icons/TranslationIcons.kt|YiiGuxing|TranslationPlugin|TranslationIcons.kt|Kotlin|57|1|28
./src/_00/output/Kotlin/YiiGuxing~TranslationPlugin/src/main/resources/image/youdao_translate_logo.svg|YiiGuxing|TranslationPlugin|youdao_translate_logo.svg|SVG|57|0|0
./src/_00/output/Kotlin/YiiGuxing~TranslationPlugin/src/main/resources/image/youdao_translate_logo_dark.svg|YiiGuxing|TranslationPlugin|youdao_translate_logo_dark.svg|SVG|57|0|0
./src/_00/output/Kotlin/YiiGuxing~TranslationPlugin/src/main/kotlin/cn/yiiguxing/plugin/translate/action/TranslationEngineActionGroup.kt|YiiGuxing|TranslationPlugin|TranslationEngineActionGroup.kt|Kotlin|55|3|9
./src/_00/output/Kotlin/YiiGuxing~TranslationPlugin/src/main/kotlin/cn/yiiguxing/plugin/translate/ui/LanguageListModel.kt|YiiGuxing|TranslationPlugin|LanguageListModel.kt|Kotlin|55|3|21
./src/_00/output/Kotlin/YiiGuxing~TranslationPlugin/.github/workflows/issues.yml|YiiGuxing|TranslationPlugin|issues.yml|YAML|54|0|13
./src/_00/output/Kotlin/YiiGuxing~TranslationPlugin/src/main/kotlin/cn/yiiguxing/plugin/translate/ui/BalloonPositionTracker.kt|YiiGuxing|TranslationPlugin|BalloonPositionTracker.kt|Kotlin|54|3|12
./src/_00/output/Kotlin/YiiGuxing~TranslationPlugin/src/main/kotlin/cn/yiiguxing/plugin/translate/wordbook/WordBookItem.kt|YiiGuxing|TranslationPlugin|WordBookItem.kt|Kotlin|54|3|5
./src/_00/output/Kotlin/YiiGuxing~TranslationPlugin/src/main/kotlin/cn/yiiguxing/plugin/translate/wordbook/imports/WordBookImporter.kt|YiiGuxing|TranslationPlugin|WordBookImporter.kt|Kotlin|54|0|12
./src/_00/output/Kotlin/YiiGuxing~TranslationPlugin/src/main/kotlin/cn/yiiguxing/plugin/translate/action/PsiElementTranslateAction.kt|YiiGuxing|TranslationPlugin|PsiElementTranslateAction.kt|Kotlin|53|0|12
./src/_00/output/Kotlin/YiiGuxing~TranslationPlugin/src/main/kotlin/cn/yiiguxing/plugin/translate/TranslationDynamicBundle.kt|YiiGuxing|TranslationPlugin|TranslationDynamicBundle.kt|Kotlin|52|0|11
./src/_00/output/Kotlin/YiiGuxing~TranslationPlugin/src/main/kotlin/cn/yiiguxing/plugin/translate/action/TitleBarActionRegistrar.kt|YiiGuxing|TranslationPlugin|TitleBarActionRegistrar.kt|Kotlin|52|0|9
./src/_00/output/Kotlin/YiiGuxing~TranslationPlugin/src/main/kotlin/cn/yiiguxing/plugin/translate/tts/microsoft/EdgeTTSPlayer.kt|YiiGuxing|TranslationPlugin|EdgeTTSPlayer.kt|Kotlin|51|16|12
./src/_00/output/Kotlin/YiiGuxing~TranslationPlugin/src/main/kotlin/cn/yiiguxing/plugin/translate/ui/HistoryModel.kt|YiiGuxing|TranslationPlugin|HistoryModel.kt|Kotlin|51|0|13
./src/_00/output/Kotlin/YiiGuxing~TranslationPlugin/src/main/kotlin/cn/yiiguxing/plugin/translate/ui/wordbook/TagsCompletionProvider.kt|YiiGuxing|TranslationPlugin|TagsCompletionProvider.kt|Kotlin|51|16|11
./src/_00/output/Kotlin/YiiGuxing~TranslationPlugin/src/test/kotlin/cn/yiiguxing/plugin/translate/util/ThrowableIdTest.kt|YiiGuxing|TranslationPlugin|ThrowableIdTest.kt|Kotlin|51|0|18
./src/_00/output/Kotlin/YiiGuxing~TranslationPlugin/src/main/kotlin/cn/yiiguxing/plugin/translate/util/Json.kt|YiiGuxing|TranslationPlugin|Json.kt|Kotlin|49|0|13
./src/_00/output/Kotlin/YiiGuxing~TranslationPlugin/src/main/kotlin/cn/yiiguxing/plugin/translate/util/WordSelections.kt|YiiGuxing|TranslationPlugin|WordSelections.kt|Kotlin|49|39|20
./src/_00/output/Kotlin/YiiGuxing~TranslationPlugin/src/main/kotlin/cn/yiiguxing/plugin/translate/wordbook/imports/XmlWordBookImporter.kt|YiiGuxing|TranslationPlugin|XmlWordBookImporter.kt|Kotlin|48|0|7
./src/_00/output/Kotlin/YiiGuxing~TranslationPlugin/.github/workflows/snapshot.yml|YiiGuxing|TranslationPlugin|snapshot.yml|YAML|47|10|12
./src/_00/output/Kotlin/YiiGuxing~TranslationPlugin/src/main/kotlin/cn/yiiguxing/plugin/translate/trans/openai/OpenAiHttp.kt|YiiGuxing|TranslationPlugin|OpenAiHttp.kt|Kotlin|47|0|11
./src/_00/output/Kotlin/YiiGuxing~TranslationPlugin/src/main/kotlin/cn/yiiguxing/plugin/translate/diagnostic/github/TranslationGitHubAppService.kt|YiiGuxing|TranslationPlugin|TranslationGitHubAppService.kt|Kotlin|45|0|12
./src/_00/output/Kotlin/YiiGuxing~TranslationPlugin/src/main/kotlin/cn/yiiguxing/plugin/translate/provider/AbstractDocumentationElementProvider.kt|YiiGuxing|TranslationPlugin|AbstractDocumentationElementProvider.kt|Kotlin|45|26|12
./src/_00/output/Kotlin/YiiGuxing~TranslationPlugin/src/main/kotlin/cn/yiiguxing/plugin/translate/trans/AbstractTranslator.kt|YiiGuxing|TranslationPlugin|AbstractTranslator.kt|Kotlin|45|3|12
./src/_00/output/Kotlin/YiiGuxing~TranslationPlugin/src/main/kotlin/cn/yiiguxing/plugin/translate/ui/FrameLayout.kt|YiiGuxing|TranslationPlugin|FrameLayout.kt|Kotlin|45|3|7
./src/_00/output/Kotlin/YiiGuxing~TranslationPlugin/src/main/kotlin/cn/yiiguxing/plugin/translate/action/TranslateTextComponentAction.kt|YiiGuxing|TranslationPlugin|TranslateTextComponentAction.kt|Kotlin|44|3|9
./src/_00/output/Kotlin/YiiGuxing~TranslationPlugin/src/main/kotlin/cn/yiiguxing/plugin/translate/ui/TranslationDialogUI.kt|YiiGuxing|TranslationPlugin|TranslationDialogUI.kt|Kotlin|44|0|10
./src/_00/output/Kotlin/YiiGuxing~TranslationPlugin/.github/readme/jetbrains.svg|YiiGuxing|TranslationPlugin|jetbrains.svg|SVG|43|0|0
./src/_00/output/Kotlin/YiiGuxing~TranslationPlugin/src/main/kotlin/cn/yiiguxing/plugin/translate/trans/baidu/BaiduTranslation.kt|YiiGuxing|TranslationPlugin|BaiduTranslation.kt|Kotlin|43|0|8
./src/_00/output/Kotlin/YiiGuxing~TranslationPlugin/src/main/kotlin/cn/yiiguxing/plugin/translate/action/AutoSelectAction.kt|YiiGuxing|TranslationPlugin|AutoSelectAction.kt|Kotlin|42|15|11
./src/_00/output/Kotlin/YiiGuxing~TranslationPlugin/src/main/kotlin/cn/yiiguxing/plugin/translate/documentation/TranslateRenderedDocAction.kt|YiiGuxing|TranslationPlugin|TranslateRenderedDocAction.kt|Kotlin|42|0|7
./src/_00/output/Kotlin/YiiGuxing~TranslationPlugin/src/main/kotlin/cn/yiiguxing/plugin/translate/diagnostic/ReportCredentials.kt|YiiGuxing|TranslationPlugin|ReportCredentials.kt|Kotlin|41|3|15
./src/_00/output/Kotlin/YiiGuxing~TranslationPlugin/src/main/kotlin/cn/yiiguxing/plugin/translate/trans/deepl/DeeplService.kt|YiiGuxing|TranslationPlugin|DeeplService.kt|Kotlin|41|37|12
./src/_00/output/Kotlin/YiiGuxing~TranslationPlugin/src/main/kotlin/cn/yiiguxing/plugin/translate/tts/TTSEngine.kt|YiiGuxing|TranslationPlugin|TTSEngine.kt|Kotlin|41|0|8
./src/_00/output/Kotlin/YiiGuxing~TranslationPlugin/src/main/kotlin/cn/yiiguxing/plugin/translate/util/text/Documents.kt|YiiGuxing|TranslationPlugin|Documents.kt|Kotlin|40|23|12
./src/_00/output/Kotlin/YiiGuxing~TranslationPlugin/src/main/kotlin/cn/yiiguxing/plugin/translate/action/TranslateQuickDocSelectionAction.kt|YiiGuxing|TranslationPlugin|TranslateQuickDocSelectionAction.kt|Kotlin|39|5|6
./src/_00/output/Kotlin/YiiGuxing~TranslationPlugin/src/main/kotlin/cn/yiiguxing/plugin/translate/diagnostic/github/auth/GitHubDeviceAuthResponse.kt|YiiGuxing|TranslationPlugin|GitHubDeviceAuthResponse.kt|Kotlin|39|0|5
./src/_00/output/Kotlin/YiiGuxing~TranslationPlugin/src/main/kotlin/cn/yiiguxing/plugin/translate/trans/google/GoogleLanguageAdapter.kt|YiiGuxing|TranslationPlugin|GoogleLanguageAdapter.kt|Kotlin|38|9|9
./src/_00/output/Kotlin/YiiGuxing~TranslationPlugin/DESCRIPTION.md|YiiGuxing|TranslationPlugin|DESCRIPTION.md|Markdown|37|0|0
./src/_00/output/Kotlin/YiiGuxing~TranslationPlugin/src/main/kotlin/cn/yiiguxing/plugin/translate/provider/DartDocumentationElementProvider.kt|YiiGuxing|TranslationPlugin|DartDocumentationElementProvider.kt|Kotlin|37|6|10
./src/_00/output/Kotlin/YiiGuxing~TranslationPlugin/src/main/kotlin/cn/yiiguxing/plugin/translate/ui/FixLangComponent.kt|YiiGuxing|TranslationPlugin|FixLangComponent.kt|Kotlin|37|0|6
./src/_00/output/Kotlin/YiiGuxing~TranslationPlugin/src/main/kotlin/cn/yiiguxing/plugin/translate/ui/settings/TranslationConfigurable.kt|YiiGuxing|TranslationPlugin|TranslationConfigurable.kt|Kotlin|37|6|13
./src/_00/output/Kotlin/YiiGuxing~TranslationPlugin/src/main/kotlin/cn/yiiguxing/plugin/translate/wordbook/exports/AbsXmlWordBookExporter.kt|YiiGuxing|TranslationPlugin|AbsXmlWordBookExporter.kt|Kotlin|37|0|9
./src/_00/output/Kotlin/YiiGuxing~TranslationPlugin/src/main/kotlin/cn/yiiguxing/plugin/translate/action/FixedIconToggleAction.kt|YiiGuxing|TranslationPlugin|FixedIconToggleAction.kt|Kotlin|36|0|9
./src/_00/output/Kotlin/YiiGuxing~TranslationPlugin/src/main/kotlin/cn/yiiguxing/plugin/translate/documentation/DocNotifications.kt|YiiGuxing|TranslationPlugin|DocNotifications.kt|Kotlin|36|0|9
./src/_00/output/Kotlin/YiiGuxing~TranslationPlugin/src/main/kotlin/cn/yiiguxing/plugin/translate/trans/microsoft/models/dictionary.kt|YiiGuxing|TranslationPlugin|dictionary.kt|Kotlin|36|2|12
./src/_00/output/Kotlin/YiiGuxing~TranslationPlugin/src/main/kotlin/cn/yiiguxing/plugin/translate/tts/sound/source/DefaultPlaybackSource.kt|YiiGuxing|TranslationPlugin|DefaultPlaybackSource.kt|Kotlin|36|3|5
./src/_00/output/Kotlin/YiiGuxing~TranslationPlugin/src/main/kotlin/cn/yiiguxing/plugin/translate/ui/SpellComponent.kt|YiiGuxing|TranslationPlugin|SpellComponent.kt|Kotlin|36|0|7
./src/_00/output/Kotlin/YiiGuxing~TranslationPlugin/src/main/kotlin/cn/yiiguxing/plugin/translate/wordbook/WordTags.kt|YiiGuxing|TranslationPlugin|WordTags.kt|Kotlin|36|0|8
./src/_00/output/Kotlin/YiiGuxing~TranslationPlugin/src/main/kotlin/cn/yiiguxing/plugin/translate/trans/youdao/YoudaoLanguageAdapter.kt|YiiGuxing|TranslationPlugin|YoudaoLanguageAdapter.kt|Kotlin|35|9|10
./src/_00/output/Kotlin/YiiGuxing~TranslationPlugin/src/main/kotlin/cn/yiiguxing/plugin/translate/wordbook/WordBookErrorCode.kt|YiiGuxing|TranslationPlugin|WordBookErrorCode.kt|Kotlin|35|16|15
./src/_00/output/Kotlin/YiiGuxing~TranslationPlugin/src/main/kotlin/cn/yiiguxing/plugin/translate/action/TranslationEngineAction.kt|YiiGuxing|TranslationPlugin|TranslationEngineAction.kt|Kotlin|34|6|8
./src/_00/output/Kotlin/YiiGuxing~TranslationPlugin/src/main/kotlin/cn/yiiguxing/plugin/translate/ui/icon/ComboArrowIcon.kt|YiiGuxing|TranslationPlugin|ComboArrowIcon.kt|Kotlin|34|3|10
./src/_00/output/Kotlin/YiiGuxing~TranslationPlugin/src/main/kotlin/cn/yiiguxing/plugin/translate/util/Translations.kt|YiiGuxing|TranslationPlugin|Translations.kt|Kotlin|34|3|7
./src/_00/output/Kotlin/YiiGuxing~TranslationPlugin/src/main/kotlin/cn/yiiguxing/plugin/translate/documentation/TranslateDocumentationActionProvider.kt|YiiGuxing|TranslationPlugin|TranslateDocumentationActionProvider.kt|Kotlin|33|0|4
./src/_00/output/Kotlin/YiiGuxing~TranslationPlugin/src/main/kotlin/cn/yiiguxing/plugin/translate/trans/ErrorInfo.kt|YiiGuxing|TranslationPlugin|ErrorInfo.kt|Kotlin|33|21|5
./src/_00/output/Kotlin/YiiGuxing~TranslationPlugin/src/main/kotlin/cn/yiiguxing/plugin/translate/trans/ali/AliTranslation.kt|YiiGuxing|TranslationPlugin|AliTranslation.kt|Kotlin|33|0|6
./src/_00/output/Kotlin/YiiGuxing~TranslationPlugin/src/main/kotlin/cn/yiiguxing/plugin/translate/tts/microsoft/EdgeTTSSettings.kt|YiiGuxing|TranslationPlugin|EdgeTTSSettings.kt|Kotlin|33|9|11
./src/_00/output/Kotlin/YiiGuxing~TranslationPlugin/src/main/kotlin/cn/yiiguxing/plugin/translate/ui/ActionLink.kt|YiiGuxing|TranslationPlugin|ActionLink.kt|Kotlin|33|3|8
./src/_00/output/Kotlin/YiiGuxing~TranslationPlugin/.github/ISSUE_TEMPLATE/feature_request.yml|YiiGuxing|TranslationPlugin|feature_request.yml|YAML|32|0|0
./src/_00/output/Kotlin/YiiGuxing~TranslationPlugin/.github/ISSUE_TEMPLATE/feature_request_zh.yml|YiiGuxing|TranslationPlugin|feature_request_zh.yml|YAML|32|0|0
./src/_00/output/Kotlin/YiiGuxing~TranslationPlugin/src/main/kotlin/cn/yiiguxing/plugin/translate/activity/IdeaVersionUpgradeNoticeActivity.kt|YiiGuxing|TranslationPlugin|IdeaVersionUpgradeNoticeActivity.kt|Kotlin|32|0|6
./src/_00/output/Kotlin/YiiGuxing~TranslationPlugin/src/main/kotlin/cn/yiiguxing/plugin/translate/provider/GoDocumentationElementProvider.kt|YiiGuxing|TranslationPlugin|GoDocumentationElementProvider.kt|Kotlin|32|0|8
./src/_00/output/Kotlin/YiiGuxing~TranslationPlugin/src/main/kotlin/cn/yiiguxing/plugin/translate/util/Digests.kt|YiiGuxing|TranslationPlugin|Digests.kt|Kotlin|32|17|7
./src/_00/output/Kotlin/YiiGuxing~TranslationPlugin/src/main/resources/image/openai_logo.svg|YiiGuxing|TranslationPlugin|openai_logo.svg|SVG|32|0|0
./src/_00/output/Kotlin/YiiGuxing~TranslationPlugin/src/main/resources/image/openai_logo_dark.svg|YiiGuxing|TranslationPlugin|openai_logo_dark.svg|SVG|32|0|0
./src/_00/output/Kotlin/YiiGuxing~TranslationPlugin/src/main/kotlin/cn/yiiguxing/plugin/translate/trans/microsoft/MicrosoftExampleDocumentFactory.kt|YiiGuxing|TranslationPlugin|MicrosoftExampleDocumentFactory.kt|Kotlin|31|3|4
./src/_00/output/Kotlin/YiiGuxing~TranslationPlugin/src/main/kotlin/cn/yiiguxing/plugin/translate/action/TTSEngineAction.kt|YiiGuxing|TranslationPlugin|TTSEngineAction.kt|Kotlin|30|0|8
./src/_00/output/Kotlin/YiiGuxing~TranslationPlugin/src/main/kotlin/cn/yiiguxing/plugin/translate/activity/WordOfTheDayStartupActivity.kt|YiiGuxing|TranslationPlugin|WordOfTheDayStartupActivity.kt|Kotlin|30|3|6
./src/_00/output/Kotlin/YiiGuxing~TranslationPlugin/src/main/kotlin/cn/yiiguxing/plugin/translate/diagnostic/github/auth/GitHubDeviceCodeTask.kt|YiiGuxing|TranslationPlugin|GitHubDeviceCodeTask.kt|Kotlin|30|0|4
./src/_00/output/Kotlin/YiiGuxing~TranslationPlugin/src/main/kotlin/cn/yiiguxing/plugin/translate/provider/DocumentationElementProvider.kt|YiiGuxing|TranslationPlugin|DocumentationElementProvider.kt|Kotlin|30|6|10
./src/_00/output/Kotlin/YiiGuxing~TranslationPlugin/src/main/kotlin/cn/yiiguxing/plugin/translate/util/IO.kt|YiiGuxing|TranslationPlugin|IO.kt|Kotlin|30|1|6
./src/_00/output/Kotlin/YiiGuxing~TranslationPlugin/src/main/resources/META-INF/docs/javaScript-doc.xml|YiiGuxing|TranslationPlugin|javaScript-doc.xml|XML|30|0|1
./src/_00/output/Kotlin/YiiGuxing~TranslationPlugin/src/main/kotlin/cn/yiiguxing/plugin/translate/diagnostic/github/auth/GitHubDeviceAuthApis.kt|YiiGuxing|TranslationPlugin|GitHubDeviceAuthApis.kt|Kotlin|29|0|8
./src/_00/output/Kotlin/YiiGuxing~TranslationPlugin/src/main/kotlin/cn/yiiguxing/plugin/translate/trans/deepl/DeeplTranslation.kt|YiiGuxing|TranslationPlugin|DeeplTranslation.kt|Kotlin|29|0|6
./src/_00/output/Kotlin/YiiGuxing~TranslationPlugin/src/main/kotlin/cn/yiiguxing/plugin/translate/trans/microsoft/models/PosTag.kt|YiiGuxing|TranslationPlugin|PosTag.kt|Kotlin|29|3|13
./src/_00/output/Kotlin/YiiGuxing~TranslationPlugin/src/main/kotlin/cn/yiiguxing/plugin/translate/tts/sound/conversions.kt|YiiGuxing|TranslationPlugin|conversions.kt|Kotlin|29|3|3
./src/_00/output/Kotlin/YiiGuxing~TranslationPlugin/src/main/kotlin/cn/yiiguxing/plugin/translate/ui/AppKeySettingsDialog.kt|YiiGuxing|TranslationPlugin|AppKeySettingsDialog.kt|Kotlin|29|1|7
./src/_00/output/Kotlin/YiiGuxing~TranslationPlugin/src/main/kotlin/cn/yiiguxing/plugin/translate/ui/FixedSizeCardLayout.kt|YiiGuxing|TranslationPlugin|FixedSizeCardLayout.kt|Kotlin|29|3|7
./src/_00/output/Kotlin/YiiGuxing~TranslationPlugin/src/main/kotlin/cn/yiiguxing/plugin/translate/ui/wordbook/WordBookWindowLoadingDecorator.kt|YiiGuxing|TranslationPlugin|WordBookWindowLoadingDecorator.kt|Kotlin|29|0|7
./src/_00/output/Kotlin/YiiGuxing~TranslationPlugin/src/main/kotlin/cn/yiiguxing/plugin/translate/util/UrlBuilder.kt|YiiGuxing|TranslationPlugin|UrlBuilder.kt|Kotlin|29|3|8
./src/_00/output/Kotlin/YiiGuxing~TranslationPlugin/src/main/kotlin/cn/yiiguxing/plugin/translate/wordbook/exports/XmlWordBookExporter.kt|YiiGuxing|TranslationPlugin|XmlWordBookExporter.kt|Kotlin|29|0|7
./src/_00/output/Kotlin/YiiGuxing~TranslationPlugin/src/main/resources/image/microsoft_translator_logo.svg|YiiGuxing|TranslationPlugin|microsoft_translator_logo.svg|SVG|29|0|0
./src/_00/output/Kotlin/YiiGuxing~TranslationPlugin/src/main/resources/image/microsoft_translator_logo_dark.svg|YiiGuxing|TranslationPlugin|microsoft_translator_logo_dark.svg|SVG|29|0|0
./src/_00/output/Kotlin/YiiGuxing~TranslationPlugin/.github/readme/installation_button.svg|YiiGuxing|TranslationPlugin|installation_button.svg|SVG|28|0|0
./src/_00/output/Kotlin/YiiGuxing~TranslationPlugin/src/main/kotlin/cn/yiiguxing/plugin/translate/trans/microsoft/MicrosoftDictionaryDocumentFactory.kt|YiiGuxing|TranslationPlugin|MicrosoftDictionaryDocumentFactory.kt|Kotlin|28|3|4
./src/_00/output/Kotlin/YiiGuxing~TranslationPlugin/src/main/kotlin/cn/yiiguxing/plugin/translate/ui/ProcessComponent.kt|YiiGuxing|TranslationPlugin|ProcessComponent.kt|Kotlin|28|3|10
./src/_00/output/Kotlin/YiiGuxing~TranslationPlugin/src/main/kotlin/cn/yiiguxing/plugin/translate/wordbook/exports/YoudaoXmlWordBookExporter.kt|YiiGuxing|TranslationPlugin|YoudaoXmlWordBookExporter.kt|Kotlin|28|0|7
./src/_00/output/Kotlin/YiiGuxing~TranslationPlugin/src/main/kotlin/cn/yiiguxing/plugin/translate/action/ShowTranslationDialogAction.kt|YiiGuxing|TranslationPlugin|ShowTranslationDialogAction.kt|Kotlin|27|4|8
./src/_00/output/Kotlin/YiiGuxing~TranslationPlugin/src/main/kotlin/cn/yiiguxing/plugin/translate/ui/TransliterationLabel.kt|YiiGuxing|TranslationPlugin|TransliterationLabel.kt|Kotlin|27|0|5
./src/_00/output/Kotlin/YiiGuxing~TranslationPlugin/src/main/kotlin/cn/yiiguxing/plugin/translate/ui/WarpEditorKit.kt|YiiGuxing|TranslationPlugin|WarpEditorKit.kt|Kotlin|27|3|9
./src/_00/output/Kotlin/YiiGuxing~TranslationPlugin/src/main/kotlin/cn/yiiguxing/plugin/translate/update/WhatsNew.kt|YiiGuxing|TranslationPlugin|WhatsNew.kt|Kotlin|27|0|4
./src/_00/output/Kotlin/YiiGuxing~TranslationPlugin/src/main/kotlin/cn/yiiguxing/plugin/translate/TranslationStorages.kt|YiiGuxing|TranslationPlugin|TranslationStorages.kt|Kotlin|26|23|7
./src/_00/output/Kotlin/YiiGuxing~TranslationPlugin/src/main/kotlin/cn/yiiguxing/plugin/translate/ui/ListItemCircleComponent.kt|YiiGuxing|TranslationPlugin|ListItemCircleComponent.kt|Kotlin|26|3|7
./src/_00/output/Kotlin/YiiGuxing~TranslationPlugin/src/main/kotlin/cn/yiiguxing/plugin/translate/wordbook/exports/TxtWordBookExporter.kt|YiiGuxing|TranslationPlugin|TxtWordBookExporter.kt|Kotlin|26|0|6
./src/_00/output/Kotlin/YiiGuxing~TranslationPlugin/gradle/libs.versions.toml|YiiGuxing|TranslationPlugin|libs.versions.toml|TOML|25|2|3
./src/_00/output/Kotlin/YiiGuxing~TranslationPlugin/src/main/kotlin/cn/yiiguxing/plugin/translate/Contract.kt|YiiGuxing|TranslationPlugin|Contract.kt|Kotlin|25|41|19
./src/_00/output/Kotlin/YiiGuxing~TranslationPlugin/src/main/kotlin/cn/yiiguxing/plugin/translate/diagnostic/github/issues/GitHubIssuesApis.kt|YiiGuxing|TranslationPlugin|GitHubIssuesApis.kt|Kotlin|25|0|7
./src/_00/output/Kotlin/YiiGuxing~TranslationPlugin/src/main/kotlin/cn/yiiguxing/plugin/translate/trans/google/GoogleHttp.kt|YiiGuxing|TranslationPlugin|GoogleHttp.kt|Kotlin|25|0|8
./src/_00/output/Kotlin/YiiGuxing~TranslationPlugin/src/main/kotlin/cn/yiiguxing/plugin/translate/trans/openai/chat/ChatMessage.kt|YiiGuxing|TranslationPlugin|ChatMessage.kt|Kotlin|25|35|13
./src/_00/output/Kotlin/YiiGuxing~TranslationPlugin/src/main/kotlin/cn/yiiguxing/plugin/translate/trans/youdao/YoudaoRequestHelper.kt|YiiGuxing|TranslationPlugin|YoudaoRequestHelper.kt|Kotlin|25|0|5
./src/_00/output/Kotlin/YiiGuxing~TranslationPlugin/src/main/kotlin/cn/yiiguxing/plugin/translate/ui/Extensions.kt|YiiGuxing|TranslationPlugin|Extensions.kt|Kotlin|25|30|12
./src/_00/output/Kotlin/YiiGuxing~TranslationPlugin/src/main/kotlin/cn/yiiguxing/plugin/translate/util/Exceptions.kt|YiiGuxing|TranslationPlugin|Exceptions.kt|Kotlin|25|0|3
./src/_00/output/Kotlin/YiiGuxing~TranslationPlugin/src/main/kotlin/cn/yiiguxing/plugin/translate/util/Hyperlinks.kt|YiiGuxing|TranslationPlugin|Hyperlinks.kt|Kotlin|25|22|9
./src/_00/output/Kotlin/YiiGuxing~TranslationPlugin/src/test/kotlin/cn/yiiguxing/plugin/translate/ui/UiTest.kt|YiiGuxing|TranslationPlugin|UiTest.kt|Kotlin|25|0|3
./src/_00/output/Kotlin/YiiGuxing~TranslationPlugin/.run/Run Plugin Tests.run.xml|YiiGuxing|TranslationPlugin|Run Plugin Tests.run.xml|XML|24|0|0
./src/_00/output/Kotlin/YiiGuxing~TranslationPlugin/src/main/kotlin/cn/yiiguxing/plugin/translate/trans/Translation.kt|YiiGuxing|TranslationPlugin|Translation.kt|Kotlin|24|3|7
./src/_00/output/Kotlin/YiiGuxing~TranslationPlugin/src/main/kotlin/cn/yiiguxing/plugin/translate/trans/openai/OpenAiCredentials.kt|YiiGuxing|TranslationPlugin|OpenAiCredentials.kt|Kotlin|24|0|7
./src/_00/output/Kotlin/YiiGuxing~TranslationPlugin/src/main/kotlin/cn/yiiguxing/plugin/translate/trans/openai/OpenAiLanguages.kt|YiiGuxing|TranslationPlugin|OpenAiLanguages.kt|Kotlin|24|4|6
./src/_00/output/Kotlin/YiiGuxing~TranslationPlugin/src/main/kotlin/cn/yiiguxing/plugin/translate/trans/openai/ui/OpenAISettingsUI.kt|YiiGuxing|TranslationPlugin|OpenAISettingsUI.kt|Kotlin|24|0|14
./src/_00/output/Kotlin/YiiGuxing~TranslationPlugin/src/main/kotlin/cn/yiiguxing/plugin/translate/ui/LogoHeaderPanel.kt|YiiGuxing|TranslationPlugin|LogoHeaderPanel.kt|Kotlin|24|9|6
./src/_00/output/Kotlin/YiiGuxing~TranslationPlugin/src/main/kotlin/cn/yiiguxing/plugin/translate/ui/TranslationDialogUiProvider.kt|YiiGuxing|TranslationPlugin|TranslationDialogUiProvider.kt|Kotlin|24|0|7
./src/_00/output/Kotlin/YiiGuxing~TranslationPlugin/src/main/resources/META-INF/docs/xml-doc.xml|YiiGuxing|TranslationPlugin|xml-doc.xml|XML|24|0|0
./src/_00/output/Kotlin/YiiGuxing~TranslationPlugin/.run/Build Plugin.run.xml|YiiGuxing|TranslationPlugin|Build Plugin.run.xml|XML|23|0|0
./src/_00/output/Kotlin/YiiGuxing~TranslationPlugin/.run/Run IDE with Plugin.run.xml|YiiGuxing|TranslationPlugin|Run IDE with Plugin.run.xml|XML|23|0|0
./src/_00/output/Kotlin/YiiGuxing~TranslationPlugin/src/main/kotlin/cn/yiiguxing/plugin/translate/trans/TranslationAttachmentFactory.kt|YiiGuxing|TranslationPlugin|TranslationAttachmentFactory.kt|Kotlin|23|0|5
./src/_00/output/Kotlin/YiiGuxing~TranslationPlugin/src/main/kotlin/cn/yiiguxing/plugin/translate/trans/text/TranslationDocument.kt|YiiGuxing|TranslationPlugin|TranslationDocument.kt|Kotlin|23|0|8
./src/_00/output/Kotlin/YiiGuxing~TranslationPlugin/src/main/kotlin/cn/yiiguxing/plugin/translate/util/credential/SimpleStringCredentialManager.kt|YiiGuxing|TranslationPlugin|SimpleStringCredentialManager.kt|Kotlin|23|6|7
./src/_00/output/Kotlin/YiiGuxing~TranslationPlugin/src/main/kotlin/cn/yiiguxing/plugin/translate/action/TerminalTranslationAction.kt|YiiGuxing|TranslationPlugin|TerminalTranslationAction.kt|Kotlin|22|0|5
./src/_00/output/Kotlin/YiiGuxing~TranslationPlugin/src/main/kotlin/cn/yiiguxing/plugin/translate/activity/BaseStartupActivity.kt|YiiGuxing|TranslationPlugin|BaseStartupActivity.kt|Kotlin|22|0|7
./src/_00/output/Kotlin/YiiGuxing~TranslationPlugin/src/main/kotlin/cn/yiiguxing/plugin/translate/trans/LanguageAdapter.kt|YiiGuxing|TranslationPlugin|LanguageAdapter.kt|Kotlin|22|18|14
./src/_00/output/Kotlin/YiiGuxing~TranslationPlugin/src/main/kotlin/cn/yiiguxing/plugin/translate/trans/deepl/DeeplCredential.kt|YiiGuxing|TranslationPlugin|DeeplCredential.kt|Kotlin|22|0|7
./src/_00/output/Kotlin/YiiGuxing~TranslationPlugin/src/main/kotlin/cn/yiiguxing/plugin/translate/trans/openai/chat/ChatCompletionRequest.kt|YiiGuxing|TranslationPlugin|ChatCompletionRequest.kt|Kotlin|22|27|8
./src/_00/output/Kotlin/YiiGuxing~TranslationPlugin/src/main/kotlin/cn/yiiguxing/plugin/translate/util/IdeVersion.kt|YiiGuxing|TranslationPlugin|IdeVersion.kt|Kotlin|22|1|6
./src/_00/output/Kotlin/YiiGuxing~TranslationPlugin/src/main/kotlin/cn/yiiguxing/plugin/translate/action/SettingsAction.kt|YiiGuxing|TranslationPlugin|SettingsAction.kt|Kotlin|21|0|4
./src/_00/output/Kotlin/YiiGuxing~TranslationPlugin/src/main/kotlin/cn/yiiguxing/plugin/translate/diagnostic/ErrorReportNotifications.kt|YiiGuxing|TranslationPlugin|ErrorReportNotifications.kt|Kotlin|21|0|4
./src/_00/output/Kotlin/YiiGuxing~TranslationPlugin/src/main/kotlin/cn/yiiguxing/plugin/translate/trans/Exceptions.kt|YiiGuxing|TranslationPlugin|Exceptions.kt|Kotlin|21|0|5
./src/_00/output/Kotlin/YiiGuxing~TranslationPlugin/src/main/kotlin/cn/yiiguxing/plugin/translate/wordbook/exports/JsonWordBookExporter.kt|YiiGuxing|TranslationPlugin|JsonWordBookExporter.kt|Kotlin|21|0|6
./src/_00/output/Kotlin/YiiGuxing~TranslationPlugin/src/main/kotlin/cn/yiiguxing/plugin/translate/action/EditorTranslateAction.kt|YiiGuxing|TranslationPlugin|EditorTranslateAction.kt|Kotlin|20|3|7
./src/_00/output/Kotlin/YiiGuxing~TranslationPlugin/src/main/kotlin/cn/yiiguxing/plugin/translate/action/TTSEngineActionGroup.kt|YiiGuxing|TranslationPlugin|TTSEngineActionGroup.kt|Kotlin|20|0|5
./src/_00/output/Kotlin/YiiGuxing~TranslationPlugin/src/main/kotlin/cn/yiiguxing/plugin/translate/action/TranslationPromoter.kt|YiiGuxing|TranslationPlugin|TranslationPromoter.kt|Kotlin|20|0|7
./src/_00/output/Kotlin/YiiGuxing~TranslationPlugin/src/main/kotlin/cn/yiiguxing/plugin/translate/trans/openai/OpenAiModel.kt|YiiGuxing|TranslationPlugin|OpenAiModel.kt|Kotlin|20|3|5
./src/_00/output/Kotlin/YiiGuxing~TranslationPlugin/src/main/kotlin/cn/yiiguxing/plugin/translate/util/DisposableRef.kt|YiiGuxing|TranslationPlugin|DisposableRef.kt|Kotlin|20|3|6
./src/_00/output/Kotlin/YiiGuxing~TranslationPlugin/src/main/resources/image/donate_to_collective.svg|YiiGuxing|TranslationPlugin|donate_to_collective.svg|SVG|20|0|0
./src/_00/output/Kotlin/YiiGuxing~TranslationPlugin/src/main/kotlin/cn/yiiguxing/plugin/translate/HelpTopic.kt|YiiGuxing|TranslationPlugin|HelpTopic.kt|Kotlin|19|7|11
./src/_00/output/Kotlin/YiiGuxing~TranslationPlugin/src/main/kotlin/cn/yiiguxing/plugin/translate/provider/JavaScriptIgnoredDocumentationElementProvider.kt|YiiGuxing|TranslationPlugin|JavaScriptIgnoredDocumentationElementProvider.kt|Kotlin|19|0|8
./src/_00/output/Kotlin/YiiGuxing~TranslationPlugin/src/main/kotlin/cn/yiiguxing/plugin/translate/provider/PhpIgnoredDocumentationElementProvider.kt|YiiGuxing|TranslationPlugin|PhpIgnoredDocumentationElementProvider.kt|Kotlin|19|0|8
./src/_00/output/Kotlin/YiiGuxing~TranslationPlugin/src/main/kotlin/cn/yiiguxing/plugin/translate/provider/PythonDocumentationElementProvider.kt|YiiGuxing|TranslationPlugin|PythonDocumentationElementProvider.kt|Kotlin|19|0|5
./src/_00/output/Kotlin/YiiGuxing~TranslationPlugin/src/main/kotlin/cn/yiiguxing/plugin/translate/trans/google/GoogleExampleDocumentFactory.kt|YiiGuxing|TranslationPlugin|GoogleExampleDocumentFactory.kt|Kotlin|19|0|5
./src/_00/output/Kotlin/YiiGuxing~TranslationPlugin/src/main/kotlin/cn/yiiguxing/plugin/translate/ui/icon/SuspendIcon.kt|YiiGuxing|TranslationPlugin|SuspendIcon.kt|Kotlin|19|3|5
./src/_00/output/Kotlin/YiiGuxing~TranslationPlugin/src/main/kotlin/cn/yiiguxing/plugin/translate/util/Logs.kt|YiiGuxing|TranslationPlugin|Logs.kt|Kotlin|19|0|13
./src/_00/output/Kotlin/YiiGuxing~TranslationPlugin/src/main/resources/image/google_translate_logo.svg|YiiGuxing|TranslationPlugin|google_translate_logo.svg|SVG|19|0|0
./src/_00/output/Kotlin/YiiGuxing~TranslationPlugin/src/main/resources/image/google_translate_logo_dark.svg|YiiGuxing|TranslationPlugin|google_translate_logo_dark.svg|SVG|19|0|0
./src/_00/output/Kotlin/YiiGuxing~TranslationPlugin/src/main/kotlin/cn/yiiguxing/plugin/translate/action/GettingStartedAction.kt|YiiGuxing|TranslationPlugin|GettingStartedAction.kt|Kotlin|18|0|2
./src/_00/output/Kotlin/YiiGuxing~TranslationPlugin/src/main/kotlin/cn/yiiguxing/plugin/translate/action/actions.kt|YiiGuxing|TranslationPlugin|actions.kt|Kotlin|18|0|9
./src/_00/output/Kotlin/YiiGuxing~TranslationPlugin/src/main/kotlin/cn/yiiguxing/plugin/translate/ui/Viewer.kt|YiiGuxing|TranslationPlugin|Viewer.kt|Kotlin|18|4|7
./src/_00/output/Kotlin/YiiGuxing~TranslationPlugin/src/main/kotlin/cn/yiiguxing/plugin/translate/diagnostic/github/auth/GitHubDeviceCode.kt|YiiGuxing|TranslationPlugin|GitHubDeviceCode.kt|Kotlin|17|1|5
./src/_00/output/Kotlin/YiiGuxing~TranslationPlugin/src/main/kotlin/cn/yiiguxing/plugin/translate/trans/microsoft/models/translation.kt|YiiGuxing|TranslationPlugin|translation.kt|Kotlin|17|1|7
./src/_00/output/Kotlin/YiiGuxing~TranslationPlugin/src/main/kotlin/cn/yiiguxing/plugin/translate/util/CharSequences.kt|YiiGuxing|TranslationPlugin|CharSequences.kt|Kotlin|17|3|5
./src/_00/output/Kotlin/YiiGuxing~TranslationPlugin/src/test/kotlin/cn/yiiguxing/plugin/translate/trans/TKTest.kt|YiiGuxing|TranslationPlugin|TKTest.kt|Kotlin|17|3|5
./src/_00/output/Kotlin/YiiGuxing~TranslationPlugin/src/main/kotlin/cn/yiiguxing/plugin/translate/action/BrowseUrlAction.kt|YiiGuxing|TranslationPlugin|BrowseUrlAction.kt|Kotlin|16|0|4
./src/_00/output/Kotlin/YiiGuxing~TranslationPlugin/src/main/kotlin/cn/yiiguxing/plugin/translate/action/PinBalloonAction.kt|YiiGuxing|TranslationPlugin|PinBalloonAction.kt|Kotlin|16|0|4
./src/_00/output/Kotlin/YiiGuxing~TranslationPlugin/src/main/kotlin/cn/yiiguxing/plugin/translate/provider/IgnoredDocumentationElementProvider.kt|YiiGuxing|TranslationPlugin|IgnoredDocumentationElementProvider.kt|Kotlin|16|0|7
./src/_00/output/Kotlin/YiiGuxing~TranslationPlugin/src/main/kotlin/cn/yiiguxing/plugin/translate/trans/google/GoogleDictionaryDocumentFactory.kt|YiiGuxing|TranslationPlugin|GoogleDictionaryDocumentFactory.kt|Kotlin|16|3|3
./src/_00/output/Kotlin/YiiGuxing~TranslationPlugin/src/main/kotlin/cn/yiiguxing/plugin/translate/trans/google/GoogleSettings.kt|YiiGuxing|TranslationPlugin|GoogleSettings.kt|Kotlin|16|3|7
./src/_00/output/Kotlin/YiiGuxing~TranslationPlugin/src/main/kotlin/cn/yiiguxing/plugin/translate/trans/youdao/YoudaoDomain.kt|YiiGuxing|TranslationPlugin|YoudaoDomain.kt|Kotlin|16|7|9
./src/_00/output/Kotlin/YiiGuxing~TranslationPlugin/src/main/kotlin/cn/yiiguxing/plugin/translate/ui/icon/SoundIcon.kt|YiiGuxing|TranslationPlugin|SoundIcon.kt|Kotlin|16|0|5
./src/_00/output/Kotlin/YiiGuxing~TranslationPlugin/src/main/kotlin/cn/yiiguxing/plugin/translate/ui/wordbook/WordColumnInfo.kt|YiiGuxing|TranslationPlugin|WordColumnInfo.kt|Kotlin|16|0|7
./src/_00/output/Kotlin/YiiGuxing~TranslationPlugin/src/main/kotlin/cn/yiiguxing/plugin/translate/ui/wordbook/WordsTableCellRenderer.kt|YiiGuxing|TranslationPlugin|WordsTableCellRenderer.kt|Kotlin|16|0|2
./src/_00/output/Kotlin/YiiGuxing~TranslationPlugin/src/main/kotlin/cn/yiiguxing/plugin/translate/util/ByteSize.kt|YiiGuxing|TranslationPlugin|ByteSize.kt|Kotlin|16|3|5
./src/_00/output/Kotlin/YiiGuxing~TranslationPlugin/src/main/kotlin/cn/yiiguxing/plugin/translate/util/Collections.kt|YiiGuxing|TranslationPlugin|Collections.kt|Kotlin|16|9|4
./src/_00/output/Kotlin/YiiGuxing~TranslationPlugin/src/main/kotlin/cn/yiiguxing/plugin/translate/wordbook/imports/JsonWordBookImporter.kt|YiiGuxing|TranslationPlugin|JsonWordBookImporter.kt|Kotlin|16|0|3
./src/_00/output/Kotlin/YiiGuxing~TranslationPlugin/src/main/kotlin/cn/yiiguxing/plugin/translate/compat/ui/GotItTooltipCompat.kt|YiiGuxing|TranslationPlugin|GotItTooltipCompat.kt|Kotlin|15|0|3
./src/_00/output/Kotlin/YiiGuxing~TranslationPlugin/src/main/kotlin/cn/yiiguxing/plugin/translate/diagnostic/github/auth/GitHubUser.kt|YiiGuxing|TranslationPlugin|GitHubUser.kt|Kotlin|15|0|5
./src/_00/output/Kotlin/YiiGuxing~TranslationPlugin/src/main/kotlin/cn/yiiguxing/plugin/translate/trans/SimpleTranslateClient.kt|YiiGuxing|TranslationPlugin|SimpleTranslateClient.kt|Kotlin|15|0|6
./src/_00/output/Kotlin/YiiGuxing~TranslationPlugin/src/main/kotlin/cn/yiiguxing/plugin/translate/trans/Translator.kt|YiiGuxing|TranslationPlugin|Translator.kt|Kotlin|15|3|14
./src/_00/output/Kotlin/YiiGuxing~TranslationPlugin/src/main/kotlin/cn/yiiguxing/plugin/translate/trans/microsoft/exceptions.kt|YiiGuxing|TranslationPlugin|exceptions.kt|Kotlin|15|0|4
./src/_00/output/Kotlin/YiiGuxing~TranslationPlugin/src/main/kotlin/cn/yiiguxing/plugin/translate/ui/TranslationWidgetFactory.kt|YiiGuxing|TranslationPlugin|TranslationWidgetFactory.kt|Kotlin|15|0|8
./src/_00/output/Kotlin/YiiGuxing~TranslationPlugin/src/main/kotlin/cn/yiiguxing/plugin/translate/ui/icon/Spinner.kt|YiiGuxing|TranslationPlugin|Spinner.kt|Kotlin|15|1|6
./src/_00/output/Kotlin/YiiGuxing~TranslationPlugin/src/main/resources/icons/engines/openai.svg|YiiGuxing|TranslationPlugin|openai.svg|SVG|15|0|0
./src/_00/output/Kotlin/YiiGuxing~TranslationPlugin/src/main/resources/icons/engines/openai_dark.svg|YiiGuxing|TranslationPlugin|openai_dark.svg|SVG|15|0|0
./src/_00/output/Kotlin/YiiGuxing~TranslationPlugin/src/main/resources/icons/sound/disabled.svg|YiiGuxing|TranslationPlugin|disabled.svg|SVG|15|0|0
./src/_00/output/Kotlin/YiiGuxing~TranslationPlugin/src/main/resources/icons/sound/disabled_dark.svg|YiiGuxing|TranslationPlugin|disabled_dark.svg|SVG|15|0|0
./src/_00/output/Kotlin/YiiGuxing~TranslationPlugin/src/main/kotlin/cn/yiiguxing/plugin/translate/trans/microsoft/models/error.kt|YiiGuxing|TranslationPlugin|error.kt|Kotlin|14|0|4
./src/_00/output/Kotlin/YiiGuxing~TranslationPlugin/src/main/kotlin/cn/yiiguxing/plugin/translate/trans/openai/OpenAiTTSSpeed.kt|YiiGuxing|TranslationPlugin|OpenAiTTSSpeed.kt|Kotlin|14|0|3
./src/_00/output/Kotlin/YiiGuxing~TranslationPlugin/src/main/kotlin/cn/yiiguxing/plugin/translate/trans/youdao/YoudaoSettings.kt|YiiGuxing|TranslationPlugin|YoudaoSettings.kt|Kotlin|14|3|6
./src/_00/output/Kotlin/YiiGuxing~TranslationPlugin/src/main/kotlin/cn/yiiguxing/plugin/translate/tts/sound/source/PlaybackSourceWithContext.kt|YiiGuxing|TranslationPlugin|PlaybackSourceWithContext.kt|Kotlin|14|5|6
./src/_00/output/Kotlin/YiiGuxing~TranslationPlugin/src/main/kotlin/cn/yiiguxing/plugin/translate/ui/TypedComboBoxEditor.kt|YiiGuxing|TranslationPlugin|TypedComboBoxEditor.kt|Kotlin|14|0|4
./src/_00/output/Kotlin/YiiGuxing~TranslationPlugin/src/main/kotlin/cn/yiiguxing/plugin/translate/util/Threads.kt|YiiGuxing|TranslationPlugin|Threads.kt|Kotlin|14|6|3
./src/_00/output/Kotlin/YiiGuxing~TranslationPlugin/src/main/resources/META-INF/docs/dart-doc.xml|YiiGuxing|TranslationPlugin|dart-doc.xml|XML|14|0|1
./src/_00/output/Kotlin/YiiGuxing~TranslationPlugin/src/main/resources/META-INF/docs/go-doc.xml|YiiGuxing|TranslationPlugin|go-doc.xml|XML|14|0|1
./src/_00/output/Kotlin/YiiGuxing~TranslationPlugin/src/main/resources/META-INF/docs/jsp-doc.xml|YiiGuxing|TranslationPlugin|jsp-doc.xml|XML|14|0|0
./src/_00/output/Kotlin/YiiGuxing~TranslationPlugin/src/main/resources/META-INF/docs/kotlin-doc.xml|YiiGuxing|TranslationPlugin|kotlin-doc.xml|XML|14|0|1
./src/_00/output/Kotlin/YiiGuxing~TranslationPlugin/src/main/resources/META-INF/docs/php-doc.xml|YiiGuxing|TranslationPlugin|php-doc.xml|XML|14|0|1
./src/_00/output/Kotlin/YiiGuxing~TranslationPlugin/src/main/resources/META-INF/docs/python-doc.xml|YiiGuxing|TranslationPlugin|python-doc.xml|XML|14|0|1
./src/_00/output/Kotlin/YiiGuxing~TranslationPlugin/src/main/resources/META-INF/docs/vue-doc.xml|YiiGuxing|TranslationPlugin|vue-doc.xml|XML|14|0|0
./src/_00/output/Kotlin/YiiGuxing~TranslationPlugin/src/main/kotlin/cn/yiiguxing/plugin/translate/TranslationPlugin.kt|YiiGuxing|TranslationPlugin|TranslationPlugin.kt|Kotlin|13|4|8
./src/_00/output/Kotlin/YiiGuxing~TranslationPlugin/src/main/kotlin/cn/yiiguxing/plugin/translate/action/ExclusiveTranslateAction.kt|YiiGuxing|TranslationPlugin|ExclusiveTranslateAction.kt|Kotlin|13|3|5
./src/_00/output/Kotlin/YiiGuxing~TranslationPlugin/src/main/kotlin/cn/yiiguxing/plugin/translate/action/InclusiveTranslateAction.kt|YiiGuxing|TranslationPlugin|InclusiveTranslateAction.kt|Kotlin|13|3|5
./src/_00/output/Kotlin/YiiGuxing~TranslationPlugin/src/main/kotlin/cn/yiiguxing/plugin/translate/action/WhatsNewAction.kt|YiiGuxing|TranslationPlugin|WhatsNewAction.kt|Kotlin|13|0|3
./src/_00/output/Kotlin/YiiGuxing~TranslationPlugin/src/main/kotlin/cn/yiiguxing/plugin/translate/tts/sound/source/InputStreamPlaybackSource.kt|YiiGuxing|TranslationPlugin|InputStreamPlaybackSource.kt|Kotlin|13|3|5
./src/_00/output/Kotlin/YiiGuxing~TranslationPlugin/src/main/kotlin/cn/yiiguxing/plugin/translate/util/PasswordSafeDelegate.kt|YiiGuxing|TranslationPlugin|PasswordSafeDelegate.kt|Kotlin|13|3|6
./src/_00/output/Kotlin/YiiGuxing~TranslationPlugin/src/main/kotlin/cn/yiiguxing/plugin/translate/util/concurrent/Latch.kt|YiiGuxing|TranslationPlugin|Latch.kt|Kotlin|13|14|6
./src/_00/output/Kotlin/YiiGuxing~TranslationPlugin/src/main/resources/icons/sound/active.svg|YiiGuxing|TranslationPlugin|active.svg|SVG|13|0|0
./src/_00/output/Kotlin/YiiGuxing~TranslationPlugin/src/main/resources/icons/sound/active_dark.svg|YiiGuxing|TranslationPlugin|active_dark.svg|SVG|13|0|0
./src/_00/output/Kotlin/YiiGuxing~TranslationPlugin/src/main/resources/icons/sound/step_0.svg|YiiGuxing|TranslationPlugin|step_0.svg|SVG|13|0|0
./src/_00/output/Kotlin/YiiGuxing~TranslationPlugin/src/main/resources/icons/sound/step_0_dark.svg|YiiGuxing|TranslationPlugin|step_0_dark.svg|SVG|13|0|0
./src/_00/output/Kotlin/YiiGuxing~TranslationPlugin/src/main/resources/icons/sound/step_1.svg|YiiGuxing|TranslationPlugin|step_1.svg|SVG|13|0|0
./src/_00/output/Kotlin/YiiGuxing~TranslationPlugin/src/main/resources/icons/sound/step_1_dark.svg|YiiGuxing|TranslationPlugin|step_1_dark.svg|SVG|13|0|0
./src/_00/output/Kotlin/YiiGuxing~TranslationPlugin/src/main/resources/icons/sound/step_2.svg|YiiGuxing|TranslationPlugin|step_2.svg|SVG|13|0|0
./src/_00/output/Kotlin/YiiGuxing~TranslationPlugin/src/main/resources/icons/sound/step_2_dark.svg|YiiGuxing|TranslationPlugin|step_2_dark.svg|SVG|13|0|0
./src/_00/output/Kotlin/YiiGuxing~TranslationPlugin/.github/dependabot.yml|YiiGuxing|TranslationPlugin|dependabot.yml|YAML|12|4|1
./src/_00/output/Kotlin/YiiGuxing~TranslationPlugin/src/main/kotlin/cn/yiiguxing/plugin/translate/trans/DocumentationTranslator.kt|YiiGuxing|TranslationPlugin|DocumentationTranslator.kt|Kotlin|12|3|6
./src/_00/output/Kotlin/YiiGuxing~TranslationPlugin/src/main/kotlin/cn/yiiguxing/plugin/translate/trans/openai/AzureServiceVersion.kt|YiiGuxing|TranslationPlugin|AzureServiceVersion.kt|Kotlin|12|0|3
./src/_00/output/Kotlin/YiiGuxing~TranslationPlugin/src/main/kotlin/cn/yiiguxing/plugin/translate/ui/DefaultHyperlinkListener.kt|YiiGuxing|TranslationPlugin|DefaultHyperlinkListener.kt|Kotlin|12|0|4
./src/_00/output/Kotlin/YiiGuxing~TranslationPlugin/src/main/kotlin/cn/yiiguxing/plugin/translate/util/Editors.kt|YiiGuxing|TranslationPlugin|Editors.kt|Kotlin|12|0|2
./src/_00/output/Kotlin/YiiGuxing~TranslationPlugin/src/main/kotlin/cn/yiiguxing/plugin/translate/util/Hex.kt|YiiGuxing|TranslationPlugin|Hex.kt|Kotlin|12|0|3
./src/_00/output/Kotlin/YiiGuxing~TranslationPlugin/src/main/kotlin/cn/yiiguxing/plugin/translate/util/ReadWritePropertyWrapper.kt|YiiGuxing|TranslationPlugin|ReadWritePropertyWrapper.kt|Kotlin|12|0|4
./src/_00/output/Kotlin/YiiGuxing~TranslationPlugin/src/main/kotlin/cn/yiiguxing/plugin/translate/wordbook/WordBookListener.kt|YiiGuxing|TranslationPlugin|WordBookListener.kt|Kotlin|12|22|7
./src/_00/output/Kotlin/YiiGuxing~TranslationPlugin/src/main/resources/icons/autoAwesome.svg|YiiGuxing|TranslationPlugin|autoAwesome.svg|SVG|12|0|0
./src/_00/output/Kotlin/YiiGuxing~TranslationPlugin/src/main/resources/icons/expui/toolwindow/wordbook.svg|YiiGuxing|TranslationPlugin|wordbook.svg|SVG|12|0|0
./src/_00/output/Kotlin/YiiGuxing~TranslationPlugin/src/main/resources/icons/expui/toolwindow/wordbook_dark.svg|YiiGuxing|TranslationPlugin|wordbook_dark.svg|SVG|12|0|0
./src/_00/output/Kotlin/YiiGuxing~TranslationPlugin/src/main/resources/icons/wordbook.svg|YiiGuxing|TranslationPlugin|wordbook.svg|SVG|12|0|0
./src/_00/output/Kotlin/YiiGuxing~TranslationPlugin/src/main/resources/icons/wordbook_dark.svg|YiiGuxing|TranslationPlugin|wordbook_dark.svg|SVG|12|0|0
./src/_00/output/Kotlin/YiiGuxing~TranslationPlugin/src/test/kotlin/cn/yiiguxing/plugin/translate/ui/SettingsFormTest.kt|YiiGuxing|TranslationPlugin|SettingsFormTest.kt|Kotlin|12|0|2
./src/_00/output/Kotlin/YiiGuxing~TranslationPlugin/pluginIcon.svg|YiiGuxing|TranslationPlugin|pluginIcon.svg|SVG|11|0|0
./src/_00/output/Kotlin/YiiGuxing~TranslationPlugin/src/main/kotlin/cn/yiiguxing/plugin/translate/action/SupportAction.kt|YiiGuxing|TranslationPlugin|SupportAction.kt|Kotlin|11|0|2
./src/_00/output/Kotlin/YiiGuxing~TranslationPlugin/src/main/kotlin/cn/yiiguxing/plugin/translate/diagnostic/github/auth/GitHubDeviceToken.kt|YiiGuxing|TranslationPlugin|GitHubDeviceToken.kt|Kotlin|11|0|3
./src/_00/output/Kotlin/YiiGuxing~TranslationPlugin/src/main/kotlin/cn/yiiguxing/plugin/translate/trans/openai/chat/ChatRole.kt|YiiGuxing|TranslationPlugin|ChatRole.kt|Kotlin|11|5|5
./src/_00/output/Kotlin/YiiGuxing~TranslationPlugin/src/main/kotlin/cn/yiiguxing/plugin/translate/trans/youdao/YoudaoHTMLTranslation.kt|YiiGuxing|TranslationPlugin|YoudaoHTMLTranslation.kt|Kotlin|11|0|3
./src/_00/output/Kotlin/YiiGuxing~TranslationPlugin/src/main/kotlin/cn/yiiguxing/plugin/translate/ui/settings/ConfigurableUi.kt|YiiGuxing|TranslationPlugin|ConfigurableUi.kt|Kotlin|11|4|9
./src/_00/output/Kotlin/YiiGuxing~TranslationPlugin/src/main/kotlin/cn/yiiguxing/plugin/translate/ui/wordbook/ExplainsColumnInfo.kt|YiiGuxing|TranslationPlugin|ExplainsColumnInfo.kt|Kotlin|11|0|5
./src/_00/output/Kotlin/YiiGuxing~TranslationPlugin/src/main/kotlin/cn/yiiguxing/plugin/translate/util/Colors.kt|YiiGuxing|TranslationPlugin|Colors.kt|Kotlin|11|0|6
./src/_00/output/Kotlin/YiiGuxing~TranslationPlugin/src/main/resources/META-INF/pluginIcon.svg|YiiGuxing|TranslationPlugin|pluginIcon.svg|SVG|11|0|0
./src/_00/output/Kotlin/YiiGuxing~TranslationPlugin/src/main/kotlin/cn/yiiguxing/plugin/translate/TranslationBundle.kt|YiiGuxing|TranslationPlugin|TranslationBundle.kt|Kotlin|10|0|5
./src/_00/output/Kotlin/YiiGuxing~TranslationPlugin/src/main/kotlin/cn/yiiguxing/plugin/translate/provider/KotlinDocumentationElementProvider.kt|YiiGuxing|TranslationPlugin|KotlinDocumentationElementProvider.kt|Kotlin|10|0|4
./src/_00/output/Kotlin/YiiGuxing~TranslationPlugin/src/main/kotlin/cn/yiiguxing/plugin/translate/trans/openai/OpenAiTtsVoice.kt|YiiGuxing|TranslationPlugin|OpenAiTtsVoice.kt|Kotlin|10|3|2
./src/_00/output/Kotlin/YiiGuxing~TranslationPlugin/src/main/kotlin/cn/yiiguxing/plugin/translate/tts/microsoft/constants.kt|YiiGuxing|TranslationPlugin|constants.kt|Kotlin|10|0|5
./src/_00/output/Kotlin/YiiGuxing~TranslationPlugin/src/main/kotlin/cn/yiiguxing/plugin/translate/tts/sound/PlaybackController.kt|YiiGuxing|TranslationPlugin|PlaybackController.kt|Kotlin|10|7|9
./src/_00/output/Kotlin/YiiGuxing~TranslationPlugin/src/main/kotlin/cn/yiiguxing/plugin/translate/tts/sound/PlaybackStatus.kt|YiiGuxing|TranslationPlugin|PlaybackStatus.kt|Kotlin|10|20|6
./src/_00/output/Kotlin/YiiGuxing~TranslationPlugin/src/main/kotlin/cn/yiiguxing/plugin/translate/tts/sound/source/FilePlaybackSource.kt|YiiGuxing|TranslationPlugin|FilePlaybackSource.kt|Kotlin|10|3|5
./src/_00/output/Kotlin/YiiGuxing~TranslationPlugin/src/main/kotlin/cn/yiiguxing/plugin/translate/tts/sound/source/PlaybackSource.kt|YiiGuxing|TranslationPlugin|PlaybackSource.kt|Kotlin|10|19|8
./src/_00/output/Kotlin/YiiGuxing~TranslationPlugin/src/main/kotlin/cn/yiiguxing/plugin/translate/ui/icon/SmallProgressIcon.kt|YiiGuxing|TranslationPlugin|SmallProgressIcon.kt|Kotlin|10|0|5
./src/_00/output/Kotlin/YiiGuxing~TranslationPlugin/src/main/resources/META-INF/action-group.xml|YiiGuxing|TranslationPlugin|action-group.xml|XML|10|1|1
./src/_00/output/Kotlin/YiiGuxing~TranslationPlugin/src/main/resources/icons/engines/deepl.svg|YiiGuxing|TranslationPlugin|deepl.svg|SVG|10|0|0
./src/_00/output/Kotlin/YiiGuxing~TranslationPlugin/src/main/resources/icons/engines/deepl_dark.svg|YiiGuxing|TranslationPlugin|deepl_dark.svg|SVG|10|0|0
./src/_00/output/Kotlin/YiiGuxing~TranslationPlugin/src/main/resources/icons/expui/toolwindow/wordbook@20x20.svg|YiiGuxing|TranslationPlugin|wordbook@20x20.svg|SVG|10|0|0
./src/_00/output/Kotlin/YiiGuxing~TranslationPlugin/src/main/resources/icons/expui/toolwindow/wordbook@20x20_dark.svg|YiiGuxing|TranslationPlugin|wordbook@20x20_dark.svg|SVG|10|0|0
./src/_00/output/Kotlin/YiiGuxing~TranslationPlugin/src/main/kotlin/cn/yiiguxing/plugin/translate/trans/openai/audio/SpeechRequest.kt|YiiGuxing|TranslationPlugin|SpeechRequest.kt|Kotlin|9|3|2
./src/_00/output/Kotlin/YiiGuxing~TranslationPlugin/src/main/kotlin/cn/yiiguxing/plugin/translate/ui/LanguageRenderer.kt|YiiGuxing|TranslationPlugin|LanguageRenderer.kt|Kotlin|9|3|2
./src/_00/output/Kotlin/YiiGuxing~TranslationPlugin/src/main/kotlin/cn/yiiguxing/plugin/translate/update/UpdateListener.kt|YiiGuxing|TranslationPlugin|UpdateListener.kt|Kotlin|9|4|4
./src/_00/output/Kotlin/YiiGuxing~TranslationPlugin/src/main/kotlin/cn/yiiguxing/plugin/translate/util/credential/StringCredentialManager.kt|YiiGuxing|TranslationPlugin|StringCredentialManager.kt|Kotlin|9|8|6
./src/_00/output/Kotlin/YiiGuxing~TranslationPlugin/src/main/kotlin/cn/yiiguxing/plugin/translate/wordbook/RequireWordBookListener.kt|YiiGuxing|TranslationPlugin|RequireWordBookListener.kt|Kotlin|9|0|4
./src/_00/output/Kotlin/YiiGuxing~TranslationPlugin/src/main/kotlin/cn/yiiguxing/plugin/translate/wordbook/WordBookState.kt|YiiGuxing|TranslationPlugin|WordBookState.kt|Kotlin|9|0|3
./src/_00/output/Kotlin/YiiGuxing~TranslationPlugin/src/main/kotlin/cn/yiiguxing/plugin/translate/wordbook/WordBookViewListener.kt|YiiGuxing|TranslationPlugin|WordBookViewListener.kt|Kotlin|9|5|4
./src/_00/output/Kotlin/YiiGuxing~TranslationPlugin/src/main/kotlin/cn/yiiguxing/plugin/translate/wordbook/exports/WordBookExporter.kt|YiiGuxing|TranslationPlugin|WordBookExporter.kt|Kotlin|9|0|7
./src/_00/output/Kotlin/YiiGuxing~TranslationPlugin/src/main/resources/META-INF/docs/csharp-doc.xml|YiiGuxing|TranslationPlugin|csharp-doc.xml|XML|9|0|0
./src/_00/output/Kotlin/YiiGuxing~TranslationPlugin/src/main/resources/META-INF/docs/css-doc.xml|YiiGuxing|TranslationPlugin|css-doc.xml|XML|9|0|0
./src/_00/output/Kotlin/YiiGuxing~TranslationPlugin/src/main/resources/META-INF/docs/groovy-doc.xml|YiiGuxing|TranslationPlugin|groovy-doc.xml|XML|9|0|0
./src/_00/output/Kotlin/YiiGuxing~TranslationPlugin/src/main/resources/META-INF/docs/java-doc.xml|YiiGuxing|TranslationPlugin|java-doc.xml|XML|9|0|0
./src/_00/output/Kotlin/YiiGuxing~TranslationPlugin/src/main/resources/META-INF/docs/json-doc.xml|YiiGuxing|TranslationPlugin|json-doc.xml|XML|9|0|0
./src/_00/output/Kotlin/YiiGuxing~TranslationPlugin/src/main/resources/META-INF/docs/oc-doc.xml|YiiGuxing|TranslationPlugin|oc-doc.xml|XML|9|0|0
./src/_00/output/Kotlin/YiiGuxing~TranslationPlugin/src/main/resources/META-INF/docs/properties-doc.xml|YiiGuxing|TranslationPlugin|properties-doc.xml|XML|9|0|0
./src/_00/output/Kotlin/YiiGuxing~TranslationPlugin/src/main/resources/META-INF/docs/rest-doc.xml|YiiGuxing|TranslationPlugin|rest-doc.xml|XML|9|0|0
./src/_00/output/Kotlin/YiiGuxing~TranslationPlugin/src/main/resources/META-INF/docs/ruby-doc.xml|YiiGuxing|TranslationPlugin|ruby-doc.xml|XML|9|0|0
./src/_00/output/Kotlin/YiiGuxing~TranslationPlugin/src/main/resources/META-INF/docs/rust-doc.xml|YiiGuxing|TranslationPlugin|rust-doc.xml|XML|9|0|0
./src/_00/output/Kotlin/YiiGuxing~TranslationPlugin/src/main/resources/META-INF/docs/rust-doc2.xml|YiiGuxing|TranslationPlugin|rust-doc2.xml|XML|9|0|0
./src/_00/output/Kotlin/YiiGuxing~TranslationPlugin/src/main/resources/META-INF/docs/scala-doc.xml|YiiGuxing|TranslationPlugin|scala-doc.xml|XML|9|0|0
./src/_00/output/Kotlin/YiiGuxing~TranslationPlugin/src/main/resources/META-INF/docs/shell-doc.xml|YiiGuxing|TranslationPlugin|shell-doc.xml|XML|9|0|0
./src/_00/output/Kotlin/YiiGuxing~TranslationPlugin/src/main/resources/META-INF/docs/sql-doc.xml|YiiGuxing|TranslationPlugin|sql-doc.xml|XML|9|0|0
./src/_00/output/Kotlin/YiiGuxing~TranslationPlugin/src/main/resources/META-INF/docs/swift-doc.xml|YiiGuxing|TranslationPlugin|swift-doc.xml|XML|9|0|0
./src/_00/output/Kotlin/YiiGuxing~TranslationPlugin/src/main/resources/META-INF/docs/xpath-doc.xml|YiiGuxing|TranslationPlugin|xpath-doc.xml|XML|9|0|0
./src/_00/output/Kotlin/YiiGuxing~TranslationPlugin/src/main/resources/META-INF/docs/yaml-doc.xml|YiiGuxing|TranslationPlugin|yaml-doc.xml|XML|9|0|0
./src/_00/output/Kotlin/YiiGuxing~TranslationPlugin/src/main/resources/TranslationIconMappings.json|YiiGuxing|TranslationPlugin|TranslationIconMappings.json|JSON|9|0|0
./src/_00/output/Kotlin/YiiGuxing~TranslationPlugin/src/main/resources/icons/logo.svg|YiiGuxing|TranslationPlugin|logo.svg|SVG|9|0|0
./src/_00/output/Kotlin/YiiGuxing~TranslationPlugin/src/test/kotlin/cn/yiiguxing/plugin/translate/ui/TranslationFailedComponentTest.kt|YiiGuxing|TranslationPlugin|TranslationFailedComponentTest.kt|Kotlin|9|0|2
./src/_00/output/Kotlin/YiiGuxing~TranslationPlugin/.github/ISSUE_TEMPLATE/config.yml|YiiGuxing|TranslationPlugin|config.yml|YAML|8|0|0
./src/_00/output/Kotlin/YiiGuxing~TranslationPlugin/src/main/kotlin/cn/yiiguxing/plugin/translate/diagnostic/github/issues/Issue.kt|YiiGuxing|TranslationPlugin|Issue.kt|Kotlin|8|0|2
./src/_00/output/Kotlin/YiiGuxing~TranslationPlugin/src/main/kotlin/cn/yiiguxing/plugin/translate/provider/HelpProvider.kt|YiiGuxing|TranslationPlugin|HelpProvider.kt|Kotlin|8|0|4
./src/_00/output/Kotlin/YiiGuxing~TranslationPlugin/src/main/kotlin/cn/yiiguxing/plugin/translate/trans/openai/chat/ChatCompletion.kt|YiiGuxing|TranslationPlugin|ChatCompletion.kt|Kotlin|8|17|5
./src/_00/output/Kotlin/YiiGuxing~TranslationPlugin/src/main/kotlin/cn/yiiguxing/plugin/translate/trans/openai/exception/OpenAIStatusException.kt|YiiGuxing|TranslationPlugin|OpenAIStatusException.kt|Kotlin|8|0|2
./src/_00/output/Kotlin/YiiGuxing~TranslationPlugin/src/main/kotlin/cn/yiiguxing/plugin/translate/trans/openai/exception/OpenAiError.kt|YiiGuxing|TranslationPlugin|OpenAiError.kt|Kotlin|8|8|2
./src/_00/output/Kotlin/YiiGuxing~TranslationPlugin/src/main/kotlin/cn/yiiguxing/plugin/translate/util/text/StyledString.kt|YiiGuxing|TranslationPlugin|StyledString.kt|Kotlin|8|0|1
./src/_00/output/Kotlin/YiiGuxing~TranslationPlugin/src/main/kotlin/cn/yiiguxing/plugin/translate/diagnostic/ReportException.kt|YiiGuxing|TranslationPlugin|ReportException.kt|Kotlin|7|0|2
./src/_00/output/Kotlin/YiiGuxing~TranslationPlugin/src/main/kotlin/cn/yiiguxing/plugin/translate/trans/BaseTranslation.kt|YiiGuxing|TranslationPlugin|BaseTranslation.kt|Kotlin|7|0|1
./src/_00/output/Kotlin/YiiGuxing~TranslationPlugin/src/main/kotlin/cn/yiiguxing/plugin/translate/trans/openai/chat/ChatChoice.kt|YiiGuxing|TranslationPlugin|ChatChoice.kt|Kotlin|7|14|4
./src/_00/output/Kotlin/YiiGuxing~TranslationPlugin/src/main/kotlin/cn/yiiguxing/plugin/translate/ui/UIScales.kt|YiiGuxing|TranslationPlugin|UIScales.kt|Kotlin|7|1|5
./src/_00/output/Kotlin/YiiGuxing~TranslationPlugin/src/main/kotlin/cn/yiiguxing/plugin/translate/ui/WindowLocation.kt|YiiGuxing|TranslationPlugin|WindowLocation.kt|Kotlin|7|0|2
./src/_00/output/Kotlin/YiiGuxing~TranslationPlugin/src/main/kotlin/cn/yiiguxing/plugin/translate/wordbook/WordBookException.kt|YiiGuxing|TranslationPlugin|WordBookException.kt|Kotlin|7|0|2
./src/_00/output/Kotlin/YiiGuxing~TranslationPlugin/src/main/kotlin/cn/yiiguxing/plugin/translate/diagnostic/github/auth/GitHubDeviceAuthException.kt|YiiGuxing|TranslationPlugin|GitHubDeviceAuthException.kt|Kotlin|6|0|2
./src/_00/output/Kotlin/YiiGuxing~TranslationPlugin/src/main/kotlin/cn/yiiguxing/plugin/translate/diagnostic/github/issues/IssueSearchResult.kt|YiiGuxing|TranslationPlugin|IssueSearchResult.kt|Kotlin|6|0|2
./src/_00/output/Kotlin/YiiGuxing~TranslationPlugin/src/main/kotlin/cn/yiiguxing/plugin/translate/trans/microsoft/models/TextType.kt|YiiGuxing|TranslationPlugin|TextType.kt|Kotlin|6|0|2
./src/_00/output/Kotlin/YiiGuxing~TranslationPlugin/src/main/kotlin/cn/yiiguxing/plugin/translate/util/text/Elements.kt|YiiGuxing|TranslationPlugin|Elements.kt|Kotlin|6|3|4
./src/_00/output/Kotlin/YiiGuxing~TranslationPlugin/src/main/resources/icons/documentation.svg|YiiGuxing|TranslationPlugin|documentation.svg|SVG|6|0|0
./src/_00/output/Kotlin/YiiGuxing~TranslationPlugin/src/main/resources/icons/documentation_dark.svg|YiiGuxing|TranslationPlugin|documentation_dark.svg|SVG|6|0|0
./src/_00/output/Kotlin/YiiGuxing~TranslationPlugin/src/main/resources/icons/engines/baidu.svg|YiiGuxing|TranslationPlugin|baidu.svg|SVG|6|0|0
./src/_00/output/Kotlin/YiiGuxing~TranslationPlugin/src/main/resources/icons/engines/baidu_dark.svg|YiiGuxing|TranslationPlugin|baidu_dark.svg|SVG|6|0|0
./src/_00/output/Kotlin/YiiGuxing~TranslationPlugin/src/main/resources/icons/engines/google.svg|YiiGuxing|TranslationPlugin|google.svg|SVG|6|0|0
./src/_00/output/Kotlin/YiiGuxing~TranslationPlugin/src/main/resources/icons/engines/microsoft.svg|YiiGuxing|TranslationPlugin|microsoft.svg|SVG|6|1|0
./src/_00/output/Kotlin/YiiGuxing~TranslationPlugin/src/main/resources/icons/swap.svg|YiiGuxing|TranslationPlugin|swap.svg|SVG|6|0|0
./src/_00/output/Kotlin/YiiGuxing~TranslationPlugin/src/main/resources/icons/swap_dark.svg|YiiGuxing|TranslationPlugin|swap_dark.svg|SVG|6|0|0
./src/_00/output/Kotlin/YiiGuxing~TranslationPlugin/src/main/kotlin/cn/yiiguxing/plugin/translate/diagnostic/github/TranslationGitHubAppException.kt|YiiGuxing|TranslationPlugin|TranslationGitHubAppException.kt|Kotlin|5|0|1
./src/_00/output/Kotlin/YiiGuxing~TranslationPlugin/src/main/kotlin/cn/yiiguxing/plugin/translate/trans/TranslateListener.kt|YiiGuxing|TranslationPlugin|TranslateListener.kt|Kotlin|5|3|4
./src/_00/output/Kotlin/YiiGuxing~TranslationPlugin/src/main/kotlin/cn/yiiguxing/plugin/translate/trans/openai/ServiceProvider.kt|YiiGuxing|TranslationPlugin|ServiceProvider.kt|Kotlin|5|2|1
./src/_00/output/Kotlin/YiiGuxing~TranslationPlugin/src/main/resources/icons/engines/ali.svg|YiiGuxing|TranslationPlugin|ali.svg|SVG|5|0|0
./src/_00/output/Kotlin/YiiGuxing~TranslationPlugin/src/main/resources/image/deepl_translate_logo.svg|YiiGuxing|TranslationPlugin|deepl_translate_logo.svg|SVG|5|0|0
./src/_00/output/Kotlin/YiiGuxing~TranslationPlugin/src/main/resources/image/deepl_translate_logo_dark.svg|YiiGuxing|TranslationPlugin|deepl_translate_logo_dark.svg|SVG|5|0|0
./src/_00/output/Kotlin/YiiGuxing~TranslationPlugin/src/main/kotlin/cn/yiiguxing/plugin/translate/trans/openai/ConfigType.kt|YiiGuxing|TranslationPlugin|ConfigType.kt|Kotlin|4|0|1
./src/_00/output/Kotlin/YiiGuxing~TranslationPlugin/src/main/resources/icons/grayStarOff.svg|YiiGuxing|TranslationPlugin|grayStarOff.svg|SVG|4|0|0
./src/_00/output/Kotlin/YiiGuxing~TranslationPlugin/src/main/resources/icons/grayStarOff_dark.svg|YiiGuxing|TranslationPlugin|grayStarOff_dark.svg|SVG|4|0|0
./src/_00/output/Kotlin/YiiGuxing~TranslationPlugin/src/main/resources/icons/spinner/passive.svg|YiiGuxing|TranslationPlugin|passive.svg|SVG|4|0|0
./src/_00/output/Kotlin/YiiGuxing~TranslationPlugin/src/main/resources/icons/spinner/passive_dark.svg|YiiGuxing|TranslationPlugin|passive_dark.svg|SVG|4|0|0
./src/_00/output/Kotlin/YiiGuxing~TranslationPlugin/src/main/resources/icons/spinner/step_0.svg|YiiGuxing|TranslationPlugin|step_0.svg|SVG|4|0|0
./src/_00/output/Kotlin/YiiGuxing~TranslationPlugin/src/main/resources/icons/spinner/step_0_dark.svg|YiiGuxing|TranslationPlugin|step_0_dark.svg|SVG|4|0|0
./src/_00/output/Kotlin/YiiGuxing~TranslationPlugin/src/main/resources/icons/spinner/step_1.svg|YiiGuxing|TranslationPlugin|step_1.svg|SVG|4|0|0
./src/_00/output/Kotlin/YiiGuxing~TranslationPlugin/src/main/resources/icons/spinner/step_1_dark.svg|YiiGuxing|TranslationPlugin|step_1_dark.svg|SVG|4|0|0
./src/_00/output/Kotlin/YiiGuxing~TranslationPlugin/src/main/resources/icons/spinner/step_2.svg|YiiGuxing|TranslationPlugin|step_2.svg|SVG|4|0|0
./src/_00/output/Kotlin/YiiGuxing~TranslationPlugin/src/main/resources/icons/spinner/step_2_dark.svg|YiiGuxing|TranslationPlugin|step_2_dark.svg|SVG|4|0|0
./src/_00/output/Kotlin/YiiGuxing~TranslationPlugin/src/main/resources/icons/spinner/step_3.svg|YiiGuxing|TranslationPlugin|step_3.svg|SVG|4|0|0
./src/_00/output/Kotlin/YiiGuxing~TranslationPlugin/src/main/resources/icons/spinner/step_3_dark.svg|YiiGuxing|TranslationPlugin|step_3_dark.svg|SVG|4|0|0
./src/_00/output/Kotlin/YiiGuxing~TranslationPlugin/src/main/resources/icons/spinner/step_4.svg|YiiGuxing|TranslationPlugin|step_4.svg|SVG|4|0|0
./src/_00/output/Kotlin/YiiGuxing~TranslationPlugin/src/main/resources/icons/spinner/step_4_dark.svg|YiiGuxing|TranslationPlugin|step_4_dark.svg|SVG|4|0|0
./src/_00/output/Kotlin/YiiGuxing~TranslationPlugin/src/main/resources/icons/spinner/step_5.svg|YiiGuxing|TranslationPlugin|step_5.svg|SVG|4|0|0
./src/_00/output/Kotlin/YiiGuxing~TranslationPlugin/src/main/resources/icons/spinner/step_5_dark.svg|YiiGuxing|TranslationPlugin|step_5_dark.svg|SVG|4|0|0
./src/_00/output/Kotlin/YiiGuxing~TranslationPlugin/src/main/resources/icons/spinner/step_6.svg|YiiGuxing|TranslationPlugin|step_6.svg|SVG|4|0|0
./src/_00/output/Kotlin/YiiGuxing~TranslationPlugin/src/main/resources/icons/spinner/step_6_dark.svg|YiiGuxing|TranslationPlugin|step_6_dark.svg|SVG|4|0|0
./src/_00/output/Kotlin/YiiGuxing~TranslationPlugin/src/main/resources/icons/spinner/step_7.svg|YiiGuxing|TranslationPlugin|step_7.svg|SVG|4|0|0
./src/_00/output/Kotlin/YiiGuxing~TranslationPlugin/src/main/resources/icons/spinner/step_7_dark.svg|YiiGuxing|TranslationPlugin|step_7_dark.svg|SVG|4|0|0
./src/_00/output/Kotlin/YiiGuxing~TranslationPlugin/src/main/resources/icons/spinner/step_8.svg|YiiGuxing|TranslationPlugin|step_8.svg|SVG|4|0|0
./src/_00/output/Kotlin/YiiGuxing~TranslationPlugin/src/main/resources/icons/spinner/step_8_dark.svg|YiiGuxing|TranslationPlugin|step_8_dark.svg|SVG|4|0|0
./src/_00/output/Kotlin/YiiGuxing~TranslationPlugin/src/main/resources/icons/starOff.svg|YiiGuxing|TranslationPlugin|starOff.svg|SVG|4|0|0
./src/_00/output/Kotlin/YiiGuxing~TranslationPlugin/src/main/resources/icons/starOff_dark.svg|YiiGuxing|TranslationPlugin|starOff_dark.svg|SVG|4|0|0
./src/_00/output/Kotlin/YiiGuxing~TranslationPlugin/src/main/resources/icons/translation.svg|YiiGuxing|TranslationPlugin|translation.svg|SVG|4|0|0
./src/_00/output/Kotlin/YiiGuxing~TranslationPlugin/src/main/resources/icons/translationReplace.svg|YiiGuxing|TranslationPlugin|translationReplace.svg|SVG|4|0|0
./src/_00/output/Kotlin/YiiGuxing~TranslationPlugin/src/main/resources/icons/translationReplace_dark.svg|YiiGuxing|TranslationPlugin|translationReplace_dark.svg|SVG|4|0|0
./src/_00/output/Kotlin/YiiGuxing~TranslationPlugin/src/main/resources/icons/translation_dark.svg|YiiGuxing|TranslationPlugin|translation_dark.svg|SVG|4|0|0
./src/_00/output/Kotlin/YiiGuxing~TranslationPlugin/src/main/kotlin/cn/yiiguxing/plugin/translate/tts/microsoft/EdgeTTSException.kt|YiiGuxing|TranslationPlugin|EdgeTTSException.kt|Kotlin|3|0|2
./src/_00/output/Kotlin/YiiGuxing~TranslationPlugin/src/main/resources/icons/arrowDownExpand.svg|YiiGuxing|TranslationPlugin|arrowDownExpand.svg|SVG|3|0|0
./src/_00/output/Kotlin/YiiGuxing~TranslationPlugin/src/main/resources/icons/arrowUpCollapse.svg|YiiGuxing|TranslationPlugin|arrowUpCollapse.svg|SVG|3|0|0
./src/_00/output/Kotlin/YiiGuxing~TranslationPlugin/src/main/resources/icons/engines/youdao.svg|YiiGuxing|TranslationPlugin|youdao.svg|SVG|3|0|0
./src/_00/output/Kotlin/YiiGuxing~TranslationPlugin/src/main/resources/icons/progress/small/passive.svg|YiiGuxing|TranslationPlugin|passive.svg|SVG|3|0|0
./src/_00/output/Kotlin/YiiGuxing~TranslationPlugin/src/main/resources/icons/progress/small/step_0.svg|YiiGuxing|TranslationPlugin|step_0.svg|SVG|3|0|0
./src/_00/output/Kotlin/YiiGuxing~TranslationPlugin/src/main/resources/icons/progress/small/step_1.svg|YiiGuxing|TranslationPlugin|step_1.svg|SVG|3|0|0
./src/_00/output/Kotlin/YiiGuxing~TranslationPlugin/src/main/resources/icons/progress/small/step_10.svg|YiiGuxing|TranslationPlugin|step_10.svg|SVG|3|0|0
./src/_00/output/Kotlin/YiiGuxing~TranslationPlugin/src/main/resources/icons/progress/small/step_11.svg|YiiGuxing|TranslationPlugin|step_11.svg|SVG|3|0|0
./src/_00/output/Kotlin/YiiGuxing~TranslationPlugin/src/main/resources/icons/progress/small/step_2.svg|YiiGuxing|TranslationPlugin|step_2.svg|SVG|3|0|0
./src/_00/output/Kotlin/YiiGuxing~TranslationPlugin/src/main/resources/icons/progress/small/step_3.svg|YiiGuxing|TranslationPlugin|step_3.svg|SVG|3|0|0
./src/_00/output/Kotlin/YiiGuxing~TranslationPlugin/src/main/resources/icons/progress/small/step_4.svg|YiiGuxing|TranslationPlugin|step_4.svg|SVG|3|0|0
./src/_00/output/Kotlin/YiiGuxing~TranslationPlugin/src/main/resources/icons/progress/small/step_5.svg|YiiGuxing|TranslationPlugin|step_5.svg|SVG|3|0|0
./src/_00/output/Kotlin/YiiGuxing~TranslationPlugin/src/main/resources/icons/progress/small/step_6.svg|YiiGuxing|TranslationPlugin|step_6.svg|SVG|3|0|0
./src/_00/output/Kotlin/YiiGuxing~TranslationPlugin/src/main/resources/icons/progress/small/step_7.svg|YiiGuxing|TranslationPlugin|step_7.svg|SVG|3|0|0
./src/_00/output/Kotlin/YiiGuxing~TranslationPlugin/src/main/resources/icons/progress/small/step_8.svg|YiiGuxing|TranslationPlugin|step_8.svg|SVG|3|0|0
./src/_00/output/Kotlin/YiiGuxing~TranslationPlugin/src/main/resources/icons/progress/small/step_9.svg|YiiGuxing|TranslationPlugin|step_9.svg|SVG|3|0|0
./src/_00/output/Kotlin/YiiGuxing~TranslationPlugin/src/main/resources/icons/quote.svg|YiiGuxing|TranslationPlugin|quote.svg|SVG|3|0|0
./src/_00/output/Kotlin/YiiGuxing~TranslationPlugin/src/main/resources/icons/quote_dark.svg|YiiGuxing|TranslationPlugin|quote_dark.svg|SVG|3|0|0
./src/_00/output/Kotlin/YiiGuxing~TranslationPlugin/src/main/resources/icons/starOn.svg|YiiGuxing|TranslationPlugin|starOn.svg|SVG|3|0|0
./src/_00/output/Kotlin/YiiGuxing~TranslationPlugin/src/main/resources/icons/starOn_dark.svg|YiiGuxing|TranslationPlugin|starOn_dark.svg|SVG|3|0|0
./src/_00/output/Kotlin/YiiGuxing~TranslationPlugin/src/main/resources/icons/stop.svg|YiiGuxing|TranslationPlugin|stop.svg|SVG|3|1|0
./src/_00/output/Kotlin/YiiGuxing~TranslationPlugin/src/main/resources/icons/stop_dark.svg|YiiGuxing|TranslationPlugin|stop_dark.svg|SVG|3|1|0
./src/_00/output/Kotlin/YiiGuxing~TranslationPlugin/.github/FUNDING.yml|YiiGuxing|TranslationPlugin|FUNDING.yml|YAML|2|0|0
./src/_00/output/Kotlin/YiiGuxing~TranslationPlugin/src/main/kotlin/cn/yiiguxing/plugin/translate/diagnostic/github/auth/GitHubCredentials.kt|YiiGuxing|TranslationPlugin|GitHubCredentials.kt|Kotlin|2|0|1
./src/_00/output/Kotlin/YiiGuxing~TranslationPlugin/settings.gradle.kts|YiiGuxing|TranslationPlugin|settings.gradle.kts|Gradle|1|0|0
./src/_00/output/Kotlin/YiiGuxing~TranslationPlugin/src/main/resources/icons/lightning.svg|YiiGuxing|TranslationPlugin|lightning.svg|SVG|1|0|0
./src/_00/output/Kotlin/YiiGuxing~TranslationPlugin/src/main/resources/icons/support.svg|YiiGuxing|TranslationPlugin|support.svg|SVG|1|0|0
