language,total,large files p/ project,large files total,small files total,small proportion,small files p/ project,files available,files missing
C,34748.0,314.0,587.0,8977.0,0.534923339011925,4803.0,34434.0,0.0
Python,273.0,4.0,570.0,8935.0,0.007017543859649123,63.0,269.0,0.0
C,34748.0,314.0,587.0,8977.0,0.534923339011925,4803.0,34434.0,0.0
Python,273.0,4.0,570.0,8935.0,0.007017543859649123,63.0,269.0,0.0
C,566.0,1.0,587.0,8977.0,0.0017035775127768314,16.0,565.0,0.0
Go,1060.0,2.0,608.0,9017.0,0.003289473684210526,30.0,1058.0,0.0
JavaScript,74.0,6.0,1671.0,9976.0,0.003590664272890485,36.0,68.0,0.0
C,424.0,4.0,587.0,8977.0,0.0068143100511073255,62.0,420.0,0.0
C,341.0,7.0,587.0,8977.0,0.01192504258943782,108.0,334.0,0.0
JavaScript,27.0,2.0,1671.0,9976.0,0.0011968880909634949,12.0,25.0,0.0
C,638.0,4.0,587.0,8977.0,0.0068143100511073255,62.0,634.0,0.0
C++,217.0,2.0,421.0,8461.0,0.004750593824228029,41.0,215.0,0.0
Objective-C,16.0,1.0,146.0,6110.0,0.00684931506849315,42.0,15.0,27.0
C,591.0,2.0,587.0,8977.0,0.0034071550255536627,31.0,589.0,0.0
Python,3.0,1.0,570.0,8935.0,0.0017543859649122807,16.0,2.0,14.0
C,3198.0,9.0,587.0,8977.0,0.015332197614991482,138.0,3189.0,0.0
C,1029.0,28.0,587.0,8977.0,0.04770017035775128,429.0,1001.0,0.0
JavaScript,3.0,1.0,1671.0,9976.0,0.0005984440454817474,6.0,2.0,4.0
PHP,20400.0,70.0,568.0,8926.0,0.12323943661971831,1101.0,20330.0,0.0
C,637.0,1.0,587.0,8977.0,0.0017035775127768314,16.0,636.0,0.0
C,184.0,2.0,587.0,8977.0,0.0034071550255536627,31.0,182.0,0.0
C,94.0,1.0,587.0,8977.0,0.0017035775127768314,16.0,93.0,0.0
Objective-C,47.0,1.0,146.0,6110.0,0.00684931506849315,42.0,46.0,0.0
C,10.0,4.0,587.0,8977.0,0.0068143100511073255,62.0,6.0,56.0
C++,78.0,5.0,421.0,8461.0,0.011876484560570071,101.0,73.0,28.0
JavaScript,9.0,1.0,1671.0,9976.0,0.0005984440454817474,6.0,8.0,0.0
Objective-C,7.0,1.0,146.0,6110.0,0.00684931506849315,42.0,6.0,36.0
C,45.0,1.0,587.0,8977.0,0.0017035775127768314,16.0,44.0,0.0
C,1345.0,36.0,587.0,8977.0,0.06132879045996593,551.0,1309.0,0.0
Java,34.0,1.0,1117.0,9686.0,0.0008952551477170994,9.0,33.0,0.0
Kotlin,45.0,3.0,753.0,9287.0,0.00398406374501992,37.0,42.0,0.0
C,349.0,1.0,587.0,8977.0,0.0017035775127768314,16.0,348.0,0.0
C,1590.0,10.0,587.0,8977.0,0.017035775127768313,153.0,1580.0,0.0
C,651.0,13.0,587.0,8977.0,0.022146507666098807,199.0,638.0,0.0
C++,208.0,1.0,421.0,8461.0,0.0023752969121140144,21.0,207.0,0.0
Python,1196.0,13.0,570.0,8935.0,0.02280701754385965,204.0,1183.0,0.0
C,147.0,1.0,587.0,8977.0,0.0017035775127768314,16.0,146.0,0.0
C,24.0,1.0,587.0,8977.0,0.0017035775127768314,16.0,23.0,0.0
C,1167.0,20.0,587.0,8977.0,0.034071550255536626,306.0,1147.0,0.0
C++,730.0,3.0,421.0,8461.0,0.007125890736342043,61.0,727.0,0.0
C,240.0,2.0,587.0,8977.0,0.0034071550255536627,31.0,238.0,0.0
Ruby,4.0,1.0,845.0,9419.0,0.001183431952662722,12.0,3.0,9.0
C,258.0,1.0,587.0,8977.0,0.0017035775127768314,16.0,257.0,0.0
C#,1670.0,1.0,923.0,9511.0,0.0010834236186348862,11.0,1669.0,0.0
JavaScript,115.0,1.0,1671.0,9976.0,0.0005984440454817474,6.0,114.0,0.0
C#,188.0,1.0,923.0,9511.0,0.0010834236186348862,11.0,187.0,0.0
C#,1324.0,53.0,923.0,9511.0,0.05742145178764897,547.0,1271.0,0.0
C#,9751.0,25.0,923.0,9511.0,0.027085590465872156,258.0,9726.0,0.0
Java,91.0,2.0,1117.0,9686.0,0.0017905102954341987,18.0,89.0,0.0
JavaScript,132.0,11.0,1671.0,9976.0,0.006582884500299222,66.0,121.0,0.0
TypeScript,154.0,2.0,920.0,9508.0,0.002173913043478261,21.0,152.0,0.0
C#,961.0,1.0,923.0,9511.0,0.0010834236186348862,11.0,960.0,0.0
C#,1763.0,4.0,923.0,9511.0,0.004333694474539545,42.0,1759.0,0.0
C#,792.0,10.0,923.0,9511.0,0.010834236186348862,104.0,782.0,0.0
C#,4108.0,10.0,923.0,9511.0,0.010834236186348862,104.0,4098.0,0.0
C#,3459.0,8.0,923.0,9511.0,0.00866738894907909,83.0,3451.0,0.0
JavaScript,24.0,2.0,1671.0,9976.0,0.0011968880909634949,12.0,22.0,0.0
C#,615.0,2.0,923.0,9511.0,0.0021668472372697724,21.0,613.0,0.0
C#,10267.0,5.0,923.0,9511.0,0.005417118093174431,52.0,10262.0,0.0
C#,1285.0,10.0,923.0,9511.0,0.010834236186348862,104.0,1275.0,0.0
C#,399.0,1.0,923.0,9511.0,0.0010834236186348862,11.0,398.0,0.0
C#,12969.0,421.0,923.0,9511.0,0.4561213434452871,4339.0,12548.0,0.0
C#,922.0,1.0,923.0,9511.0,0.0010834236186348862,11.0,921.0,0.0
C#,154.0,1.0,923.0,9511.0,0.0010834236186348862,11.0,153.0,0.0
C,1164.0,23.0,587.0,8977.0,0.039182282793867124,352.0,1141.0,0.0
C#,30307.0,351.0,923.0,9511.0,0.38028169014084506,3617.0,29956.0,0.0
C++,1924.0,55.0,421.0,8461.0,0.13064133016627077,1106.0,1869.0,0.0
Python,54.0,1.0,570.0,8935.0,0.0017543859649122807,16.0,53.0,0.0
Swift,9.0,3.0,278.0,7649.0,0.01079136690647482,83.0,6.0,77.0
TypeScript,112.0,3.0,920.0,9508.0,0.003260869565217391,32.0,109.0,0.0
C++,9515.0,42.0,421.0,8461.0,0.0997624703087886,845.0,9473.0,0.0
Go,41.0,1.0,608.0,9017.0,0.001644736842105263,15.0,40.0,0.0
Python,3187.0,52.0,570.0,8935.0,0.0912280701754386,816.0,3135.0,0.0
Java,322.0,6.0,1117.0,9686.0,0.005371530886302597,53.0,316.0,0.0
JavaScript,1817.0,30.0,1671.0,9976.0,0.017953321364452424,180.0,1787.0,0.0
Kotlin,609.0,4.0,753.0,9287.0,0.005312084993359893,50.0,605.0,0.0
Ruby,119.0,1.0,845.0,9419.0,0.001183431952662722,12.0,118.0,0.0
TypeScript,117.0,1.0,920.0,9508.0,0.0010869565217391304,11.0,116.0,0.0
C++,353.0,1.0,421.0,8461.0,0.0023752969121140144,21.0,352.0,0.0
TypeScript,217.0,13.0,920.0,9508.0,0.014130434782608696,135.0,204.0,0.0
C++,522.0,2.0,421.0,8461.0,0.004750593824228029,41.0,520.0,0.0
C,710.0,14.0,587.0,8977.0,0.02385008517887564,215.0,696.0,0.0
C++,1949.0,45.0,421.0,8461.0,0.10688836104513064,905.0,1904.0,0.0
Java,189.0,5.0,1117.0,9686.0,0.004476275738585497,44.0,184.0,0.0
JavaScript,26.0,1.0,1671.0,9976.0,0.0005984440454817474,6.0,25.0,0.0
Kotlin,32.0,1.0,753.0,9287.0,0.0013280212483399733,13.0,31.0,0.0
Python,216.0,1.0,570.0,8935.0,0.0017543859649122807,16.0,215.0,0.0
C,24.0,2.0,587.0,8977.0,0.0034071550255536627,31.0,22.0,9.0
C++,786.0,2.0,421.0,8461.0,0.004750593824228029,41.0,784.0,0.0
C,542.0,3.0,587.0,8977.0,0.005110732538330494,46.0,539.0,0.0
C++,1843.0,13.0,421.0,8461.0,0.030878859857482184,262.0,1830.0,0.0
Java,198.0,4.0,1117.0,9686.0,0.0035810205908683975,35.0,194.0,0.0
Python,363.0,1.0,570.0,8935.0,0.0017543859649122807,16.0,362.0,0.0
Swift,31.0,3.0,278.0,7649.0,0.01079136690647482,83.0,28.0,55.0
C++,1317.0,41.0,421.0,8461.0,0.09738717339667459,824.0,1276.0,0.0
Swift,18804.0,117.0,278.0,7649.0,0.420863309352518,3220.0,18687.0,0.0
C,120.0,2.0,587.0,8977.0,0.0034071550255536627,31.0,118.0,0.0
C#,208.0,14.0,923.0,9511.0,0.015167930660888408,145.0,194.0,0.0
C++,457.0,5.0,421.0,8461.0,0.011876484560570071,101.0,452.0,0.0
Java,273.0,23.0,1117.0,9686.0,0.020590868397493287,200.0,250.0,0.0
Kotlin,21.0,2.0,753.0,9287.0,0.0026560424966799467,25.0,19.0,6.0
Objective-C,76.0,15.0,146.0,6110.0,0.10273972602739725,628.0,61.0,567.0
PHP,149.0,3.0,568.0,8926.0,0.00528169014084507,48.0,146.0,0.0
Python,100.0,3.0,570.0,8935.0,0.005263157894736842,48.0,97.0,0.0
Ruby,56.0,2.0,845.0,9419.0,0.002366863905325444,23.0,54.0,0.0
C++,335.0,1.0,421.0,8461.0,0.0023752969121140144,21.0,334.0,0.0
C,11.0,4.0,587.0,8977.0,0.0068143100511073255,62.0,7.0,55.0
C++,118.0,4.0,421.0,8461.0,0.009501187648456057,81.0,114.0,0.0
JavaScript,15.0,2.0,1671.0,9976.0,0.0011968880909634949,12.0,13.0,0.0
Objective-C,1.0,1.0,146.0,6110.0,0.00684931506849315,42.0,0.0,42.0
C++,46.0,4.0,421.0,8461.0,0.009501187648456057,81.0,42.0,39.0
Kotlin,126.0,1.0,753.0,9287.0,0.0013280212483399733,13.0,125.0,0.0
C,4.0,1.0,587.0,8977.0,0.0017035775127768314,16.0,3.0,13.0
C++,1660.0,2.0,421.0,8461.0,0.004750593824228029,41.0,1658.0,0.0
Objective-C,77.0,1.0,146.0,6110.0,0.00684931506849315,42.0,76.0,0.0
Python,1375.0,2.0,570.0,8935.0,0.0035087719298245615,32.0,1373.0,0.0
Ruby,179.0,4.0,845.0,9419.0,0.004733727810650888,45.0,175.0,0.0
Swift,7.0,1.0,278.0,7649.0,0.0035971223021582736,28.0,6.0,22.0
C,109.0,3.0,587.0,8977.0,0.005110732538330494,46.0,106.0,0.0
C++,4037.0,12.0,421.0,8461.0,0.028503562945368172,242.0,4025.0,0.0
Python,896.0,8.0,570.0,8935.0,0.014035087719298246,126.0,888.0,0.0
C++,186.0,1.0,421.0,8461.0,0.0023752969121140144,21.0,185.0,0.0
Python,39.0,1.0,570.0,8935.0,0.0017543859649122807,16.0,38.0,0.0
C++,106.0,2.0,421.0,8461.0,0.004750593824228029,41.0,104.0,0.0
C++,231.0,6.0,421.0,8461.0,0.014251781472684086,121.0,225.0,0.0
C++,307.0,1.0,421.0,8461.0,0.0023752969121140144,21.0,306.0,0.0
JavaScript,175.0,2.0,1671.0,9976.0,0.0011968880909634949,12.0,173.0,0.0
C++,3624.0,4.0,421.0,8461.0,0.009501187648456057,81.0,3620.0,0.0
JavaScript,1133.0,3.0,1671.0,9976.0,0.0017953321364452424,18.0,1130.0,0.0
C++,710.0,18.0,421.0,8461.0,0.04275534441805225,362.0,692.0,0.0
Java,329.0,8.0,1117.0,9686.0,0.007162041181736795,70.0,321.0,0.0
Dart,5110.0,116.0,381.0,8284.0,0.30446194225721784,2523.0,4994.0,0.0
Dart,1544.0,1.0,381.0,8284.0,0.0026246719160104987,22.0,1543.0,0.0
Rust,725.0,2.0,484.0,8690.0,0.004132231404958678,36.0,723.0,0.0
TypeScript,1096.0,2.0,920.0,9508.0,0.002173913043478261,21.0,1094.0,0.0
Dart,390.0,1.0,381.0,8284.0,0.0026246719160104987,22.0,389.0,0.0
Dart,911.0,5.0,381.0,8284.0,0.013123359580052493,109.0,906.0,0.0
Java,336.0,1.0,1117.0,9686.0,0.0008952551477170994,9.0,335.0,0.0
Objective-C,136.0,1.0,146.0,6110.0,0.00684931506849315,42.0,135.0,0.0
Dart,117.0,1.0,381.0,8284.0,0.0026246719160104987,22.0,116.0,0.0
Dart,225.0,1.0,381.0,8284.0,0.0026246719160104987,22.0,224.0,0.0
C++,649.0,24.0,421.0,8461.0,0.057007125890736345,483.0,625.0,0.0
Dart,22823.0,231.0,381.0,8284.0,0.6062992125984252,5023.0,22592.0,0.0
JavaScript,26.0,5.0,1671.0,9976.0,0.002992220227408737,30.0,21.0,9.0
Python,137.0,2.0,570.0,8935.0,0.0035087719298245615,32.0,135.0,0.0
C++,29.0,1.0,421.0,8461.0,0.0023752969121140144,21.0,28.0,0.0
Dart,678.0,4.0,381.0,8284.0,0.010498687664041995,87.0,674.0,0.0
Java,96.0,3.0,1117.0,9686.0,0.0026857654431512983,27.0,93.0,0.0
Objective-C,50.0,3.0,146.0,6110.0,0.02054794520547945,126.0,47.0,79.0
Dart,927.0,9.0,381.0,8284.0,0.023622047244094488,196.0,918.0,0.0
TypeScript,416.0,7.0,920.0,9508.0,0.007608695652173913,73.0,409.0,0.0
Kotlin,21.0,1.0,753.0,9287.0,0.0013280212483399733,13.0,20.0,0.0
Dart,163.0,4.0,381.0,8284.0,0.010498687664041995,87.0,159.0,0.0
Dart,43.0,1.0,381.0,8284.0,0.0026246719160104987,22.0,42.0,0.0
Dart,419.0,2.0,381.0,8284.0,0.005249343832020997,44.0,417.0,0.0
Elixir,551.0,18.0,83.0,4628.0,0.21686746987951808,1004.0,533.0,471.0
Elixir,290.0,1.0,83.0,4628.0,0.012048192771084338,56.0,289.0,0.0
JavaScript,28.0,3.0,1671.0,9976.0,0.0017953321364452424,18.0,25.0,0.0
Elixir,889.0,13.0,83.0,4628.0,0.1566265060240964,725.0,876.0,0.0
Elixir,755.0,5.0,83.0,4628.0,0.060240963855421686,279.0,750.0,0.0
Rust,180.0,4.0,484.0,8690.0,0.008264462809917356,72.0,176.0,0.0
Swift,41.0,1.0,278.0,7649.0,0.0035971223021582736,28.0,40.0,0.0
Elixir,126.0,6.0,83.0,4628.0,0.07228915662650602,335.0,120.0,215.0
Elixir,145.0,6.0,83.0,4628.0,0.07228915662650602,335.0,139.0,196.0
JavaScript,67.0,5.0,1671.0,9976.0,0.002992220227408737,30.0,62.0,0.0
Elixir,426.0,1.0,83.0,4628.0,0.012048192771084338,56.0,425.0,0.0
TypeScript,187.0,1.0,920.0,9508.0,0.0010869565217391304,11.0,186.0,0.0
Elixir,239.0,2.0,83.0,4628.0,0.024096385542168676,112.0,237.0,0.0
Elixir,539.0,1.0,83.0,4628.0,0.012048192771084338,56.0,538.0,0.0
Elixir,1831.0,12.0,83.0,4628.0,0.14457831325301204,670.0,1819.0,0.0
Elixir,140.0,10.0,83.0,4628.0,0.12048192771084337,558.0,130.0,428.0
Elixir,26.0,1.0,83.0,4628.0,0.012048192771084338,56.0,25.0,31.0
Elixir,211.0,3.0,83.0,4628.0,0.03614457831325301,168.0,208.0,0.0
Elixir,124.0,3.0,83.0,4628.0,0.03614457831325301,168.0,121.0,47.0
Elixir,173.0,1.0,83.0,4628.0,0.012048192771084338,56.0,172.0,0.0
Go,10131.0,112.0,608.0,9017.0,0.18421052631578946,1662.0,10019.0,0.0
Go,14825.0,188.0,608.0,9017.0,0.3092105263157895,2789.0,14637.0,0.0
Go,91.0,1.0,608.0,9017.0,0.001644736842105263,15.0,90.0,0.0
Go,838.0,1.0,608.0,9017.0,0.001644736842105263,15.0,837.0,0.0
JavaScript,22.0,1.0,1671.0,9976.0,0.0005984440454817474,6.0,21.0,0.0
Go,7913.0,73.0,608.0,9017.0,0.12006578947368421,1083.0,7840.0,0.0
C,10.0,2.0,587.0,8977.0,0.0034071550255536627,31.0,8.0,23.0
C++,17.0,2.0,421.0,8461.0,0.004750593824228029,41.0,15.0,26.0
Go,180.0,1.0,608.0,9017.0,0.001644736842105263,15.0,179.0,0.0
Objective-C,2.0,1.0,146.0,6110.0,0.00684931506849315,42.0,1.0,41.0
Go,73.0,2.0,608.0,9017.0,0.003289473684210526,30.0,71.0,0.0
Ruby,1.0,1.0,845.0,9419.0,0.001183431952662722,12.0,0.0,12.0
Go,552.0,7.0,608.0,9017.0,0.011513157894736841,104.0,545.0,0.0
JavaScript,38.0,8.0,1671.0,9976.0,0.0047875523638539795,48.0,30.0,18.0
Go,564.0,13.0,608.0,9017.0,0.02138157894736842,193.0,551.0,0.0
JavaScript,16.0,1.0,1671.0,9976.0,0.0005984440454817474,6.0,15.0,0.0
TypeScript,222.0,6.0,920.0,9508.0,0.006521739130434782,63.0,216.0,0.0
JavaScript,197.0,11.0,1671.0,9976.0,0.006582884500299222,66.0,186.0,0.0
TypeScript,141.0,12.0,920.0,9508.0,0.013043478260869565,125.0,129.0,0.0
Go,597.0,6.0,608.0,9017.0,0.009868421052631578,89.0,591.0,0.0
Go,1031.0,4.0,608.0,9017.0,0.006578947368421052,60.0,1027.0,0.0
Go,1186.0,4.0,608.0,9017.0,0.006578947368421052,60.0,1182.0,0.0
JavaScript,40.0,1.0,1671.0,9976.0,0.0005984440454817474,6.0,39.0,0.0
Go,1957.0,23.0,608.0,9017.0,0.03782894736842105,342.0,1934.0,0.0
Go,894.0,19.0,608.0,9017.0,0.03125,282.0,875.0,0.0
Go,282.0,1.0,608.0,9017.0,0.001644736842105263,15.0,281.0,0.0
JavaScript,172.0,6.0,1671.0,9976.0,0.003590664272890485,36.0,166.0,0.0
Go,976.0,7.0,608.0,9017.0,0.011513157894736841,104.0,969.0,0.0
Go,2575.0,1.0,608.0,9017.0,0.001644736842105263,15.0,2574.0,0.0
JavaScript,8.0,1.0,1671.0,9976.0,0.0005984440454817474,6.0,7.0,0.0
Go,1673.0,25.0,608.0,9017.0,0.04111842105263158,371.0,1648.0,0.0
Go,149.0,18.0,608.0,9017.0,0.029605263157894735,267.0,131.0,136.0
JavaScript,24.0,4.0,1671.0,9976.0,0.0023937761819269898,24.0,20.0,4.0
TypeScript,20.0,2.0,920.0,9508.0,0.002173913043478261,21.0,18.0,3.0
Go,3514.0,61.0,608.0,9017.0,0.10032894736842106,905.0,3453.0,0.0
Go,36.0,2.0,608.0,9017.0,0.003289473684210526,30.0,34.0,0.0
Go,1796.0,20.0,608.0,9017.0,0.03289473684210526,297.0,1776.0,0.0
Haskell,29.0,3.0,247.0,7403.0,0.012145748987854251,90.0,26.0,64.0
Haskell,332.0,7.0,247.0,7403.0,0.02834008097165992,210.0,325.0,0.0
Haskell,99.0,2.0,247.0,7403.0,0.008097165991902834,60.0,97.0,0.0
Haskell,223.0,1.0,247.0,7403.0,0.004048582995951417,30.0,222.0,0.0
Haskell,139.0,3.0,247.0,7403.0,0.012145748987854251,90.0,136.0,0.0
Haskell,599.0,13.0,247.0,7403.0,0.05263157894736842,390.0,586.0,0.0
Haskell,202.0,10.0,247.0,7403.0,0.04048582995951417,300.0,192.0,108.0
JavaScript,23.0,1.0,1671.0,9976.0,0.0005984440454817474,6.0,22.0,0.0
Kotlin,292.0,31.0,753.0,9287.0,0.041168658698539175,383.0,261.0,122.0
Swift,186.0,12.0,278.0,7649.0,0.04316546762589928,331.0,174.0,157.0
TypeScript,12.0,2.0,920.0,9508.0,0.002173913043478261,21.0,10.0,11.0
Haskell,1083.0,67.0,247.0,7403.0,0.27125506072874495,2009.0,1016.0,993.0
Haskell,477.0,1.0,247.0,7403.0,0.004048582995951417,30.0,476.0,0.0
Haskell,1096.0,2.0,247.0,7403.0,0.008097165991902834,60.0,1094.0,0.0
Haskell,118.0,6.0,247.0,7403.0,0.024291497975708502,180.0,112.0,68.0
JavaScript,7.0,1.0,1671.0,9976.0,0.0005984440454817474,6.0,6.0,0.0
Haskell,147.0,6.0,247.0,7403.0,0.024291497975708502,180.0,141.0,39.0
Haskell,441.0,8.0,247.0,7403.0,0.032388663967611336,240.0,433.0,0.0
Haskell,12611.0,66.0,247.0,7403.0,0.26720647773279355,1979.0,12545.0,0.0
JavaScript,54.0,3.0,1671.0,9976.0,0.0017953321364452424,18.0,51.0,0.0
Python,44.0,2.0,570.0,8935.0,0.0035087719298245615,32.0,42.0,0.0
Haskell,23.0,2.0,247.0,7403.0,0.008097165991902834,60.0,21.0,39.0
JavaScript,47.0,5.0,1671.0,9976.0,0.002992220227408737,30.0,42.0,0.0
Haskell,1287.0,4.0,247.0,7403.0,0.016194331983805668,120.0,1283.0,0.0
JavaScript,49.0,1.0,1671.0,9976.0,0.0005984440454817474,6.0,48.0,0.0
Haskell,1231.0,14.0,247.0,7403.0,0.05668016194331984,420.0,1217.0,0.0
Haskell,1659.0,18.0,247.0,7403.0,0.0728744939271255,540.0,1641.0,0.0
Haskell,1126.0,3.0,247.0,7403.0,0.012145748987854251,90.0,1123.0,0.0
Haskell,515.0,11.0,247.0,7403.0,0.044534412955465584,330.0,504.0,0.0
Java,7557.0,7.0,1117.0,9686.0,0.006266786034019696,61.0,7550.0,0.0
JavaScript,3.0,1.0,1671.0,9976.0,0.0005984440454817474,6.0,2.0,4.0
Java,22151.0,293.0,1117.0,9686.0,0.26230975828111014,2541.0,21858.0,0.0
Java,8803.0,31.0,1117.0,9686.0,0.02775290957923008,269.0,8772.0,0.0
Kotlin,320.0,1.0,753.0,9287.0,0.0013280212483399733,13.0,319.0,0.0
Java,1944.0,34.0,1117.0,9686.0,0.03043867502238138,295.0,1910.0,0.0
C,100.0,2.0,587.0,8977.0,0.0034071550255536627,31.0,98.0,0.0
C++,139.0,4.0,421.0,8461.0,0.009501187648456057,81.0,135.0,0.0
Java,16642.0,154.0,1117.0,9686.0,0.1378692927484333,1336.0,16488.0,0.0
Python,117.0,2.0,570.0,8935.0,0.0035087719298245615,32.0,115.0,0.0
Java,1884.0,40.0,1117.0,9686.0,0.03581020590868397,347.0,1844.0,0.0
Java,3798.0,9.0,1117.0,9686.0,0.008057296329453895,79.0,3789.0,0.0
Java,742.0,4.0,1117.0,9686.0,0.0035810205908683975,35.0,738.0,0.0
JavaScript,77.0,9.0,1671.0,9976.0,0.005385996409335727,54.0,68.0,0.0
Java,5559.0,30.0,1117.0,9686.0,0.02685765443151298,261.0,5529.0,0.0
JavaScript,28.0,1.0,1671.0,9976.0,0.0005984440454817474,6.0,27.0,0.0
Java,232.0,1.0,1117.0,9686.0,0.0008952551477170994,9.0,231.0,0.0
Kotlin,154.0,1.0,753.0,9287.0,0.0013280212483399733,13.0,153.0,0.0
Java,716.0,1.0,1117.0,9686.0,0.0008952551477170994,9.0,715.0,0.0
Kotlin,39.0,3.0,753.0,9287.0,0.00398406374501992,37.0,36.0,1.0
Java,2918.0,28.0,1117.0,9686.0,0.025067144136078783,243.0,2890.0,0.0
Java,197.0,1.0,1117.0,9686.0,0.0008952551477170994,9.0,196.0,0.0
C,2.0,1.0,587.0,8977.0,0.0017035775127768314,16.0,1.0,15.0
C++,125.0,1.0,421.0,8461.0,0.0023752969121140144,21.0,124.0,0.0
Java,1252.0,1.0,1117.0,9686.0,0.0008952551477170994,9.0,1251.0,0.0
JavaScript,1234.0,27.0,1671.0,9976.0,0.01615798922800718,162.0,1207.0,0.0
Ruby,320.0,1.0,845.0,9419.0,0.001183431952662722,12.0,319.0,0.0
Rust,33.0,1.0,484.0,8690.0,0.002066115702479339,18.0,32.0,0.0
JavaScript,181.0,2.0,1671.0,9976.0,0.0011968880909634949,12.0,179.0,0.0
Java,355.0,3.0,1117.0,9686.0,0.0026857654431512983,27.0,352.0,0.0
Kotlin,104.0,1.0,753.0,9287.0,0.0013280212483399733,13.0,103.0,0.0
JavaScript,101.0,2.0,1671.0,9976.0,0.0011968880909634949,12.0,99.0,0.0
Java,5094.0,39.0,1117.0,9686.0,0.03491495076096687,339.0,5055.0,0.0
Java,5113.0,118.0,1117.0,9686.0,0.10564010743061773,1024.0,4995.0,0.0
Scala,491.0,37.0,568.0,8926.0,0.06514084507042253,582.0,454.0,128.0
Java,451.0,1.0,1117.0,9686.0,0.0008952551477170994,9.0,450.0,0.0
JavaScript,20.0,1.0,1671.0,9976.0,0.0005984440454817474,6.0,19.0,0.0
JavaScript,46.0,8.0,1671.0,9976.0,0.0047875523638539795,48.0,38.0,10.0
Java,133.0,1.0,1117.0,9686.0,0.0008952551477170994,9.0,132.0,0.0
JavaScript,35.0,2.0,1671.0,9976.0,0.0011968880909634949,12.0,33.0,0.0
JavaScript,67.0,15.0,1671.0,9976.0,0.008976660682226212,90.0,52.0,38.0
Java,3119.0,16.0,1117.0,9686.0,0.01432408236347359,139.0,3103.0,0.0
Java,2138.0,11.0,1117.0,9686.0,0.009847806624888093,96.0,2127.0,0.0
Kotlin,2558.0,55.0,753.0,9287.0,0.07304116865869854,679.0,2503.0,0.0
JavaScript,3564.0,86.0,1671.0,9976.0,0.05146618791143028,514.0,3478.0,0.0
Rust,54.0,2.0,484.0,8690.0,0.004132231404958678,36.0,52.0,0.0
TypeScript,412.0,7.0,920.0,9508.0,0.007608695652173913,73.0,405.0,0.0
JavaScript,122.0,8.0,1671.0,9976.0,0.0047875523638539795,48.0,114.0,0.0
JavaScript,19.0,1.0,1671.0,9976.0,0.0005984440454817474,6.0,18.0,0.0
JavaScript,6840.0,103.0,1671.0,9976.0,0.061639736684619986,615.0,6737.0,0.0
Rust,836.0,12.0,484.0,8690.0,0.024793388429752067,216.0,824.0,0.0
TypeScript,5626.0,33.0,920.0,9508.0,0.035869565217391305,342.0,5593.0,0.0
C,2071.0,14.0,587.0,8977.0,0.02385008517887564,215.0,2057.0,0.0
C++,3170.0,93.0,421.0,8461.0,0.2209026128266033,1870.0,3077.0,0.0
JavaScript,18125.0,130.0,1671.0,9976.0,0.07779772591262717,777.0,17995.0,0.0
Perl,621.0,57.0,60.0,3692.0,0.95,3508.0,564.0,2944.0
Python,772.0,12.0,570.0,8935.0,0.021052631578947368,189.0,760.0,0.0
Rust,5.0,1.0,484.0,8690.0,0.002066115702479339,18.0,4.0,14.0
TypeScript,216.0,1.0,920.0,9508.0,0.0010869565217391304,11.0,215.0,0.0
JavaScript,161.0,5.0,1671.0,9976.0,0.002992220227408737,30.0,156.0,0.0
JavaScript,268.0,2.0,1671.0,9976.0,0.0011968880909634949,12.0,266.0,0.0
JavaScript,1490.0,34.0,1671.0,9976.0,0.020347097546379412,203.0,1456.0,0.0
JavaScript,2385.0,2.0,1671.0,9976.0,0.0011968880909634949,12.0,2383.0,0.0
TypeScript,75.0,2.0,920.0,9508.0,0.002173913043478261,21.0,73.0,0.0
JavaScript,166.0,4.0,1671.0,9976.0,0.0023937761819269898,24.0,162.0,0.0
TypeScript,364.0,4.0,920.0,9508.0,0.004347826086956522,42.0,360.0,0.0
JavaScript,55.0,1.0,1671.0,9976.0,0.0005984440454817474,6.0,54.0,0.0
JavaScript,5357.0,18.0,1671.0,9976.0,0.010771992818671455,108.0,5339.0,0.0
TypeScript,71.0,2.0,920.0,9508.0,0.002173913043478261,21.0,69.0,0.0
JavaScript,644.0,9.0,1671.0,9976.0,0.005385996409335727,54.0,635.0,0.0
TypeScript,81.0,1.0,920.0,9508.0,0.0010869565217391304,11.0,80.0,0.0
JavaScript,402.0,20.0,1671.0,9976.0,0.011968880909634948,120.0,382.0,0.0
JavaScript,53.0,10.0,1671.0,9976.0,0.005984440454817474,60.0,43.0,17.0
JavaScript,262.0,9.0,1671.0,9976.0,0.005385996409335727,54.0,253.0,0.0
JavaScript,1110.0,28.0,1671.0,9976.0,0.016756433273488927,168.0,1082.0,0.0
JavaScript,2657.0,17.0,1671.0,9976.0,0.010173548773189706,102.0,2640.0,0.0
TypeScript,1040.0,5.0,920.0,9508.0,0.005434782608695652,52.0,1035.0,0.0
JavaScript,131.0,12.0,1671.0,9976.0,0.00718132854578097,72.0,119.0,0.0
JavaScript,224.0,1.0,1671.0,9976.0,0.0005984440454817474,6.0,223.0,0.0
JavaScript,20.0,3.0,1671.0,9976.0,0.0017953321364452424,18.0,17.0,1.0
JavaScript,3287.0,4.0,1671.0,9976.0,0.0023937761819269898,24.0,3283.0,0.0
JavaScript,622.0,9.0,1671.0,9976.0,0.005385996409335727,54.0,613.0,0.0
JavaScript,7.0,1.0,1671.0,9976.0,0.0005984440454817474,6.0,6.0,0.0
JavaScript,411.0,32.0,1671.0,9976.0,0.019150209455415918,192.0,379.0,0.0
JavaScript,1719.0,25.0,1671.0,9976.0,0.014961101137043686,150.0,1694.0,0.0
TypeScript,1888.0,13.0,920.0,9508.0,0.014130434782608696,135.0,1875.0,0.0
JavaScript,584.0,18.0,1671.0,9976.0,0.010771992818671455,108.0,566.0,0.0
Java,3824.0,178.0,1117.0,9686.0,0.1593554162936437,1544.0,3646.0,0.0
Kotlin,56831.0,399.0,753.0,9287.0,0.5298804780876494,4921.0,56432.0,0.0
Swift,195.0,3.0,278.0,7649.0,0.01079136690647482,83.0,192.0,0.0
Kotlin,502.0,36.0,753.0,9287.0,0.04780876494023904,444.0,466.0,0.0
Java,44.0,2.0,1117.0,9686.0,0.0017905102954341987,18.0,42.0,0.0
JavaScript,7.0,5.0,1671.0,9976.0,0.002992220227408737,30.0,2.0,28.0
Kotlin,517.0,27.0,753.0,9287.0,0.035856573705179286,333.0,490.0,0.0
Kotlin,91.0,4.0,753.0,9287.0,0.005312084993359893,50.0,87.0,0.0
Kotlin,413.0,7.0,753.0,9287.0,0.009296148738379814,87.0,406.0,0.0
JavaScript,20.0,1.0,1671.0,9976.0,0.0005984440454817474,6.0,19.0,0.0
Kotlin,793.0,24.0,753.0,9287.0,0.03187250996015936,296.0,769.0,0.0
Kotlin,419.0,1.0,753.0,9287.0,0.0013280212483399733,13.0,418.0,0.0
Kotlin,81.0,1.0,753.0,9287.0,0.0013280212483399733,13.0,80.0,0.0
Kotlin,86.0,4.0,753.0,9287.0,0.005312084993359893,50.0,82.0,0.0
Java,13.0,3.0,1117.0,9686.0,0.0026857654431512983,27.0,10.0,17.0
Kotlin,37.0,3.0,753.0,9287.0,0.00398406374501992,37.0,34.0,3.0
Kotlin,167.0,5.0,753.0,9287.0,0.006640106241699867,62.0,162.0,0.0
Kotlin,224.0,25.0,753.0,9287.0,0.033200531208499334,309.0,199.0,110.0
Kotlin,299.0,3.0,753.0,9287.0,0.00398406374501992,37.0,296.0,0.0
Kotlin,333.0,5.0,753.0,9287.0,0.006640106241699867,62.0,328.0,0.0
Kotlin,1064.0,6.0,753.0,9287.0,0.00796812749003984,74.0,1058.0,0.0
Kotlin,1379.0,19.0,753.0,9287.0,0.025232403718459494,235.0,1360.0,0.0
Kotlin,1013.0,6.0,753.0,9287.0,0.00796812749003984,74.0,1007.0,0.0
Kotlin,1825.0,20.0,753.0,9287.0,0.02656042496679947,247.0,1805.0,0.0
Java,2.0,1.0,1117.0,9686.0,0.0008952551477170994,9.0,1.0,8.0
Kotlin,327.0,3.0,753.0,9287.0,0.00398406374501992,37.0,324.0,0.0
Kotlin,400.0,5.0,753.0,9287.0,0.006640106241699867,62.0,395.0,0.0
Kotlin,6.0,3.0,753.0,9287.0,0.00398406374501992,37.0,3.0,34.0
Kotlin,281.0,1.0,753.0,9287.0,0.0013280212483399733,13.0,280.0,0.0
Java,57.0,3.0,1117.0,9686.0,0.0026857654431512983,27.0,54.0,0.0
Kotlin,77.0,8.0,753.0,9287.0,0.010624169986719787,99.0,69.0,30.0
Java,339.0,5.0,1117.0,9686.0,0.004476275738585497,44.0,334.0,0.0
JavaScript,2.0,1.0,1671.0,9976.0,0.0005984440454817474,6.0,1.0,5.0
Kotlin,1949.0,19.0,753.0,9287.0,0.025232403718459494,235.0,1930.0,0.0
Java,30.0,2.0,1117.0,9686.0,0.0017905102954341987,18.0,28.0,0.0
Kotlin,168.0,4.0,753.0,9287.0,0.005312084993359893,50.0,164.0,0.0
Kotlin,284.0,9.0,753.0,9287.0,0.01195219123505976,111.0,275.0,0.0
Lua,1238.0,8.0,104.0,5211.0,0.07692307692307693,401.0,1230.0,0.0
Lua,547.0,3.0,104.0,5211.0,0.028846153846153848,151.0,544.0,0.0
JavaScript,17.0,2.0,1671.0,9976.0,0.0011968880909634949,12.0,15.0,0.0
C,278.0,2.0,587.0,8977.0,0.0034071550255536627,31.0,276.0,0.0
Lua,1866.0,1.0,104.0,5211.0,0.009615384615384616,51.0,1865.0,0.0
Go,481.0,6.0,608.0,9017.0,0.009868421052631578,89.0,475.0,0.0
C,130.0,2.0,587.0,8977.0,0.0034071550255536627,31.0,128.0,0.0
C++,292.0,5.0,421.0,8461.0,0.011876484560570071,101.0,287.0,0.0
JavaScript,112.0,13.0,1671.0,9976.0,0.007779772591262717,78.0,99.0,0.0
Lua,1291.0,15.0,104.0,5211.0,0.14423076923076922,752.0,1276.0,0.0
Lua,32.0,1.0,104.0,5211.0,0.009615384615384616,51.0,31.0,20.0
Java,23.0,2.0,1117.0,9686.0,0.0017905102954341987,18.0,21.0,0.0
Lua,322.0,14.0,104.0,5211.0,0.1346153846153846,702.0,308.0,394.0
C,24.0,1.0,587.0,8977.0,0.0017035775127768314,16.0,23.0,0.0
C#,8.0,4.0,923.0,9511.0,0.004333694474539545,42.0,4.0,38.0
C++,127.0,1.0,421.0,8461.0,0.0023752969121140144,21.0,126.0,0.0
Python,2.0,1.0,570.0,8935.0,0.0017543859649122807,16.0,1.0,15.0
Lua,301.0,53.0,104.0,5211.0,0.5096153846153846,2656.0,248.0,2408.0
C,476.0,4.0,587.0,8977.0,0.0068143100511073255,62.0,472.0,0.0
C++,75.0,2.0,421.0,8461.0,0.004750593824228029,41.0,73.0,0.0
Lua,1736.0,9.0,104.0,5211.0,0.08653846153846154,451.0,1727.0,0.0
Python,23.0,1.0,570.0,8935.0,0.0017543859649122807,16.0,22.0,0.0
Objective-C,230.0,2.0,146.0,6110.0,0.0136986301369863,84.0,228.0,0.0
Swift,13.0,1.0,278.0,7649.0,0.0035971223021582736,28.0,12.0,16.0
Objective-C,27.0,1.0,146.0,6110.0,0.00684931506849315,42.0,26.0,16.0
Objective-C,80.0,11.0,146.0,6110.0,0.07534246575342465,461.0,69.0,392.0
Swift,185.0,31.0,278.0,7649.0,0.11151079136690648,853.0,154.0,699.0
Java,40.0,1.0,1117.0,9686.0,0.0008952551477170994,9.0,39.0,0.0
TypeScript,78.0,1.0,920.0,9508.0,0.0010869565217391304,11.0,77.0,0.0
Objective-C,1002.0,49.0,146.0,6110.0,0.3356164383561644,2051.0,953.0,1098.0
Python,181.0,4.0,570.0,8935.0,0.007017543859649123,63.0,177.0,0.0
Swift,243.0,12.0,278.0,7649.0,0.04316546762589928,331.0,231.0,100.0
Objective-C,180.0,2.0,146.0,6110.0,0.0136986301369863,84.0,178.0,0.0
Objective-C,17.0,2.0,146.0,6110.0,0.0136986301369863,84.0,15.0,69.0
Objective-C,123.0,3.0,146.0,6110.0,0.02054794520547945,126.0,120.0,6.0
JavaScript,5.0,1.0,1671.0,9976.0,0.0005984440454817474,6.0,4.0,2.0
Objective-C,125.0,5.0,146.0,6110.0,0.03424657534246575,210.0,120.0,90.0
Objective-C,58.0,2.0,146.0,6110.0,0.0136986301369863,84.0,56.0,28.0
Objective-C,9.0,1.0,146.0,6110.0,0.00684931506849315,42.0,8.0,34.0
Objective-C,176.0,1.0,146.0,6110.0,0.00684931506849315,42.0,175.0,0.0
Objective-C,506.0,12.0,146.0,6110.0,0.0821917808219178,503.0,494.0,9.0
Objective-C,126.0,3.0,146.0,6110.0,0.02054794520547945,126.0,123.0,3.0
JavaScript,29.0,1.0,1671.0,9976.0,0.0005984440454817474,6.0,28.0,0.0
Objective-C,61.0,1.0,146.0,6110.0,0.00684931506849315,42.0,60.0,0.0
C,489.0,5.0,587.0,8977.0,0.008517887563884156,77.0,484.0,0.0
Objective-C,9780.0,17.0,146.0,6110.0,0.11643835616438356,712.0,9763.0,0.0
Perl,1378.0,1.0,60.0,3692.0,0.016666666666666666,62.0,1377.0,0.0
Python,108.0,1.0,570.0,8935.0,0.0017543859649122807,16.0,107.0,0.0
JavaScript,17.0,4.0,1671.0,9976.0,0.0023937761819269898,24.0,13.0,11.0
JavaScript,14.0,1.0,1671.0,9976.0,0.0005984440454817474,6.0,13.0,0.0
JavaScript,8092.0,88.0,1671.0,9976.0,0.052663076002393776,526.0,8004.0,0.0
Perl,1314.0,2.0,60.0,3692.0,0.03333333333333333,124.0,1312.0,0.0
Swift,24.0,3.0,278.0,7649.0,0.01079136690647482,83.0,21.0,62.0
TypeScript,170.0,1.0,920.0,9508.0,0.0010869565217391304,11.0,169.0,0.0
JavaScript,15.0,1.0,1671.0,9976.0,0.0005984440454817474,6.0,14.0,0.0
PHP,2332.0,30.0,568.0,8926.0,0.0528169014084507,472.0,2302.0,0.0
JavaScript,23.0,3.0,1671.0,9976.0,0.0017953321364452424,18.0,20.0,0.0
PHP,2.0,1.0,568.0,8926.0,0.0017605633802816902,16.0,1.0,15.0
PHP,9342.0,252.0,568.0,8926.0,0.44366197183098594,3961.0,9090.0,0.0
PHP,561.0,5.0,568.0,8926.0,0.008802816901408451,79.0,556.0,0.0
PHP,587.0,17.0,568.0,8926.0,0.02992957746478873,268.0,570.0,0.0
JavaScript,2299.0,1.0,1671.0,9976.0,0.0005984440454817474,6.0,2298.0,0.0
PHP,4869.0,33.0,568.0,8926.0,0.058098591549295774,519.0,4836.0,0.0
JavaScript,73.0,3.0,1671.0,9976.0,0.0017953321364452424,18.0,70.0,0.0
PHP,498.0,3.0,568.0,8926.0,0.00528169014084507,48.0,495.0,0.0
PHP,1543.0,1.0,568.0,8926.0,0.0017605633802816902,16.0,1542.0,0.0
PHP,150.0,1.0,568.0,8926.0,0.0017605633802816902,16.0,149.0,0.0
PHP,2378.0,10.0,568.0,8926.0,0.017605633802816902,158.0,2368.0,0.0
JavaScript,557.0,56.0,1671.0,9976.0,0.033512866546977854,335.0,501.0,0.0
PHP,3026.0,18.0,568.0,8926.0,0.03169014084507042,283.0,3008.0,0.0
JavaScript,624.0,55.0,1671.0,9976.0,0.03291442250149611,329.0,569.0,0.0
PHP,1640.0,77.0,568.0,8926.0,0.13556338028169015,1211.0,1563.0,0.0
PHP,281.0,2.0,568.0,8926.0,0.0035211267605633804,32.0,279.0,0.0
PHP,336.0,3.0,568.0,8926.0,0.00528169014084507,48.0,333.0,0.0
PHP,1799.0,10.0,568.0,8926.0,0.017605633802816902,158.0,1789.0,0.0
PHP,743.0,8.0,568.0,8926.0,0.014084507042253521,126.0,735.0,0.0
PHP,6.0,1.0,568.0,8926.0,0.0017605633802816902,16.0,5.0,11.0
JavaScript,236.0,9.0,1671.0,9976.0,0.005385996409335727,54.0,227.0,0.0
PHP,1283.0,4.0,568.0,8926.0,0.007042253521126761,63.0,1279.0,0.0
PHP,521.0,6.0,568.0,8926.0,0.01056338028169014,95.0,515.0,0.0
JavaScript,11.0,2.0,1671.0,9976.0,0.0011968880909634949,12.0,9.0,3.0
PHP,1033.0,11.0,568.0,8926.0,0.01936619718309859,173.0,1022.0,0.0
PHP,221.0,1.0,568.0,8926.0,0.0017605633802816902,16.0,220.0,0.0
Python,902.0,7.0,570.0,8935.0,0.012280701754385965,110.0,895.0,0.0
Python,2944.0,39.0,570.0,8935.0,0.06842105263157895,612.0,2905.0,0.0
JavaScript,22.0,2.0,1671.0,9976.0,0.0011968880909634949,12.0,20.0,0.0
Python,4038.0,4.0,570.0,8935.0,0.007017543859649123,63.0,4034.0,0.0
C,192.0,1.0,587.0,8977.0,0.0017035775127768314,16.0,191.0,0.0
C++,1966.0,15.0,421.0,8461.0,0.035629453681710214,302.0,1951.0,0.0
JavaScript,5.0,1.0,1671.0,9976.0,0.0005984440454817474,6.0,4.0,2.0
Python,3567.0,127.0,570.0,8935.0,0.22280701754385965,1991.0,3440.0,0.0
JavaScript,111.0,3.0,1671.0,9976.0,0.0017953321364452424,18.0,108.0,0.0
Python,2171.0,30.0,570.0,8935.0,0.05263157894736842,471.0,2141.0,0.0
Python,1149.0,11.0,570.0,8935.0,0.01929824561403509,173.0,1138.0,0.0
Python,1165.0,3.0,570.0,8935.0,0.005263157894736842,48.0,1162.0,0.0
Python,13357.0,65.0,570.0,8935.0,0.11403508771929824,1019.0,13292.0,0.0
Python,1396.0,2.0,570.0,8935.0,0.0035087719298245615,32.0,1394.0,0.0
Python,745.0,5.0,570.0,8935.0,0.008771929824561403,79.0,740.0,0.0
C,445.0,18.0,587.0,8977.0,0.030664395229982964,276.0,427.0,0.0
Python,1969.0,71.0,570.0,8935.0,0.12456140350877193,1113.0,1898.0,0.0
JavaScript,11.0,2.0,1671.0,9976.0,0.0011968880909634949,12.0,9.0,3.0
Python,87.0,1.0,570.0,8935.0,0.0017543859649122807,16.0,86.0,0.0
Python,873.0,15.0,570.0,8935.0,0.02631578947368421,236.0,858.0,0.0
JavaScript,13.0,2.0,1671.0,9976.0,0.0011968880909634949,12.0,11.0,1.0
Python,14.0,3.0,570.0,8935.0,0.005263157894736842,48.0,11.0,37.0
Python,1432.0,32.0,570.0,8935.0,0.056140350877192984,502.0,1400.0,0.0
Python,35.0,1.0,570.0,8935.0,0.0017543859649122807,16.0,34.0,0.0
Python,333.0,1.0,570.0,8935.0,0.0017543859649122807,16.0,332.0,0.0
JavaScript,66.0,2.0,1671.0,9976.0,0.0011968880909634949,12.0,64.0,0.0
Ruby,3270.0,90.0,845.0,9419.0,0.10650887573964497,1004.0,3180.0,0.0
JavaScript,5.0,1.0,1671.0,9976.0,0.0005984440454817474,6.0,4.0,2.0
Ruby,189.0,1.0,845.0,9419.0,0.001183431952662722,12.0,188.0,0.0
Ruby,2600.0,4.0,845.0,9419.0,0.004733727810650888,45.0,2596.0,0.0
JavaScript,37.0,3.0,1671.0,9976.0,0.0017953321364452424,18.0,34.0,0.0
Ruby,446.0,2.0,845.0,9419.0,0.002366863905325444,23.0,444.0,0.0
JavaScript,2751.0,24.0,1671.0,9976.0,0.01436265709156194,144.0,2727.0,0.0
Ruby,5818.0,108.0,845.0,9419.0,0.12781065088757396,1204.0,5710.0,0.0
Ruby,1600.0,27.0,845.0,9419.0,0.03195266272189349,301.0,1573.0,0.0
Ruby,1266.0,10.0,845.0,9419.0,0.011834319526627219,112.0,1256.0,0.0
Swift,66.0,1.0,278.0,7649.0,0.0035971223021582736,28.0,65.0,0.0
C++,177.0,1.0,421.0,8461.0,0.0023752969121140144,21.0,176.0,0.0
Objective-C,28.0,1.0,146.0,6110.0,0.00684931506849315,42.0,27.0,15.0
Ruby,7643.0,70.0,845.0,9419.0,0.08284023668639054,781.0,7573.0,0.0
Go,264.0,1.0,608.0,9017.0,0.001644736842105263,15.0,263.0,0.0
Ruby,1596.0,16.0,845.0,9419.0,0.01893491124260355,179.0,1580.0,0.0
JavaScript,5912.0,24.0,1671.0,9976.0,0.01436265709156194,144.0,5888.0,0.0
Ruby,28305.0,194.0,845.0,9419.0,0.22958579881656804,2163.0,28111.0,0.0
C,501.0,19.0,587.0,8977.0,0.03236797274275979,291.0,482.0,0.0
Ruby,7965.0,201.0,845.0,9419.0,0.2378698224852071,2241.0,7764.0,0.0
Rust,71.0,3.0,484.0,8690.0,0.006198347107438017,54.0,68.0,0.0
Ruby,7192.0,3.0,845.0,9419.0,0.0035502958579881655,34.0,7189.0,0.0
JavaScript,753.0,1.0,1671.0,9976.0,0.0005984440454817474,6.0,752.0,0.0
Ruby,1448.0,4.0,845.0,9419.0,0.004733727810650888,45.0,1444.0,0.0
Objective-C,204.0,4.0,146.0,6110.0,0.0273972602739726,168.0,200.0,0.0
Ruby,346.0,13.0,845.0,9419.0,0.015384615384615385,145.0,333.0,0.0
JavaScript,3.0,1.0,1671.0,9976.0,0.0005984440454817474,6.0,2.0,4.0
Ruby,29.0,1.0,845.0,9419.0,0.001183431952662722,12.0,28.0,0.0
Ruby,913.0,2.0,845.0,9419.0,0.002366863905325444,23.0,911.0,0.0
Ruby,7199.0,1.0,845.0,9419.0,0.001183431952662722,12.0,7198.0,0.0
Ruby,157.0,3.0,845.0,9419.0,0.0035502958579881655,34.0,154.0,0.0
Ruby,1486.0,11.0,845.0,9419.0,0.01301775147928994,123.0,1475.0,0.0
Ruby,451.0,25.0,845.0,9419.0,0.029585798816568046,279.0,426.0,0.0
Ruby,1576.0,40.0,845.0,9419.0,0.047337278106508875,446.0,1536.0,0.0
Ruby,30.0,1.0,845.0,9419.0,0.001183431952662722,12.0,29.0,0.0
Ruby,159.0,5.0,845.0,9419.0,0.005917159763313609,56.0,154.0,0.0
C,24.0,1.0,587.0,8977.0,0.0017035775127768314,16.0,23.0,0.0
JavaScript,32.0,6.0,1671.0,9976.0,0.003590664272890485,36.0,26.0,10.0
Objective-C,12.0,2.0,146.0,6110.0,0.0136986301369863,84.0,10.0,74.0
PHP,19.0,1.0,568.0,8926.0,0.0017605633802816902,16.0,18.0,0.0
Ruby,68.0,2.0,845.0,9419.0,0.002366863905325444,23.0,66.0,0.0
Ruby,63.0,1.0,845.0,9419.0,0.001183431952662722,12.0,62.0,0.0
JavaScript,137.0,2.0,1671.0,9976.0,0.0011968880909634949,12.0,135.0,0.0
Rust,31287.0,166.0,484.0,8690.0,0.34297520661157027,2981.0,31121.0,0.0
TypeScript,26.0,1.0,920.0,9508.0,0.0010869565217391304,11.0,25.0,0.0
JavaScript,1443.0,13.0,1671.0,9976.0,0.007779772591262717,78.0,1430.0,0.0
Rust,477.0,25.0,484.0,8690.0,0.05165289256198347,449.0,452.0,0.0
TypeScript,1615.0,27.0,920.0,9508.0,0.029347826086956522,280.0,1588.0,0.0
Rust,294.0,4.0,484.0,8690.0,0.008264462809917356,72.0,290.0,0.0
Dart,103.0,5.0,381.0,8284.0,0.013123359580052493,109.0,98.0,11.0
Kotlin,12.0,2.0,753.0,9287.0,0.0026560424966799467,25.0,10.0,15.0
Rust,235.0,10.0,484.0,8690.0,0.02066115702479339,180.0,225.0,0.0
Rust,742.0,18.0,484.0,8690.0,0.0371900826446281,324.0,724.0,0.0
Rust,583.0,4.0,484.0,8690.0,0.008264462809917356,72.0,579.0,0.0
Rust,86.0,2.0,484.0,8690.0,0.004132231404958678,36.0,84.0,0.0
JavaScript,4.0,1.0,1671.0,9976.0,0.0005984440454817474,6.0,3.0,3.0
Python,7.0,1.0,570.0,8935.0,0.0017543859649122807,16.0,6.0,10.0
Rust,68.0,1.0,484.0,8690.0,0.002066115702479339,18.0,67.0,0.0
Rust,98.0,3.0,484.0,8690.0,0.006198347107438017,54.0,95.0,0.0
Rust,199.0,4.0,484.0,8690.0,0.008264462809917356,72.0,195.0,0.0
Rust,436.0,14.0,484.0,8690.0,0.028925619834710745,252.0,422.0,0.0
Rust,218.0,2.0,484.0,8690.0,0.004132231404958678,36.0,216.0,0.0
Rust,1077.0,61.0,484.0,8690.0,0.12603305785123967,1096.0,1016.0,80.0
JavaScript,9.0,3.0,1671.0,9976.0,0.0017953321364452424,18.0,6.0,12.0
Rust,55.0,2.0,484.0,8690.0,0.004132231404958678,36.0,53.0,0.0
Rust,141.0,10.0,484.0,8690.0,0.02066115702479339,180.0,131.0,49.0
Rust,1269.0,16.0,484.0,8690.0,0.03305785123966942,288.0,1253.0,0.0
Rust,24.0,1.0,484.0,8690.0,0.002066115702479339,18.0,23.0,0.0
Rust,218.0,7.0,484.0,8690.0,0.014462809917355372,126.0,211.0,0.0
Rust,1418.0,7.0,484.0,8690.0,0.014462809917355372,126.0,1411.0,0.0
JavaScript,24924.0,106.0,1671.0,9976.0,0.06343506882106523,633.0,24818.0,0.0
Rust,1026.0,43.0,484.0,8690.0,0.08884297520661157,773.0,983.0,0.0
TypeScript,9387.0,50.0,920.0,9508.0,0.05434782608695652,517.0,9337.0,0.0
Rust,312.0,3.0,484.0,8690.0,0.006198347107438017,54.0,309.0,0.0
Rust,88.0,2.0,484.0,8690.0,0.004132231404958678,36.0,86.0,0.0
Python,2876.0,4.0,570.0,8935.0,0.007017543859649123,63.0,2872.0,0.0
Rust,1454.0,22.0,484.0,8690.0,0.045454545454545456,395.0,1432.0,0.0
Python,579.0,8.0,570.0,8935.0,0.014035087719298246,126.0,571.0,0.0
Rust,1771.0,7.0,484.0,8690.0,0.014462809917355372,126.0,1764.0,0.0
Rust,910.0,14.0,484.0,8690.0,0.028925619834710745,252.0,896.0,0.0
JavaScript,142.0,2.0,1671.0,9976.0,0.0011968880909634949,12.0,140.0,0.0
Rust,307.0,1.0,484.0,8690.0,0.002066115702479339,18.0,306.0,0.0
Rust,194.0,8.0,484.0,8690.0,0.01652892561983471,144.0,186.0,0.0
Java,1043.0,4.0,1117.0,9686.0,0.0035810205908683975,35.0,1039.0,0.0
Scala,4193.0,8.0,568.0,8926.0,0.014084507042253521,126.0,4185.0,0.0
Java,1182.0,8.0,1117.0,9686.0,0.007162041181736795,70.0,1174.0,0.0
JavaScript,38.0,2.0,1671.0,9976.0,0.0011968880909634949,12.0,36.0,0.0
Python,1198.0,16.0,570.0,8935.0,0.028070175438596492,251.0,1182.0,0.0
Scala,5132.0,172.0,568.0,8926.0,0.3028169014084507,2703.0,4960.0,0.0
Scala,724.0,12.0,568.0,8926.0,0.02112676056338028,189.0,712.0,0.0
TypeScript,364.0,4.0,920.0,9508.0,0.004347826086956522,42.0,360.0,0.0
JavaScript,134.0,2.0,1671.0,9976.0,0.0011968880909634949,12.0,132.0,0.0
Scala,1490.0,6.0,568.0,8926.0,0.01056338028169014,95.0,1484.0,0.0
TypeScript,591.0,2.0,920.0,9508.0,0.002173913043478261,21.0,589.0,0.0
Scala,8896.0,40.0,568.0,8926.0,0.07042253521126761,629.0,8856.0,0.0
Java,554.0,22.0,1117.0,9686.0,0.019695613249776187,191.0,532.0,0.0
Scala,2645.0,18.0,568.0,8926.0,0.03169014084507042,283.0,2627.0,0.0
Java,650.0,4.0,1117.0,9686.0,0.0035810205908683975,35.0,646.0,0.0
Scala,864.0,2.0,568.0,8926.0,0.0035211267605633804,32.0,862.0,0.0
Scala,107.0,2.0,568.0,8926.0,0.0035211267605633804,32.0,105.0,0.0
JavaScript,423.0,48.0,1671.0,9976.0,0.02872531418312388,287.0,375.0,0.0
Scala,248.0,2.0,568.0,8926.0,0.0035211267605633804,32.0,246.0,0.0
Java,127.0,1.0,1117.0,9686.0,0.0008952551477170994,9.0,126.0,0.0
Scala,1895.0,4.0,568.0,8926.0,0.007042253521126761,63.0,1891.0,0.0
Java,1523.0,4.0,1117.0,9686.0,0.0035810205908683975,35.0,1519.0,0.0
Rust,338.0,2.0,484.0,8690.0,0.004132231404958678,36.0,336.0,0.0
Scala,1257.0,19.0,568.0,8926.0,0.03345070422535211,299.0,1238.0,0.0
TypeScript,857.0,8.0,920.0,9508.0,0.008695652173913044,83.0,849.0,0.0
Scala,898.0,35.0,568.0,8926.0,0.061619718309859156,551.0,863.0,0.0
Scala,547.0,13.0,568.0,8926.0,0.022887323943661973,205.0,534.0,0.0
Java,264.0,1.0,1117.0,9686.0,0.0008952551477170994,9.0,263.0,0.0
Scala,793.0,1.0,568.0,8926.0,0.0017605633802816902,16.0,792.0,0.0
JavaScript,398.0,3.0,1671.0,9976.0,0.0017953321364452424,18.0,395.0,0.0
Scala,1150.0,2.0,568.0,8926.0,0.0035211267605633804,32.0,1148.0,0.0
JavaScript,18.0,1.0,1671.0,9976.0,0.0005984440454817474,6.0,17.0,0.0
Scala,15279.0,60.0,568.0,8926.0,0.1056338028169014,943.0,15219.0,0.0
JavaScript,46.0,2.0,1671.0,9976.0,0.0011968880909634949,12.0,44.0,0.0
Scala,743.0,2.0,568.0,8926.0,0.0035211267605633804,32.0,741.0,0.0
Scala,836.0,1.0,568.0,8926.0,0.0017605633802816902,16.0,835.0,0.0
Scala,1905.0,7.0,568.0,8926.0,0.01232394366197183,111.0,1898.0,0.0
Scala,574.0,2.0,568.0,8926.0,0.0035211267605633804,32.0,572.0,0.0
Scala,1362.0,33.0,568.0,8926.0,0.058098591549295774,519.0,1329.0,0.0
Scala,1812.0,62.0,568.0,8926.0,0.10915492957746478,975.0,1750.0,0.0
JavaScript,2.0,2.0,1671.0,9976.0,0.0011968880909634949,12.0,0.0,12.0
Scala,879.0,6.0,568.0,8926.0,0.01056338028169014,95.0,873.0,0.0
Scala,860.0,22.0,568.0,8926.0,0.03873239436619718,346.0,838.0,0.0
JavaScript,5.0,1.0,1671.0,9976.0,0.0005984440454817474,6.0,4.0,2.0
Swift,92.0,9.0,278.0,7649.0,0.03237410071942446,248.0,83.0,165.0
Swift,175.0,10.0,278.0,7649.0,0.03597122302158273,276.0,165.0,111.0
Objective-C,47.0,1.0,146.0,6110.0,0.00684931506849315,42.0,46.0,0.0
Swift,306.0,1.0,278.0,7649.0,0.0035971223021582736,28.0,305.0,0.0
Swift,205.0,2.0,278.0,7649.0,0.007194244604316547,56.0,203.0,0.0
Swift,315.0,1.0,278.0,7649.0,0.0035971223021582736,28.0,314.0,0.0
Swift,129.0,1.0,278.0,7649.0,0.0035971223021582736,28.0,128.0,0.0
Swift,206.0,6.0,278.0,7649.0,0.02158273381294964,166.0,200.0,0.0
JavaScript,5.0,1.0,1671.0,9976.0,0.0005984440454817474,6.0,4.0,2.0
Swift,587.0,10.0,278.0,7649.0,0.03597122302158273,276.0,577.0,0.0
Swift,272.0,3.0,278.0,7649.0,0.01079136690647482,83.0,269.0,0.0
Swift,159.0,4.0,278.0,7649.0,0.014388489208633094,111.0,155.0,0.0
Swift,22.0,1.0,278.0,7649.0,0.0035971223021582736,28.0,21.0,7.0
Swift,105.0,5.0,278.0,7649.0,0.017985611510791366,138.0,100.0,38.0
JavaScript,5.0,1.0,1671.0,9976.0,0.0005984440454817474,6.0,4.0,2.0
Swift,138.0,1.0,278.0,7649.0,0.0035971223021582736,28.0,137.0,0.0
Swift,148.0,1.0,278.0,7649.0,0.0035971223021582736,28.0,147.0,0.0
Swift,641.0,1.0,278.0,7649.0,0.0035971223021582736,28.0,640.0,0.0
Objective-C,42.0,1.0,146.0,6110.0,0.00684931506849315,42.0,41.0,1.0
Swift,167.0,3.0,278.0,7649.0,0.01079136690647482,83.0,164.0,0.0
Swift,63.0,1.0,278.0,7649.0,0.0035971223021582736,28.0,62.0,0.0
Swift,88.0,2.0,278.0,7649.0,0.007194244604316547,56.0,86.0,0.0
JavaScript,82.0,2.0,1671.0,9976.0,0.0011968880909634949,12.0,80.0,0.0
Swift,2091.0,27.0,278.0,7649.0,0.09712230215827339,743.0,2064.0,0.0
Swift,99.0,1.0,278.0,7649.0,0.0035971223021582736,28.0,98.0,0.0
TypeScript,389.0,11.0,920.0,9508.0,0.011956521739130435,114.0,378.0,0.0
JavaScript,241.0,14.0,1671.0,9976.0,0.008378216636744464,84.0,227.0,0.0
TypeScript,5147.0,191.0,920.0,9508.0,0.2076086956521739,1974.0,4956.0,0.0
JavaScript,15192.0,303.0,1671.0,9976.0,0.1813285457809695,1809.0,14889.0,0.0
TypeScript,19798.0,94.0,920.0,9508.0,0.10217391304347827,972.0,19704.0,0.0
JavaScript,805.0,5.0,1671.0,9976.0,0.002992220227408737,30.0,800.0,0.0
TypeScript,5028.0,106.0,920.0,9508.0,0.11521739130434783,1096.0,4922.0,0.0
JavaScript,24712.0,11.0,1671.0,9976.0,0.006582884500299222,66.0,24701.0,0.0
TypeScript,4045.0,13.0,920.0,9508.0,0.014130434782608696,135.0,4032.0,0.0
TypeScript,2476.0,8.0,920.0,9508.0,0.008695652173913044,83.0,2468.0,0.0
TypeScript,332.0,12.0,920.0,9508.0,0.013043478260869565,125.0,320.0,0.0
TypeScript,223.0,12.0,920.0,9508.0,0.013043478260869565,125.0,211.0,0.0
JavaScript,31.0,1.0,1671.0,9976.0,0.0005984440454817474,6.0,30.0,0.0
TypeScript,503.0,22.0,920.0,9508.0,0.02391304347826087,228.0,481.0,0.0
TypeScript,138.0,2.0,920.0,9508.0,0.002173913043478261,21.0,136.0,0.0
JavaScript,163.0,6.0,1671.0,9976.0,0.003590664272890485,36.0,157.0,0.0
TypeScript,3567.0,18.0,920.0,9508.0,0.01956521739130435,187.0,3549.0,0.0
TypeScript,445.0,11.0,920.0,9508.0,0.011956521739130435,114.0,434.0,0.0
TypeScript,1429.0,2.0,920.0,9508.0,0.002173913043478261,21.0,1427.0,0.0
JavaScript,210.0,13.0,1671.0,9976.0,0.007779772591262717,78.0,197.0,0.0
TypeScript,1085.0,29.0,920.0,9508.0,0.03152173913043478,300.0,1056.0,0.0
Go,3725.0,9.0,608.0,9017.0,0.014802631578947368,134.0,3716.0,0.0
JavaScript,102.0,1.0,1671.0,9976.0,0.0005984440454817474,6.0,101.0,0.0
TypeScript,6739.0,46.0,920.0,9508.0,0.05,476.0,6693.0,0.0
TypeScript,670.0,5.0,920.0,9508.0,0.005434782608695652,52.0,665.0,0.0
JavaScript,178.0,3.0,1671.0,9976.0,0.0017953321364452424,18.0,175.0,0.0
TypeScript,161.0,1.0,920.0,9508.0,0.0010869565217391304,11.0,160.0,0.0
JavaScript,274.0,4.0,1671.0,9976.0,0.0023937761819269898,24.0,270.0,0.0
Python,1241.0,12.0,570.0,8935.0,0.021052631578947368,189.0,1229.0,0.0
TypeScript,2309.0,16.0,920.0,9508.0,0.017391304347826087,166.0,2293.0,0.0
JavaScript,230.0,9.0,1671.0,9976.0,0.005385996409335727,54.0,221.0,0.0
TypeScript,597.0,8.0,920.0,9508.0,0.008695652173913044,83.0,589.0,0.0
TypeScript,428.0,1.0,920.0,9508.0,0.0010869565217391304,11.0,427.0,0.0
TypeScript,1241.0,4.0,920.0,9508.0,0.004347826086956522,42.0,1237.0,0.0
TypeScript,481.0,28.0,920.0,9508.0,0.030434782608695653,290.0,453.0,0.0
TypeScript,1086.0,4.0,920.0,9508.0,0.004347826086956522,42.0,1082.0,0.0
JavaScript,868.0,2.0,1671.0,9976.0,0.0011968880909634949,12.0,866.0,0.0
TypeScript,821.0,12.0,920.0,9508.0,0.013043478260869565,125.0,809.0,0.0
TypeScript,30.0,1.0,920.0,9508.0,0.0010869565217391304,11.0,29.0,0.0
JavaScript,13471.0,7.0,1671.0,9976.0,0.004189108318372232,42.0,13464.0,0.0
TypeScript,1367.0,17.0,920.0,9508.0,0.01847826086956522,176.0,1350.0,0.0
JavaScript,57.0,2.0,1671.0,9976.0,0.0011968880909634949,12.0,55.0,0.0
TypeScript,1263.0,33.0,920.0,9508.0,0.035869565217391305,342.0,1230.0,0.0
