path|owner|project|file|language|code|comment|blank
./src/_00/output/Go/ollama~ollama/llm/ext_server/json.hpp|ollama|ollama|json.hpp|C/C++ Header|17322|4111|3163
./src/_00/output/Go/ollama~ollama/macapp/package-lock.json|ollama|ollama|package-lock.json|JSON|16695|0|0
./src/_00/output/Go/ollama~ollama/llm/ext_server/httplib.h|ollama|ollama|httplib.h|C/C++ Header|6953|463|1378
./src/_00/output/Go/ollama~ollama/llm/ext_server/server.cpp|ollama|ollama|server.cpp|C++|2815|147|376
./src/_00/output/Go/ollama~ollama/convert/sentencepiece/sentencepiece_model.pb.go|ollama|ollama|sentencepiece_model.pb.go|Go|1163|196|138
./src/_00/output/Go/ollama~ollama/server/routes.go|ollama|ollama|routes.go|Go|1162|31|211
./src/_00/output/Go/ollama~ollama/cmd/cmd.go|ollama|ollama|cmd.go|Go|1031|23|220
./src/_00/output/Go/ollama~ollama/examples/langchain-typescript-simple/package-lock.json|ollama|ollama|package-lock.json|JSON|997|0|0
./src/_00/output/Go/ollama~ollama/server/images.go|ollama|ollama|images.go|Go|952|23|193
./src/_00/output/Go/ollama~ollama/llm/server.go|ollama|ollama|server.go|Go|817|47|148
./src/_00/output/Go/ollama~ollama/docs/api.md|ollama|ollama|api.md|Markdown|800|0|237
./src/_00/output/Go/ollama~ollama/cmd/interactive.go|ollama|ollama|interactive.go|Go|609|12|70
./src/_00/output/Go/ollama~ollama/llm/gguf.go|ollama|ollama|gguf.go|Go|547|5|101
./src/_00/output/Go/ollama~ollama/server/sched_test.go|ollama|ollama|sched_test.go|Go|537|16|50
./src/_00/output/Go/ollama~ollama/integration/llm_image_test.go|ollama|ollama|llm_image_test.go|Go|523|4|6
./src/_00/output/Go/ollama~ollama/examples/typescript-functioncalling/package-lock.json|ollama|ollama|package-lock.json|JSON|519|0|0
./src/_00/output/Go/ollama~ollama/parser/parser_test.go|ollama|ollama|parser_test.go|Go|510|2|35
./src/_00/output/Go/ollama~ollama/server/sched.go|ollama|ollama|sched.go|Go|489|71|60
./src/_00/output/Go/ollama~ollama/llm/ext_server/utils.hpp|ollama|ollama|utils.hpp|C/C++ Header|487|82|89
./src/_00/output/Go/ollama~ollama/.github/workflows/release.yaml|ollama|ollama|release.yaml|YAML|451|12|11
./src/_00/output/Go/ollama~ollama/api/types.go|ollama|ollama|types.go|Go|412|86|89
./src/_00/output/Go/ollama~ollama/app/tray/wintray/tray.go|ollama|ollama|tray.go|Go|380|40|65
./src/_00/output/Go/ollama~ollama/types/model/name_test.go|ollama|ollama|name_test.go|Go|346|8|33
./src/_00/output/Go/ollama~ollama/server/upload.go|ollama|ollama|upload.go|Go|320|9|70
./src/_00/output/Go/ollama~ollama/gpu/amd_linux.go|ollama|ollama|amd_linux.go|Go|311|37|32
./src/_00/output/Go/ollama~ollama/llm/generate/gen_windows.ps1|ollama|ollama|gen_windows.ps1|PowerShell|311|27|31
./src/_00/output/Go/ollama~ollama/readline/buffer.go|ollama|ollama|buffer.go|Go|307|6|41
./src/_00/output/Go/ollama~ollama/server/download.go|ollama|ollama|download.go|Go|307|7|66
./src/_00/output/Go/ollama~ollama/llm/ggml.go|ollama|ollama|ggml.go|Go|305|11|51
./src/_00/output/Go/ollama~ollama/.github/workflows/test.yaml|ollama|ollama|test.yaml|YAML|301|10|8
./src/_00/output/Go/ollama~ollama/gpu/gpu.go|ollama|ollama|gpu.go|Go|295|39|41
./src/_00/output/Go/ollama~ollama/integration/utils_test.go|ollama|ollama|utils_test.go|Go|292|11|35
./src/_00/output/Go/ollama~ollama/api/client.go|ollama|ollama|client.go|Go|289|73|65
./src/_00/output/Go/ollama~ollama/README.md|ollama|ollama|README.md|Markdown|287|0|95
./src/_00/output/Go/ollama~ollama/types/model/name.go|ollama|ollama|name.go|Go|284|97|42
./src/_00/output/Go/ollama~ollama/parser/parser.go|ollama|ollama|parser.go|Go|269|10|48
./src/_00/output/Go/ollama~ollama/openai/openai.go|ollama|ollama|openai.go|Go|264|5|49
./src/_00/output/Go/ollama~ollama/convert/safetensors.go|ollama|ollama|safetensors.go|Go|260|2|47
./src/_00/output/Go/ollama~ollama/readline/readline.go|ollama|ollama|readline.go|Go|248|5|35
./src/_00/output/Go/ollama~ollama/scripts/install.sh|ollama|ollama|install.sh|Bourne Shell|243|14|50
./src/_00/output/Go/ollama~ollama/convert/torch.go|ollama|ollama|torch.go|Go|241|6|41
./src/_00/output/Go/ollama~ollama/macapp/src/index.ts|ollama|ollama|index.ts|TypeScript|240|5|57
./src/_00/output/Go/ollama~ollama/server/routes_test.go|ollama|ollama|routes_test.go|Go|207|0|32
./src/_00/output/Go/ollama~ollama/server/model.go|ollama|ollama|model.go|Go|204|4|47
./src/_00/output/Go/ollama~ollama/server/prompt_test.go|ollama|ollama|prompt_test.go|Go|196|0|9
./src/_00/output/Go/ollama~ollama/app/lifecycle/updater.go|ollama|ollama|updater.go|Go|193|7|28
./src/_00/output/Go/ollama~ollama/gpu/gpu_info_nvcuda.c|ollama|ollama|gpu_info_nvcuda.c|C|177|5|25
./src/_00/output/Go/ollama~ollama/llm/generate/gen_linux.sh|ollama|ollama|gen_linux.sh|Bourne Shell|176|57|21
./src/_00/output/Go/ollama~ollama/llm/filetype.go|ollama|ollama|filetype.go|Go|173|0|7
./src/_00/output/Go/ollama~ollama/llm/payload.go|ollama|ollama|payload.go|Go|173|20|38
./src/_00/output/Go/ollama~ollama/envconfig/config.go|ollama|ollama|config.go|Go|170|17|25
./src/_00/output/Go/ollama~ollama/integration/concurrency_test.go|ollama|ollama|concurrency_test.go|Go|169|39|17
./src/_00/output/Go/ollama~ollama/progress/bar.go|ollama|ollama|bar.go|Go|169|7|39
./src/_00/output/Go/ollama~ollama/server/prompt.go|ollama|ollama|prompt.go|Go|167|17|37
./src/_00/output/Go/ollama~ollama/docs/faq.md|ollama|ollama|faq.md|Markdown|165|0|94
./src/_00/output/Go/ollama~ollama/convert/convert.go|ollama|ollama|convert.go|Go|163|6|31
./src/_00/output/Go/ollama~ollama/docs/modelfile.md|ollama|ollama|modelfile.md|Markdown|163|0|62
./src/_00/output/Go/ollama~ollama/gpu/gpu_info_cudart.c|ollama|ollama|gpu_info_cudart.c|C|159|3|19
./src/_00/output/Go/ollama~ollama/app/lifecycle/server.go|ollama|ollama|server.go|Go|155|4|22
./src/_00/output/Go/ollama~ollama/app/tray/wintray/eventloop.go|ollama|ollama|eventloop.go|Go|153|20|11
./src/_00/output/Go/ollama~ollama/server/modelpath_test.go|ollama|ollama|modelpath_test.go|Go|145|1|9
./src/_00/output/Go/ollama~ollama/server/modelpath.go|ollama|ollama|modelpath.go|Go|141|4|29
./src/_00/output/Go/ollama~ollama/convert/llama.go|ollama|ollama|llama.go|Go|132|0|26
./src/_00/output/Go/ollama~ollama/gpu/gpu_info_cudart.h|ollama|ollama|gpu_info_cudart.h|C/C++ Header|132|4|11
./src/_00/output/Go/ollama~ollama/scripts/build_windows.ps1|ollama|ollama|build_windows.ps1|PowerShell|132|9|16
./src/_00/output/Go/ollama~ollama/readline/history.go|ollama|ollama|history.go|Go|131|0|26
./src/_00/output/Go/ollama~ollama/llm/memory.go|ollama|ollama|memory.go|Go|130|25|27
./src/_00/output/Go/ollama~ollama/gpu/amd_hip_windows.go|ollama|ollama|amd_hip_windows.go|Go|126|6|14
./src/_00/output/Go/ollama~ollama/Dockerfile|ollama|ollama|Dockerfile|Dockerfile|121|6|17
./src/_00/output/Go/ollama~ollama/gpu/amd_windows.go|ollama|ollama|amd_windows.go|Go|118|23|20
./src/_00/output/Go/ollama~ollama/gpu/assets.go|ollama|ollama|assets.go|Go|117|10|11
./src/_00/output/Go/ollama~ollama/docs/import.md|ollama|ollama|import.md|Markdown|116|0|54
./src/_00/output/Go/ollama~ollama/macapp/src/app.tsx|ollama|ollama|app.tsx|TypeScript|116|0|6
./src/_00/output/Go/ollama~ollama/examples/langchain-python-rag-privategpt/ingest.py|ollama|ollama|ingest.py|Python|114|25|22
./src/_00/output/Go/ollama~ollama/docs/openai.md|ollama|ollama|openai.md|Markdown|110|0|31
./src/_00/output/Go/ollama~ollama/examples/typescript-functioncalling/extractemail.ts|ollama|ollama|extractemail.ts|TypeScript|104|2|12
./src/_00/output/Go/ollama~ollama/llm/generate/gen_common.sh|ollama|ollama|gen_common.sh|Bourne Shell|100|8|11
./src/_00/output/Go/ollama~ollama/cmd/interactive_test.go|ollama|ollama|interactive_test.go|Go|99|2|15
./src/_00/output/Go/ollama~ollama/docs/development.md|ollama|ollama|development.md|Markdown|99|0|48
./src/_00/output/Go/ollama~ollama/llm/ggla.go|ollama|ollama|ggla.go|Go|99|2|27
./src/_00/output/Go/ollama~ollama/api/types_test.go|ollama|ollama|types_test.go|Go|98|0|9
./src/_00/output/Go/ollama~ollama/convert/sentencepiece_model.proto|ollama|ollama|sentencepiece_model.proto|Protocol Buffers|98|178|57
./src/_00/output/Go/ollama~ollama/integration/max_queue_test.go|ollama|ollama|max_queue_test.go|Go|98|8|16
./src/_00/output/Go/ollama~ollama/convert/tokenizer.go|ollama|ollama|tokenizer.go|Go|94|0|15
./src/_00/output/Go/ollama~ollama/docs/linux.md|ollama|ollama|linux.md|Markdown|90|0|43
./src/_00/output/Go/ollama~ollama/app/store/store.go|ollama|ollama|store.go|Go|87|1|10
./src/_00/output/Go/ollama~ollama/progress/progress.go|ollama|ollama|progress.go|Go|87|3|21
./src/_00/output/Go/ollama~ollama/docs/gpu.md|ollama|ollama|gpu.md|Markdown|85|0|17
./src/_00/output/Go/ollama~ollama/convert/gemma.go|ollama|ollama|gemma.go|Go|84|0|19
./src/_00/output/Go/ollama~ollama/macapp/package.json|ollama|ollama|package.json|JSON|84|0|0
./src/_00/output/Go/ollama~ollama/convert/convert_test.go|ollama|ollama|convert_test.go|Go|81|1|21
./src/_00/output/Go/ollama~ollama/gpu/amd_common.go|ollama|ollama|amd_common.go|Go|79|10|11
./src/_00/output/Go/ollama~ollama/app/lifecycle/lifecycle.go|ollama|ollama|lifecycle.go|Go|78|3|11
./src/_00/output/Go/ollama~ollama/app/tray/wintray/w32api.go|ollama|ollama|w32api.go|Go|77|4|8
./src/_00/output/Go/ollama~ollama/server/auth.go|ollama|ollama|auth.go|Go|77|0|18
./src/_00/output/Go/ollama~ollama/examples/python-rag-newssummary/utils.py|ollama|ollama|utils.py|Python|76|10|22
./src/_00/output/Go/ollama~ollama/server/layer.go|ollama|ollama|layer.go|Go|76|0|14
./src/_00/output/Go/ollama~ollama/api/client_test.go|ollama|ollama|client_test.go|Go|74|0|11
./src/_00/output/Go/ollama~ollama/macapp/forge.config.ts|ollama|ollama|forge.config.ts|TypeScript|74|0|4
./src/_00/output/Go/ollama~ollama/server/fixblobs_test.go|ollama|ollama|fixblobs_test.go|Go|73|0|10
./src/_00/output/Go/ollama~ollama/auth/auth.go|ollama|ollama|auth.go|Go|71|2|18
./src/_00/output/Go/ollama~ollama/app/lifecycle/server_windows.go|ollama|ollama|server_windows.go|Go|70|0|19
./src/_00/output/Go/ollama~ollama/convert/mixtral.go|ollama|ollama|mixtral.go|Go|70|0|17
./src/_00/output/Go/ollama~ollama/llm/generate/gen_darwin.sh|ollama|ollama|gen_darwin.sh|Bourne Shell|69|16|13
./src/_00/output/Go/ollama~ollama/readline/types.go|ollama|ollama|types.go|Go|68|0|10
./src/_00/output/Go/ollama~ollama/convert/mistral.go|ollama|ollama|mistral.go|Go|66|0|13
./src/_00/output/Go/ollama~ollama/examples/langchain-python-rag-privategpt/README.md|ollama|ollama|README.md|Markdown|66|0|25
./src/_00/output/Go/ollama~ollama/examples/typescript-simplechat/client.ts|ollama|ollama|client.ts|TypeScript|66|0|11
./src/_00/output/Go/ollama~ollama/server/manifest.go|ollama|ollama|manifest.go|Go|64|0|15
./src/_00/output/Go/ollama~ollama/gpu/types.go|ollama|ollama|types.go|Go|63|10|15
./src/_00/output/Go/ollama~ollama/app/lifecycle/paths.go|ollama|ollama|paths.go|Go|62|9|8
./src/_00/output/Go/ollama~ollama/app/tray/wintray/menus.go|ollama|ollama|menus.go|Go|62|2|7
./src/_00/output/Go/ollama~ollama/.github/ISSUE_TEMPLATE/10_bug_report.yml|ollama|ollama|10_bug_report.yml|YAML|60|0|0
./src/_00/output/Go/ollama~ollama/progress/spinner.go|ollama|ollama|spinner.go|Go|60|0|13
./src/_00/output/Go/ollama~ollama/scripts/build_docker.sh|ollama|ollama|build_docker.sh|Bourne Shell|59|7|11
./src/_00/output/Go/ollama~ollama/app/lifecycle/updater_windows.go|ollama|ollama|updater_windows.go|Go|58|8|11
./src/_00/output/Go/ollama~ollama/docs/troubleshooting.md|ollama|ollama|troubleshooting.md|Markdown|58|0|28
./src/_00/output/Go/ollama~ollama/examples/kubernetes/gpu.yaml|ollama|ollama|gpu.yaml|YAML|58|0|0
./src/_00/output/Go/ollama~ollama/examples/python-rag-newssummary/summ.py|ollama|ollama|summ.py|Python|58|7|21
./src/_00/output/Go/ollama~ollama/docs/tutorials/fly-gpu.md|ollama|ollama|fly-gpu.md|Markdown|57|0|26
./src/_00/output/Go/ollama~ollama/format/bytes.go|ollama|ollama|bytes.go|Go|57|0|8
./src/_00/output/Go/ollama~ollama/format/time.go|ollama|ollama|time.go|Go|57|2|11
./src/_00/output/Go/ollama~ollama/integration/basic_test.go|ollama|ollama|basic_test.go|Go|57|4|9
./src/_00/output/Go/ollama~ollama/docs/tutorials/langchainpy.md|ollama|ollama|langchainpy.md|Markdown|56|0|28
./src/_00/output/Go/ollama~ollama/gpu/gpu_info_nvcuda.h|ollama|ollama|gpu_info_nvcuda.h|C/C++ Header|56|5|13
./src/_00/output/Go/ollama~ollama/gpu/gpu_info.h|ollama|ollama|gpu_info.h|C/C++ Header|55|1|11
./src/_00/output/Go/ollama~ollama/docs/tutorials/langchainjs.md|ollama|ollama|langchainjs.md|Markdown|54|0|23
./src/_00/output/Go/ollama~ollama/app/tray/wintray/notifyicon.go|ollama|ollama|notifyicon.go|Go|52|6|8
./src/_00/output/Go/ollama~ollama/docs/docker.md|ollama|ollama|docker.md|Markdown|52|0|19
./src/_00/output/Go/ollama~ollama/examples/typescript-mentors/mentors.ts|ollama|ollama|mentors.ts|TypeScript|52|0|8
./src/_00/output/Go/ollama~ollama/examples/langchain-python-rag-privategpt/privateGPT.py|ollama|ollama|privateGPT.py|Python|50|9|15
./src/_00/output/Go/ollama~ollama/docs/windows.md|ollama|ollama|windows.md|Markdown|46|0|15
./src/_00/output/Go/ollama~ollama/examples/python-loganalysis/readme.md|ollama|ollama|readme.md|Markdown|46|0|24
./src/_00/output/Go/ollama~ollama/scripts/rh_linux_deps.sh|ollama|ollama|rh_linux_deps.sh|Bourne Shell|46|4|5
./src/_00/output/Go/ollama~ollama/cmd/start_windows.go|ollama|ollama|start_windows.go|Go|45|6|7
./src/_00/output/Go/ollama~ollama/examples/langchain-python-rag-document/main.py|ollama|ollama|main.py|Python|45|7|9
./src/_00/output/Go/ollama~ollama/examples/go-chat/main.go|ollama|ollama|main.go|Go|44|0|7
./src/_00/output/Go/ollama~ollama/examples/flyio/README.md|ollama|ollama|README.md|Markdown|43|0|24
./src/_00/output/Go/ollama~ollama/examples/kubernetes/cpu.yaml|ollama|ollama|cpu.yaml|YAML|42|0|0
./src/_00/output/Go/ollama~ollama/examples/python-json-datagenerator/readme.md|ollama|ollama|readme.md|Markdown|40|0|20
./src/_00/output/Go/ollama~ollama/examples/typescript-mentors/README.md|ollama|ollama|README.md|Markdown|40|0|25
./src/_00/output/Go/ollama~ollama/app/lifecycle/logging.go|ollama|ollama|logging.go|Go|38|3|7
./src/_00/output/Go/ollama~ollama/gpu/gpu_darwin.go|ollama|ollama|gpu_darwin.go|Go|38|8|9
./src/_00/output/Go/ollama~ollama/integration/llm_test.go|ollama|ollama|llm_test.go|Go|38|3|6
./src/_00/output/Go/ollama~ollama/scripts/build_darwin.sh|ollama|ollama|build_darwin.sh|Bourne Shell|37|2|7
./src/_00/output/Go/ollama~ollama/app/lifecycle/getstarted_windows.go|ollama|ollama|getstarted_windows.go|Go|36|2|6
./src/_00/output/Go/ollama~ollama/examples/go-multimodal/main.go|ollama|ollama|main.go|Go|36|3|8
./src/_00/output/Go/ollama~ollama/format/time_test.go|ollama|ollama|time_test.go|Go|36|0|9
./src/_00/output/Go/ollama~ollama/gpu/gpu_info_cpu.c|ollama|ollama|gpu_info_cpu.c|C|36|6|3
./src/_00/output/Go/ollama~ollama/examples/python-simplechat/client.py|ollama|ollama|client.py|Python|35|2|10
./src/_00/output/Go/ollama~ollama/llm/patches/03-load_exception.diff|ollama|ollama|03-load_exception.diff|diff|35|17|5
./src/_00/output/Go/ollama~ollama/llm/patches/04-metal.diff|ollama|ollama|04-metal.diff|diff|33|10|2
./src/_00/output/Go/ollama~ollama/scripts/build_remote.py|ollama|ollama|build_remote.py|Python|33|25|18
./src/_00/output/Go/ollama~ollama/llm/status.go|ollama|ollama|status.go|Go|32|3|7
./src/_00/output/Go/ollama~ollama/app/tray/wintray/winclass.go|ollama|ollama|winclass.go|Go|31|8|6
./src/_00/output/Go/ollama~ollama/examples/python-loganalysis/loganalysis.py|ollama|ollama|loganalysis.py|Python|31|1|9
./src/_00/output/Go/ollama~ollama/examples/python-simplegenerate/client.py|ollama|ollama|client.py|Python|31|2|7
./src/_00/output/Go/ollama~ollama/macapp/webpack.rules.ts|ollama|ollama|webpack.rules.ts|TypeScript|31|3|1
./src/_00/output/Go/ollama~ollama/format/format.go|ollama|ollama|format.go|Go|30|0|3
./src/_00/output/Go/ollama~ollama/app/lifecycle/server_unix.go|ollama|ollama|server_unix.go|Go|29|1|8
./src/_00/output/Go/ollama~ollama/examples/modelfile-mario/readme.md|ollama|ollama|readme.md|Markdown|29|0|14
./src/_00/output/Go/ollama~ollama/format/format_test.go|ollama|ollama|format_test.go|Go|29|0|5
./src/_00/output/Go/ollama~ollama/macapp/src/app.css|ollama|ollama|app.css|CSS|29|0|5
./src/_00/output/Go/ollama~ollama/examples/jupyter-notebook/ollama.ipynb|ollama|ollama|ollama.ipynb|Jupyter Notebook|28|74|0
./src/_00/output/Go/ollama~ollama/examples/python-simplechat/readme.md|ollama|ollama|readme.md|Markdown|28|0|16
./src/_00/output/Go/ollama~ollama/gpu/gpu_test.go|ollama|ollama|gpu_test.go|Go|28|1|5
./src/_00/output/Go/ollama~ollama/readline/term_windows.go|ollama|ollama|term_windows.go|Go|28|3|7
./src/_00/output/Go/ollama~ollama/app/ollama.rc|ollama|ollama|ollama.rc|Windows Resource File|27|0|2
./src/_00/output/Go/ollama~ollama/cmd/start_darwin.go|ollama|ollama|start_darwin.go|Go|27|0|3
./src/_00/output/Go/ollama~ollama/examples/go-generate-streaming/main.go|ollama|ollama|main.go|Go|27|6|7
./src/_00/output/Go/ollama~ollama/examples/go-generate/main.go|ollama|ollama|main.go|Go|27|3|7
./src/_00/output/Go/ollama~ollama/examples/python-json-datagenerator/predefinedschema.py|ollama|ollama|predefinedschema.py|Python|27|0|4
./src/_00/output/Go/ollama~ollama/readline/term.go|ollama|ollama|term.go|Go|27|2|8
./src/_00/output/Go/ollama~ollama/examples/python-json-datagenerator/randomaddresses.py|ollama|ollama|randomaddresses.py|Python|26|0|5
./src/_00/output/Go/ollama~ollama/examples/go-pull-progress/main.go|ollama|ollama|main.go|Go|25|0|6
./src/_00/output/Go/ollama~ollama/examples/python-rag-newssummary/README.md|ollama|ollama|README.md|Markdown|25|0|10
./src/_00/output/Go/ollama~ollama/examples/typescript-functioncalling/extractwp.ts|ollama|ollama|extractwp.ts|TypeScript|25|4|9
./src/_00/output/Go/ollama~ollama/scripts/build_linux.sh|ollama|ollama|build_linux.sh|Bourne Shell|25|0|6
./src/_00/output/Go/ollama~ollama/app/tray/tray.go|ollama|ollama|tray.go|Go|24|0|4
./src/_00/output/Go/ollama~ollama/examples/kubernetes/README.md|ollama|ollama|README.md|Markdown|24|0|14
./src/_00/output/Go/ollama~ollama/examples/langchain-python-rag-privategpt/pyproject.toml|ollama|ollama|pyproject.toml|TOML|24|0|2
./src/_00/output/Go/ollama~ollama/examples/go-http-generate/main.go|ollama|ollama|main.go|Go|23|0|6
./src/_00/output/Go/ollama~ollama/.github/workflows/latest.yaml|ollama|ollama|latest.yaml|YAML|22|0|2
./src/_00/output/Go/ollama~ollama/examples/typescript-simplechat/readme.md|ollama|ollama|readme.md|Markdown|22|0|13
./src/_00/output/Go/ollama~ollama/integration/context_test.go|ollama|ollama|context_test.go|Go|22|2|4
./src/_00/output/Go/ollama~ollama/llm/llm.go|ollama|ollama|llm.go|Go|22|10|7
./src/_00/output/Go/ollama~ollama/readline/term_linux.go|ollama|ollama|term_linux.go|Go|22|1|5
./src/_00/output/Go/ollama~ollama/server/fixblobs.go|ollama|ollama|fixblobs.go|Go|22|2|2
./src/_00/output/Go/ollama~ollama/examples/typescript-mentors/character-generator.ts|ollama|ollama|character-generator.ts|TypeScript|21|0|5
./src/_00/output/Go/ollama~ollama/app/tray/commontray/types.go|ollama|ollama|types.go|Go|20|0|4
./src/_00/output/Go/ollama~ollama/envconfig/config_test.go|ollama|ollama|config_test.go|Go|20|0|3
./src/_00/output/Go/ollama~ollama/macapp/tsconfig.json|ollama|ollama|tsconfig.json|JSON|20|0|0
./src/_00/output/Go/ollama~ollama/readline/term_bsd.go|ollama|ollama|term_bsd.go|Go|20|1|4
./src/_00/output/Go/ollama~ollama/scripts/tag_latest.sh|ollama|ollama|tag_latest.sh|Bourne Shell|20|5|8
./src/_00/output/Go/ollama~ollama/examples/langchain-typescript-simple/main.ts|ollama|ollama|main.ts|TypeScript|19|1|5
./src/_00/output/Go/ollama~ollama/examples/python-dockerit/README.md|ollama|ollama|README.md|Markdown|19|0|12
./src/_00/output/Go/ollama~ollama/examples/python-simplegenerate/README.md|ollama|ollama|README.md|Markdown|18|0|11
./src/_00/output/Go/ollama~ollama/app/lifecycle/logging_windows.go|ollama|ollama|logging_windows.go|Go|17|0|2
./src/_00/output/Go/ollama~ollama/examples/python-dockerit/dockerit.py|ollama|ollama|dockerit.py|Python|17|0|0
./src/_00/output/Go/ollama~ollama/examples/typescript-functioncalling/readme.md|ollama|ollama|readme.md|Markdown|17|0|11
./src/_00/output/Go/ollama~ollama/gpu/cpu_common.go|ollama|ollama|cpu_common.go|Go|17|1|3
./src/_00/output/Go/ollama~ollama/macapp/src/install.ts|ollama|ollama|install.ts|TypeScript|17|0|4
./src/_00/output/Go/ollama~ollama/docs/README.md|ollama|ollama|README.md|Markdown|16|0|5
./src/_00/output/Go/ollama~ollama/gpu/cuda_common.go|ollama|ollama|cuda_common.go|Go|16|2|4
./src/_00/output/Go/ollama~ollama/macapp/.eslintrc.json|ollama|ollama|.eslintrc.json|JSON|16|0|0
./src/_00/output/Go/ollama~ollama/macapp/webpack.renderer.config.ts|ollama|ollama|webpack.renderer.config.ts|TypeScript|16|0|3
./src/_00/output/Go/ollama~ollama/examples/langchain-python-rag-websummary/README.md|ollama|ollama|README.md|Markdown|15|0|8
./src/_00/output/Go/ollama~ollama/examples/langchain-python-simple/README.md|ollama|ollama|README.md|Markdown|15|0|8
./src/_00/output/Go/ollama~ollama/examples/langchain-typescript-simple/README.md|ollama|ollama|README.md|Markdown|15|0|8
./src/_00/output/Go/ollama~ollama/examples/typescript-mentors/package.json|ollama|ollama|package.json|JSON|15|0|0
./src/_00/output/Go/ollama~ollama/llm/patches/01-load-progress.diff|ollama|ollama|01-load-progress.diff|diff|15|15|1
./src/_00/output/Go/ollama~ollama/llm/patches/05-default-pretokenizer.diff|ollama|ollama|05-default-pretokenizer.diff|diff|15|17|3
./src/_00/output/Go/ollama~ollama/.golangci.yaml|ollama|ollama|.golangci.yaml|YAML|14|3|0
./src/_00/output/Go/ollama~ollama/examples/langchain-python-rag-document/README.md|ollama|ollama|README.md|Markdown|14|0|7
./src/_00/output/Go/ollama~ollama/macapp/README.md|ollama|ollama|README.md|Markdown|14|0|7
./src/_00/output/Go/ollama~ollama/app/README.md|ollama|ollama|README.md|Markdown|13|0|9
./src/_00/output/Go/ollama~ollama/examples/langchain-typescript-simple/package.json|ollama|ollama|package.json|JSON|13|0|0
./src/_00/output/Go/ollama~ollama/llm/ext_server/CMakeLists.txt|ollama|ollama|CMakeLists.txt|CMake|13|0|1
./src/_00/output/Go/ollama~ollama/macapp/webpack.main.config.ts|ollama|ollama|webpack.main.config.ts|TypeScript|13|5|2
./src/_00/output/Go/ollama~ollama/readline/errors.go|ollama|ollama|errors.go|Go|13|0|4
./src/_00/output/Go/ollama~ollama/scripts/publish.sh|ollama|ollama|publish.sh|Bourne Shell|13|5|7
./src/_00/output/Go/ollama~ollama/types/errtypes/errtypes.go|ollama|ollama|errtypes.go|Go|13|2|4
./src/_00/output/Go/ollama~ollama/app/assets/assets.go|ollama|ollama|assets.go|Go|12|1|4
./src/_00/output/Go/ollama~ollama/app/store/store_linux.go|ollama|ollama|store_linux.go|Go|12|1|3
./src/_00/output/Go/ollama~ollama/examples/typescript-simplechat/package.json|ollama|ollama|package.json|JSON|12|0|0
./src/_00/output/Go/ollama~ollama/readline/readline_unix.go|ollama|ollama|readline_unix.go|Go|12|2|5
./src/_00/output/Go/ollama~ollama/scripts/push_docker.sh|ollama|ollama|push_docker.sh|Bourne Shell|12|0|3
./src/_00/output/Go/ollama~ollama/app/tray/wintray/messages.go|ollama|ollama|messages.go|Go|11|1|3
./src/_00/output/Go/ollama~ollama/macapp/webpack.plugins.ts|ollama|ollama|webpack.plugins.ts|TypeScript|11|1|2
./src/_00/output/Go/ollama~ollama/scripts/build.sh|ollama|ollama|build.sh|Bourne Shell|11|3|7
./src/_00/output/Go/ollama~ollama/.prettierrc.json|ollama|ollama|.prettierrc.json|JSON|10|0|0
./src/_00/output/Go/ollama~ollama/gpu/gpu_info_darwin.m|ollama|ollama|gpu_info_darwin.m|Objective-C|10|1|2
./src/_00/output/Go/ollama~ollama/app/store/store_darwin.go|ollama|ollama|store_darwin.go|Go|9|1|3
./src/_00/output/Go/ollama~ollama/app/store/store_windows.go|ollama|ollama|store_windows.go|Go|9|0|2
./src/_00/output/Go/ollama~ollama/cmd/start_default.go|ollama|ollama|start_default.go|Go|9|1|4
./src/_00/output/Go/ollama~ollama/docs/tutorials/nvidia-jetson.md|ollama|ollama|nvidia-jetson.md|Markdown|9|0|6
./src/_00/output/Go/ollama~ollama/examples/langchain-python-rag-websummary/main.py|ollama|ollama|main.py|Python|9|0|3
./src/_00/output/Go/ollama~ollama/examples/typescript-functioncalling/package.json|ollama|ollama|package.json|JSON|9|0|0
./src/_00/output/Go/ollama~ollama/macapp/src/index.html|ollama|ollama|index.html|HTML|9|0|0
./src/_00/output/Go/ollama~ollama/macapp/src/ollama.svg|ollama|ollama|ollama.svg|SVG|9|0|0
./src/_00/output/Go/ollama~ollama/main.go|ollama|ollama|main.go|Go|9|0|3
./src/_00/output/Go/ollama~ollama/.github/ISSUE_TEMPLATE/config.yml|ollama|ollama|config.yml|YAML|8|0|0
./src/_00/output/Go/ollama~ollama/app/lifecycle/updater_nonwindows.go|ollama|ollama|updater_nonwindows.go|Go|8|1|3
./src/_00/output/Go/ollama~ollama/app/tray/tray_nonwindows.go|ollama|ollama|tray_nonwindows.go|Go|8|1|4
./src/_00/output/Go/ollama~ollama/app/tray/tray_windows.go|ollama|ollama|tray_windows.go|Go|8|0|2
./src/_00/output/Go/ollama~ollama/app/main.go|ollama|ollama|main.go|Go|7|2|3
./src/_00/output/Go/ollama~ollama/app/ollama_welcome.ps1|ollama|ollama|ollama_welcome.ps1|PowerShell|7|1|0
./src/_00/output/Go/ollama~ollama/examples/langchain-python-rag-privategpt/constants.py|ollama|ollama|constants.py|Python|7|2|2
./src/_00/output/Go/ollama~ollama/macapp/postcss.config.js|ollama|ollama|postcss.config.js|JavaScript|7|0|0
./src/_00/output/Go/ollama~ollama/docs/tutorials.md|ollama|ollama|tutorials.md|Markdown|6|0|3
./src/_00/output/Go/ollama~ollama/integration/README.md|ollama|ollama|README.md|Markdown|6|0|5
./src/_00/output/Go/ollama~ollama/macapp/src/renderer.tsx|ollama|ollama|renderer.tsx|TypeScript|6|0|1
./src/_00/output/Go/ollama~ollama/.github/ISSUE_TEMPLATE/20_feature_request.md|ollama|ollama|20_feature_request.md|Markdown|5|0|1
./src/_00/output/Go/ollama~ollama/.github/ISSUE_TEMPLATE/30_model_request.md|ollama|ollama|30_model_request.md|Markdown|5|0|0
./src/_00/output/Go/ollama~ollama/app/lifecycle/getstarted_nonwindows.go|ollama|ollama|getstarted_nonwindows.go|Go|5|1|3
./src/_00/output/Go/ollama~ollama/app/lifecycle/logging_nonwindows.go|ollama|ollama|logging_nonwindows.go|Go|5|1|3
./src/_00/output/Go/ollama~ollama/examples/langchain-python-simple/main.py|ollama|ollama|main.py|Python|5|0|1
./src/_00/output/Go/ollama~ollama/llm/llm_darwin_amd64.go|ollama|ollama|llm_darwin_amd64.go|Go|5|1|2
./src/_00/output/Go/ollama~ollama/llm/llm_darwin_arm64.go|ollama|ollama|llm_darwin_arm64.go|Go|5|1|2
./src/_00/output/Go/ollama~ollama/macapp/tailwind.config.js|ollama|ollama|tailwind.config.js|JavaScript|5|1|0
./src/_00/output/Go/ollama~ollama/gpu/gpu_info_darwin.h|ollama|ollama|gpu_info_darwin.h|C/C++ Header|4|0|0
./src/_00/output/Go/ollama~ollama/llm/patches/02-clip-log.diff|ollama|ollama|02-clip-log.diff|diff|4|8|0
./src/_00/output/Go/ollama~ollama/macapp/src/declarations.d.ts|ollama|ollama|declarations.d.ts|TypeScript|4|0|0
./src/_00/output/Go/ollama~ollama/readline/readline_windows.go|ollama|ollama|readline_windows.go|Go|4|1|1
./src/_00/output/Go/ollama~ollama/examples/jupyter-notebook/README.md|ollama|ollama|README.md|Markdown|3|0|2
./src/_00/output/Go/ollama~ollama/llm/llm_linux.go|ollama|ollama|llm_linux.go|Go|3|1|2
./src/_00/output/Go/ollama~ollama/llm/llm_windows.go|ollama|ollama|llm_windows.go|Go|3|1|2
./src/_00/output/Go/ollama~ollama/examples/README.md|ollama|ollama|README.md|Markdown|2|0|1
./src/_00/output/Go/ollama~ollama/version/version.go|ollama|ollama|version.go|Go|2|0|1
./src/_00/output/Go/ollama~ollama/llm/generate/generate_darwin.go|ollama|ollama|generate_darwin.go|Go|1|1|1
./src/_00/output/Go/ollama~ollama/llm/generate/generate_linux.go|ollama|ollama|generate_linux.go|Go|1|1|1
./src/_00/output/Go/ollama~ollama/llm/generate/generate_windows.go|ollama|ollama|generate_windows.go|Go|1|1|1
