Unnamed: 0|path|owner|project|file|language|code|comment|blank
0|./src/_00/output/Javascript/axios~axios/package-lock.json|axios|axios|package-lock.json|JSON|30991|0|0
1|./src/_00/output/Javascript/axios~axios/dist/axios.js|axios|axios|axios.js|JavaScript|1448|688|459
2|./src/_00/output/Javascript/axios~axios/test/unit/adapters/http.js|axios|axios|http.js|JavaScript|1347|20|168
3|./src/_00/output/Javascript/axios~axios/README.md|axios|axios|README.md|Markdown|916|0|263
4|./src/_00/output/Javascript/axios~axios/CHANGELOG.md|axios|axios|CHANGELOG.md|Markdown|764|0|201
5|./src/_00/output/Javascript/axios~axios/test/specs/interceptors.spec.js|axios|axios|interceptors.spec.js|JavaScript|489|4|109
6|./src/_00/output/Javascript/axios~axios/test/specs/requests.spec.js|axios|axios|requests.spec.js|JavaScript|439|3|84
7|./src/_00/output/Javascript/axios~axios/lib/adapters/http.js|axios|axios|http.js|JavaScript|359|49|55
8|./src/_00/output/Javascript/axios~axios/index.d.ts|axios|axios|index.d.ts|TypeScript|291|2|46
9|./src/_00/output/Javascript/axios~axios/test/typescript/axios.ts|axios|axios|axios.ts|TypeScript|277|15|89
10|./src/_00/output/Javascript/axios~axios/test/specs/core/mergeConfig.spec.js|axios|axios|mergeConfig.spec.js|JavaScript|267|0|43
11|./src/_00/output/Javascript/axios~axios/lib/utils.js|axios|axios|utils.js|JavaScript|247|209|55
12|./src/_00/output/Javascript/axios~axios/test/specs/transform.spec.js|axios|axios|transform.spec.js|JavaScript|166|0|34
13|./src/_00/output/Javascript/axios~axios/sandbox/client.html|axios|axios|client.html|HTML|159|0|22
14|./src/_00/output/Javascript/axios~axios/lib/adapters/xhr.js|axios|axios|xhr.js|JavaScript|154|34|35
15|./src/_00/output/Javascript/axios~axios/test/specs/defaults.spec.js|axios|axios|defaults.spec.js|JavaScript|151|0|36
16|./src/_00/output/Javascript/axios~axios/lib/defaults/index.js|axios|axios|index.js|JavaScript|138|6|34
17|./src/_00/output/Javascript/axios~axios/karma.conf.js|axios|axios|karma.conf.js|JavaScript|135|55|47
18|./src/_00/output/Javascript/axios~axios/test/specs/instance.spec.js|axios|axios|instance.spec.js|JavaScript|132|0|25
19|./src/_00/output/Javascript/axios~axios/.eslintrc.js|axios|axios|.eslintrc.js|JavaScript|130|16|5
20|./src/_00/output/Javascript/axios~axios/UPGRADE_GUIDE.md|axios|axios|UPGRADE_GUIDE.md|Markdown|122|0|47
21|./src/_00/output/Javascript/axios~axios/lib/core/Axios.js|axios|axios|Axios.js|JavaScript|115|18|28
22|./src/_00/output/Javascript/axios~axios/lib/helpers/toFormData.js|axios|axios|toFormData.js|JavaScript|115|28|36
23|./src/_00/output/Javascript/axios~axios/examples/server.js|axios|axios|server.js|JavaScript|114|6|20
24|./src/_00/output/Javascript/axios~axios/examples/postMultipartFormData/index.html|axios|axios|index.html|HTML|112|0|19
25|./src/_00/output/Javascript/axios~axios/package.json|axios|axios|package.json|JSON|100|0|0
26|./src/_00/output/Javascript/axios~axios/COOKBOOK.md|axios|axios|COOKBOOK.md|Markdown|99|0|27
27|./src/_00/output/Javascript/axios~axios/CODE_OF_CONDUCT.md|axios|axios|CODE_OF_CONDUCT.md|Markdown|97|0|35
28|./src/_00/output/Javascript/axios~axios/test/specs/headers.spec.js|axios|axios|headers.spec.js|JavaScript|97|0|18
29|./src/_00/output/Javascript/axios~axios/test/specs/helpers/toFormData.spec.js|axios|axios|toFormData.spec.js|JavaScript|95|0|31
30|./src/_00/output/Javascript/axios~axios/test/specs/__helpers.js|axios|axios|__helpers.js|JavaScript|94|7|22
31|./src/_00/output/Javascript/axios~axios/test/specs/options.spec.js|axios|axios|options.spec.js|JavaScript|89|0|23
32|./src/_00/output/Javascript/axios~axios/test/specs/progress.spec.js|axios|axios|progress.spec.js|JavaScript|84|5|22
33|./src/_00/output/Javascript/axios~axios/test/specs/adapter.spec.js|axios|axios|adapter.spec.js|JavaScript|80|0|18
34|./src/_00/output/Javascript/axios~axios/test/specs/cancel.spec.js|axios|axios|cancel.spec.js|JavaScript|80|25|13
35|./src/_00/output/Javascript/axios~axios/test/specs/cancel/CancelToken.spec.js|axios|axios|CancelToken.spec.js|JavaScript|78|1|8
36|./src/_00/output/Javascript/axios~axios/test/specs/core/settle.spec.js|axios|axios|settle.spec.js|JavaScript|78|0|7
37|./src/_00/output/Javascript/axios~axios/lib/core/mergeConfig.js|axios|axios|mergeConfig.js|JavaScript|77|13|10
38|./src/_00/output/Javascript/axios~axios/lib/cancel/CancelToken.js|axios|axios|CancelToken.js|JavaScript|74|23|21
39|./src/_00/output/Javascript/axios~axios/test/specs/utils/isX.spec.js|axios|axios|isX.spec.js|JavaScript|69|0|16
40|./src/_00/output/Javascript/axios~axios/Gruntfile.js|axios|axios|Gruntfile.js|JavaScript|68|19|14
41|./src/_00/output/Javascript/axios~axios/sandbox/server.js|axios|axios|server.js|JavaScript|68|0|12
42|./src/_00/output/Javascript/axios~axios/test/specs/utils/merge.spec.js|axios|axios|merge.spec.js|JavaScript|68|0|16
43|./src/_00/output/Javascript/axios~axios/lib/core/AxiosError.js|axios|axios|AxiosError.js|JavaScript|65|16|16
44|./src/_00/output/Javascript/axios~axios/lib/core/dispatchRequest.js|axios|axios|dispatchRequest.js|JavaScript|65|14|15
45|./src/_00/output/Javascript/axios~axios/test/specs/xsrf.spec.js|axios|axios|xsrf.spec.js|JavaScript|63|0|19
46|./src/_00/output/Javascript/axios~axios/test/specs/api.spec.js|axios|axios|api.spec.js|JavaScript|60|0|12
47|./src/_00/output/Javascript/axios~axios/lib/helpers/validator.js|axios|axios|validator.js|JavaScript|59|16|11
48|./src/_00/output/Javascript/axios~axios/test/specs/promise.spec.js|axios|axios|promise.spec.js|JavaScript|59|0|11
49|./src/_00/output/Javascript/axios~axios/test/specs/helpers/buildURL.spec.js|axios|axios|buildURL.spec.js|JavaScript|55|0|11
50|./src/_00/output/Javascript/axios~axios/rollup.config.js|axios|axios|rollup.config.js|JavaScript|53|0|7
51|./src/_00/output/Javascript/axios~axios/lib/helpers/formDataToJSON.js|axios|axios|formDataToJSON.js|JavaScript|52|4|15
52|./src/_00/output/Javascript/axios~axios/test/unit/regression/SNYK-JS-AXIOS-1038255.js|axios|axios|SNYK-JS-AXIOS-1038255.js|JavaScript|51|3|7
53|./src/_00/output/Javascript/axios~axios/test/specs/utils/forEach.spec.js|axios|axios|forEach.spec.js|JavaScript|48|0|15
54|./src/_00/output/Javascript/axios~axios/test/specs/core/AxiosError.spec.js|axios|axios|AxiosError.spec.js|JavaScript|45|2|4
55|./src/_00/output/Javascript/axios~axios/test/specs/core/transformData.spec.js|axios|axios|transformData.spec.js|JavaScript|44|0|9
56|./src/_00/output/Javascript/axios~axios/ECOSYSTEM.md|axios|axios|ECOSYSTEM.md|Markdown|43|0|17
57|./src/_00/output/Javascript/axios~axios/examples/upload/index.html|axios|axios|index.html|HTML|43|0|5
58|./src/_00/output/Javascript/axios~axios/examples/all/index.html|axios|axios|index.html|HTML|42|0|2
59|./src/_00/output/Javascript/axios~axios/examples/transform-response/index.html|axios|axios|index.html|HTML|41|0|3
60|./src/_00/output/Javascript/axios~axios/lib/helpers/isURLSameOrigin.js|axios|axios|isURLSameOrigin.js|JavaScript|41|17|10
61|./src/_00/output/Javascript/axios~axios/lib/helpers/cookies.js|axios|axios|cookies.js|JavaScript|40|2|11
62|./src/_00/output/Javascript/axios~axios/test/specs/helpers/parseHeaders.spec.js|axios|axios|parseHeaders.spec.js|JavaScript|39|0|6
63|./src/_00/output/Javascript/axios~axios/CONTRIBUTING.md|axios|axios|CONTRIBUTING.md|Markdown|38|0|23
64|./src/_00/output/Javascript/axios~axios/bower.json|axios|axios|bower.json|JSON|38|0|0
65|./src/_00/output/Javascript/axios~axios/test/specs/helpers/formDataToJSON.spec.js|axios|axios|formDataToJSON.spec.js|JavaScript|38|0|12
66|./src/_00/output/Javascript/axios~axios/test/specs/helpers/validator.spec.js|axios|axios|validator.spec.js|JavaScript|38|0|5
67|./src/_00/output/Javascript/axios~axios/examples/post/index.html|axios|axios|index.html|HTML|36|0|4
68|./src/_00/output/Javascript/axios~axios/lib/axios.js|axios|axios|axios.js|JavaScript|36|17|15
69|./src/_00/output/Javascript/axios~axios/.github/ISSUE_TEMPLATE/---bug-report.md|axios|axios|---bug-report.md|Markdown|35|0|11
70|./src/_00/output/Javascript/axios~axios/.github/ISSUE_TEMPLATE/---support-or-usage-question.md|axios|axios|---support-or-usage-question.md|Markdown|35|0|11
71|./src/_00/output/Javascript/axios~axios/examples/amd/index.html|axios|axios|index.html|HTML|34|0|3
72|./src/_00/output/Javascript/axios~axios/examples/get/server.js|axios|axios|server.js|JavaScript|33|0|1
73|./src/_00/output/Javascript/axios~axios/lib/helpers/AxiosURLSearchParams.js|axios|axios|AxiosURLSearchParams.js|JavaScript|33|0|9
74|./src/_00/output/Javascript/axios~axios/examples/get/index.html|axios|axios|index.html|HTML|32|0|1
75|./src/_00/output/Javascript/axios~axios/lib/core/InterceptorManager.js|axios|axios|InterceptorManager.js|JavaScript|32|24|7
76|./src/_00/output/Javascript/axios~axios/lib/helpers/fromDataURI.js|axios|axios|fromDataURI.js|JavaScript|31|8|12
77|./src/_00/output/Javascript/axios~axios/lib/helpers/parseHeaders.js|axios|axios|parseHeaders.js|JavaScript|31|15|7
78|./src/_00/output/Javascript/axios~axios/test/specs/helpers/cookies.spec.js|axios|axios|cookies.spec.js|JavaScript|30|1|5
79|./src/_00/output/Javascript/axios~axios/lib/helpers/buildURL.js|axios|axios|buildURL.js|JavaScript|29|9|9
80|./src/_00/output/Javascript/axios~axios/test/unit/defaults/transformReponse.js|axios|axios|transformReponse.js|JavaScript|29|0|1
81|./src/_00/output/Javascript/axios~axios/lib/adapters/README.md|axios|axios|README.md|Markdown|28|0|9
82|./src/_00/output/Javascript/axios~axios/.github/workflows/stale.yml|axios|axios|stale.yml|YAML|25|0|6
83|./src/_00/output/Javascript/axios~axios/webpack.config.js|axios|axios|webpack.config.js|JavaScript|25|0|3
84|./src/_00/output/Javascript/axios~axios/.github/ISSUE_TEMPLATE/---feature-request.md|axios|axios|---feature-request.md|Markdown|24|0|9
85|./src/_00/output/Javascript/axios~axios/test/specs/utils/extend.spec.js|axios|axios|extend.spec.js|JavaScript|24|0|10
86|./src/_00/output/Javascript/axios~axios/test/unit/helpers/parseProtocol.js|axios|axios|parseProtocol.js|JavaScript|23|0|1
87|./src/_00/output/Javascript/axios~axios/.github/ISSUE_TEMPLATE.md|axios|axios|ISSUE_TEMPLATE.md|Markdown|22|0|9
88|./src/_00/output/Javascript/axios~axios/.github/workflows/ci.yml|axios|axios|ci.yml|YAML|21|0|4
89|./src/_00/output/Javascript/axios~axios/test/specs/helpers/isAxiosError.spec.js|axios|axios|isAxiosError.spec.js|JavaScript|20|0|4
90|./src/_00/output/Javascript/axios~axios/test/specs/helpers/isAbsoluteURL.spec.js|axios|axios|isAbsoluteURL.spec.js|JavaScript|19|0|4
91|./src/_00/output/Javascript/axios~axios/test/specs/helpers/normalizeHeaderName.spec.js|axios|axios|normalizeHeaderName.spec.js|JavaScript|19|0|2
92|./src/_00/output/Javascript/axios~axios/.github/ISSUE_TEMPLATE/---documentation.md|axios|axios|---documentation.md|Markdown|18|0|8
93|./src/_00/output/Javascript/axios~axios/test/manual/basic.html|axios|axios|basic.html|HTML|18|0|3
94|./src/_00/output/Javascript/axios~axios/test/specs/helpers/combineURLs.spec.js|axios|axios|combineURLs.spec.js|JavaScript|18|0|5
95|./src/_00/output/Javascript/axios~axios/test/manual/cors.html|axios|axios|cors.html|HTML|17|0|3
96|./src/_00/output/Javascript/axios~axios/lib/core/settle.js|axios|axios|settle.js|JavaScript|16|7|2
97|./src/_00/output/Javascript/axios~axios/test/specs/helpers/spread.spec.js|axios|axios|spread.spec.js|JavaScript|16|0|5
98|./src/_00/output/Javascript/axios~axios/COLLABORATOR_GUIDE.md|axios|axios|COLLABORATOR_GUIDE.md|Markdown|15|0|7
99|./src/_00/output/Javascript/axios~axios/bin/ssl_hotfix.js|axios|axios|ssl_hotfix.js|JavaScript|15|0|7
100|./src/_00/output/Javascript/axios~axios/lib/helpers/toURLEncodedForm.js|axios|axios|toURLEncodedForm.js|JavaScript|15|0|3
101|./src/_00/output/Javascript/axios~axios/test/specs/core/buildFullPath.spec.js|axios|axios|buildFullPath.spec.js|JavaScript|15|0|5
102|./src/_00/output/Javascript/axios~axios/examples/post/server.js|axios|axios|server.js|JavaScript|14|0|2
103|./src/_00/output/Javascript/axios~axios/sandbox/client.js|axios|axios|client.js|JavaScript|14|2|4
104|./src/_00/output/Javascript/axios~axios/tsconfig.json|axios|axios|tsconfig.json|JSON|14|0|0
105|./src/_00/output/Javascript/axios~axios/test/specs/cancel/CanceledError.spec.js|axios|axios|CanceledError.spec.js|JavaScript|13|0|2
106|./src/_00/output/Javascript/axios~axios/test/specs/formdata.spec.js|axios|axios|formdata.spec.js|JavaScript|13|0|1
107|./src/_00/output/Javascript/axios~axios/lib/helpers/deprecatedMethod.js|axios|axios|deprecatedMethod.js|JavaScript|12|9|3
108|./src/_00/output/Javascript/axios~axios/examples/postMultipartFormData/server.js|axios|axios|server.js|JavaScript|11|0|2
109|./src/_00/output/Javascript/axios~axios/examples/upload/server.js|axios|axios|server.js|JavaScript|11|0|2
110|./src/_00/output/Javascript/axios~axios/lib/cancel/CanceledError.js|axios|axios|CanceledError.js|JavaScript|11|9|4
111|./src/_00/output/Javascript/axios~axios/test/unit/utils/isFormData.js|axios|axios|isFormData.js|JavaScript|11|0|1
112|./src/_00/output/Javascript/axios~axios/lib/core/transformData.js|axios|axios|transformData.js|JavaScript|10|10|3
113|./src/_00/output/Javascript/axios~axios/lib/helpers/normalizeHeaderName.js|axios|axios|normalizeHeaderName.js|JavaScript|10|0|2
114|./src/_00/output/Javascript/axios~axios/lib/platform/browser/index.js|axios|axios|index.js|JavaScript|10|0|1
115|./src/_00/output/Javascript/axios~axios/lib/platform/node/index.js|axios|axios|index.js|JavaScript|10|0|1
116|./src/_00/output/Javascript/axios~axios/test/specs/cancel/isCancel.spec.js|axios|axios|isCancel.spec.js|JavaScript|10|0|2
117|./src/_00/output/Javascript/axios~axios/test/specs/helpers/bind.spec.js|axios|axios|bind.spec.js|JavaScript|10|0|2
118|./src/_00/output/Javascript/axios~axios/lib/core/buildFullPath.js|axios|axios|buildFullPath.js|JavaScript|9|9|2
119|./src/_00/output/Javascript/axios~axios/test/specs/helpers/isURLSameOrigin.spec.js|axios|axios|isURLSameOrigin.spec.js|JavaScript|9|0|2
120|./src/_00/output/Javascript/axios~axios/test/specs/utils/toArray.js|axios|axios|toArray.js|JavaScript|9|0|1
121|./src/_00/output/Javascript/axios~axios/test/specs/utils/toFlatObject.js|axios|axios|toFlatObject.js|JavaScript|9|0|1
122|./src/_00/output/Javascript/axios~axios/test/specs/utils/trim.spec.js|axios|axios|trim.spec.js|JavaScript|9|0|3
123|./src/_00/output/Javascript/axios~axios/test/unit/helpers/fromDataURI.js|axios|axios|fromDataURI.js|JavaScript|9|0|3
124|./src/_00/output/Javascript/axios~axios/.github/PULL_REQUEST_TEMPLATE.md|axios|axios|PULL_REQUEST_TEMPLATE.md|Markdown|8|0|5
125|./src/_00/output/Javascript/axios~axios/examples/README.md|axios|axios|README.md|Markdown|8|0|2
126|./src/_00/output/Javascript/axios~axios/test/specs/utils/kindOf.js|axios|axios|kindOf.js|JavaScript|8|0|2
127|./src/_00/output/Javascript/axios~axios/test/specs/utils/kindOfTest.js|axios|axios|kindOfTest.js|JavaScript|8|1|1
128|./src/_00/output/Javascript/axios~axios/lib/core/README.md|axios|axios|README.md|Markdown|6|0|2
129|./src/_00/output/Javascript/axios~axios/lib/defaults/transitional.js|axios|axios|transitional.js|JavaScript|6|0|1
130|./src/_00/output/Javascript/axios~axios/lib/helpers/bind.js|axios|axios|bind.js|JavaScript|6|0|1
131|./src/_00/output/Javascript/axios~axios/lib/helpers/combineURLs.js|axios|axios|combineURLs.js|JavaScript|6|7|1
132|./src/_00/output/Javascript/axios~axios/lib/helpers/spread.js|axios|axios|spread.js|JavaScript|6|20|1
133|./src/_00/output/Javascript/axios~axios/tslint.json|axios|axios|tslint.json|JSON|6|0|0
134|./src/_00/output/Javascript/axios~axios/lib/helpers/README.md|axios|axios|README.md|Markdown|5|0|2
135|./src/_00/output/Javascript/axios~axios/lib/helpers/isAxiosError.js|axios|axios|isAxiosError.js|JavaScript|5|6|2
136|./src/_00/output/Javascript/axios~axios/lib/helpers/parseProtocol.js|axios|axios|parseProtocol.js|JavaScript|5|0|1
137|./src/_00/output/Javascript/axios~axios/lib/cancel/isCancel.js|axios|axios|isCancel.js|JavaScript|4|0|1
138|./src/_00/output/Javascript/axios~axios/lib/helpers/isAbsoluteURL.js|axios|axios|isAbsoluteURL.js|JavaScript|4|9|1
139|./src/_00/output/Javascript/axios~axios/SECURITY.md|axios|axios|SECURITY.md|Markdown|3|0|2
140|./src/_00/output/Javascript/axios~axios/lib/env/data.js|axios|axios|data.js|JavaScript|3|0|0
141|./src/_00/output/Javascript/axios~axios/lib/platform/browser/classes/URLSearchParams.js|axios|axios|URLSearchParams.js|JavaScript|3|0|2
142|./src/_00/output/Javascript/axios~axios/lib/platform/node/classes/URLSearchParams.js|axios|axios|URLSearchParams.js|JavaScript|3|0|2
143|./src/_00/output/Javascript/axios~axios/test/manual/fixture.json|axios|axios|fixture.json|JSON|3|0|0
144|./src/_00/output/Javascript/axios~axios/test/specs/basicAuth.spec.js|axios|axios|basicAuth.spec.js|JavaScript|3|0|0
145|./src/_00/output/Javascript/axios~axios/.github/FUNDING.yml|axios|axios|FUNDING.yml|YAML|2|0|0
146|./src/_00/output/Javascript/axios~axios/lib/env/README.md|axios|axios|README.md|Markdown|2|0|1
147|./src/_00/output/Javascript/axios~axios/lib/platform/browser/classes/FormData.js|axios|axios|FormData.js|JavaScript|2|0|1
148|./src/_00/output/Javascript/axios~axios/lib/platform/index.js|axios|axios|index.js|JavaScript|2|0|1
149|./src/_00/output/Javascript/axios~axios/lib/platform/node/classes/FormData.js|axios|axios|FormData.js|JavaScript|2|0|1
150|./src/_00/output/Javascript/axios~axios/dist/axios.min.js|axios|axios|axios.min.js|JavaScript|1|2|0
151|./src/_00/output/Javascript/axios~axios/index.js|axios|axios|index.js|JavaScript|1|0|0
152|./src/_00/output/Javascript/axios~axios/lib/env/classes/FormData.js|axios|axios|FormData.js|JavaScript|1|1|0
153|./src/_00/output/Javascript/axios~axios/lib/helpers/null.js|axios|axios|null.js|JavaScript|1|1|0
154|./src/_00/output/Javascript/axios~axios/test/manual/promise.js|axios|axios|promise.js|JavaScript|1|7|1
