Unnamed: 0|path|owner|project|file|language|code|comment|blank
0|./src/_00/output/Javascript/facebook~create-react-app/package-lock.json|facebook|create-react-app|package-lock.json|JSON|52785|0|0
1|./src/_00/output/Javascript/facebook~create-react-app/packages/react-error-overlay/fixtures/bundle_u.mjs|facebook|create-react-app|bundle_u.mjs|JavaScript|24107|11839|5542
2|./src/_00/output/Javascript/facebook~create-react-app/packages/react-error-overlay/fixtures/bundle.mjs|facebook|create-react-app|bundle.mjs|JavaScript|24049|11700|5475
3|./src/_00/output/Javascript/facebook~create-react-app/CHANGELOG-1.x.md|facebook|create-react-app|CHANGELOG-1.x.md|Markdown|1305|0|565
4|./src/_00/output/Javascript/facebook~create-react-app/CHANGELOG-2.x.md|facebook|create-react-app|CHANGELOG-2.x.md|Markdown|1134|0|260
5|./src/_00/output/Javascript/facebook~create-react-app/CHANGELOG-3.x.md|facebook|create-react-app|CHANGELOG-3.x.md|Markdown|1052|0|272
6|./src/_00/output/Javascript/facebook~create-react-app/packages/create-react-app/createReactApp.js|facebook|create-react-app|createReactApp.js|JavaScript|937|106|80
7|./src/_00/output/Javascript/facebook~create-react-app/CHANGELOG-0.x.md|facebook|create-react-app|CHANGELOG-0.x.md|Markdown|927|0|508
8|./src/_00/output/Javascript/facebook~create-react-app/packages/react-scripts/config/webpack.config.js|facebook|create-react-app|webpack.config.js|JavaScript|579|198|19
9|./src/_00/output/Javascript/facebook~create-react-app/packages/react-error-overlay/fixtures/bundle.json|facebook|create-react-app|bundle.json|JSON|518|0|0
10|./src/_00/output/Javascript/facebook~create-react-app/CHANGELOG-4.x.md|facebook|create-react-app|CHANGELOG-4.x.md|Markdown|408|0|95
11|./src/_00/output/Javascript/facebook~create-react-app/packages/react-dev-utils/WebpackDevServerUtils.js|facebook|create-react-app|WebpackDevServerUtils.js|JavaScript|348|66|29
12|./src/_00/output/Javascript/facebook~create-react-app/docusaurus/docs/deployment.md|facebook|create-react-app|deployment.md|Markdown|328|0|180
13|./src/_00/output/Javascript/facebook~create-react-app/packages/react-dev-utils/launchEditor.js|facebook|create-react-app|launchEditor.js|JavaScript|326|46|28
14|./src/_00/output/Javascript/facebook~create-react-app/packages/react-scripts/scripts/init.js|facebook|create-react-app|init.js|JavaScript|326|45|45
15|./src/_00/output/Javascript/facebook~create-react-app/packages/react-dev-utils/README.md|facebook|create-react-app|README.md|Markdown|303|0|93
16|./src/_00/output/Javascript/facebook~create-react-app/packages/react-scripts/scripts/eject.js|facebook|create-react-app|eject.js|JavaScript|271|38|36
17|./src/_00/output/Javascript/facebook~create-react-app/packages/react-scripts/fixtures/kitchensink/template/src/App.js|facebook|create-react-app|App.js|JavaScript|249|12|16
18|./src/_00/output/Javascript/facebook~create-react-app/packages/react-scripts/scripts/utils/verifyTypeScriptSetup.js|facebook|create-react-app|verifyTypeScriptSetup.js|JavaScript|248|20|30
19|./src/_00/output/Javascript/facebook~create-react-app/packages/eslint-config-react-app/index.js|facebook|create-react-app|index.js|JavaScript|239|36|16
20|./src/_00/output/Javascript/facebook~create-react-app/docusaurus/docs/running-tests.md|facebook|create-react-app|running-tests.md|Markdown|233|0|111
21|./src/_00/output/Javascript/facebook~create-react-app/CHANGELOG.md|facebook|create-react-app|CHANGELOG.md|Markdown|189|0|48
22|./src/_00/output/Javascript/facebook~create-react-app/packages/react-dev-utils/webpackHotDevClient.js|facebook|create-react-app|webpackHotDevClient.js|JavaScript|186|68|40
23|./src/_00/output/Javascript/facebook~create-react-app/packages/react-scripts/scripts/build.js|facebook|create-react-app|build.js|JavaScript|174|29|22
24|./src/_00/output/Javascript/facebook~create-react-app/packages/react-error-overlay/src/containers/StackFrame.js|facebook|create-react-app|StackFrame.js|JavaScript|153|10|17
25|./src/_00/output/Javascript/facebook~create-react-app/packages/react-error-overlay/src/index.js|facebook|create-react-app|index.js|JavaScript|153|18|22
26|./src/_00/output/Javascript/facebook~create-react-app/docusaurus/docs/making-a-progressive-web-app.md|facebook|create-react-app|making-a-progressive-web-app.md|Markdown|144|0|32
27|./src/_00/output/Javascript/facebook~create-react-app/packages/babel-preset-react-app/create.js|facebook|create-react-app|create.js|JavaScript|144|73|10
28|./src/_00/output/Javascript/facebook~create-react-app/tasks/e2e-installs.sh|facebook|create-react-app|e2e-installs.sh|Bourne Shell|141|83|54
29|./src/_00/output/Javascript/facebook~create-react-app/README.md|facebook|create-react-app|README.md|Markdown|140|0|80
30|./src/_00/output/Javascript/facebook~create-react-app/packages/react-dev-utils/FileSizeReporter.js|facebook|create-react-app|FileSizeReporter.js|JavaScript|139|9|8
31|./src/_00/output/Javascript/facebook~create-react-app/packages/react-scripts/scripts/utils/createJestConfig.js|facebook|create-react-app|createJestConfig.js|JavaScript|132|11|9
32|./src/_00/output/Javascript/facebook~create-react-app/packages/react-dev-utils/ModuleNotFoundPlugin.js|facebook|create-react-app|ModuleNotFoundPlugin.js|JavaScript|124|6|14
33|./src/_00/output/Javascript/facebook~create-react-app/test/fixtures/webpack-message-formatting/index.test.js|facebook|create-react-app|index.test.js|JavaScript|124|5|26
34|./src/_00/output/Javascript/facebook~create-react-app/docusaurus/website/src/pages/index.js|facebook|create-react-app|index.js|JavaScript|123|6|8
35|./src/_00/output/Javascript/facebook~create-react-app/tasks/e2e-simple.sh|facebook|create-react-app|e2e-simple.sh|Bourne Shell|123|81|60
36|./src/_00/output/Javascript/facebook~create-react-app/packages/react-error-overlay/fixtures/bundle2.json|facebook|create-react-app|bundle2.json|JSON|122|0|0
37|./src/_00/output/Javascript/facebook~create-react-app/packages/react-scripts/scripts/start.js|facebook|create-react-app|start.js|JavaScript|122|25|15
38|./src/_00/output/Javascript/facebook~create-react-app/docusaurus/website/docusaurus.config.js|facebook|create-react-app|docusaurus.config.js|JavaScript|119|6|2
39|./src/_00/output/Javascript/facebook~create-react-app/packages/react-scripts/config/paths.js|facebook|create-react-app|paths.js|JavaScript|115|24|14
40|./src/_00/output/Javascript/facebook~create-react-app/tasks/local-test.sh|facebook|create-react-app|local-test.sh|Bourne Shell|115|4|9
41|./src/_00/output/Javascript/facebook~create-react-app/docusaurus/docs/setting-up-your-editor.md|facebook|create-react-app|setting-up-your-editor.md|Markdown|112|0|48
42|./src/_00/output/Javascript/facebook~create-react-app/packages/react-scripts/fixtures/kitchensink/template/integration/webpack.test.js|facebook|create-react-app|webpack.test.js|JavaScript|112|7|25
43|./src/_00/output/Javascript/facebook~create-react-app/packages/react-dev-utils/__tests__/getPublicUrlOrPath.test.js|facebook|create-react-app|getPublicUrlOrPath.test.js|JavaScript|111|12|5
44|./src/_00/output/Javascript/facebook~create-react-app/docusaurus/docs/adding-custom-environment-variables.md|facebook|create-react-app|adding-custom-environment-variables.md|Markdown|110|0|56
45|./src/_00/output/Javascript/facebook~create-react-app/packages/react-dev-utils/openBrowser.js|facebook|create-react-app|openBrowser.js|JavaScript|110|31|14
46|./src/_00/output/Javascript/facebook~create-react-app/test/integration/create-react-app/index.test.js|facebook|create-react-app|index.test.js|JavaScript|110|19|33
47|./src/_00/output/Javascript/facebook~create-react-app/CONTRIBUTING.md|facebook|create-react-app|CONTRIBUTING.md|Markdown|109|0|70
48|./src/_00/output/Javascript/facebook~create-react-app/.github/ISSUE_TEMPLATE/bug_report.md|facebook|create-react-app|bug_report.md|Markdown|108|0|53
49|./src/_00/output/Javascript/facebook~create-react-app/docusaurus/docs/getting-started.md|facebook|create-react-app|getting-started.md|Markdown|107|0|55
50|./src/_00/output/Javascript/facebook~create-react-app/packages/react-scripts/package.json|facebook|create-react-app|package.json|JSON|107|0|0
51|./src/_00/output/Javascript/facebook~create-react-app/packages/react-dev-utils/printHostingInstructions.js|facebook|create-react-app|printHostingInstructions.js|JavaScript|101|11|16
52|./src/_00/output/Javascript/facebook~create-react-app/packages/react-scripts/fixtures/kitchensink/template/integration/syntax.test.js|facebook|create-react-app|syntax.test.js|JavaScript|98|6|33
53|./src/_00/output/Javascript/facebook~create-react-app/packages/react-scripts/scripts/test.js|facebook|create-react-app|test.js|JavaScript|97|23|9
54|./src/_00/output/Javascript/facebook~create-react-app/packages/babel-plugin-named-asset-import/index.test.js|facebook|create-react-app|index.test.js|JavaScript|96|0|2
55|./src/_00/output/Javascript/facebook~create-react-app/packages/react-error-overlay/src/utils/unmapper.js|facebook|create-react-app|unmapper.js|JavaScript|95|23|4
56|./src/_00/output/Javascript/facebook~create-react-app/test/fixtures/__shared__/util/setup.js|facebook|create-react-app|setup.js|JavaScript|90|1|12
57|./src/_00/output/Javascript/facebook~create-react-app/tasks/cra.js|facebook|create-react-app|cra.js|JavaScript|89|16|15
58|./src/_00/output/Javascript/facebook~create-react-app/packages/react-dev-utils/ModuleScopePlugin.js|facebook|create-react-app|ModuleScopePlugin.js|JavaScript|88|14|5
59|./src/_00/output/Javascript/facebook~create-react-app/packages/react-dev-utils/formatWebpackMessages.js|facebook|create-react-app|formatWebpackMessages.js|JavaScript|88|24|16
60|./src/_00/output/Javascript/facebook~create-react-app/packages/react-dev-utils/package.json|facebook|create-react-app|package.json|JSON|87|0|0
61|./src/_00/output/Javascript/facebook~create-react-app/packages/react-error-overlay/fixtures/bundle-default.json|facebook|create-react-app|bundle-default.json|JSON|86|0|0
62|./src/_00/output/Javascript/facebook~create-react-app/packages/react-error-overlay/src/styles.js|facebook|create-react-app|styles.js|JavaScript|86|40|5
63|./src/_00/output/Javascript/facebook~create-react-app/packages/react-error-overlay/src/utils/getSourceMap.js|facebook|create-react-app|getSourceMap.js|JavaScript|86|33|10
64|./src/_00/output/Javascript/facebook~create-react-app/packages/babel-plugin-named-asset-import/index.js|facebook|create-react-app|index.js|JavaScript|83|0|12
65|./src/_00/output/Javascript/facebook~create-react-app/packages/react-scripts/fixtures/kitchensink/template/integration/initDOM.js|facebook|create-react-app|initDOM.js|JavaScript|83|9|16
66|./src/_00/output/Javascript/facebook~create-react-app/test/fixtures/__shared__/util/scripts.js|facebook|create-react-app|scripts.js|JavaScript|83|0|8
67|./src/_00/output/Javascript/facebook~create-react-app/packages/react-error-overlay/package.json|facebook|create-react-app|package.json|JSON|80|0|0
68|./src/_00/output/Javascript/facebook~create-react-app/packages/react-error-overlay/src/containers/StackFrameCodeBlock.js|facebook|create-react-app|StackFrameCodeBlock.js|JavaScript|80|11|9
69|./src/_00/output/Javascript/facebook~create-react-app/packages/react-scripts/config/modules.js|facebook|create-react-app|modules.js|JavaScript|80|38|24
70|./src/_00/output/Javascript/facebook~create-react-app/packages/react-error-overlay/src/utils/stack-frame.js|facebook|create-react-app|stack-frame.js|JavaScript|79|27|14
71|./src/_00/output/Javascript/facebook~create-react-app/packages/react-dev-utils/browsersHelper.js|facebook|create-react-app|browsersHelper.js|JavaScript|77|7|11
72|./src/_00/output/Javascript/facebook~create-react-app/tasks/e2e-kitchensink-eject.sh|facebook|create-react-app|e2e-kitchensink-eject.sh|Bourne Shell|77|47|29
73|./src/_00/output/Javascript/facebook~create-react-app/docusaurus/docs/proxying-api-requests-in-development.md|facebook|create-react-app|proxying-api-requests-in-development.md|Markdown|76|0|39
74|./src/_00/output/Javascript/facebook~create-react-app/packages/babel-preset-react-app/dependencies.js|facebook|create-react-app|dependencies.js|JavaScript|76|57|10
75|./src/_00/output/Javascript/facebook~create-react-app/packages/react-dev-utils/eslintFormatter.js|facebook|create-react-app|eslintFormatter.js|JavaScript|76|17|18
76|./src/_00/output/Javascript/facebook~create-react-app/tasks/e2e-kitchensink.sh|facebook|create-react-app|e2e-kitchensink.sh|Bourne Shell|74|45|27
77|./src/_00/output/Javascript/facebook~create-react-app/packages/react-error-overlay/build.js|facebook|create-react-app|build.js|JavaScript|73|8|16
78|./src/_00/output/Javascript/facebook~create-react-app/packages/react-error-overlay/src/containers/StackTrace.js|facebook|create-react-app|StackTrace.js|JavaScript|73|7|14
79|./src/_00/output/Javascript/facebook~create-react-app/packages/react-error-overlay/src/listenToRuntimeErrors.js|facebook|create-react-app|listenToRuntimeErrors.js|JavaScript|73|7|8
80|./src/_00/output/Javascript/facebook~create-react-app/packages/react-error-overlay/src/__tests__/mapper.js|facebook|create-react-app|mapper.js|JavaScript|72|6|6
81|./src/_00/output/Javascript/facebook~create-react-app/packages/react-error-overlay/src/containers/RuntimeErrorContainer.js|facebook|create-react-app|RuntimeErrorContainer.js|JavaScript|72|7|10
82|./src/_00/output/Javascript/facebook~create-react-app/packages/react-error-overlay/src/utils/parser.js|facebook|create-react-app|parser.js|JavaScript|71|15|7
83|./src/_00/output/Javascript/facebook~create-react-app/packages/react-dev-utils/getProcessForPort.js|facebook|create-react-app|getProcessForPort.js|JavaScript|70|6|13
84|./src/_00/output/Javascript/facebook~create-react-app/packages/react-error-overlay/src/utils/generateAnsiHTML.js|facebook|create-react-app|generateAnsiHTML.js|JavaScript|70|9|8
85|./src/_00/output/Javascript/facebook~create-react-app/.github/workflows/build-and-test.yml|facebook|create-react-app|build-and-test.yml|YAML|69|1|6
86|./src/_00/output/Javascript/facebook~create-react-app/docusaurus/docs/troubleshooting.md|facebook|create-react-app|troubleshooting.md|Markdown|69|0|40
87|./src/_00/output/Javascript/facebook~create-react-app/packages/react-error-overlay/webpack.config.iframe.js|facebook|create-react-app|webpack.config.iframe.js|JavaScript|65|13|2
88|./src/_00/output/Javascript/facebook~create-react-app/docusaurus/docs/custom-templates.md|facebook|create-react-app|custom-templates.md|Markdown|64|0|26
89|./src/_00/output/Javascript/facebook~create-react-app/packages/react-error-overlay/src/components/Collapsible.js|facebook|create-react-app|Collapsible.js|JavaScript|64|7|10
90|./src/_00/output/Javascript/facebook~create-react-app/packages/react-scripts/config/webpackDevServer.config.js|facebook|create-react-app|webpackDevServer.config.js|JavaScript|63|66|6
91|./src/_00/output/Javascript/facebook~create-react-app/packages/create-react-app/__tests__/getTemplateInstallPackage.test.js|facebook|create-react-app|getTemplateInstallPackage.test.js|JavaScript|62|6|14
92|./src/_00/output/Javascript/facebook~create-react-app/docusaurus/website/src/css/custom.css|facebook|create-react-app|custom.css|CSS|61|1|12
93|./src/_00/output/Javascript/facebook~create-react-app/packages/confusing-browser-globals/index.js|facebook|create-react-app|index.js|JavaScript|61|6|2
94|./src/_00/output/Javascript/facebook~create-react-app/packages/react-error-overlay/src/components/ErrorOverlay.js|facebook|create-react-app|ErrorOverlay.js|JavaScript|61|7|10
95|./src/_00/output/Javascript/facebook~create-react-app/package.json|facebook|create-react-app|package.json|JSON|60|0|0
96|./src/_00/output/Javascript/facebook~create-react-app/docusaurus/website/sidebars.json|facebook|create-react-app|sidebars.json|JSON|59|0|0
97|./src/_00/output/Javascript/facebook~create-react-app/packages/react-error-overlay/src/__tests__/unmapper.js|facebook|create-react-app|unmapper.js|JavaScript|59|6|7
98|./src/_00/output/Javascript/facebook~create-react-app/packages/react-scripts/config/env.js|facebook|create-react-app|env.js|JavaScript|59|43|10
99|./src/_00/output/Javascript/facebook~create-react-app/packages/react-scripts/fixtures/kitchensink/template/integration/env.test.js|facebook|create-react-app|env.test.js|JavaScript|59|6|12
100|./src/_00/output/Javascript/facebook~create-react-app/packages/react-error-overlay/src/utils/mapper.js|facebook|create-react-app|mapper.js|JavaScript|58|12|4
101|./src/_00/output/Javascript/facebook~create-react-app/CODE_OF_CONDUCT.md|facebook|create-react-app|CODE_OF_CONDUCT.md|Markdown|57|0|19
102|./src/_00/output/Javascript/facebook~create-react-app/packages/eslint-config-react-app/README.md|facebook|create-react-app|README.md|Markdown|56|0|22
103|./src/_00/output/Javascript/facebook~create-react-app/docusaurus/docs/loading-graphql-files.md|facebook|create-react-app|loading-graphql-files.md|Markdown|55|0|14
104|./src/_00/output/Javascript/facebook~create-react-app/packages/react-app-polyfill/README.md|facebook|create-react-app|README.md|Markdown|55|0|28
105|./src/_00/output/Javascript/facebook~create-react-app/packages/react-error-overlay/src/components/NavigationBar.js|facebook|create-react-app|NavigationBar.js|JavaScript|55|7|10
106|./src/_00/output/Javascript/facebook~create-react-app/docusaurus/docs/adding-css-reset.md|facebook|create-react-app|adding-css-reset.md|Markdown|54|0|19
107|./src/_00/output/Javascript/facebook~create-react-app/packages/react-error-overlay/src/iframeScript.js|facebook|create-react-app|iframeScript.js|JavaScript|54|8|6
108|./src/_00/output/Javascript/facebook~create-react-app/packages/react-scripts/lib/react-app.d.ts|facebook|create-react-app|react-app.d.ts|TypeScript|54|3|14
109|./src/_00/output/Javascript/facebook~create-react-app/.eslintrc.json|facebook|create-react-app|.eslintrc.json|JSON|52|0|0
110|./src/_00/output/Javascript/facebook~create-react-app/docusaurus/docs/adding-a-sass-stylesheet.md|facebook|create-react-app|adding-a-sass-stylesheet.md|Markdown|52|0|16
111|./src/_00/output/Javascript/facebook~create-react-app/docusaurus/docs/importing-a-component.md|facebook|create-react-app|importing-a-component.md|Markdown|52|0|24
112|./src/_00/output/Javascript/facebook~create-react-app/docusaurus/docs/measuring-performance.md|facebook|create-react-app|measuring-performance.md|Markdown|52|0|13
113|./src/_00/output/Javascript/facebook~create-react-app/packages/react-error-overlay/src/__tests__/get-source-map.js|facebook|create-react-app|get-source-map.js|JavaScript|51|8|8
114|./src/_00/output/Javascript/facebook~create-react-app/packages/react-scripts/config/getHttpsConfig.js|facebook|create-react-app|getHttpsConfig.js|JavaScript|51|15|8
115|./src/_00/output/Javascript/facebook~create-react-app/tasks/screencast.js|facebook|create-react-app|screencast.js|JavaScript|51|6|17
116|./src/_00/output/Javascript/facebook~create-react-app/docusaurus/docs/developing-components-in-isolation.md|facebook|create-react-app|developing-components-in-isolation.md|Markdown|50|0|26
117|./src/_00/output/Javascript/facebook~create-react-app/packages/react-error-overlay/src/__tests__/parser/firefox.js|facebook|create-react-app|firefox.js|JavaScript|48|6|6
118|./src/_00/output/Javascript/facebook~create-react-app/docusaurus/docs/debugging-tests.md|facebook|create-react-app|debugging-tests.md|Markdown|47|0|15
119|./src/_00/output/Javascript/facebook~create-react-app/packages/create-react-app/package.json|facebook|create-react-app|package.json|JSON|47|0|0
120|./src/_00/output/Javascript/facebook~create-react-app/packages/react-scripts/fixtures/kitchensink/template/src/features/syntax/CustomInterpolation.js|facebook|create-react-app|CustomInterpolation.js|JavaScript|47|6|9
121|./src/_00/output/Javascript/facebook~create-react-app/docusaurus/docs/adding-images-fonts-and-files.md|facebook|create-react-app|adding-images-fonts-and-files.md|Markdown|45|0|22
122|./src/_00/output/Javascript/facebook~create-react-app/docusaurus/docs/using-the-public-folder.md|facebook|create-react-app|using-the-public-folder.md|Markdown|45|0|21
123|./src/_00/output/Javascript/facebook~create-react-app/packages/react-error-overlay/src/containers/RuntimeError.js|facebook|create-react-app|RuntimeError.js|JavaScript|45|13|10
124|./src/_00/output/Javascript/facebook~create-react-app/packages/eslint-config-react-app/jest.js|facebook|create-react-app|jest.js|JavaScript|44|13|5
125|./src/_00/output/Javascript/facebook~create-react-app/packages/react-error-overlay/src/effects/proxyConsole.js|facebook|create-react-app|proxyConsole.js|JavaScript|44|18|8
126|./src/_00/output/Javascript/facebook~create-react-app/packages/react-scripts/bin/react-scripts.js|facebook|create-react-app|react-scripts.js|JavaScript|44|9|5
127|./src/_00/output/Javascript/facebook~create-react-app/docusaurus/docs/adding-bootstrap.md|facebook|create-react-app|adding-bootstrap.md|Markdown|43|0|21
128|./src/_00/output/Javascript/facebook~create-react-app/packages/babel-preset-react-app/README.md|facebook|create-react-app|README.md|Markdown|42|0|21
129|./src/_00/output/Javascript/facebook~create-react-app/packages/babel-preset-react-app/package.json|facebook|create-react-app|package.json|JSON|42|0|0
130|./src/_00/output/Javascript/facebook~create-react-app/packages/eslint-config-react-app/package.json|facebook|create-react-app|package.json|JSON|41|0|0
131|./src/_00/output/Javascript/facebook~create-react-app/packages/react-error-overlay/src/utils/parseCompileError.js|facebook|create-react-app|parseCompileError.js|JavaScript|41|9|11
132|./src/_00/output/Javascript/facebook~create-react-app/docusaurus/docs/adding-a-css-modules-stylesheet.md|facebook|create-react-app|adding-a-css-modules-stylesheet.md|Markdown|40|0|15
133|./src/_00/output/Javascript/facebook~create-react-app/docusaurus/docs/code-splitting.md|facebook|create-react-app|code-splitting.md|Markdown|40|0|16
134|./src/_00/output/Javascript/facebook~create-react-app/packages/react-dev-utils/__tests__/getCSSModuleLocalIdent.test.js|facebook|create-react-app|getCSSModuleLocalIdent.test.js|JavaScript|40|6|5
135|./src/_00/output/Javascript/facebook~create-react-app/packages/react-error-overlay/src/components/CodeBlock.js|facebook|create-react-app|CodeBlock.js|JavaScript|40|7|7
136|./src/_00/output/Javascript/facebook~create-react-app/packages/react-error-overlay/webpack.config.js|facebook|create-react-app|webpack.config.js|JavaScript|40|6|2
137|./src/_00/output/Javascript/facebook~create-react-app/packages/react-scripts/fixtures/kitchensink/template/src/features/syntax/AsyncAwait.js|facebook|create-react-app|AsyncAwait.js|JavaScript|40|10|8
138|./src/_00/output/Javascript/facebook~create-react-app/docusaurus/docs/supported-browsers-features.md|facebook|create-react-app|supported-browsers-features.md|Markdown|39|0|16
139|./src/_00/output/Javascript/facebook~create-react-app/packages/react-dev-utils/InlineChunkHtmlPlugin.js|facebook|create-react-app|InlineChunkHtmlPlugin.js|JavaScript|39|15|8
140|./src/_00/output/Javascript/facebook~create-react-app/packages/react-error-overlay/src/utils/dom/css.js|facebook|create-react-app|css.js|JavaScript|39|8|9
141|./src/_00/output/Javascript/facebook~create-react-app/docusaurus/docs/adding-typescript.md|facebook|create-react-app|adding-typescript.md|Markdown|38|0|22
142|./src/_00/output/Javascript/facebook~create-react-app/packages/cra-template/template/README.md|facebook|create-react-app|README.md|Markdown|38|0|32
143|./src/_00/output/Javascript/facebook~create-react-app/tasks/screencast-start.js|facebook|create-react-app|screencast-start.js|JavaScript|38|6|14
144|./src/_00/output/Javascript/facebook~create-react-app/test/fixtures/mjs-support/index.test.js|facebook|create-react-app|index.test.js|JavaScript|38|0|5
145|./src/_00/output/Javascript/facebook~create-react-app/.github/stale.yml|facebook|create-react-app|stale.yml|YAML|37|13|11
146|./src/_00/output/Javascript/facebook~create-react-app/packages/react-dev-utils/__tests__/ignoredFiles.test.js|facebook|create-react-app|ignoredFiles.test.js|JavaScript|37|6|12
147|./src/_00/output/Javascript/facebook~create-react-app/packages/react-error-overlay/src/utils/getStackFrames.js|facebook|create-react-app|getStackFrames.js|JavaScript|37|9|3
148|./src/_00/output/Javascript/facebook~create-react-app/packages/react-error-overlay/src/utils/warnings.js|facebook|create-react-app|warnings.js|JavaScript|37|9|8
149|./src/_00/output/Javascript/facebook~create-react-app/packages/react-scripts/fixtures/kitchensink/template/src/features/syntax/DestructuringAndAwait.js|facebook|create-react-app|DestructuringAndAwait.js|JavaScript|37|6|7
150|./src/_00/output/Javascript/facebook~create-react-app/packages/react-scripts/fixtures/kitchensink/template/src/features/syntax/Generators.js|facebook|create-react-app|Generators.js|JavaScript|37|6|7
151|./src/_00/output/Javascript/facebook~create-react-app/packages/react-scripts/fixtures/kitchensink/template/src/features/syntax/ObjectDestructuring.js|facebook|create-react-app|ObjectDestructuring.js|JavaScript|37|7|7
152|./src/_00/output/Javascript/facebook~create-react-app/packages/react-scripts/fixtures/kitchensink/template/src/features/syntax/ObjectSpread.js|facebook|create-react-app|ObjectSpread.js|JavaScript|37|6|7
153|./src/_00/output/Javascript/facebook~create-react-app/docusaurus/docs/using-https-in-development.md|facebook|create-react-app|using-https-in-development.md|Markdown|36|0|18
154|./src/_00/output/Javascript/facebook~create-react-app/packages/react-error-overlay/src/effects/unhandledRejection.js|facebook|create-react-app|unhandledRejection.js|JavaScript|36|11|6
155|./src/_00/output/Javascript/facebook~create-react-app/packages/react-scripts/fixtures/kitchensink/template/src/features/syntax/ArrayDestructuring.js|facebook|create-react-app|ArrayDestructuring.js|JavaScript|36|6|7
156|./src/_00/output/Javascript/facebook~create-react-app/packages/react-scripts/fixtures/kitchensink/template/src/features/syntax/Promises.js|facebook|create-react-app|Promises.js|JavaScript|36|6|7
157|./src/_00/output/Javascript/facebook~create-react-app/tasks/e2e-behavior.sh|facebook|create-react-app|e2e-behavior.sh|Bourne Shell|36|29|18
158|./src/_00/output/Javascript/facebook~create-react-app/docusaurus/website/src/pages/styles.module.css|facebook|create-react-app|styles.module.css|CSS|35|6|8
159|./src/_00/output/Javascript/facebook~create-react-app/packages/react-error-overlay/src/containers/CompileErrorContainer.js|facebook|create-react-app|CompileErrorContainer.js|JavaScript|35|7|5
160|./src/_00/output/Javascript/facebook~create-react-app/packages/react-error-overlay/src/utils/getPrettyURL.js|facebook|create-react-app|getPrettyURL.js|JavaScript|35|10|2
161|./src/_00/output/Javascript/facebook~create-react-app/packages/react-scripts/fixtures/kitchensink/template/src/features/syntax/ArraySpread.js|facebook|create-react-app|ArraySpread.js|JavaScript|35|6|7
162|./src/_00/output/Javascript/facebook~create-react-app/packages/react-scripts/fixtures/kitchensink/template/src/features/syntax/ComputedProperties.js|facebook|create-react-app|ComputedProperties.js|JavaScript|35|6|7
163|./src/_00/output/Javascript/facebook~create-react-app/packages/react-scripts/fixtures/kitchensink/template/src/features/syntax/DefaultParameters.js|facebook|create-react-app|DefaultParameters.js|JavaScript|35|6|7
164|./src/_00/output/Javascript/facebook~create-react-app/packages/react-scripts/fixtures/kitchensink/template/src/features/syntax/NullishCoalescing.js|facebook|create-react-app|NullishCoalescing.js|JavaScript|35|6|7
165|./src/_00/output/Javascript/facebook~create-react-app/packages/react-scripts/fixtures/kitchensink/template/src/features/syntax/OptionalChaining.js|facebook|create-react-app|OptionalChaining.js|JavaScript|35|6|7
166|./src/_00/output/Javascript/facebook~create-react-app/packages/react-scripts/fixtures/kitchensink/template/src/features/syntax/RestAndDefault.js|facebook|create-react-app|RestAndDefault.js|JavaScript|35|6|7
167|./src/_00/output/Javascript/facebook~create-react-app/packages/react-scripts/fixtures/kitchensink/template/src/features/syntax/RestParameters.js|facebook|create-react-app|RestParameters.js|JavaScript|35|6|7
168|./src/_00/output/Javascript/facebook~create-react-app/packages/react-scripts/fixtures/kitchensink/template/src/features/syntax/TemplateInterpolation.js|facebook|create-react-app|TemplateInterpolation.js|JavaScript|35|6|7
169|./src/_00/output/Javascript/facebook~create-react-app/docusaurus/docs/post-processing-css.md|facebook|create-react-app|post-processing-css.md|Markdown|34|0|10
170|./src/_00/output/Javascript/facebook~create-react-app/docusaurus/docs/title-and-meta-tags.md|facebook|create-react-app|title-and-meta-tags.md|Markdown|34|0|14
171|./src/_00/output/Javascript/facebook~create-react-app/packages/react-dev-utils/printBuildError.js|facebook|create-react-app|printBuildError.js|JavaScript|34|7|4
172|./src/_00/output/Javascript/facebook~create-react-app/.github/workflows/e2e-base.yml|facebook|create-react-app|e2e-base.yml|YAML|33|0|2
173|./src/_00/output/Javascript/facebook~create-react-app/packages/cra-template/template/src/App.css|facebook|create-react-app|App.css|CSS|33|0|5
174|./src/_00/output/Javascript/facebook~create-react-app/test/fixtures/mjs-support/src/App.js|facebook|create-react-app|App.js|JavaScript|33|0|3
175|./src/_00/output/Javascript/facebook~create-react-app/packages/react-app-polyfill/package.json|facebook|create-react-app|package.json|JSON|31|0|0
176|./src/_00/output/Javascript/facebook~create-react-app/packages/react-dev-utils/getPublicUrlOrPath.js|facebook|create-react-app|getPublicUrlOrPath.js|JavaScript|31|24|10
177|./src/_00/output/Javascript/facebook~create-react-app/packages/react-error-overlay/src/effects/unhandledError.js|facebook|create-react-app|unhandledError.js|JavaScript|31|11|6
178|./src/_00/output/Javascript/facebook~create-react-app/packages/react-scripts/config/jest/fileTransform.js|facebook|create-react-app|fileTransform.js|JavaScript|31|4|5
179|./src/_00/output/Javascript/facebook~create-react-app/tasks/e2e-old-node.sh|facebook|create-react-app|e2e-old-node.sh|Bourne Shell|31|17|13
180|./src/_00/output/Javascript/facebook~create-react-app/docusaurus/docs/analyzing-the-bundle-size.md|facebook|create-react-app|analyzing-the-bundle-size.md|Markdown|30|0|9
181|./src/_00/output/Javascript/facebook~create-react-app/packages/confusing-browser-globals/README.md|facebook|create-react-app|README.md|Markdown|30|0|15
182|./src/_00/output/Javascript/facebook~create-react-app/packages/eslint-config-react-app/base.js|facebook|create-react-app|base.js|JavaScript|30|10|10
183|./src/_00/output/Javascript/facebook~create-react-app/packages/react-dev-utils/evalSourceMapMiddleware.js|facebook|create-react-app|evalSourceMapMiddleware.js|JavaScript|30|13|4
184|./src/_00/output/Javascript/facebook~create-react-app/test/fixtures/typescript/src/App.ts|facebook|create-react-app|App.ts|TypeScript|30|0|7
185|./src/_00/output/Javascript/facebook~create-react-app/docusaurus/docs/advanced-configuration.md|facebook|create-react-app|advanced-configuration.md|Markdown|29|0|3
186|./src/_00/output/Javascript/facebook~create-react-app/docusaurus/docs/folder-structure.md|facebook|create-react-app|folder-structure.md|Markdown|29|0|9
187|./src/_00/output/Javascript/facebook~create-react-app/docusaurus/website/package.json|facebook|create-react-app|package.json|JSON|29|0|0
188|./src/_00/output/Javascript/facebook~create-react-app/packages/react-error-overlay/src/components/CloseButton.js|facebook|create-react-app|CloseButton.js|JavaScript|29|7|5
189|./src/_00/output/Javascript/facebook~create-react-app/test/fixtures/issue-5947-not-typescript/index.test.js|facebook|create-react-app|index.test.js|JavaScript|29|11|6
190|./src/_00/output/Javascript/facebook~create-react-app/test/fixtures/typescript-typecheck/index.test.js|facebook|create-react-app|index.test.js|JavaScript|29|0|6
191|./src/_00/output/Javascript/facebook~create-react-app/packages/babel-plugin-named-asset-import/package.json|facebook|create-react-app|package.json|JSON|28|0|0
192|./src/_00/output/Javascript/facebook~create-react-app/packages/react-error-overlay/src/effects/stackTraceLimit.js|facebook|create-react-app|stackTraceLimit.js|JavaScript|28|10|5
193|./src/_00/output/Javascript/facebook~create-react-app/packages/react-error-overlay/src/utils/dom/absolutifyCaret.js|facebook|create-react-app|absolutifyCaret.js|JavaScript|28|10|3
194|./src/_00/output/Javascript/facebook~create-react-app/packages/react-scripts/fixtures/kitchensink/template/README.md|facebook|create-react-app|README.md|Markdown|28|0|24
195|./src/_00/output/Javascript/facebook~create-react-app/packages/react-scripts/fixtures/kitchensink/template/src/features/config/BaseUrl.js|facebook|create-react-app|BaseUrl.js|JavaScript|28|6|6
196|./src/_00/output/Javascript/facebook~create-react-app/test/fixtures/jsconfig/src/App.js|facebook|create-react-app|App.js|JavaScript|28|6|7
197|./src/_00/output/Javascript/facebook~create-react-app/.github/ISSUE_TEMPLATE/proposal.md|facebook|create-react-app|proposal.md|Markdown|27|0|12
198|./src/_00/output/Javascript/facebook~create-react-app/docusaurus/docs/adding-relay.md|facebook|create-react-app|adding-relay.md|Markdown|27|0|9
199|./src/_00/output/Javascript/facebook~create-react-app/packages/cra-template-typescript/package.json|facebook|create-react-app|package.json|JSON|27|0|0
200|./src/_00/output/Javascript/facebook~create-react-app/packages/react-dev-utils/getCSSModuleLocalIdent.js|facebook|create-react-app|getCSSModuleLocalIdent.js|JavaScript|27|10|3
201|./src/_00/output/Javascript/facebook~create-react-app/tasks/verdaccio.yaml|facebook|create-react-app|verdaccio.yaml|YAML|27|26|9
202|./src/_00/output/Javascript/facebook~create-react-app/docusaurus/docs/adding-a-stylesheet.md|facebook|create-react-app|adding-a-stylesheet.md|Markdown|26|0|9
203|./src/_00/output/Javascript/facebook~create-react-app/packages/cra-template-typescript/template/README.md|facebook|create-react-app|README.md|Markdown|26|0|20
204|./src/_00/output/Javascript/facebook~create-react-app/packages/cra-template/package.json|facebook|create-react-app|package.json|JSON|26|0|0
205|./src/_00/output/Javascript/facebook~create-react-app/test/README.md|facebook|create-react-app|README.md|Markdown|26|0|19
206|./src/_00/output/Javascript/facebook~create-react-app/packages/confusing-browser-globals/package.json|facebook|create-react-app|package.json|JSON|25|0|0
207|./src/_00/output/Javascript/facebook~create-react-app/packages/cra-template/template/public/manifest.json|facebook|create-react-app|manifest.json|JSON|25|0|0
208|./src/_00/output/Javascript/facebook~create-react-app/packages/react-error-overlay/src/__tests__/stack-frame.js|facebook|create-react-app|stack-frame.js|JavaScript|25|6|5
209|./src/_00/output/Javascript/facebook~create-react-app/packages/react-scripts/config/jest/babelTransform.js|facebook|create-react-app|babelTransform.js|JavaScript|25|8|4
210|./src/_00/output/Javascript/facebook~create-react-app/packages/react-scripts/fixtures/kitchensink/template/src/features/syntax/ClassProperties.js|facebook|create-react-app|ClassProperties.js|JavaScript|25|6|5
211|./src/_00/output/Javascript/facebook~create-react-app/packages/cra-template-typescript/template/src/App.tsx|facebook|create-react-app|App.tsx|TypeScript|24|0|2
212|./src/_00/output/Javascript/facebook~create-react-app/packages/react-dev-utils/InterpolateHtmlPlugin.js|facebook|create-react-app|InterpolateHtmlPlugin.js|JavaScript|24|13|6
213|./src/_00/output/Javascript/facebook~create-react-app/packages/react-error-overlay/src/components/Footer.js|facebook|create-react-app|Footer.js|JavaScript|24|7|5
214|./src/_00/output/Javascript/facebook~create-react-app/packages/cra-template/template/src/App.js|facebook|create-react-app|App.js|JavaScript|23|0|2
215|./src/_00/output/Javascript/facebook~create-react-app/packages/react-dev-utils/noopServiceWorkerMiddleware.js|facebook|create-react-app|noopServiceWorkerMiddleware.js|JavaScript|23|12|5
216|./src/_00/output/Javascript/facebook~create-react-app/packages/react-error-overlay/src/__tests__/parser/generic.js|facebook|create-react-app|generic.js|JavaScript|23|6|3
217|./src/_00/output/Javascript/facebook~create-react-app/docusaurus/docs/available-scripts.md|facebook|create-react-app|available-scripts.md|Markdown|22|0|17
218|./src/_00/output/Javascript/facebook~create-react-app/packages/react-dev-utils/checkRequiredFiles.js|facebook|create-react-app|checkRequiredFiles.js|JavaScript|22|6|4
219|./src/_00/output/Javascript/facebook~create-react-app/test/fixtures/typescript-advanced/src/App.tsx|facebook|create-react-app|App.tsx|TypeScript|22|0|7
220|./src/_00/output/Javascript/facebook~create-react-app/docusaurus/docs/production-build.md|facebook|create-react-app|production-build.md|Markdown|21|0|15
221|./src/_00/output/Javascript/facebook~create-react-app/docusaurus/website/README.md|facebook|create-react-app|README.md|Markdown|21|0|12
222|./src/_00/output/Javascript/facebook~create-react-app/packages/react-error-overlay/src/__tests__/extract-source-map.js|facebook|create-react-app|extract-source-map.js|JavaScript|21|6|3
223|./src/_00/output/Javascript/facebook~create-react-app/packages/react-error-overlay/src/components/Header.js|facebook|create-react-app|Header.js|JavaScript|21|9|5
224|./src/_00/output/Javascript/facebook~create-react-app/packages/react-error-overlay/src/utils/getLinesAround.js|facebook|create-react-app|getLinesAround.js|JavaScript|21|13|3
225|./src/_00/output/Javascript/facebook~create-react-app/tasks/local-registry.sh|facebook|create-react-app|local-registry.sh|Bourne Shell|21|4|5
226|./src/_00/output/Javascript/facebook~create-react-app/test/fixtures/typescript/src/App.test.ts|facebook|create-react-app|App.test.ts|TypeScript|21|0|4
227|./src/_00/output/Javascript/facebook~create-react-app/docusaurus/docs/adding-flow.md|facebook|create-react-app|adding-flow.md|Markdown|20|0|8
228|./src/_00/output/Javascript/facebook~create-react-app/docusaurus/docs/integrating-with-an-api-backend.md|facebook|create-react-app|integrating-with-an-api-backend.md|Markdown|20|0|9
229|./src/_00/output/Javascript/facebook~create-react-app/packages/cra-template/template/public/index.html|facebook|create-react-app|index.html|HTML|20|20|3
230|./src/_00/output/Javascript/facebook~create-react-app/packages/react-dev-utils/redirectServedPathMiddleware.js|facebook|create-react-app|redirectServedPathMiddleware.js|JavaScript|20|7|2
231|./src/_00/output/Javascript/facebook~create-react-app/.github/workflows/lint.yml|facebook|create-react-app|lint.yml|YAML|19|0|2
232|./src/_00/output/Javascript/facebook~create-react-app/lerna.json|facebook|create-react-app|lerna.json|JSON|19|0|0
233|./src/_00/output/Javascript/facebook~create-react-app/tasks/screencast.sh|facebook|create-react-app|screencast.sh|Bourne Shell|19|8|6
234|./src/_00/output/Javascript/facebook~create-react-app/test/fixtures/relative-paths/index.test.js|facebook|create-react-app|index.test.js|JavaScript|19|4|4
235|./src/_00/output/Javascript/facebook~create-react-app/packages/cra-template-typescript/template.json|facebook|create-react-app|template.json|JSON|18|0|0
236|./src/_00/output/Javascript/facebook~create-react-app/packages/react-scripts/fixtures/kitchensink/template/src/features/webpack/SvgComponent.test.js|facebook|create-react-app|SvgComponent.test.js|JavaScript|18|6|3
237|./src/_00/output/Javascript/facebook~create-react-app/test/fixtures/__shared__/test-setup.js|facebook|create-react-app|test-setup.js|JavaScript|18|0|5
238|./src/_00/output/Javascript/facebook~create-react-app/packages/babel-preset-react-app/webpack-overrides.js|facebook|create-react-app|webpack-overrides.js|JavaScript|17|13|3
239|./src/_00/output/Javascript/facebook~create-react-app/packages/create-react-app/index.js|facebook|create-react-app|index.js|JavaScript|17|32|7
240|./src/_00/output/Javascript/facebook~create-react-app/packages/react-scripts/fixtures/kitchensink/template/src/features/env/FileEnvVariables.js|facebook|create-react-app|FileEnvVariables.js|JavaScript|17|6|3
241|./src/_00/output/Javascript/facebook~create-react-app/tasks/publish.sh|facebook|create-react-app|publish.sh|Bourne Shell|17|19|9
242|./src/_00/output/Javascript/facebook~create-react-app/packages/react-error-overlay/src/utils/isBultinErrorName.js|facebook|create-react-app|isBultinErrorName.js|JavaScript|16|7|2
243|./src/_00/output/Javascript/facebook~create-react-app/test/fixtures/typescript-advanced/index.test.js|facebook|create-react-app|index.test.js|JavaScript|16|0|2
244|./src/_00/output/Javascript/facebook~create-react-app/docusaurus/docs/adding-a-router.md|facebook|create-react-app|adding-a-router.md|Markdown|15|0|7
245|./src/_00/output/Javascript/facebook~create-react-app/docusaurus/docs/documentation-intro.md|facebook|create-react-app|documentation-intro.md|Markdown|15|0|10
246|./src/_00/output/Javascript/facebook~create-react-app/packages/react-dev-utils/errorOverlayMiddleware.js|facebook|create-react-app|errorOverlayMiddleware.js|JavaScript|15|6|2
247|./src/_00/output/Javascript/facebook~create-react-app/packages/react-error-overlay/flow/env.js|facebook|create-react-app|env.js|JavaScript|15|0|4
248|./src/_00/output/Javascript/facebook~create-react-app/packages/cra-template-typescript/template/src/index.tsx|facebook|create-react-app|index.tsx|TypeScript|14|3|2
249|./src/_00/output/Javascript/facebook~create-react-app/packages/react-scripts/fixtures/kitchensink/template/integration/config.test.js|facebook|create-react-app|config.test.js|JavaScript|14|6|5
250|./src/_00/output/Javascript/facebook~create-react-app/packages/react-scripts/fixtures/kitchensink/template/src/features/env/ExpandEnvVariables.js|facebook|create-react-app|ExpandEnvVariables.js|JavaScript|14|6|3
251|./src/_00/output/Javascript/facebook~create-react-app/packages/react-scripts/fixtures/kitchensink/template/src/features/webpack/LinkedModules.test.js|facebook|create-react-app|LinkedModules.test.js|JavaScript|14|6|3
252|./src/_00/output/Javascript/facebook~create-react-app/test/fixtures/global-scss-asset-resolution/index.test.js|facebook|create-react-app|index.test.js|JavaScript|14|1|3
253|./src/_00/output/Javascript/facebook~create-react-app/test/fixtures/jsconfig/index.test.js|facebook|create-react-app|index.test.js|JavaScript|14|0|2
254|./src/_00/output/Javascript/facebook~create-react-app/docusaurus/docs/can-i-use-decorators.md|facebook|create-react-app|can-i-use-decorators.md|Markdown|13|0|7
255|./src/_00/output/Javascript/facebook~create-react-app/docusaurus/docs/installing-a-dependency.md|facebook|create-react-app|installing-a-dependency.md|Markdown|13|0|5
256|./src/_00/output/Javascript/facebook~create-react-app/docusaurus/docs/updating-to-new-releases.md|facebook|create-react-app|updating-to-new-releases.md|Markdown|13|0|8
257|./src/_00/output/Javascript/facebook~create-react-app/packages/cra-template-typescript/template/src/reportWebVitals.ts|facebook|create-react-app|reportWebVitals.ts|TypeScript|13|0|2
258|./src/_00/output/Javascript/facebook~create-react-app/packages/cra-template/template.json|facebook|create-react-app|template.json|JSON|13|0|0
259|./src/_00/output/Javascript/facebook~create-react-app/test/fixtures/builds-with-multiple-runtimes/src/index.js|facebook|create-react-app|index.js|JavaScript|13|0|1
260|./src/_00/output/Javascript/facebook~create-react-app/packages/cra-template-typescript/README.md|facebook|create-react-app|README.md|Markdown|12|0|8
261|./src/_00/output/Javascript/facebook~create-react-app/packages/cra-template/template/src/index.css|facebook|create-react-app|index.css|CSS|12|0|1
262|./src/_00/output/Javascript/facebook~create-react-app/packages/cra-template/template/src/index.js|facebook|create-react-app|index.js|JavaScript|12|3|2
263|./src/_00/output/Javascript/facebook~create-react-app/packages/cra-template/template/src/reportWebVitals.js|facebook|create-react-app|reportWebVitals.js|JavaScript|12|0|1
264|./src/_00/output/Javascript/facebook~create-react-app/packages/react-dev-utils/getCacheIdentifier.js|facebook|create-react-app|getCacheIdentifier.js|JavaScript|12|7|2
265|./src/_00/output/Javascript/facebook~create-react-app/packages/react-error-overlay/src/__tests__/parser/chrome.js|facebook|create-react-app|chrome.js|JavaScript|12|6|2
266|./src/_00/output/Javascript/facebook~create-react-app/packages/react-error-overlay/src/__tests__/parser/react.js|facebook|create-react-app|react.js|JavaScript|12|6|2
267|./src/_00/output/Javascript/facebook~create-react-app/packages/react-error-overlay/src/__tests__/parser/safari.js|facebook|create-react-app|safari.js|JavaScript|12|6|2
268|./src/_00/output/Javascript/facebook~create-react-app/packages/react-error-overlay/src/utils/isInternalFile.js|facebook|create-react-app|isInternalFile.js|JavaScript|12|7|2
269|./src/_00/output/Javascript/facebook~create-react-app/packages/react-scripts/fixtures/kitchensink/template.json|facebook|create-react-app|template.json|JSON|12|0|0
270|./src/_00/output/Javascript/facebook~create-react-app/packages/react-scripts/fixtures/kitchensink/template/public/index.html|facebook|create-react-app|index.html|HTML|12|0|0
271|./src/_00/output/Javascript/facebook~create-react-app/packages/react-scripts/fixtures/kitchensink/template/src/features/syntax/Promises.test.js|facebook|create-react-app|Promises.test.js|JavaScript|12|6|2
272|./src/_00/output/Javascript/facebook~create-react-app/packages/react-scripts/fixtures/kitchensink/template/src/features/webpack/CssModulesInclusion.js|facebook|create-react-app|CssModulesInclusion.js|JavaScript|12|6|3
273|./src/_00/output/Javascript/facebook~create-react-app/packages/react-scripts/fixtures/kitchensink/template/src/features/webpack/SassModulesInclusion.js|facebook|create-react-app|SassModulesInclusion.js|JavaScript|12|6|3
274|./src/_00/output/Javascript/facebook~create-react-app/packages/react-scripts/fixtures/kitchensink/template/src/features/webpack/ScssModulesInclusion.js|facebook|create-react-app|ScssModulesInclusion.js|JavaScript|12|6|3
275|./src/_00/output/Javascript/facebook~create-react-app/packages/react-scripts/fixtures/kitchensink/template/src/features/webpack/assets/scss-styles.scss|facebook|create-react-app|scss-styles.scss|Sass|12|0|2
276|./src/_00/output/Javascript/facebook~create-react-app/docusaurus/docs/fetching-data-with-ajax-requests.md|facebook|create-react-app|fetching-data-with-ajax-requests.md|Markdown|11|0|5
277|./src/_00/output/Javascript/facebook~create-react-app/docusaurus/docs/using-global-variables.md|facebook|create-react-app|using-global-variables.md|Markdown|11|0|5
278|./src/_00/output/Javascript/facebook~create-react-app/packages/react-app-polyfill/ie11.js|facebook|create-react-app|ie11.js|JavaScript|11|16|4
279|./src/_00/output/Javascript/facebook~create-react-app/packages/react-dev-utils/ForkTsCheckerWarningWebpackPlugin.js|facebook|create-react-app|ForkTsCheckerWarningWebpackPlugin.js|JavaScript|11|9|5
280|./src/_00/output/Javascript/facebook~create-react-app/packages/react-dev-utils/ignoredFiles.js|facebook|create-react-app|ignoredFiles.js|JavaScript|11|6|3
281|./src/_00/output/Javascript/facebook~create-react-app/packages/react-scripts/fixtures/kitchensink/template/src/features/config/BaseUrl.test.js|facebook|create-react-app|BaseUrl.test.js|JavaScript|11|6|2
282|./src/_00/output/Javascript/facebook~create-react-app/packages/react-scripts/fixtures/kitchensink/template/src/features/syntax/ArrayDestructuring.test.js|facebook|create-react-app|ArrayDestructuring.test.js|JavaScript|11|6|2
283|./src/_00/output/Javascript/facebook~create-react-app/packages/react-scripts/fixtures/kitchensink/template/src/features/syntax/ArraySpread.test.js|facebook|create-react-app|ArraySpread.test.js|JavaScript|11|6|2
284|./src/_00/output/Javascript/facebook~create-react-app/packages/react-scripts/fixtures/kitchensink/template/src/features/syntax/AsyncAwait.test.js|facebook|create-react-app|AsyncAwait.test.js|JavaScript|11|6|2
285|./src/_00/output/Javascript/facebook~create-react-app/packages/react-scripts/fixtures/kitchensink/template/src/features/syntax/ClassProperties.test.js|facebook|create-react-app|ClassProperties.test.js|JavaScript|11|6|2
286|./src/_00/output/Javascript/facebook~create-react-app/packages/react-scripts/fixtures/kitchensink/template/src/features/syntax/ComputedProperties.test.js|facebook|create-react-app|ComputedProperties.test.js|JavaScript|11|6|2
287|./src/_00/output/Javascript/facebook~create-react-app/packages/react-scripts/fixtures/kitchensink/template/src/features/syntax/CustomInterpolation.test.js|facebook|create-react-app|CustomInterpolation.test.js|JavaScript|11|6|2
288|./src/_00/output/Javascript/facebook~create-react-app/packages/react-scripts/fixtures/kitchensink/template/src/features/syntax/DefaultParameters.test.js|facebook|create-react-app|DefaultParameters.test.js|JavaScript|11|6|2
289|./src/_00/output/Javascript/facebook~create-react-app/packages/react-scripts/fixtures/kitchensink/template/src/features/syntax/DestructuringAndAwait.test.js|facebook|create-react-app|DestructuringAndAwait.test.js|JavaScript|11|6|2
290|./src/_00/output/Javascript/facebook~create-react-app/packages/react-scripts/fixtures/kitchensink/template/src/features/syntax/Generators.test.js|facebook|create-react-app|Generators.test.js|JavaScript|11|6|2
291|./src/_00/output/Javascript/facebook~create-react-app/packages/react-scripts/fixtures/kitchensink/template/src/features/syntax/NullishCoalescing.test.js|facebook|create-react-app|NullishCoalescing.test.js|JavaScript|11|6|2
292|./src/_00/output/Javascript/facebook~create-react-app/packages/react-scripts/fixtures/kitchensink/template/src/features/syntax/ObjectDestructuring.test.js|facebook|create-react-app|ObjectDestructuring.test.js|JavaScript|11|6|2
293|./src/_00/output/Javascript/facebook~create-react-app/packages/react-scripts/fixtures/kitchensink/template/src/features/syntax/ObjectSpread.test.js|facebook|create-react-app|ObjectSpread.test.js|JavaScript|11|6|2
294|./src/_00/output/Javascript/facebook~create-react-app/packages/react-scripts/fixtures/kitchensink/template/src/features/syntax/OptionalChaining.test.js|facebook|create-react-app|OptionalChaining.test.js|JavaScript|11|6|2
295|./src/_00/output/Javascript/facebook~create-react-app/packages/react-scripts/fixtures/kitchensink/template/src/features/syntax/RestAndDefault.test.js|facebook|create-react-app|RestAndDefault.test.js|JavaScript|11|6|2
296|./src/_00/output/Javascript/facebook~create-react-app/packages/react-scripts/fixtures/kitchensink/template/src/features/syntax/RestParameters.test.js|facebook|create-react-app|RestParameters.test.js|JavaScript|11|6|2
297|./src/_00/output/Javascript/facebook~create-react-app/packages/react-scripts/fixtures/kitchensink/template/src/features/syntax/TemplateInterpolation.test.js|facebook|create-react-app|TemplateInterpolation.test.js|JavaScript|11|6|2
298|./src/_00/output/Javascript/facebook~create-react-app/packages/react-scripts/fixtures/kitchensink/template/src/features/webpack/LinkedModules.js|facebook|create-react-app|LinkedModules.js|JavaScript|11|6|3
299|./src/_00/output/Javascript/facebook~create-react-app/packages/react-scripts/fixtures/kitchensink/template/src/features/webpack/NoExtInclusion.js|facebook|create-react-app|NoExtInclusion.js|JavaScript|11|6|4
300|./src/_00/output/Javascript/facebook~create-react-app/packages/react-scripts/fixtures/kitchensink/template/src/features/webpack/UnknownExtInclusion.js|facebook|create-react-app|UnknownExtInclusion.js|JavaScript|11|6|4
301|./src/_00/output/Javascript/facebook~create-react-app/test/fixtures/webpack-message-formatting/src/AppAliasUnknownExport.js|facebook|create-react-app|AppAliasUnknownExport.js|JavaScript|11|0|2
302|./src/_00/output/Javascript/facebook~create-react-app/test/fixtures/webpack-message-formatting/src/AppBabel.js|facebook|create-react-app|AppBabel.js|JavaScript|11|0|2
303|./src/_00/output/Javascript/facebook~create-react-app/test/fixtures/webpack-message-formatting/src/AppMissingPackage.js|facebook|create-react-app|AppMissingPackage.js|JavaScript|11|0|2
304|./src/_00/output/Javascript/facebook~create-react-app/test/fixtures/webpack-message-formatting/src/AppUnknownExport.js|facebook|create-react-app|AppUnknownExport.js|JavaScript|11|0|2
305|./src/_00/output/Javascript/facebook~create-react-app/packages/react-scripts/fixtures/kitchensink/template/src/features/webpack/DynamicImport.test.js|facebook|create-react-app|DynamicImport.test.js|JavaScript|10|6|2
306|./src/_00/output/Javascript/facebook~create-react-app/test/fixtures/builds-with-multiple-runtimes/index.test.js|facebook|create-react-app|index.test.js|JavaScript|10|0|2
307|./src/_00/output/Javascript/facebook~create-react-app/test/fixtures/issue-5176-flow-class-properties/src/App.js|facebook|create-react-app|App.js|JavaScript|10|0|1
308|./src/_00/output/Javascript/facebook~create-react-app/test/fixtures/typescript-advanced/package.json|facebook|create-react-app|package.json|JSON|10|0|0
309|./src/_00/output/Javascript/facebook~create-react-app/test/fixtures/typescript-typecheck/src/App.tsx|facebook|create-react-app|App.tsx|TypeScript|10|0|3
310|./src/_00/output/Javascript/facebook~create-react-app/test/fixtures/webpack-message-formatting/src/AppLintError.js|facebook|create-react-app|AppLintError.js|JavaScript|10|0|3
311|./src/_00/output/Javascript/facebook~create-react-app/.github/ISSUE_TEMPLATE/question.md|facebook|create-react-app|question.md|Markdown|9|0|4
312|./src/_00/output/Javascript/facebook~create-react-app/docusaurus/docs/pre-rendering-into-static-html-files.md|facebook|create-react-app|pre-rendering-into-static-html-files.md|Markdown|9|0|4
313|./src/_00/output/Javascript/facebook~create-react-app/packages/react-dev-utils/refreshOverlayInterop.js|facebook|create-react-app|refreshOverlayInterop.js|JavaScript|9|8|2
314|./src/_00/output/Javascript/facebook~create-react-app/packages/react-scripts/config/jest/cssTransform.js|facebook|create-react-app|cssTransform.js|JavaScript|9|11|2
315|./src/_00/output/Javascript/facebook~create-react-app/packages/react-scripts/fixtures/kitchensink/template/src/features/env/ExpandEnvVariables.test.js|facebook|create-react-app|ExpandEnvVariables.test.js|JavaScript|9|6|2
316|./src/_00/output/Javascript/facebook~create-react-app/packages/react-scripts/fixtures/kitchensink/template/src/features/env/FileEnvVariables.test.js|facebook|create-react-app|FileEnvVariables.test.js|JavaScript|9|6|2
317|./src/_00/output/Javascript/facebook~create-react-app/packages/react-scripts/fixtures/kitchensink/template/src/features/env/PublicUrl.test.js|facebook|create-react-app|PublicUrl.test.js|JavaScript|9|6|2
318|./src/_00/output/Javascript/facebook~create-react-app/packages/react-scripts/fixtures/kitchensink/template/src/features/env/ShellEnvVariables.test.js|facebook|create-react-app|ShellEnvVariables.test.js|JavaScript|9|6|2
319|./src/_00/output/Javascript/facebook~create-react-app/packages/react-scripts/fixtures/kitchensink/template/src/features/webpack/CssInclusion.test.js|facebook|create-react-app|CssInclusion.test.js|JavaScript|9|6|2
320|./src/_00/output/Javascript/facebook~create-react-app/packages/react-scripts/fixtures/kitchensink/template/src/features/webpack/CssModulesInclusion.test.js|facebook|create-react-app|CssModulesInclusion.test.js|JavaScript|9|6|2
321|./src/_00/output/Javascript/facebook~create-react-app/packages/react-scripts/fixtures/kitchensink/template/src/features/webpack/ImageInclusion.test.js|facebook|create-react-app|ImageInclusion.test.js|JavaScript|9|6|2
322|./src/_00/output/Javascript/facebook~create-react-app/packages/react-scripts/fixtures/kitchensink/template/src/features/webpack/JsonInclusion.test.js|facebook|create-react-app|JsonInclusion.test.js|JavaScript|9|6|2
323|./src/_00/output/Javascript/facebook~create-react-app/packages/react-scripts/fixtures/kitchensink/template/src/features/webpack/NoExtInclusion.test.js|facebook|create-react-app|NoExtInclusion.test.js|JavaScript|9|6|2
324|./src/_00/output/Javascript/facebook~create-react-app/packages/react-scripts/fixtures/kitchensink/template/src/features/webpack/SassInclusion.test.js|facebook|create-react-app|SassInclusion.test.js|JavaScript|9|6|2
325|./src/_00/output/Javascript/facebook~create-react-app/packages/react-scripts/fixtures/kitchensink/template/src/features/webpack/SassModulesInclusion.test.js|facebook|create-react-app|SassModulesInclusion.test.js|JavaScript|9|6|2
326|./src/_00/output/Javascript/facebook~create-react-app/packages/react-scripts/fixtures/kitchensink/template/src/features/webpack/ScssInclusion.test.js|facebook|create-react-app|ScssInclusion.test.js|JavaScript|9|6|2
327|./src/_00/output/Javascript/facebook~create-react-app/packages/react-scripts/fixtures/kitchensink/template/src/features/webpack/ScssModulesInclusion.test.js|facebook|create-react-app|ScssModulesInclusion.test.js|JavaScript|9|6|2
328|./src/_00/output/Javascript/facebook~create-react-app/packages/react-scripts/fixtures/kitchensink/template/src/features/webpack/SvgComponent.js|facebook|create-react-app|SvgComponent.js|JavaScript|9|6|4
329|./src/_00/output/Javascript/facebook~create-react-app/packages/react-scripts/fixtures/kitchensink/template/src/features/webpack/SvgInCss.test.js|facebook|create-react-app|SvgInCss.test.js|JavaScript|9|0|1
330|./src/_00/output/Javascript/facebook~create-react-app/packages/react-scripts/fixtures/kitchensink/template/src/features/webpack/SvgInclusion.test.js|facebook|create-react-app|SvgInclusion.test.js|JavaScript|9|6|2
331|./src/_00/output/Javascript/facebook~create-react-app/packages/react-scripts/fixtures/kitchensink/template/src/features/webpack/UnknownExtInclusion.test.js|facebook|create-react-app|UnknownExtInclusion.test.js|JavaScript|9|6|2
332|./src/_00/output/Javascript/facebook~create-react-app/test/fixtures/__shared__/template/public/index.html|facebook|create-react-app|index.html|HTML|9|0|0
333|./src/_00/output/Javascript/facebook~create-react-app/test/fixtures/builds-with-multiple-runtimes/package.json|facebook|create-react-app|package.json|JSON|9|0|0
334|./src/_00/output/Javascript/facebook~create-react-app/test/fixtures/jsconfig/src/App.test.js|facebook|create-react-app|App.test.js|JavaScript|9|6|2
335|./src/_00/output/Javascript/facebook~create-react-app/test/fixtures/typescript-typecheck/package.json|facebook|create-react-app|package.json|JSON|9|0|0
336|./src/_00/output/Javascript/facebook~create-react-app/test/fixtures/webpack-message-formatting/package.json|facebook|create-react-app|package.json|JSON|9|0|0
337|./src/_00/output/Javascript/facebook~create-react-app/packages/confusing-browser-globals/test.js|facebook|create-react-app|test.js|JavaScript|8|7|5
338|./src/_00/output/Javascript/facebook~create-react-app/packages/cra-template-typescript/template/src/App.test.tsx|facebook|create-react-app|App.test.tsx|TypeScript|8|0|1
339|./src/_00/output/Javascript/facebook~create-react-app/packages/react-error-overlay/fixtures/inline.mjs|facebook|create-react-app|inline.mjs|JavaScript|8|1|3
340|./src/_00/output/Javascript/facebook~create-react-app/packages/react-error-overlay/fixtures/junk-inline.mjs|facebook|create-react-app|junk-inline.mjs|JavaScript|8|1|3
341|./src/_00/output/Javascript/facebook~create-react-app/packages/react-error-overlay/src/__tests__/lines-around.js|facebook|create-react-app|lines-around.js|JavaScript|8|6|4
342|./src/_00/output/Javascript/facebook~create-react-app/test/fixtures/boostrap-sass/package.json|facebook|create-react-app|package.json|JSON|8|0|0
343|./src/_00/output/Javascript/facebook~create-react-app/test/fixtures/mjs-support/package.json|facebook|create-react-app|package.json|JSON|8|0|0
344|./src/_00/output/Javascript/facebook~create-react-app/test/fixtures/relative-paths/src/index.css|facebook|create-react-app|index.css|CSS|8|0|0
345|./src/_00/output/Javascript/facebook~create-react-app/test/fixtures/typescript/index.test.js|facebook|create-react-app|index.test.js|JavaScript|8|0|2
346|./src/_00/output/Javascript/facebook~create-react-app/test/fixtures/webpack-message-formatting/src/AppCss.js|facebook|create-react-app|AppCss.js|JavaScript|8|0|2
347|./src/_00/output/Javascript/facebook~create-react-app/test/fixtures/webpack-message-formatting/src/AppIncorrectCase.js|facebook|create-react-app|AppIncorrectCase.js|JavaScript|8|0|2
348|./src/_00/output/Javascript/facebook~create-react-app/test/fixtures/webpack-message-formatting/src/AppLintWarning.js|facebook|create-react-app|AppLintWarning.js|JavaScript|8|0|3
349|./src/_00/output/Javascript/facebook~create-react-app/test/fixtures/webpack-message-formatting/src/AppNoDefault.js|facebook|create-react-app|AppNoDefault.js|JavaScript|8|0|2
350|./src/_00/output/Javascript/facebook~create-react-app/test/fixtures/webpack-message-formatting/src/AppOutOfScopeImport.js|facebook|create-react-app|AppOutOfScopeImport.js|JavaScript|8|0|2
351|./src/_00/output/Javascript/facebook~create-react-app/test/fixtures/webpack-message-formatting/src/AppSass.js|facebook|create-react-app|AppSass.js|JavaScript|8|0|2
352|./src/_00/output/Javascript/facebook~create-react-app/test/fixtures/webpack-message-formatting/src/AppUnknownFile.js|facebook|create-react-app|AppUnknownFile.js|JavaScript|8|0|2
353|./src/_00/output/Javascript/facebook~create-react-app/packages/cra-template/template/src/App.test.js|facebook|create-react-app|App.test.js|JavaScript|7|0|1
354|./src/_00/output/Javascript/facebook~create-react-app/packages/react-dev-utils/clearConsole.js|facebook|create-react-app|clearConsole.js|JavaScript|7|6|3
355|./src/_00/output/Javascript/facebook~create-react-app/packages/react-error-overlay/README.md|facebook|create-react-app|README.md|Markdown|7|0|4
356|./src/_00/output/Javascript/facebook~create-react-app/packages/react-error-overlay/src/__tests__/script-lines.js|facebook|create-react-app|script-lines.js|JavaScript|7|6|3
357|./src/_00/output/Javascript/facebook~create-react-app/packages/react-scripts/config/webpack/persistentCache/createEnvironmentHash.js|facebook|create-react-app|createEnvironmentHash.js|JavaScript|7|0|2
358|./src/_00/output/Javascript/facebook~create-react-app/packages/react-scripts/fixtures/kitchensink/template/src/features/env/ShellEnvVariables.js|facebook|create-react-app|ShellEnvVariables.js|JavaScript|7|6|3
359|./src/_00/output/Javascript/facebook~create-react-app/packages/react-scripts/fixtures/kitchensink/template/src/features/webpack/JsonInclusion.js|facebook|create-react-app|JsonInclusion.js|JavaScript|7|6|4
360|./src/_00/output/Javascript/facebook~create-react-app/test/fixtures/global-scss-asset-resolution/package.json|facebook|create-react-app|package.json|JSON|7|0|0
361|./src/_00/output/Javascript/facebook~create-react-app/test/fixtures/global-scss-asset-resolution/src/images/logo.svg|facebook|create-react-app|logo.svg|SVG|7|0|0
362|./src/_00/output/Javascript/facebook~create-react-app/test/fixtures/jsconfig/package.json|facebook|create-react-app|package.json|JSON|7|0|0
363|./src/_00/output/Javascript/facebook~create-react-app/test/fixtures/jsconfig/src/absoluteLoad.js|facebook|create-react-app|absoluteLoad.js|JavaScript|7|6|2
364|./src/_00/output/Javascript/facebook~create-react-app/test/fixtures/relative-paths/package.json|facebook|create-react-app|package.json|JSON|7|0|0
365|./src/_00/output/Javascript/facebook~create-react-app/test/fixtures/typescript-advanced/src/App.test.ts|facebook|create-react-app|App.test.ts|TypeScript|7|0|1
366|./src/_00/output/Javascript/facebook~create-react-app/packages/babel-preset-react-app/index.js|facebook|create-react-app|index.js|JavaScript|6|12|2
367|./src/_00/output/Javascript/facebook~create-react-app/packages/cra-template/README.md|facebook|create-react-app|README.md|Markdown|6|0|4
368|./src/_00/output/Javascript/facebook~create-react-app/packages/react-scripts/fixtures/kitchensink/template/jest.integration.config.js|facebook|create-react-app|jest.integration.config.js|JavaScript|6|0|1
369|./src/_00/output/Javascript/facebook~create-react-app/packages/react-scripts/fixtures/kitchensink/template/src/features/webpack/CssInclusion.js|facebook|create-react-app|CssInclusion.js|JavaScript|6|6|3
370|./src/_00/output/Javascript/facebook~create-react-app/packages/react-scripts/fixtures/kitchensink/template/src/features/webpack/ImageInclusion.js|facebook|create-react-app|ImageInclusion.js|JavaScript|6|6|3
371|./src/_00/output/Javascript/facebook~create-react-app/packages/react-scripts/fixtures/kitchensink/template/src/features/webpack/SassInclusion.js|facebook|create-react-app|SassInclusion.js|JavaScript|6|6|3
372|./src/_00/output/Javascript/facebook~create-react-app/packages/react-scripts/fixtures/kitchensink/template/src/features/webpack/ScssInclusion.js|facebook|create-react-app|ScssInclusion.js|JavaScript|6|6|3
373|./src/_00/output/Javascript/facebook~create-react-app/packages/react-scripts/fixtures/kitchensink/template/src/features/webpack/SvgInclusion.js|facebook|create-react-app|SvgInclusion.js|JavaScript|6|6|3
374|./src/_00/output/Javascript/facebook~create-react-app/test/fixtures/typescript/src/absoluteLoad.ts|facebook|create-react-app|absoluteLoad.ts|TypeScript|6|6|1
375|./src/_00/output/Javascript/facebook~create-react-app/test/fixtures/typescript/tsconfig.json|facebook|create-react-app|tsconfig.json|JSON|6|0|0
376|./src/_00/output/Javascript/facebook~create-react-app/test/jest.config.js|facebook|create-react-app|jest.config.js|JavaScript|6|0|1
377|./src/_00/output/Javascript/facebook~create-react-app/.github/PULL_REQUEST_TEMPLATE.md|facebook|create-react-app|PULL_REQUEST_TEMPLATE.md|Markdown|5|0|2
378|./src/_00/output/Javascript/facebook~create-react-app/docusaurus/docs/alternatives-to-ejecting.md|facebook|create-react-app|alternatives-to-ejecting.md|Markdown|5|0|1
379|./src/_00/output/Javascript/facebook~create-react-app/packages/babel-preset-react-app/dev.js|facebook|create-react-app|dev.js|JavaScript|5|6|2
380|./src/_00/output/Javascript/facebook~create-react-app/packages/babel-preset-react-app/prod.js|facebook|create-react-app|prod.js|JavaScript|5|6|2
381|./src/_00/output/Javascript/facebook~create-react-app/packages/babel-preset-react-app/test.js|facebook|create-react-app|test.js|JavaScript|5|6|2
382|./src/_00/output/Javascript/facebook~create-react-app/packages/create-react-app/README.md|facebook|create-react-app|README.md|Markdown|5|0|2
383|./src/_00/output/Javascript/facebook~create-react-app/packages/react-app-polyfill/ie9.js|facebook|create-react-app|ie9.js|JavaScript|5|7|3
384|./src/_00/output/Javascript/facebook~create-react-app/packages/react-scripts/README.md|facebook|create-react-app|README.md|Markdown|5|0|2
385|./src/_00/output/Javascript/facebook~create-react-app/packages/react-scripts/fixtures/kitchensink/package.json|facebook|create-react-app|package.json|JSON|5|0|0
386|./src/_00/output/Javascript/facebook~create-react-app/packages/react-scripts/fixtures/kitchensink/template/src/features/env/PublicUrl.js|facebook|create-react-app|PublicUrl.js|JavaScript|5|6|3
387|./src/_00/output/Javascript/facebook~create-react-app/packages/react-scripts/fixtures/kitchensink/template/src/features/webpack/DynamicImport.js|facebook|create-react-app|DynamicImport.js|JavaScript|5|6|3
388|./src/_00/output/Javascript/facebook~create-react-app/packages/react-scripts/fixtures/kitchensink/template/src/features/webpack/assets/style.css|facebook|create-react-app|style.css|CSS|5|4|1
389|./src/_00/output/Javascript/facebook~create-react-app/test/fixtures/global-scss-asset-resolution/src/index.scss|facebook|create-react-app|index.scss|Sass|5|0|0
390|./src/_00/output/Javascript/facebook~create-react-app/test/fixtures/issue-5176-flow-class-properties/src/App.test.js|facebook|create-react-app|App.test.js|JavaScript|5|0|1
391|./src/_00/output/Javascript/facebook~create-react-app/test/fixtures/jsconfig/jsconfig.json|facebook|create-react-app|jsconfig.json|JSON|5|0|0
392|./src/_00/output/Javascript/facebook~create-react-app/test/fixtures/typescript/package.json|facebook|create-react-app|package.json|JSON|5|0|0
393|./src/_00/output/Javascript/facebook~create-react-app/.github/lock.yml|facebook|create-react-app|lock.yml|YAML|4|4|3
394|./src/_00/output/Javascript/facebook~create-react-app/SECURITY.md|facebook|create-react-app|SECURITY.md|Markdown|4|0|3
395|./src/_00/output/Javascript/facebook~create-react-app/netlify.toml|facebook|create-react-app|netlify.toml|TOML|4|0|1
396|./src/_00/output/Javascript/facebook~create-react-app/packages/react-app-polyfill/jsdom.js|facebook|create-react-app|jsdom.js|JavaScript|4|9|1
397|./src/_00/output/Javascript/facebook~create-react-app/packages/react-error-overlay/fixtures/inline.es6.mjs|facebook|create-react-app|inline.es6.mjs|JavaScript|4|0|1
398|./src/_00/output/Javascript/facebook~create-react-app/packages/react-scripts/fixtures/kitchensink/template/jest.transform.js|facebook|create-react-app|jest.transform.js|JavaScript|4|0|3
399|./src/_00/output/Javascript/facebook~create-react-app/packages/react-scripts/fixtures/kitchensink/template/src/features/webpack/SvgInCss.js|facebook|create-react-app|SvgInCss.js|JavaScript|4|0|2
400|./src/_00/output/Javascript/facebook~create-react-app/packages/react-scripts/fixtures/kitchensink/template/src/features/webpack/assets/index.module.css|facebook|create-react-app|index.module.css|CSS|4|0|0
401|./src/_00/output/Javascript/facebook~create-react-app/packages/react-scripts/fixtures/kitchensink/template/src/features/webpack/assets/index.module.scss|facebook|create-react-app|index.module.scss|Sass|4|0|0
402|./src/_00/output/Javascript/facebook~create-react-app/packages/react-scripts/fixtures/kitchensink/template/src/features/webpack/assets/scss-styles.module.scss|facebook|create-react-app|scss-styles.module.scss|Sass|4|0|0
403|./src/_00/output/Javascript/facebook~create-react-app/packages/react-scripts/fixtures/kitchensink/template/src/features/webpack/assets/style.module.css|facebook|create-react-app|style.module.css|CSS|4|0|0
404|./src/_00/output/Javascript/facebook~create-react-app/packages/react-scripts/fixtures/kitchensink/template/src/index.js|facebook|create-react-app|index.js|JavaScript|4|6|2
405|./src/_00/output/Javascript/facebook~create-react-app/test/fixtures/boostrap-sass/src/index.js|facebook|create-react-app|index.js|JavaScript|4|0|1
406|./src/_00/output/Javascript/facebook~create-react-app/test/fixtures/global-scss-asset-resolution/src/index.js|facebook|create-react-app|index.js|JavaScript|4|0|1
407|./src/_00/output/Javascript/facebook~create-react-app/test/fixtures/typescript-typecheck/src/index.tsx|facebook|create-react-app|index.tsx|TypeScript|4|0|1
408|./src/_00/output/Javascript/facebook~create-react-app/test/fixtures/webpack-message-formatting/src/index.js|facebook|create-react-app|index.js|JavaScript|4|0|1
409|./src/_00/output/Javascript/facebook~create-react-app/packages/react-app-polyfill/stable.js|facebook|create-react-app|stable.js|JavaScript|3|9|1
410|./src/_00/output/Javascript/facebook~create-react-app/packages/react-dev-utils/ForkTsCheckerWebpackPlugin.js|facebook|create-react-app|ForkTsCheckerWebpackPlugin.js|JavaScript|3|6|3
411|./src/_00/output/Javascript/facebook~create-react-app/packages/react-dev-utils/chalk.js|facebook|create-react-app|chalk.js|JavaScript|3|6|3
412|./src/_00/output/Javascript/facebook~create-react-app/packages/react-dev-utils/crossSpawn.js|facebook|create-react-app|crossSpawn.js|JavaScript|3|6|3
413|./src/_00/output/Javascript/facebook~create-react-app/packages/react-dev-utils/globby.js|facebook|create-react-app|globby.js|JavaScript|3|6|3
414|./src/_00/output/Javascript/facebook~create-react-app/packages/react-dev-utils/immer.js|facebook|create-react-app|immer.js|JavaScript|3|6|3
415|./src/_00/output/Javascript/facebook~create-react-app/packages/react-scripts/fixtures/kitchensink/template/src/features/webpack/assets/abstract.json|facebook|create-react-app|abstract.json|JSON|3|0|0
416|./src/_00/output/Javascript/facebook~create-react-app/packages/react-scripts/fixtures/kitchensink/template/src/features/webpack/assets/index.module.sass|facebook|create-react-app|index.module.sass|Sass|3|0|1
417|./src/_00/output/Javascript/facebook~create-react-app/packages/react-scripts/fixtures/kitchensink/template/src/features/webpack/assets/sass-styles.module.sass|facebook|create-react-app|sass-styles.module.sass|Sass|3|0|0
418|./src/_00/output/Javascript/facebook~create-react-app/packages/react-scripts/fixtures/kitchensink/template/src/features/webpack/assets/sass-styles.sass|facebook|create-react-app|sass-styles.sass|Sass|3|0|0
419|./src/_00/output/Javascript/facebook~create-react-app/packages/react-scripts/fixtures/kitchensink/template/src/features/webpack/assets/svg.css|facebook|create-react-app|svg.css|CSS|3|0|0
420|./src/_00/output/Javascript/facebook~create-react-app/packages/react-scripts/fixtures/kitchensink/template/src/subfolder/lol.js|facebook|create-react-app|lol.js|JavaScript|3|6|1
421|./src/_00/output/Javascript/facebook~create-react-app/test/fixtures/issue-5947-not-typescript/package.json|facebook|create-react-app|package.json|JSON|3|0|0
422|./src/_00/output/Javascript/facebook~create-react-app/test/fixtures/webpack-message-formatting/src/AppCss.css|facebook|create-react-app|AppCss.css|CSS|3|0|0
423|./src/_00/output/Javascript/facebook~create-react-app/test/fixtures/webpack-message-formatting/src/AppSass.scss|facebook|create-react-app|AppSass.scss|Sass|3|0|0
424|./src/_00/output/Javascript/facebook~create-react-app/test/fixtures/webpack-message-formatting/src/FooExport.js|facebook|create-react-app|FooExport.js|JavaScript|3|0|0
425|./src/_00/output/Javascript/facebook~create-react-app/packages/react-dev-utils/launchEditorEndpoint.js|facebook|create-react-app|launchEditorEndpoint.js|JavaScript|2|7|1
426|./src/_00/output/Javascript/facebook~create-react-app/.github/FUNDING.yml|facebook|create-react-app|FUNDING.yml|YAML|1|0|0
427|./src/_00/output/Javascript/facebook~create-react-app/docusaurus/website/static/img/docusaurus.svg|facebook|create-react-app|docusaurus.svg|SVG|1|0|0
428|./src/_00/output/Javascript/facebook~create-react-app/docusaurus/website/static/img/logo.svg|facebook|create-react-app|logo.svg|SVG|1|0|0
429|./src/_00/output/Javascript/facebook~create-react-app/packages/cra-template/template/src/setupTests.js|facebook|create-react-app|setupTests.js|JavaScript|1|4|0
430|./src/_00/output/Javascript/facebook~create-react-app/packages/react-error-overlay/src/__tests__/setupJest.js|facebook|create-react-app|setupJest.js|JavaScript|1|6|1
431|./src/_00/output/Javascript/facebook~create-react-app/packages/react-scripts/template-typescript/README.md|facebook|create-react-app|README.md|Markdown|1|0|0
432|./src/_00/output/Javascript/facebook~create-react-app/packages/react-scripts/template/README.md|facebook|create-react-app|README.md|Markdown|1|0|0
433|./src/_00/output/Javascript/facebook~create-react-app/screencast-error.svg|facebook|create-react-app|screencast-error.svg|SVG|1|0|0
434|./src/_00/output/Javascript/facebook~create-react-app/screencast.svg|facebook|create-react-app|screencast.svg|SVG|1|0|0
435|./src/_00/output/Javascript/facebook~create-react-app/test/fixtures/boostrap-sass/src/index.sass|facebook|create-react-app|index.sass|Sass|1|0|0
436|./src/_00/output/Javascript/facebook~create-react-app/test/fixtures/issue-5176-flow-class-properties/package.json|facebook|create-react-app|package.json|JSON|1|0|0
437|./src/_00/output/Javascript/facebook~create-react-app/test/fixtures/relative-paths/src/index.js|facebook|create-react-app|index.js|JavaScript|1|0|0
438|./src/_00/output/Javascript/facebook~create-react-app/test/fixtures/relative-paths/src/logo.svg|facebook|create-react-app|logo.svg|SVG|1|0|0
439|./src/_00/output/Javascript/facebook~create-react-app/test/fixtures/webpack-message-formatting/src/Export5.js|facebook|create-react-app|Export5.js|JavaScript|1|0|0
440|./src/_00/output/Javascript/facebook~create-react-app/test/fixtures/webpack-message-formatting/src/ExportNoDefault.js|facebook|create-react-app|ExportNoDefault.js|JavaScript|1|0|0
