Unnamed: 0|path|owner|project|file|language|code|comment|blank
0|./src/_00/output/Javascript/twbs~bootstrap/package-lock.json|twbs|bootstrap|package-lock.json|JSON|12312|0|0
1|./src/_00/output/Javascript/twbs~bootstrap/dist/css/bootstrap.rtl.css|twbs|bootstrap|bootstrap.rtl.css|CSS|11138|6|886
2|./src/_00/output/Javascript/twbs~bootstrap/dist/css/bootstrap.css|twbs|bootstrap|bootstrap.css|CSS|11136|24|897
3|./src/_00/output/Javascript/twbs~bootstrap/dist/js/bootstrap.bundle.js|twbs|bootstrap|bootstrap.bundle.js|JavaScript|5064|655|595
4|./src/_00/output/Javascript/twbs~bootstrap/dist/css/bootstrap-utilities.css|twbs|bootstrap|bootstrap-utilities.css|CSS|4891|8|503
5|./src/_00/output/Javascript/twbs~bootstrap/dist/css/bootstrap-utilities.rtl.css|twbs|bootstrap|bootstrap-utilities.rtl.css|CSS|4887|6|500
6|./src/_00/output/Javascript/twbs~bootstrap/dist/css/bootstrap-grid.css|twbs|bootstrap|bootstrap-grid.css|CSS|3886|6|193
7|./src/_00/output/Javascript/twbs~bootstrap/dist/css/bootstrap-grid.rtl.css|twbs|bootstrap|bootstrap-grid.rtl.css|CSS|3886|6|192
8|./src/_00/output/Javascript/twbs~bootstrap/dist/js/bootstrap.js|twbs|bootstrap|bootstrap.js|JavaScript|3604|584|306
9|./src/_00/output/Javascript/twbs~bootstrap/dist/js/bootstrap.esm.js|twbs|bootstrap|bootstrap.esm.js|JavaScript|3568|578|301
10|./src/_00/output/Javascript/twbs~bootstrap/js/tests/unit/dropdown.spec.js|twbs|bootstrap|dropdown.spec.js|JavaScript|1977|9|447
11|./src/_00/output/Javascript/twbs~bootstrap/site/content/docs/5.3/examples/cheatsheet-rtl/index.html|twbs|bootstrap|index.html|HTML|1556|0|67
12|./src/_00/output/Javascript/twbs~bootstrap/site/content/docs/5.3/examples/cheatsheet/index.html|twbs|bootstrap|index.html|HTML|1540|0|67
13|./src/_00/output/Javascript/twbs~bootstrap/js/tests/unit/carousel.spec.js|twbs|bootstrap|carousel.spec.js|JavaScript|1239|7|326
14|./src/_00/output/Javascript/twbs~bootstrap/scss/_variables.scss|twbs|bootstrap|_variables.scss|Sass|1175|272|304
15|./src/_00/output/Javascript/twbs~bootstrap/js/tests/unit/tooltip.spec.js|twbs|bootstrap|tooltip.spec.js|JavaScript|1174|1|378
16|./src/_00/output/Javascript/twbs~bootstrap/js/tests/unit/tab.spec.js|twbs|bootstrap|tab.spec.js|JavaScript|1036|0|216
17|./src/_00/output/Javascript/twbs~bootstrap/js/tests/unit/modal.spec.js|twbs|bootstrap|modal.spec.js|JavaScript|1025|0|304
18|./src/_00/output/Javascript/twbs~bootstrap/site/content/docs/5.3/components/dropdowns.md|twbs|bootstrap|dropdowns.md|Markdown|977|0|154
19|./src/_00/output/Javascript/twbs~bootstrap/js/tests/unit/collapse.spec.js|twbs|bootstrap|collapse.spec.js|JavaScript|857|0|205
20|./src/_00/output/Javascript/twbs~bootstrap/js/tests/unit/scrollspy.spec.js|twbs|bootstrap|scrollspy.spec.js|JavaScript|810|9|161
21|./src/_00/output/Javascript/twbs~bootstrap/scss/_utilities.scss|twbs|bootstrap|_utilities.scss|Sass|752|53|1
22|./src/_00/output/Javascript/twbs~bootstrap/site/content/docs/5.3/components/modal.md|twbs|bootstrap|modal.md|Markdown|744|0|127
23|./src/_00/output/Javascript/twbs~bootstrap/site/content/docs/5.3/content/tables.md|twbs|bootstrap|tables.md|Markdown|734|0|105
24|./src/_00/output/Javascript/twbs~bootstrap/site/content/docs/5.3/components/navbar.md|twbs|bootstrap|navbar.md|Markdown|703|0|114
25|./src/_00/output/Javascript/twbs~bootstrap/js/tests/unit/offcanvas.spec.js|twbs|bootstrap|offcanvas.spec.js|JavaScript|698|0|216
26|./src/_00/output/Javascript/twbs~bootstrap/site/content/docs/5.3/components/card.md|twbs|bootstrap|card.md|Markdown|635|0|104
27|./src/_00/output/Javascript/twbs~bootstrap/site/content/docs/5.3/components/navs-tabs.md|twbs|bootstrap|navs-tabs.md|Markdown|588|0|110
28|./src/_00/output/Javascript/twbs~bootstrap/site/content/docs/5.3/utilities/flex.md|twbs|bootstrap|flex.md|Markdown|567|0|97
29|./src/_00/output/Javascript/twbs~bootstrap/js/tests/unit/util/index.spec.js|twbs|bootstrap|index.spec.js|JavaScript|555|5|160
30|./src/_00/output/Javascript/twbs~bootstrap/dist/css/bootstrap-reboot.rtl.css|twbs|bootstrap|bootstrap-reboot.rtl.css|CSS|524|6|64
31|./src/_00/output/Javascript/twbs~bootstrap/js/tests/unit/toast.spec.js|twbs|bootstrap|toast.spec.js|JavaScript|524|0|148
32|./src/_00/output/Javascript/twbs~bootstrap/dist/css/bootstrap-reboot.css|twbs|bootstrap|bootstrap-reboot.css|CSS|518|14|65
33|./src/_00/output/Javascript/twbs~bootstrap/site/content/docs/5.3/utilities/api.md|twbs|bootstrap|api.md|Markdown|504|0|119
34|./src/_00/output/Javascript/twbs~bootstrap/js/dist/tooltip.js|twbs|bootstrap|tooltip.js|JavaScript|477|44|25
35|./src/_00/output/Javascript/twbs~bootstrap/js/src/tooltip.js|twbs|bootstrap|tooltip.js|JavaScript|473|38|122
36|./src/_00/output/Javascript/twbs~bootstrap/site/content/docs/5.3/customize/color.md|twbs|bootstrap|color.md|Markdown|467|0|45
37|./src/_00/output/Javascript/twbs~bootstrap/site/content/docs/5.3/layout/grid.md|twbs|bootstrap|grid.md|Markdown|440|0|90
38|./src/_00/output/Javascript/twbs~bootstrap/site/content/docs/5.3/migration.md|twbs|bootstrap|migration.md|Markdown|434|0|304
39|./src/_00/output/Javascript/twbs~bootstrap/site/content/docs/5.3/examples/dropdowns/index.html|twbs|bootstrap|index.html|HTML|431|0|31
40|./src/_00/output/Javascript/twbs~bootstrap/site/content/docs/5.3/examples/navbars/index.html|twbs|bootstrap|index.html|HTML|422|0|28
41|./src/_00/output/Javascript/twbs~bootstrap/site/content/docs/5.3/components/list-group.md|twbs|bootstrap|list-group.md|Markdown|409|0|91
42|./src/_00/output/Javascript/twbs~bootstrap/site/content/docs/5.3/components/scrollspy.md|twbs|bootstrap|scrollspy.md|Markdown|381|0|46
43|./src/_00/output/Javascript/twbs~bootstrap/site/content/docs/5.3/content/reboot.md|twbs|bootstrap|reboot.md|Markdown|380|0|93
44|./src/_00/output/Javascript/twbs~bootstrap/site/content/docs/5.3/components/carousel.md|twbs|bootstrap|carousel.md|Markdown|377|0|71
45|./src/_00/output/Javascript/twbs~bootstrap/js/tests/unit/dom/event-handler.spec.js|twbs|bootstrap|event-handler.spec.js|JavaScript|372|7|101
46|./src/_00/output/Javascript/twbs~bootstrap/scss/tests/mixins/_utilities.test.scss|twbs|bootstrap|_utilities.test.scss|Sass|348|3|42
47|./src/_00/output/Javascript/twbs~bootstrap/site/content/docs/5.3/examples/sidebars/index.html|twbs|bootstrap|index.html|HTML|344|0|13
48|./src/_00/output/Javascript/twbs~bootstrap/site/content/docs/5.3/forms/validation.md|twbs|bootstrap|validation.md|Markdown|341|0|53
49|./src/_00/output/Javascript/twbs~bootstrap/scss/_reboot.scss|twbs|bootstrap|_reboot.scss|Sass|336|137|138
50|./src/_00/output/Javascript/twbs~bootstrap/js/src/carousel.js|twbs|bootstrap|carousel.js|JavaScript|335|34|105
51|./src/_00/output/Javascript/twbs~bootstrap/js/dist/dropdown.js|twbs|bootstrap|dropdown.js|JavaScript|330|45|27
52|./src/_00/output/Javascript/twbs~bootstrap/js/src/dropdown.js|twbs|bootstrap|dropdown.js|JavaScript|329|38|88
53|./src/_00/output/Javascript/twbs~bootstrap/js/dist/carousel.js|twbs|bootstrap|carousel.js|JavaScript|328|41|19
54|./src/_00/output/Javascript/twbs~bootstrap/site/content/docs/5.3/examples/dashboard-rtl/index.html|twbs|bootstrap|index.html|HTML|323|0|11
55|./src/_00/output/Javascript/twbs~bootstrap/site/content/docs/5.3/examples/dashboard/index.html|twbs|bootstrap|index.html|HTML|322|0|11
56|./src/_00/output/Javascript/twbs~bootstrap/site/content/docs/5.3/examples/features/index.html|twbs|bootstrap|index.html|HTML|321|0|19
57|./src/_00/output/Javascript/twbs~bootstrap/site/content/docs/5.3/components/toasts.md|twbs|bootstrap|toasts.md|Markdown|317|0|74
58|./src/_00/output/Javascript/twbs~bootstrap/site/assets/scss/_component-examples.scss|twbs|bootstrap|_component-examples.scss|Sass|312|24|68
59|./src/_00/output/Javascript/twbs~bootstrap/js/tests/unit/popover.spec.js|twbs|bootstrap|popover.spec.js|JavaScript|310|0|103
60|./src/_00/output/Javascript/twbs~bootstrap/js/tests/unit/dom/selector-engine.spec.js|twbs|bootstrap|selector-engine.spec.js|JavaScript|308|0|106
61|./src/_00/output/Javascript/twbs~bootstrap/site/content/docs/5.3/forms/layout.md|twbs|bootstrap|layout.md|Markdown|292|0|37
62|./src/_00/output/Javascript/twbs~bootstrap/site/content/docs/5.3/examples/blog/index.html|twbs|bootstrap|index.html|HTML|288|0|21
63|./src/_00/output/Javascript/twbs~bootstrap/js/tests/unit/util/scrollbar.spec.js|twbs|bootstrap|scrollbar.spec.js|JavaScript|286|8|69
64|./src/_00/output/Javascript/twbs~bootstrap/site/content/docs/5.3/layout/columns.md|twbs|bootstrap|columns.md|Markdown|280|0|54
65|./src/_00/output/Javascript/twbs~bootstrap/js/tests/unit/util/backdrop.spec.js|twbs|bootstrap|backdrop.spec.js|JavaScript|279|0|42
66|./src/_00/output/Javascript/twbs~bootstrap/site/content/docs/5.3/getting-started/webpack.md|twbs|bootstrap|webpack.md|Markdown|275|0|72
67|./src/_00/output/Javascript/twbs~bootstrap/site/content/docs/5.3/components/offcanvas.md|twbs|bootstrap|offcanvas.md|Markdown|273|0|85
68|./src/_00/output/Javascript/twbs~bootstrap/js/src/modal.js|twbs|bootstrap|modal.js|JavaScript|268|30|80
69|./src/_00/output/Javascript/twbs~bootstrap/site/content/docs/5.3/forms/checks-radios.md|twbs|bootstrap|checks-radios.md|Markdown|267|0|67
70|./src/_00/output/Javascript/twbs~bootstrap/site/content/docs/5.3/examples/headers/index.html|twbs|bootstrap|index.html|HTML|265|0|32
71|./src/_00/output/Javascript/twbs~bootstrap/js/dist/modal.js|twbs|bootstrap|modal.js|JavaScript|264|37|19
72|./src/_00/output/Javascript/twbs~bootstrap/site/content/docs/5.3/forms/input-group.md|twbs|bootstrap|input-group.md|Markdown|264|0|55
73|./src/_00/output/Javascript/twbs~bootstrap/js/tests/unit/util/template-factory.spec.js|twbs|bootstrap|template-factory.spec.js|JavaScript|262|0|44
74|./src/_00/output/Javascript/twbs~bootstrap/site/content/docs/5.3/customize/sass.md|twbs|bootstrap|sass.md|Markdown|259|0|103
75|./src/_00/output/Javascript/twbs~bootstrap/js/src/dom/event-handler.js|twbs|bootstrap|event-handler.js|JavaScript|241|17|59
76|./src/_00/output/Javascript/twbs~bootstrap/js/tests/visual/modal.html|twbs|bootstrap|modal.html|HTML|241|0|38
77|./src/_00/output/Javascript/twbs~bootstrap/scss/vendor/_rfs.scss|twbs|bootstrap|_rfs.scss|Sass|239|52|57
78|./src/_00/output/Javascript/twbs~bootstrap/site/content/docs/5.3/examples/blog-rtl/index.html|twbs|bootstrap|index.html|HTML|237|0|20
79|./src/_00/output/Javascript/twbs~bootstrap/js/tests/unit/util/swipe.spec.js|twbs|bootstrap|swipe.spec.js|JavaScript|235|7|49
80|./src/_00/output/Javascript/twbs~bootstrap/.eslintrc.json|twbs|bootstrap|.eslintrc.json|JSON|233|0|0
81|./src/_00/output/Javascript/twbs~bootstrap/site/content/docs/5.3/components/tooltips.md|twbs|bootstrap|tooltips.md|Markdown|223|0|69
82|./src/_00/output/Javascript/twbs~bootstrap/js/dist/tab.js|twbs|bootstrap|tab.js|JavaScript|222|40|23
83|./src/_00/output/Javascript/twbs~bootstrap/site/content/docs/5.3/getting-started/javascript.md|twbs|bootstrap|javascript.md|Markdown|220|0|91
84|./src/_00/output/Javascript/twbs~bootstrap/site/content/docs/5.3/content/typography.md|twbs|bootstrap|typography.md|Markdown|215|0|71
85|./src/_00/output/Javascript/twbs~bootstrap/js/dist/util/index.js|twbs|bootstrap|index.js|JavaScript|214|50|17
86|./src/_00/output/Javascript/twbs~bootstrap/js/src/tab.js|twbs|bootstrap|tab.js|JavaScript|214|32|69
87|./src/_00/output/Javascript/twbs~bootstrap/scss/_functions.scss|twbs|bootstrap|_functions.scss|Sass|214|43|45
88|./src/_00/output/Javascript/twbs~bootstrap/site/content/docs/5.3/components/button-group.md|twbs|bootstrap|button-group.md|Markdown|212|0|36
89|./src/_00/output/Javascript/twbs~bootstrap/site/content/docs/5.3/components/popovers.md|twbs|bootstrap|popovers.md|Markdown|212|0|68
90|./src/_00/output/Javascript/twbs~bootstrap/site/content/docs/5.3/examples/checkout-rtl/index.html|twbs|bootstrap|index.html|HTML|210|0|23
91|./src/_00/output/Javascript/twbs~bootstrap/site/content/docs/5.3/examples/checkout/index.html|twbs|bootstrap|index.html|HTML|209|0|24
92|./src/_00/output/Javascript/twbs~bootstrap/js/dist/scrollspy.js|twbs|bootstrap|scrollspy.js|JavaScript|208|44|23
93|./src/_00/output/Javascript/twbs~bootstrap/js/tests/visual/tab.html|twbs|bootstrap|tab.html|HTML|207|0|16
94|./src/_00/output/Javascript/twbs~bootstrap/site/content/docs/5.3/examples/list-groups/index.html|twbs|bootstrap|index.html|HTML|206|0|19
95|./src/_00/output/Javascript/twbs~bootstrap/js/dist/dom/event-handler.js|twbs|bootstrap|event-handler.js|JavaScript|205|23|9
96|./src/_00/output/Javascript/twbs~bootstrap/js/src/scrollspy.js|twbs|bootstrap|scrollspy.js|JavaScript|204|36|56
97|./src/_00/output/Javascript/twbs~bootstrap/js/src/util/index.js|twbs|bootstrap|index.js|JavaScript|204|44|58
98|./src/_00/output/Javascript/twbs~bootstrap/scss/_navbar.scss|twbs|bootstrap|_navbar.scss|Sass|203|44|42
99|./src/_00/output/Javascript/twbs~bootstrap/js/src/collapse.js|twbs|bootstrap|collapse.js|JavaScript|202|25|70
100|./src/_00/output/Javascript/twbs~bootstrap/js/dist/collapse.js|twbs|bootstrap|collapse.js|JavaScript|201|31|17
101|./src/_00/output/Javascript/twbs~bootstrap/scss/_dropdown.scss|twbs|bootstrap|_dropdown.scss|Sass|200|21|29
102|./src/_00/output/Javascript/twbs~bootstrap/site/content/docs/5.3/examples/album-rtl/index.html|twbs|bootstrap|index.html|HTML|200|0|9
103|./src/_00/output/Javascript/twbs~bootstrap/site/content/docs/5.3/layout/css-grid.md|twbs|bootstrap|css-grid.md|Markdown|200|0|68
104|./src/_00/output/Javascript/twbs~bootstrap/js/src/offcanvas.js|twbs|bootstrap|offcanvas.js|JavaScript|199|25|58
105|./src/_00/output/Javascript/twbs~bootstrap/site/content/docs/5.3/examples/album/index.html|twbs|bootstrap|index.html|HTML|199|0|9
106|./src/_00/output/Javascript/twbs~bootstrap/js/dist/offcanvas.js|twbs|bootstrap|offcanvas.js|JavaScript|197|31|18
107|./src/_00/output/Javascript/twbs~bootstrap/js/tests/visual/dropdown.html|twbs|bootstrap|dropdown.html|HTML|194|1|10
108|./src/_00/output/Javascript/twbs~bootstrap/site/content/docs/5.3/components/buttons.md|twbs|bootstrap|buttons.md|Markdown|194|0|76
109|./src/_00/output/Javascript/twbs~bootstrap/site/content/docs/5.3/customize/color-modes.md|twbs|bootstrap|color-modes.md|Markdown|194|0|65
110|./src/_00/output/Javascript/twbs~bootstrap/js/tests/unit/alert.spec.js|twbs|bootstrap|alert.spec.js|JavaScript|190|0|69
111|./src/_00/output/Javascript/twbs~bootstrap/package.json|twbs|bootstrap|package.json|JSON|187|0|0
112|./src/_00/output/Javascript/twbs~bootstrap/site/content/docs/5.3/examples/product/index.html|twbs|bootstrap|index.html|HTML|181|0|8
113|./src/_00/output/Javascript/twbs~bootstrap/site/content/docs/5.3/components/alerts.md|twbs|bootstrap|alerts.md|Markdown|179|0|61
114|./src/_00/output/Javascript/twbs~bootstrap/site/content/docs/5.3/examples/pricing/index.html|twbs|bootstrap|index.html|HTML|177|0|9
115|./src/_00/output/Javascript/twbs~bootstrap/README.md|twbs|bootstrap|README.md|Markdown|175|0|71
116|./src/_00/output/Javascript/twbs~bootstrap/scss/_card.scss|twbs|bootstrap|_card.scss|Sass|174|29|36
117|./src/_00/output/Javascript/twbs~bootstrap/scss/_carousel.scss|twbs|bootstrap|_carousel.scss|Sass|174|31|31
118|./src/_00/output/Javascript/twbs~bootstrap/.github/CONTRIBUTING.md|twbs|bootstrap|CONTRIBUTING.md|Markdown|170|0|74
119|./src/_00/output/Javascript/twbs~bootstrap/scss/_modal.scss|twbs|bootstrap|_modal.scss|Sass|168|38|30
120|./src/_00/output/Javascript/twbs~bootstrap/js/tests/unit/util/focustrap.spec.js|twbs|bootstrap|focustrap.spec.js|JavaScript|166|0|52
121|./src/_00/output/Javascript/twbs~bootstrap/scss/_buttons.scss|twbs|bootstrap|_buttons.scss|Sass|166|24|26
122|./src/_00/output/Javascript/twbs~bootstrap/scss/_popover.scss|twbs|bootstrap|_popover.scss|Sass|163|7|26
123|./src/_00/output/Javascript/twbs~bootstrap/site/content/docs/5.3/examples/footers/index.html|twbs|bootstrap|index.html|HTML|163|0|23
124|./src/_00/output/Javascript/twbs~bootstrap/site/content/docs/5.3/examples/grid/index.html|twbs|bootstrap|index.html|HTML|162|0|25
125|./src/_00/output/Javascript/twbs~bootstrap/site/content/docs/5.3/components/progress.md|twbs|bootstrap|progress.md|Markdown|157|0|45
126|./src/_00/output/Javascript/twbs~bootstrap/js/dist/toast.js|twbs|bootstrap|toast.js|JavaScript|154|28|17
127|./src/_00/output/Javascript/twbs~bootstrap/site/content/docs/5.3/components/spinners.md|twbs|bootstrap|spinners.md|Markdown|154|0|57
128|./src/_00/output/Javascript/twbs~bootstrap/js/src/toast.js|twbs|bootstrap|toast.js|JavaScript|153|22|50
129|./src/_00/output/Javascript/twbs~bootstrap/js/tests/karma.conf.js|twbs|bootstrap|karma.conf.js|JavaScript|150|4|15
130|./src/_00/output/Javascript/twbs~bootstrap/site/content/docs/5.3/components/collapse.md|twbs|bootstrap|collapse.md|Markdown|150|0|48
131|./src/_00/output/Javascript/twbs~bootstrap/scss/forms/_form-check.scss|twbs|bootstrap|_form-check.scss|Sass|149|9|31
132|./src/_00/output/Javascript/twbs~bootstrap/site/content/docs/5.3/forms/form-control.md|twbs|bootstrap|form-control.md|Markdown|149|0|41
133|./src/_00/output/Javascript/twbs~bootstrap/site/content/docs/5.3/forms/floating-labels.md|twbs|bootstrap|floating-labels.md|Markdown|148|0|32
134|./src/_00/output/Javascript/twbs~bootstrap/site/content/docs/5.3/components/accordion.md|twbs|bootstrap|accordion.md|Markdown|147|0|22
135|./src/_00/output/Javascript/twbs~bootstrap/site/content/docs/5.3/components/pagination.md|twbs|bootstrap|pagination.md|Markdown|146|0|31
136|./src/_00/output/Javascript/twbs~bootstrap/site/data/sidebar.yml|twbs|bootstrap|sidebar.yml|YAML|146|2|11
137|./src/_00/output/Javascript/twbs~bootstrap/site/content/docs/5.3/examples/navbars-offcanvas/index.html|twbs|bootstrap|index.html|HTML|143|0|4
138|./src/_00/output/Javascript/twbs~bootstrap/site/assets/scss/_search.scss|twbs|bootstrap|_search.scss|Sass|142|5|26
139|./src/_00/output/Javascript/twbs~bootstrap/scss/forms/_form-control.scss|twbs|bootstrap|_form-control.scss|Sass|140|43|31
140|./src/_00/output/Javascript/twbs~bootstrap/site/content/docs/5.3/examples/carousel-rtl/index.html|twbs|bootstrap|index.html|HTML|140|7|20
141|./src/_00/output/Javascript/twbs~bootstrap/js/tests/unit/util/config.spec.js|twbs|bootstrap|config.spec.js|JavaScript|139|0|27
142|./src/_00/output/Javascript/twbs~bootstrap/scss/mixins/_forms.scss|twbs|bootstrap|_forms.scss|Sass|139|7|17
143|./src/_00/output/Javascript/twbs~bootstrap/site/content/docs/5.3/examples/carousel/index.html|twbs|bootstrap|index.html|HTML|139|7|20
144|./src/_00/output/Javascript/twbs~bootstrap/site/content/docs/5.3/layout/gutters.md|twbs|bootstrap|gutters.md|Markdown|139|0|26
145|./src/_00/output/Javascript/twbs~bootstrap/site/content/docs/5.3/getting-started/rtl.md|twbs|bootstrap|rtl.md|Markdown|138|0|50
146|./src/_00/output/Javascript/twbs~bootstrap/site/assets/scss/_colors.scss|twbs|bootstrap|_colors.scss|Sass|137|4|14
147|./src/_00/output/Javascript/twbs~bootstrap/site/content/docs/5.3/examples/badges/index.html|twbs|bootstrap|index.html|HTML|137|0|12
148|./src/_00/output/Javascript/twbs~bootstrap/site/content/docs/5.3/utilities/borders.md|twbs|bootstrap|borders.md|Markdown|137|0|57
149|./src/_00/output/Javascript/twbs~bootstrap/site/content/docs/5.3/getting-started/vite.md|twbs|bootstrap|vite.md|Markdown|136|0|48
150|./src/_00/output/Javascript/twbs~bootstrap/site/data/examples.yml|twbs|bootstrap|examples.yml|YAML|136|0|6
151|./src/_00/output/Javascript/twbs~bootstrap/site/content/docs/5.3/examples/offcanvas-navbar/index.html|twbs|bootstrap|index.html|HTML|135|0|6
152|./src/_00/output/Javascript/twbs~bootstrap/scss/_list-group.scss|twbs|bootstrap|_list-group.scss|Sass|134|30|33
153|./src/_00/output/Javascript/twbs~bootstrap/site/content/docs/5.3/examples/modals/index.html|twbs|bootstrap|index.html|HTML|134|0|16
154|./src/_00/output/Javascript/twbs~bootstrap/.cspell.json|twbs|bootstrap|.cspell.json|JSON|133|0|0
155|./src/_00/output/Javascript/twbs~bootstrap/scss/_nav.scss|twbs|bootstrap|_nav.scss|Sass|133|31|33
156|./src/_00/output/Javascript/twbs~bootstrap/js/tests/unit/base-component.spec.js|twbs|bootstrap|base-component.spec.js|JavaScript|131|1|36
157|./src/_00/output/Javascript/twbs~bootstrap/js/tests/unit/button.spec.js|twbs|bootstrap|button.spec.js|JavaScript|129|0|54
158|./src/_00/output/Javascript/twbs~bootstrap/scss/_root.scss|twbs|bootstrap|_root.scss|Sass|129|19|39
159|./src/_00/output/Javascript/twbs~bootstrap/site/assets/scss/_syntax.scss|twbs|bootstrap|_syntax.scss|Sass|129|6|7
160|./src/_00/output/Javascript/twbs~bootstrap/js/tests/unit/util/sanitizer.spec.js|twbs|bootstrap|sanitizer.spec.js|JavaScript|126|6|31
161|./src/_00/output/Javascript/twbs~bootstrap/scss/_maps.scss|twbs|bootstrap|_maps.scss|Sass|126|29|19
162|./src/_00/output/Javascript/twbs~bootstrap/site/content/docs/5.3/layout/breakpoints.md|twbs|bootstrap|breakpoints.md|Markdown|125|0|49
163|./src/_00/output/Javascript/twbs~bootstrap/js/tests/visual/tooltip.html|twbs|bootstrap|tooltip.html|HTML|123|0|15
164|./src/_00/output/Javascript/twbs~bootstrap/site/content/docs/5.3/examples/cheatsheet/cheatsheet.rtl.css|twbs|bootstrap|cheatsheet.rtl.css|CSS|123|11|22
165|./src/_00/output/Javascript/twbs~bootstrap/site/assets/scss/_content.scss|twbs|bootstrap|_content.scss|Sass|122|12|28
166|./src/_00/output/Javascript/twbs~bootstrap/site/content/docs/5.3/examples/cheatsheet/cheatsheet.css|twbs|bootstrap|cheatsheet.css|CSS|122|18|23
167|./src/_00/output/Javascript/twbs~bootstrap/scss/_offcanvas.scss|twbs|bootstrap|_offcanvas.scss|Sass|120|4|19
168|./src/_00/output/Javascript/twbs~bootstrap/scss/_accordion.scss|twbs|bootstrap|_accordion.scss|Sass|119|12|22
169|./src/_00/output/Javascript/twbs~bootstrap/js/dist/util/template-factory.js|twbs|bootstrap|template-factory.js|JavaScript|118|22|11
170|./src/_00/output/Javascript/twbs~bootstrap/site/content/docs/5.3/getting-started/introduction.md|twbs|bootstrap|introduction.md|Markdown|116|0|40
171|./src/_00/output/Javascript/twbs~bootstrap/site/content/docs/5.3/components/placeholders.md|twbs|bootstrap|placeholders.md|Markdown|115|0|31
172|./src/_00/output/Javascript/twbs~bootstrap/site/content/docs/5.3/getting-started/parcel.md|twbs|bootstrap|parcel.md|Markdown|115|0|44
173|./src/_00/output/Javascript/twbs~bootstrap/site/content/docs/5.3/utilities/text.md|twbs|bootstrap|text.md|Markdown|113|0|48
174|./src/_00/output/Javascript/twbs~bootstrap/js/src/util/template-factory.js|twbs|bootstrap|template-factory.js|JavaScript|112|15|33
175|./src/_00/output/Javascript/twbs~bootstrap/site/content/docs/5.3/examples/heroes/index.html|twbs|bootstrap|index.html|HTML|112|0|13
176|./src/_00/output/Javascript/twbs~bootstrap/site/content/docs/5.3/utilities/spacing.md|twbs|bootstrap|spacing.md|Markdown|110|0|44
177|./src/_00/output/Javascript/twbs~bootstrap/site/layouts/_default/examples.html|twbs|bootstrap|examples.html|HTML|110|0|21
178|./src/_00/output/Javascript/twbs~bootstrap/scss/mixins/_grid.scss|twbs|bootstrap|_grid.scss|Sass|107|24|20
179|./src/_00/output/Javascript/twbs~bootstrap/site/assets/scss/_navbar.scss|twbs|bootstrap|_navbar.scss|Sass|106|0|23
180|./src/_00/output/Javascript/twbs~bootstrap/js/dist/util/backdrop.js|twbs|bootstrap|backdrop.js|JavaScript|105|23|11
181|./src/_00/output/Javascript/twbs~bootstrap/js/src/util/backdrop.js|twbs|bootstrap|backdrop.js|JavaScript|104|16|31
182|./src/_00/output/Javascript/twbs~bootstrap/js/dist/util/swipe.js|twbs|bootstrap|swipe.js|JavaScript|101|22|12
183|./src/_00/output/Javascript/twbs~bootstrap/js/src/util/swipe.js|twbs|bootstrap|swipe.js|JavaScript|100|16|30
184|./src/_00/output/Javascript/twbs~bootstrap/site/assets/scss/_masthead.scss|twbs|bootstrap|_masthead.scss|Sass|100|2|17
185|./src/_00/output/Javascript/twbs~bootstrap/site/content/docs/5.3/examples/starter-template/index.html|twbs|bootstrap|index.html|HTML|100|0|7
186|./src/_00/output/Javascript/twbs~bootstrap/js/tests/visual/scrollspy.html|twbs|bootstrap|scrollspy.html|HTML|99|0|1
187|./src/_00/output/Javascript/twbs~bootstrap/site/content/docs/5.3/utilities/position.md|twbs|bootstrap|position.md|Markdown|99|0|31
188|./src/_00/output/Javascript/twbs~bootstrap/site/content/docs/5.3/examples/masonry/index.html|twbs|bootstrap|index.html|HTML|98|0|7
189|./src/_00/output/Javascript/twbs~bootstrap/CODE_OF_CONDUCT.md|twbs|bootstrap|CODE_OF_CONDUCT.md|Markdown|97|0|35
190|./src/_00/output/Javascript/twbs~bootstrap/js/tests/unit/dom/manipulator.spec.js|twbs|bootstrap|manipulator.spec.js|JavaScript|97|0|38
191|./src/_00/output/Javascript/twbs~bootstrap/site/content/docs/5.3/utilities/background.md|twbs|bootstrap|background.md|Markdown|97|0|52
192|./src/_00/output/Javascript/twbs~bootstrap/scss/_tooltip.scss|twbs|bootstrap|_tooltip.scss|Sass|96|7|16
193|./src/_00/output/Javascript/twbs~bootstrap/site/content/docs/5.3/getting-started/contents.md|twbs|bootstrap|contents.md|Markdown|95|0|16
194|./src/_00/output/Javascript/twbs~bootstrap/scss/_tables.scss|twbs|bootstrap|_tables.scss|Sass|94|47|30
195|./src/_00/output/Javascript/twbs~bootstrap/site/content/docs/5.3/forms/overview.md|twbs|bootstrap|overview.md|Markdown|94|0|22
196|./src/_00/output/Javascript/twbs~bootstrap/scss/_button-group.scss|twbs|bootstrap|_button-group.scss|Sass|92|23|27
197|./src/_00/output/Javascript/twbs~bootstrap/scss/forms/_input-group.scss|twbs|bootstrap|_input-group.scss|Sass|91|21|20
198|./src/_00/output/Javascript/twbs~bootstrap/site/content/docs/5.3/utilities/colors.md|twbs|bootstrap|colors.md|Markdown|91|0|50
199|./src/_00/output/Javascript/twbs~bootstrap/scss/_pagination.scss|twbs|bootstrap|_pagination.scss|Sass|90|6|13
200|./src/_00/output/Javascript/twbs~bootstrap/site/content/docs/5.3/getting-started/download.md|twbs|bootstrap|download.md|Markdown|88|0|49
201|./src/_00/output/Javascript/twbs~bootstrap/hugo.yml|twbs|bootstrap|hugo.yml|YAML|87|1|14
202|./src/_00/output/Javascript/twbs~bootstrap/site/assets/js/partials/snippets.js|twbs|bootstrap|snippets.js|JavaScript|86|61|21
203|./src/_00/output/Javascript/twbs~bootstrap/site/content/docs/5.3/utilities/display.md|twbs|bootstrap|display.md|Markdown|86|0|28
204|./src/_00/output/Javascript/twbs~bootstrap/site/layouts/partials/home/components-utilities.html|twbs|bootstrap|components-utilities.html|HTML|86|0|2
205|./src/_00/output/Javascript/twbs~bootstrap/js/src/dom/selector-engine.js|twbs|bootstrap|selector-engine.js|JavaScript|84|12|30
206|./src/_00/output/Javascript/twbs~bootstrap/js/src/util/sanitizer.js|twbs|bootstrap|sanitizer.js|JavaScript|84|17|16
207|./src/_00/output/Javascript/twbs~bootstrap/site/layouts/partials/icons.html|twbs|bootstrap|icons.html|HTML|84|0|0
208|./src/_00/output/Javascript/twbs~bootstrap/js/dist/util/sanitizer.js|twbs|bootstrap|sanitizer.js|JavaScript|83|23|8
209|./src/_00/output/Javascript/twbs~bootstrap/js/tests/unit/util/component-functions.spec.js|twbs|bootstrap|component-functions.spec.js|JavaScript|83|0|23
210|./src/_00/output/Javascript/twbs~bootstrap/site/content/docs/5.3/utilities/overflow.md|twbs|bootstrap|overflow.md|Markdown|82|0|17
211|./src/_00/output/Javascript/twbs~bootstrap/site/layouts/partials/docs-navbar.html|twbs|bootstrap|docs-navbar.html|HTML|82|0|10
212|./src/_00/output/Javascript/twbs~bootstrap/js/dist/util/focustrap.js|twbs|bootstrap|focustrap.js|JavaScript|81|21|11
213|./src/_00/output/Javascript/twbs~bootstrap/scss/forms/_floating-labels.scss|twbs|bootstrap|_floating-labels.scss|Sass|81|2|11
214|./src/_00/output/Javascript/twbs~bootstrap/build/change-version.mjs|twbs|bootstrap|change-version.mjs|JavaScript|80|12|21
215|./src/_00/output/Javascript/twbs~bootstrap/js/dist/dom/selector-engine.js|twbs|bootstrap|selector-engine.js|JavaScript|80|18|6
216|./src/_00/output/Javascript/twbs~bootstrap/site/content/docs/5.3/components/breadcrumb.md|twbs|bootstrap|breadcrumb.md|Markdown|80|0|28
217|./src/_00/output/Javascript/twbs~bootstrap/js/dist/util/scrollbar.js|twbs|bootstrap|scrollbar.js|JavaScript|79|24|10
218|./src/_00/output/Javascript/twbs~bootstrap/site/content/docs/5.3/examples/breadcrumbs/index.html|twbs|bootstrap|index.html|HTML|79|0|9
219|./src/_00/output/Javascript/twbs~bootstrap/site/content/docs/5.3/utilities/link.md|twbs|bootstrap|link.md|Markdown|79|0|27
220|./src/_00/output/Javascript/twbs~bootstrap/site/assets/scss/_toc.scss|twbs|bootstrap|_toc.scss|Sass|77|1|15
221|./src/_00/output/Javascript/twbs~bootstrap/js/src/util/focustrap.js|twbs|bootstrap|focustrap.js|JavaScript|76|15|24
222|./src/_00/output/Javascript/twbs~bootstrap/js/src/util/scrollbar.js|twbs|bootstrap|scrollbar.js|JavaScript|76|18|20
223|./src/_00/output/Javascript/twbs~bootstrap/js/tests/browsers.js|twbs|bootstrap|browsers.js|JavaScript|76|1|3
224|./src/_00/output/Javascript/twbs~bootstrap/site/content/docs/5.3/examples/buttons/index.html|twbs|bootstrap|index.html|HTML|76|0|12
225|./src/_00/output/Javascript/twbs~bootstrap/js/tests/unit/dom/data.spec.js|twbs|bootstrap|data.spec.js|JavaScript|74|1|29
226|./src/_00/output/Javascript/twbs~bootstrap/site/content/docs/5.3/components/badge.md|twbs|bootstrap|badge.md|Markdown|74|0|29
227|./src/_00/output/Javascript/twbs~bootstrap/build/build-plugins.mjs|twbs|bootstrap|build-plugins.mjs|JavaScript|73|16|19
228|./src/_00/output/Javascript/twbs~bootstrap/js/tests/visual/collapse.html|twbs|bootstrap|collapse.html|HTML|73|0|3
229|./src/_00/output/Javascript/twbs~bootstrap/scss/mixins/_breakpoints.scss|twbs|bootstrap|_breakpoints.scss|Sass|73|44|10
230|./src/_00/output/Javascript/twbs~bootstrap/site/content/docs/5.3/examples/jumbotrons/index.html|twbs|bootstrap|index.html|HTML|73|0|9
231|./src/_00/output/Javascript/twbs~bootstrap/js/tests/visual/input.html|twbs|bootstrap|input.html|HTML|71|0|7
232|./src/_00/output/Javascript/twbs~bootstrap/scss/forms/_form-range.scss|twbs|bootstrap|_form-range.scss|Sass|71|7|13
233|./src/_00/output/Javascript/twbs~bootstrap/scss/mixins/_utilities.scss|twbs|bootstrap|_utilities.scss|Sass|71|10|16
234|./src/_00/output/Javascript/twbs~bootstrap/site/layouts/shortcodes/scss-docs.html|twbs|bootstrap|scss-docs.html|HTML|71|0|11
235|./src/_00/output/Javascript/twbs~bootstrap/site/content/docs/5.3/layout/containers.md|twbs|bootstrap|containers.md|Markdown|70|0|25
236|./src/_00/output/Javascript/twbs~bootstrap/scss/_type.scss|twbs|bootstrap|_type.scss|Sass|69|16|21
237|./src/_00/output/Javascript/twbs~bootstrap/site/layouts/_default/docs.html|twbs|bootstrap|docs.html|HTML|68|0|5
238|./src/_00/output/Javascript/twbs~bootstrap/site/content/docs/5.3/helpers/stacks.md|twbs|bootstrap|stacks.md|Markdown|67|0|19
239|./src/_00/output/Javascript/twbs~bootstrap/.bundlewatch.config.json|twbs|bootstrap|.bundlewatch.config.json|JSON|66|0|0
240|./src/_00/output/Javascript/twbs~bootstrap/scss/forms/_form-select.scss|twbs|bootstrap|_form-select.scss|Sass|65|6|9
241|./src/_00/output/Javascript/twbs~bootstrap/site/content/docs/5.3/examples/dropdowns/dropdowns.css|twbs|bootstrap|dropdowns.css|CSS|65|0|6
242|./src/_00/output/Javascript/twbs~bootstrap/site/content/docs/5.3/helpers/icon-link.md|twbs|bootstrap|icon-link.md|Markdown|65|0|24
243|./src/_00/output/Javascript/twbs~bootstrap/site/content/docs/5.3/forms/select.md|twbs|bootstrap|select.md|Markdown|64|0|17
244|./src/_00/output/Javascript/twbs~bootstrap/site/content/docs/5.3/getting-started/rfs.md|twbs|bootstrap|rfs.md|Markdown|64|0|22
245|./src/_00/output/Javascript/twbs~bootstrap/site/layouts/partials/home/plugins.html|twbs|bootstrap|plugins.html|HTML|64|0|2
246|./src/_00/output/Javascript/twbs~bootstrap/js/tests/visual/toast.html|twbs|bootstrap|toast.html|HTML|63|0|7
247|./src/_00/output/Javascript/twbs~bootstrap/scss/mixins/_border-radius.scss|twbs|bootstrap|_border-radius.scss|Sass|63|5|10
248|./src/_00/output/Javascript/twbs~bootstrap/scss/tests/mixins/_color-modes.test.scss|twbs|bootstrap|_color-modes.test.scss|Sass|63|1|5
249|./src/_00/output/Javascript/twbs~bootstrap/site/content/docs/5.3/helpers/stretched-link.md|twbs|bootstrap|stretched-link.md|Markdown|63|0|11
250|./src/_00/output/Javascript/twbs~bootstrap/site/layouts/partials/examples/main.html|twbs|bootstrap|main.html|HTML|63|0|0
251|./src/_00/output/Javascript/twbs~bootstrap/.github/ISSUE_TEMPLATE/bug_report.yml|twbs|bootstrap|bug_report.yml|YAML|62|0|0
252|./src/_00/output/Javascript/twbs~bootstrap/scss/_toasts.scss|twbs|bootstrap|_toasts.scss|Sass|62|2|9
253|./src/_00/output/Javascript/twbs~bootstrap/scss/tests/utilities/_api.test.scss|twbs|bootstrap|_api.test.scss|Sass|62|2|11
254|./src/_00/output/Javascript/twbs~bootstrap/js/tests/visual/carousel.html|twbs|bootstrap|carousel.html|HTML|61|0|4
255|./src/_00/output/Javascript/twbs~bootstrap/site/content/docs/5.3/customize/css-variables.md|twbs|bootstrap|css-variables.md|Markdown|61|0|32
256|./src/_00/output/Javascript/twbs~bootstrap/site/layouts/shortcodes/js-docs.html|twbs|bootstrap|js-docs.html|HTML|61|0|9
257|./src/_00/output/Javascript/twbs~bootstrap/.stylelintrc.json|twbs|bootstrap|.stylelintrc.json|JSON|60|0|0
258|./src/_00/output/Javascript/twbs~bootstrap/scss/mixins/_caret.scss|twbs|bootstrap|_caret.scss|Sass|60|2|7
259|./src/_00/output/Javascript/twbs~bootstrap/site/content/docs/5.3/customize/optimize.md|twbs|bootstrap|optimize.md|Markdown|60|0|32
260|./src/_00/output/Javascript/twbs~bootstrap/site/content/docs/5.3/helpers/ratio.md|twbs|bootstrap|ratio.md|Markdown|60|0|21
261|./src/_00/output/Javascript/twbs~bootstrap/site/static/docs/5.3/assets/js/color-modes.js|twbs|bootstrap|color-modes.js|JavaScript|60|5|15
262|./src/_00/output/Javascript/twbs~bootstrap/.github/release-drafter.yml|twbs|bootstrap|release-drafter.yml|YAML|59|1|0
263|./src/_00/output/Javascript/twbs~bootstrap/site/layouts/partials/footer.html|twbs|bootstrap|footer.html|HTML|59|0|0
264|./src/_00/output/Javascript/twbs~bootstrap/js/dist/popover.js|twbs|bootstrap|popover.js|JavaScript|58|25|13
265|./src/_00/output/Javascript/twbs~bootstrap/js/src/popover.js|twbs|bootstrap|popover.js|JavaScript|58|19|20
266|./src/_00/output/Javascript/twbs~bootstrap/js/tests/integration/index.html|twbs|bootstrap|index.html|HTML|58|2|7
267|./src/_00/output/Javascript/twbs~bootstrap/site/assets/js/partials/code-examples.js|twbs|bootstrap|code-examples.js|JavaScript|58|18|14
268|./src/_00/output/Javascript/twbs~bootstrap/site/content/docs/5.3/examples/list-groups/list-groups.css|twbs|bootstrap|list-groups.css|CSS|58|0|5
269|./src/_00/output/Javascript/twbs~bootstrap/scss/_spinners.scss|twbs|bootstrap|_spinners.scss|Sass|57|17|11
270|./src/_00/output/Javascript/twbs~bootstrap/scss/mixins/_buttons.scss|twbs|bootstrap|_buttons.scss|Sass|57|10|3
271|./src/_00/output/Javascript/twbs~bootstrap/js/dist/dom/manipulator.js|twbs|bootstrap|manipulator.js|JavaScript|56|12|4
272|./src/_00/output/Javascript/twbs~bootstrap/site/layouts/partials/home/get-started.html|twbs|bootstrap|get-started.html|HTML|56|0|2
273|./src/_00/output/Javascript/twbs~bootstrap/site/content/docs/5.3/examples/product/product.css|twbs|bootstrap|product.css|CSS|55|9|10
274|./src/_00/output/Javascript/twbs~bootstrap/site/layouts/partials/docs-versions.html|twbs|bootstrap|docs-versions.html|HTML|55|0|3
275|./src/_00/output/Javascript/twbs~bootstrap/build/zip-examples.mjs|twbs|bootstrap|zip-examples.mjs|JavaScript|54|27|20
276|./src/_00/output/Javascript/twbs~bootstrap/js/dist/base-component.js|twbs|bootstrap|base-component.js|JavaScript|54|20|10
277|./src/_00/output/Javascript/twbs~bootstrap/scss/_progress.scss|twbs|bootstrap|_progress.scss|Sass|54|5|9
278|./src/_00/output/Javascript/twbs~bootstrap/site/content/docs/5.3/examples/sidebars/sidebars.css|twbs|bootstrap|sidebars.css|CSS|54|0|9
279|./src/_00/output/Javascript/twbs~bootstrap/site/layouts/partials/home/customize.html|twbs|bootstrap|customize.html|HTML|54|0|5
280|./src/_00/output/Javascript/twbs~bootstrap/js/tests/README.md|twbs|bootstrap|README.md|Markdown|53|0|20
281|./src/_00/output/Javascript/twbs~bootstrap/scss/bootstrap-grid.scss|twbs|bootstrap|bootstrap-grid.scss|Sass|53|2|7
282|./src/_00/output/Javascript/twbs~bootstrap/js/src/base-component.js|twbs|bootstrap|base-component.js|JavaScript|52|14|19
283|./src/_00/output/Javascript/twbs~bootstrap/site/assets/scss/_sidebar.scss|twbs|bootstrap|_sidebar.scss|Sass|52|3|9
284|./src/_00/output/Javascript/twbs~bootstrap/site/content/docs/5.3/examples/cheatsheet/cheatsheet.js|twbs|bootstrap|cheatsheet.js|JavaScript|52|3|18
285|./src/_00/output/Javascript/twbs~bootstrap/site/data/docs-versions.yml|twbs|bootstrap|docs-versions.yml|YAML|52|0|4
286|./src/_00/output/Javascript/twbs~bootstrap/js/tests/unit/jquery.spec.js|twbs|bootstrap|jquery.spec.js|JavaScript|51|1|8
287|./src/_00/output/Javascript/twbs~bootstrap/scss/_variables-dark.scss|twbs|bootstrap|_variables-dark.scss|Sass|51|22|14
288|./src/_00/output/Javascript/twbs~bootstrap/site/content/docs/5.3/customize/components.md|twbs|bootstrap|components.md|Markdown|51|0|26
289|./src/_00/output/Javascript/twbs~bootstrap/site/content/docs/5.3/extend/approach.md|twbs|bootstrap|approach.md|Markdown|51|0|35
290|./src/_00/output/Javascript/twbs~bootstrap/js/src/dom/manipulator.js|twbs|bootstrap|manipulator.js|JavaScript|50|6|15
291|./src/_00/output/Javascript/twbs~bootstrap/site/content/docs/5.3/getting-started/browsers-devices.md|twbs|bootstrap|browsers-devices.md|Markdown|50|0|29
292|./src/_00/output/Javascript/twbs~bootstrap/build/rollup.config.mjs|twbs|bootstrap|rollup.config.mjs|JavaScript|49|3|7
293|./src/_00/output/Javascript/twbs~bootstrap/site/content/docs/5.3/examples/breadcrumbs/breadcrumbs.css|twbs|bootstrap|breadcrumbs.css|CSS|49|0|1
294|./src/_00/output/Javascript/twbs~bootstrap/scss/_close.scss|twbs|bootstrap|_close.scss|Sass|48|7|8
295|./src/_00/output/Javascript/twbs~bootstrap/site/content/docs/5.3/helpers/focus-ring.md|twbs|bootstrap|focus-ring.md|Markdown|48|0|21
296|./src/_00/output/Javascript/twbs~bootstrap/site/content/docs/5.3/utilities/object-fit.md|twbs|bootstrap|object-fit.md|Markdown|48|0|17
297|./src/_00/output/Javascript/twbs~bootstrap/site/content/docs/5.3/utilities/sizing.md|twbs|bootstrap|sizing.md|Markdown|48|0|14
298|./src/_00/output/Javascript/twbs~bootstrap/js/dist/alert.js|twbs|bootstrap|alert.js|JavaScript|47|28|15
299|./src/_00/output/Javascript/twbs~bootstrap/site/assets/scss/_layout.scss|twbs|bootstrap|_layout.scss|Sass|47|0|10
300|./src/_00/output/Javascript/twbs~bootstrap/site/content/docs/5.3/examples/sticky-footer-navbar/index.html|twbs|bootstrap|index.html|HTML|47|2|3
301|./src/_00/output/Javascript/twbs~bootstrap/site/content/docs/5.3/getting-started/contribute.md|twbs|bootstrap|contribute.md|Markdown|47|0|23
302|./src/_00/output/Javascript/twbs~bootstrap/site/layouts/partials/home/css-variables.html|twbs|bootstrap|css-variables.html|HTML|46|0|2
303|./src/_00/output/Javascript/twbs~bootstrap/js/dist/util/config.js|twbs|bootstrap|config.js|JavaScript|45|16|7
304|./src/_00/output/Javascript/twbs~bootstrap/js/src/alert.js|twbs|bootstrap|alert.js|JavaScript|45|22|20
305|./src/_00/output/Javascript/twbs~bootstrap/site/content/docs/5.3/examples/offcanvas-navbar/offcanvas-navbar.css|twbs|bootstrap|offcanvas-navbar.css|CSS|45|0|7
306|./src/_00/output/Javascript/twbs~bootstrap/site/content/docs/5.3/helpers/color-background.md|twbs|bootstrap|color-background.md|Markdown|45|0|10
307|./src/_00/output/Javascript/twbs~bootstrap/site/content/docs/5.3/helpers/position.md|twbs|bootstrap|position.md|Markdown|45|0|18
308|./src/_00/output/Javascript/twbs~bootstrap/site/assets/js/stackblitz.js|twbs|bootstrap|stackblitz.js|JavaScript|44|14|8
309|./src/_00/output/Javascript/twbs~bootstrap/site/content/docs/5.3/examples/carousel/carousel.css|twbs|bootstrap|carousel.css|CSS|44|21|17
310|./src/_00/output/Javascript/twbs~bootstrap/site/content/docs/5.3/examples/dashboard-rtl/dashboard.js|twbs|bootstrap|dashboard.js|JavaScript|44|3|2
311|./src/_00/output/Javascript/twbs~bootstrap/site/content/docs/5.3/examples/dashboard/dashboard.js|twbs|bootstrap|dashboard.js|JavaScript|44|3|2
312|./src/_00/output/Javascript/twbs~bootstrap/build/generate-sri.mjs|twbs|bootstrap|generate-sri.mjs|JavaScript|43|11|10
313|./src/_00/output/Javascript/twbs~bootstrap/js/src/util/config.js|twbs|bootstrap|config.js|JavaScript|43|10|12
314|./src/_00/output/Javascript/twbs~bootstrap/js/tests/visual/alert.html|twbs|bootstrap|alert.html|HTML|43|0|5
315|./src/_00/output/Javascript/twbs~bootstrap/js/tests/visual/button.html|twbs|bootstrap|button.html|HTML|43|0|6
316|./src/_00/output/Javascript/twbs~bootstrap/scss/_alert.scss|twbs|bootstrap|_alert.scss|Sass|43|15|10
317|./src/_00/output/Javascript/twbs~bootstrap/site/content/docs/5.3/content/images.md|twbs|bootstrap|images.md|Markdown|43|0|20
318|./src/_00/output/Javascript/twbs~bootstrap/site/layouts/shortcodes/example.html|twbs|bootstrap|example.html|HTML|43|0|6
319|./src/_00/output/Javascript/twbs~bootstrap/site/content/docs/5.3/customize/overview.md|twbs|bootstrap|overview.md|Markdown|42|0|11
320|./src/_00/output/Javascript/twbs~bootstrap/site/content/docs/5.3/getting-started/accessibility.md|twbs|bootstrap|accessibility.md|Markdown|42|0|20
321|./src/_00/output/Javascript/twbs~bootstrap/site/layouts/partials/docs-sidebar.html|twbs|bootstrap|docs-sidebar.html|HTML|42|0|5
322|./src/_00/output/Javascript/twbs~bootstrap/.github/workflows/js.yml|twbs|bootstrap|js.yml|YAML|41|1|10
323|./src/_00/output/Javascript/twbs~bootstrap/.github/workflows/node-sass.yml|twbs|bootstrap|node-sass.yml|YAML|41|0|8
324|./src/_00/output/Javascript/twbs~bootstrap/scss/_placeholders.scss|twbs|bootstrap|_placeholders.scss|Sass|41|2|8
325|./src/_00/output/Javascript/twbs~bootstrap/scss/bootstrap.scss|twbs|bootstrap|bootstrap.scss|Sass|41|6|5
326|./src/_00/output/Javascript/twbs~bootstrap/site/assets/scss/_brand.scss|twbs|bootstrap|_brand.scss|Sass|41|9|10
327|./src/_00/output/Javascript/twbs~bootstrap/site/assets/scss/_buttons.scss|twbs|bootstrap|_buttons.scss|Sass|41|5|6
328|./src/_00/output/Javascript/twbs~bootstrap/site/content/docs/5.3/examples/carousel/carousel.rtl.css|twbs|bootstrap|carousel.rtl.css|CSS|41|17|16
329|./src/_00/output/Javascript/twbs~bootstrap/site/layouts/partials/home/masthead.html|twbs|bootstrap|masthead.html|HTML|41|0|0
330|./src/_00/output/Javascript/twbs~bootstrap/site/content/docs/5.3/examples/jumbotron/index.html|twbs|bootstrap|index.html|HTML|40|0|4
331|./src/_00/output/Javascript/twbs~bootstrap/site/content/docs/5.3/examples/navbar-bottom/index.html|twbs|bootstrap|index.html|HTML|40|0|1
332|./src/_00/output/Javascript/twbs~bootstrap/.github/workflows/docs.yml|twbs|bootstrap|docs.yml|YAML|39|0|11
333|./src/_00/output/Javascript/twbs~bootstrap/site/content/docs/5.3/helpers/vertical-rule.md|twbs|bootstrap|vertical-rule.md|Markdown|39|0|15
334|./src/_00/output/Javascript/twbs~bootstrap/.github/workflows/codeql.yml|twbs|bootstrap|codeql.yml|YAML|38|0|6
335|./src/_00/output/Javascript/twbs~bootstrap/js/tests/helpers/fixture.js|twbs|bootstrap|fixture.js|JavaScript|38|0|9
336|./src/_00/output/Javascript/twbs~bootstrap/site/content/docs/5.3/docsref.md|twbs|bootstrap|docsref.md|Markdown|38|0|12
337|./src/_00/output/Javascript/twbs~bootstrap/site/content/docs/5.3/examples/navbar-fixed/index.html|twbs|bootstrap|index.html|HTML|38|0|2
338|./src/_00/output/Javascript/twbs~bootstrap/site/content/docs/5.3/examples/navbar-static/index.html|twbs|bootstrap|index.html|HTML|38|0|2
339|./src/_00/output/Javascript/twbs~bootstrap/site/content/docs/5.3/utilities/float.md|twbs|bootstrap|float.md|Markdown|38|0|13
340|./src/_00/output/Javascript/twbs~bootstrap/site/layouts/shortcodes/placeholder.html|twbs|bootstrap|placeholder.html|HTML|38|0|6
341|./src/_00/output/Javascript/twbs~bootstrap/.github/workflows/browserstack.yml|twbs|bootstrap|browserstack.yml|YAML|37|0|9
342|./src/_00/output/Javascript/twbs~bootstrap/js/dist/button.js|twbs|bootstrap|button.js|JavaScript|37|28|14
343|./src/_00/output/Javascript/twbs~bootstrap/js/dist/dom/data.js|twbs|bootstrap|data.js|JavaScript|37|19|7
344|./src/_00/output/Javascript/twbs~bootstrap/site/content/docs/5.3/utilities/vertical-align.md|twbs|bootstrap|vertical-align.md|Markdown|37|0|11
345|./src/_00/output/Javascript/twbs~bootstrap/build/vnu-jar.mjs|twbs|bootstrap|vnu-jar.mjs|JavaScript|36|13|10
346|./src/_00/output/Javascript/twbs~bootstrap/site/content/docs/5.3/components/close-button.md|twbs|bootstrap|close-button.md|Markdown|36|0|18
347|./src/_00/output/Javascript/twbs~bootstrap/site/data/plugins.yml|twbs|bootstrap|plugins.yml|YAML|36|0|11
348|./src/_00/output/Javascript/twbs~bootstrap/site/data/translations.yml|twbs|bootstrap|translations.yml|YAML|36|0|8
349|./src/_00/output/Javascript/twbs~bootstrap/site/layouts/_default/single.html|twbs|bootstrap|single.html|HTML|35|0|2
350|./src/_00/output/Javascript/twbs~bootstrap/site/layouts/partials/scripts.html|twbs|bootstrap|scripts.html|HTML|35|0|5
351|./src/_00/output/Javascript/twbs~bootstrap/.github/workflows/bundlewatch.yml|twbs|bootstrap|bundlewatch.yml|YAML|34|0|9
352|./src/_00/output/Javascript/twbs~bootstrap/js/src/button.js|twbs|bootstrap|button.js|JavaScript|34|22|16
353|./src/_00/output/Javascript/twbs~bootstrap/js/tests/visual/popover.html|twbs|bootstrap|popover.html|HTML|34|0|7
354|./src/_00/output/Javascript/twbs~bootstrap/site/assets/scss/_clipboard-js.scss|twbs|bootstrap|_clipboard-js.scss|Sass|34|3|7
355|./src/_00/output/Javascript/twbs~bootstrap/site/content/docs/5.3/about/brand.md|twbs|bootstrap|brand.md|Markdown|34|0|9
356|./src/_00/output/Javascript/twbs~bootstrap/site/content/docs/5.3/examples/dashboard/dashboard.css|twbs|bootstrap|dashboard.css|CSS|34|6|8
357|./src/_00/output/Javascript/twbs~bootstrap/site/content/docs/5.3/examples/dashboard/dashboard.rtl.css|twbs|bootstrap|dashboard.rtl.css|CSS|34|6|8
358|./src/_00/output/Javascript/twbs~bootstrap/site/content/docs/5.3/forms/range.md|twbs|bootstrap|range.md|Markdown|34|0|15
359|./src/_00/output/Javascript/twbs~bootstrap/site/content/docs/5.3/helpers/colored-links.md|twbs|bootstrap|colored-links.md|Markdown|34|0|9
360|./src/_00/output/Javascript/twbs~bootstrap/site/content/docs/5.3/utilities/z-index.md|twbs|bootstrap|z-index.md|Markdown|34|0|17
361|./src/_00/output/Javascript/twbs~bootstrap/site/layouts/partials/theme-toggler.html|twbs|bootstrap|theme-toggler.html|HTML|34|0|0
362|./src/_00/output/Javascript/twbs~bootstrap/nuget/bootstrap.nuspec|twbs|bootstrap|bootstrap.nuspec|XML|33|1|2
363|./src/_00/output/Javascript/twbs~bootstrap/nuget/bootstrap.sass.nuspec|twbs|bootstrap|bootstrap.sass.nuspec|XML|33|1|2
364|./src/_00/output/Javascript/twbs~bootstrap/scss/_breadcrumb.scss|twbs|bootstrap|_breadcrumb.scss|Sass|33|3|4
365|./src/_00/output/Javascript/twbs~bootstrap/composer.json|twbs|bootstrap|composer.json|JSON|32|0|0
366|./src/_00/output/Javascript/twbs~bootstrap/site/assets/scss/docs.scss|twbs|bootstrap|docs.scss|Sass|32|21|5
367|./src/_00/output/Javascript/twbs~bootstrap/.github/workflows/css.yml|twbs|bootstrap|css.yml|YAML|31|0|9
368|./src/_00/output/Javascript/twbs~bootstrap/site/assets/js/search.js|twbs|bootstrap|search.js|JavaScript|31|15|9
369|./src/_00/output/Javascript/twbs~bootstrap/site/assets/scss/_variables.scss|twbs|bootstrap|_variables.scss|Sass|31|1|3
370|./src/_00/output/Javascript/twbs~bootstrap/js/src/dom/data.js|twbs|bootstrap|data.js|JavaScript|30|13|12
371|./src/_00/output/Javascript/twbs~bootstrap/site/content/docs/5.3/examples/cover/index.html|twbs|bootstrap|index.html|HTML|30|0|3
372|./src/_00/output/Javascript/twbs~bootstrap/site/data/breakpoints.yml|twbs|bootstrap|breakpoints.yml|YAML|30|0|5
373|./src/_00/output/Javascript/twbs~bootstrap/.github/ISSUE_TEMPLATE/feature_request.yml|twbs|bootstrap|feature_request.yml|YAML|29|0|0
374|./src/_00/output/Javascript/twbs~bootstrap/.github/workflows/cspell.yml|twbs|bootstrap|cspell.yml|YAML|29|1|6
375|./src/_00/output/Javascript/twbs~bootstrap/.github/workflows/lint.yml|twbs|bootstrap|lint.yml|YAML|29|0|8
376|./src/_00/output/Javascript/twbs~bootstrap/scss/helpers/_position.scss|twbs|bootstrap|_position.scss|Sass|29|2|5
377|./src/_00/output/Javascript/twbs~bootstrap/scss/utilities/_api.scss|twbs|bootstrap|_api.scss|Sass|29|12|6
378|./src/_00/output/Javascript/twbs~bootstrap/site/assets/scss/_callouts.scss|twbs|bootstrap|_callouts.scss|Sass|29|4|7
379|./src/_00/output/Javascript/twbs~bootstrap/site/content/docs/5.3/customize/options.md|twbs|bootstrap|options.md|Markdown|29|0|3
380|./src/_00/output/Javascript/twbs~bootstrap/site/content/docs/5.3/examples/sign-in/index.html|twbs|bootstrap|index.html|HTML|29|0|3
381|./src/_00/output/Javascript/twbs~bootstrap/site/content/docs/5.3/utilities/interactions.md|twbs|bootstrap|interactions.md|Markdown|29|0|13
382|./src/_00/output/Javascript/twbs~bootstrap/site/assets/scss/_ads.scss|twbs|bootstrap|_ads.scss|Sass|28|4|6
383|./src/_00/output/Javascript/twbs~bootstrap/site/content/docs/5.3/examples/cover/cover.css|twbs|bootstrap|cover.css|CSS|28|10|12
384|./src/_00/output/Javascript/twbs~bootstrap/site/content/docs/5.3/utilities/opacity.md|twbs|bootstrap|opacity.md|Markdown|28|0|8
385|./src/_00/output/Javascript/twbs~bootstrap/site/content/docs/5.3/utilities/visibility.md|twbs|bootstrap|visibility.md|Markdown|28|0|9
386|./src/_00/output/Javascript/twbs~bootstrap/scss/_containers.scss|twbs|bootstrap|_containers.scss|Sass|27|8|6
387|./src/_00/output/Javascript/twbs~bootstrap/scss/forms/_labels.scss|twbs|bootstrap|_labels.scss|Sass|27|5|4
388|./src/_00/output/Javascript/twbs~bootstrap/scss/mixins/_gradients.scss|twbs|bootstrap|_gradients.scss|Sass|27|11|9
389|./src/_00/output/Javascript/twbs~bootstrap/site/content/docs/5.3/examples/blog/blog.css|twbs|bootstrap|blog.css|CSS|27|5|7
390|./src/_00/output/Javascript/twbs~bootstrap/site/content/docs/5.3/examples/blog/blog.rtl.css|twbs|bootstrap|blog.rtl.css|CSS|27|5|7
391|./src/_00/output/Javascript/twbs~bootstrap/site/content/docs/5.3/extend/icons.md|twbs|bootstrap|icons.md|Markdown|27|0|13
392|./src/_00/output/Javascript/twbs~bootstrap/site/content/docs/5.3/helpers/clearfix.md|twbs|bootstrap|clearfix.md|Markdown|27|0|9
393|./src/_00/output/Javascript/twbs~bootstrap/site/layouts/partials/table-content.html|twbs|bootstrap|table-content.html|HTML|27|0|0
394|./src/_00/output/Javascript/twbs~bootstrap/.github/workflows/calibreapp-image-actions.yml|twbs|bootstrap|calibreapp-image-actions.yml|YAML|26|2|4
395|./src/_00/output/Javascript/twbs~bootstrap/js/index.umd.js|twbs|bootstrap|index.umd.js|JavaScript|26|6|2
396|./src/_00/output/Javascript/twbs~bootstrap/scss/_badge.scss|twbs|bootstrap|_badge.scss|Sass|26|8|4
397|./src/_00/output/Javascript/twbs~bootstrap/site/content/docs/versions.md|twbs|bootstrap|versions.md|Markdown|26|0|1
398|./src/_00/output/Javascript/twbs~bootstrap/site/data/colors.yml|twbs|bootstrap|colors.yml|YAML|26|0|0
399|./src/_00/output/Javascript/twbs~bootstrap/site/data/icons.yml|twbs|bootstrap|icons.yml|YAML|26|0|1
400|./src/_00/output/Javascript/twbs~bootstrap/scss/_grid.scss|twbs|bootstrap|_grid.scss|Sass|25|6|8
401|./src/_00/output/Javascript/twbs~bootstrap/scss/_mixins.scss|twbs|bootstrap|_mixins.scss|Sass|25|10|7
402|./src/_00/output/Javascript/twbs~bootstrap/scss/helpers/_colored-links.scss|twbs|bootstrap|_colored-links.scss|Sass|25|2|3
403|./src/_00/output/Javascript/twbs~bootstrap/site/content/docs/5.3/content/figures.md|twbs|bootstrap|figures.md|Markdown|25|0|8
404|./src/_00/output/Javascript/twbs~bootstrap/.github/PULL_REQUEST_TEMPLATE.md|twbs|bootstrap|PULL_REQUEST_TEMPLATE.md|Markdown|24|0|14
405|./src/_00/output/Javascript/twbs~bootstrap/site/content/docs/5.3/about/license.md|twbs|bootstrap|license.md|Markdown|24|0|10
406|./src/_00/output/Javascript/twbs~bootstrap/site/data/core-team.yml|twbs|bootstrap|core-team.yml|YAML|24|0|11
407|./src/_00/output/Javascript/twbs~bootstrap/site/layouts/partials/social.html|twbs|bootstrap|social.html|HTML|24|0|3
408|./src/_00/output/Javascript/twbs~bootstrap/.github/dependabot.yml|twbs|bootstrap|dependabot.yml|YAML|23|0|0
409|./src/_00/output/Javascript/twbs~bootstrap/js/dist/util/component-functions.js|twbs|bootstrap|component-functions.js|JavaScript|23|13|6
410|./src/_00/output/Javascript/twbs~bootstrap/scss/helpers/_icon-link.scss|twbs|bootstrap|_icon-link.scss|Sass|23|0|2
411|./src/_00/output/Javascript/twbs~bootstrap/site/content/docs/5.3/helpers/visually-hidden.md|twbs|bootstrap|visually-hidden.md|Markdown|23|0|6
412|./src/_00/output/Javascript/twbs~bootstrap/site/layouts/partials/home/icons.html|twbs|bootstrap|icons.html|HTML|23|0|0
413|./src/_00/output/Javascript/twbs~bootstrap/site/layouts/partials/home/themes.html|twbs|bootstrap|themes.html|HTML|23|0|0
414|./src/_00/output/Javascript/twbs~bootstrap/site/layouts/shortcodes/table.html|twbs|bootstrap|table.html|HTML|23|0|8
415|./src/_00/output/Javascript/twbs~bootstrap/.github/workflows/issue-close-require.yml|twbs|bootstrap|issue-close-require.yml|YAML|22|1|3
416|./src/_00/output/Javascript/twbs~bootstrap/.github/workflows/issue-labeled.yml|twbs|bootstrap|issue-labeled.yml|YAML|22|1|3
417|./src/_00/output/Javascript/twbs~bootstrap/js/tests/integration/rollup.bundle.js|twbs|bootstrap|rollup.bundle.js|JavaScript|22|0|2
418|./src/_00/output/Javascript/twbs~bootstrap/scss/_images.scss|twbs|bootstrap|_images.scss|Sass|22|13|7
419|./src/_00/output/Javascript/twbs~bootstrap/scss/mixins/_transition.scss|twbs|bootstrap|_transition.scss|Sass|22|1|3
420|./src/_00/output/Javascript/twbs~bootstrap/site/content/docs/5.3/examples/features/features.css|twbs|bootstrap|features.css|CSS|22|0|4
421|./src/_00/output/Javascript/twbs~bootstrap/site/layouts/partials/stylesheet.html|twbs|bootstrap|stylesheet.html|HTML|22|0|5
422|./src/_00/output/Javascript/twbs~bootstrap/site/static/sw.js|twbs|bootstrap|sw.js|JavaScript|22|3|2
423|./src/_00/output/Javascript/twbs~bootstrap/js/src/util/component-functions.js|twbs|bootstrap|component-functions.js|JavaScript|21|7|7
424|./src/_00/output/Javascript/twbs~bootstrap/scss/_transitions.scss|twbs|bootstrap|_transitions.scss|Sass|21|2|4
425|./src/_00/output/Javascript/twbs~bootstrap/scss/helpers/_ratio.scss|twbs|bootstrap|_ratio.scss|Sass|21|1|4
426|./src/_00/output/Javascript/twbs~bootstrap/site/content/docs/5.3/examples/sign-in/sign-in.css|twbs|bootstrap|sign-in.css|CSS|21|0|4
427|./src/_00/output/Javascript/twbs~bootstrap/site/content/docs/5.3/utilities/shadows.md|twbs|bootstrap|shadows.md|Markdown|21|0|9
428|./src/_00/output/Javascript/twbs~bootstrap/site/layouts/partials/header.html|twbs|bootstrap|header.html|HTML|21|0|7
429|./src/_00/output/Javascript/twbs~bootstrap/scss/mixins/_table-variants.scss|twbs|bootstrap|_table-variants.scss|Sass|20|2|2
430|./src/_00/output/Javascript/twbs~bootstrap/site/content/docs/5.3/about/team.md|twbs|bootstrap|team.md|Markdown|20|0|3
431|./src/_00/output/Javascript/twbs~bootstrap/site/content/docs/5.3/examples/sticky-footer/index.html|twbs|bootstrap|index.html|HTML|20|1|2
432|./src/_00/output/Javascript/twbs~bootstrap/site/content/docs/5.3/helpers/text-truncation.md|twbs|bootstrap|text-truncation.md|Markdown|20|0|3
433|./src/_00/output/Javascript/twbs~bootstrap/site/data/theme-colors.yml|twbs|bootstrap|theme-colors.yml|YAML|20|0|0
434|./src/_00/output/Javascript/twbs~bootstrap/site/static/docs/5.3/assets/img/favicons/manifest.json|twbs|bootstrap|manifest.json|JSON|20|0|0
435|./src/_00/output/Javascript/twbs~bootstrap/.github/workflows/release-notes.yml|twbs|bootstrap|release-notes.yml|YAML|19|1|3
436|./src/_00/output/Javascript/twbs~bootstrap/scss/mixins/_color-mode.scss|twbs|bootstrap|_color-mode.scss|Sass|19|2|0
437|./src/_00/output/Javascript/twbs~bootstrap/scss/mixins/_list-group.scss|twbs|bootstrap|_list-group.scss|Sass|19|3|4
438|./src/_00/output/Javascript/twbs~bootstrap/site/assets/scss/_anchor.scss|twbs|bootstrap|_anchor.scss|Sass|19|0|2
439|./src/_00/output/Javascript/twbs~bootstrap/site/content/docs/5.3/about/overview.md|twbs|bootstrap|overview.md|Markdown|19|0|10
440|./src/_00/output/Javascript/twbs~bootstrap/site/layouts/partials/responsive-img.html|twbs|bootstrap|responsive-img.html|HTML|19|0|3
441|./src/_00/output/Javascript/twbs~bootstrap/scss/mixins/_visually-hidden.scss|twbs|bootstrap|_visually-hidden.scss|Sass|18|10|5
442|./src/_00/output/Javascript/twbs~bootstrap/site/data/grays.yml|twbs|bootstrap|grays.yml|YAML|18|0|0
443|./src/_00/output/Javascript/twbs~bootstrap/site/layouts/_default/baseof.html|twbs|bootstrap|baseof.html|HTML|17|0|4
444|./src/_00/output/Javascript/twbs~bootstrap/site/layouts/partials/examples/bs-themes.html|twbs|bootstrap|bs-themes.html|HTML|17|0|0
445|./src/_00/output/Javascript/twbs~bootstrap/build/postcss.config.mjs|twbs|bootstrap|postcss.config.mjs|JavaScript|16|0|1
446|./src/_00/output/Javascript/twbs~bootstrap/scss/mixins/_box-shadow.scss|twbs|bootstrap|_box-shadow.scss|Sass|16|0|2
447|./src/_00/output/Javascript/twbs~bootstrap/scss/mixins/_reset-text.scss|twbs|bootstrap|_reset-text.scss|Sass|16|1|0
448|./src/_00/output/Javascript/twbs~bootstrap/site/content/docs/5.3/about/translations.md|twbs|bootstrap|translations.md|Markdown|16|0|4
449|./src/_00/output/Javascript/twbs~bootstrap/site/content/docs/5.3/getting-started/best-practices.md|twbs|bootstrap|best-practices.md|Markdown|16|0|4
450|./src/_00/output/Javascript/twbs~bootstrap/site/content/docs/5.3/layout/utilities.md|twbs|bootstrap|utilities.md|Markdown|16|0|9
451|./src/_00/output/Javascript/twbs~bootstrap/site/assets/js/partials/sidebar.js|twbs|bootstrap|sidebar.js|JavaScript|15|10|5
452|./src/_00/output/Javascript/twbs~bootstrap/site/layouts/_default/home.html|twbs|bootstrap|home.html|HTML|15|0|1
453|./src/_00/output/Javascript/twbs~bootstrap/site/layouts/partials/examples/icons.html|twbs|bootstrap|icons.html|HTML|15|0|0
454|./src/_00/output/Javascript/twbs~bootstrap/scss/tests/sass-true/runner.js|twbs|bootstrap|runner.js|JavaScript|14|0|3
455|./src/_00/output/Javascript/twbs~bootstrap/site/assets/scss/_scrolling.scss|twbs|bootstrap|_scrolling.scss|Sass|14|1|1
456|./src/_00/output/Javascript/twbs~bootstrap/js/tests/integration/rollup.bundle-modularity.js|twbs|bootstrap|rollup.bundle-modularity.js|JavaScript|13|0|4
457|./src/_00/output/Javascript/twbs~bootstrap/package.js|twbs|bootstrap|package.js|JavaScript|13|2|3
458|./src/_00/output/Javascript/twbs~bootstrap/scss/mixins/_alert.scss|twbs|bootstrap|_alert.scss|Sass|13|2|3
459|./src/_00/output/Javascript/twbs~bootstrap/site/content/404.md|twbs|bootstrap|404.md|Markdown|13|0|1
460|./src/_00/output/Javascript/twbs~bootstrap/site/content/docs/5.3/examples/headers/headers.css|twbs|bootstrap|headers.css|CSS|13|0|2
461|./src/_00/output/Javascript/twbs~bootstrap/site/layouts/shortcodes/param.html|twbs|bootstrap|param.html|HTML|13|0|1
462|./src/_00/output/Javascript/twbs~bootstrap/site/static/docs/5.3/assets/js/validate-forms.js|twbs|bootstrap|validate-forms.js|JavaScript|13|3|3
463|./src/_00/output/Javascript/twbs~bootstrap/.babelrc.js|twbs|bootstrap|.babelrc.js|JavaScript|12|0|0
464|./src/_00/output/Javascript/twbs~bootstrap/js/index.esm.js|twbs|bootstrap|index.esm.js|JavaScript|12|6|1
465|./src/_00/output/Javascript/twbs~bootstrap/scss/_helpers.scss|twbs|bootstrap|_helpers.scss|Sass|12|0|0
466|./src/_00/output/Javascript/twbs~bootstrap/scss/helpers/_stacks.scss|twbs|bootstrap|_stacks.scss|Sass|12|2|1
467|./src/_00/output/Javascript/twbs~bootstrap/site/assets/scss/search.scss|twbs|bootstrap|search.scss|Sass|12|0|2
468|./src/_00/output/Javascript/twbs~bootstrap/site/content/docs/5.3/examples/grid/grid.css|twbs|bootstrap|grid.css|CSS|12|0|1
469|./src/_00/output/Javascript/twbs~bootstrap/build/banner.mjs|twbs|bootstrap|banner.mjs|JavaScript|11|4|5
470|./src/_00/output/Javascript/twbs~bootstrap/scss/bootstrap-utilities.scss|twbs|bootstrap|bootstrap-utilities.scss|Sass|11|4|4
471|./src/_00/output/Javascript/twbs~bootstrap/scss/helpers/_stretched-link.scss|twbs|bootstrap|_stretched-link.scss|Sass|11|3|1
472|./src/_00/output/Javascript/twbs~bootstrap/scss/mixins/_backdrop.scss|twbs|bootstrap|_backdrop.scss|Sass|11|2|1
473|./src/_00/output/Javascript/twbs~bootstrap/site/assets/scss/_footer.scss|twbs|bootstrap|_footer.scss|Sass|11|3|2
474|./src/_00/output/Javascript/twbs~bootstrap/site/content/docs/5.3/layout/z-index.md|twbs|bootstrap|z-index.md|Markdown|11|0|5
475|./src/_00/output/Javascript/twbs~bootstrap/site/layouts/partials/redirect.html|twbs|bootstrap|redirect.html|HTML|11|0|0
476|./src/_00/output/Javascript/twbs~bootstrap/scss/tests/sass-true/register.js|twbs|bootstrap|register.js|JavaScript|10|0|4
477|./src/_00/output/Javascript/twbs~bootstrap/site/layouts/shortcodes/js-dismiss.html|twbs|bootstrap|js-dismiss.html|HTML|10|0|5
478|./src/_00/output/Javascript/twbs~bootstrap/scss/_forms.scss|twbs|bootstrap|_forms.scss|Sass|9|0|0
479|./src/_00/output/Javascript/twbs~bootstrap/scss/bootstrap-reboot.scss|twbs|bootstrap|bootstrap-reboot.scss|Sass|9|0|1
480|./src/_00/output/Javascript/twbs~bootstrap/scss/mixins/_container.scss|twbs|bootstrap|_container.scss|Sass|9|1|1
481|./src/_00/output/Javascript/twbs~bootstrap/site/content/docs/5.3/examples/pricing/pricing.css|twbs|bootstrap|pricing.css|CSS|9|0|2
482|./src/_00/output/Javascript/twbs~bootstrap/nuget/MyGet.ps1|twbs|bootstrap|MyGet.ps1|PowerShell|8|5|4
483|./src/_00/output/Javascript/twbs~bootstrap/scss/helpers/_vr.scss|twbs|bootstrap|_vr.scss|Sass|8|0|0
484|./src/_00/output/Javascript/twbs~bootstrap/scss/tests/jasmine.js|twbs|bootstrap|jasmine.js|JavaScript|8|5|3
485|./src/_00/output/Javascript/twbs~bootstrap/site/assets/scss/_placeholder-img.scss|twbs|bootstrap|_placeholder-img.scss|Sass|8|4|3
486|./src/_00/output/Javascript/twbs~bootstrap/site/layouts/partials/skippy.html|twbs|bootstrap|skippy.html|HTML|8|0|0
487|./src/_00/output/Javascript/twbs~bootstrap/site/layouts/shortcodes/bs-table.html|twbs|bootstrap|bs-table.html|HTML|8|0|1
488|./src/_00/output/Javascript/twbs~bootstrap/.github/SUPPORT.md|twbs|bootstrap|SUPPORT.md|Markdown|7|0|4
489|./src/_00/output/Javascript/twbs~bootstrap/scss/forms/_form-text.scss|twbs|bootstrap|_form-text.scss|Sass|7|3|1
490|./src/_00/output/Javascript/twbs~bootstrap/scss/mixins/_banner.scss|twbs|bootstrap|_banner.scss|Sass|7|0|0
491|./src/_00/output/Javascript/twbs~bootstrap/scss/mixins/_clearfix.scss|twbs|bootstrap|_clearfix.scss|Sass|7|2|0
492|./src/_00/output/Javascript/twbs~bootstrap/site/content/docs/5.3/examples/modals/modals.css|twbs|bootstrap|modals.css|CSS|7|0|1
493|./src/_00/output/Javascript/twbs~bootstrap/site/content/docs/5.3/examples/sidebars/sidebars.js|twbs|bootstrap|sidebars.js|JavaScript|7|1|0
494|./src/_00/output/Javascript/twbs~bootstrap/site/layouts/_default/_markup/render-heading.html|twbs|bootstrap|render-heading.html|HTML|7|0|0
495|./src/_00/output/Javascript/twbs~bootstrap/site/layouts/_default/_markup/render-image.html|twbs|bootstrap|render-image.html|HTML|7|0|1
496|./src/_00/output/Javascript/twbs~bootstrap/site/layouts/partials/favicons.html|twbs|bootstrap|favicons.html|HTML|7|0|0
497|./src/_00/output/Javascript/twbs~bootstrap/site/layouts/shortcodes/callout-deprecated-dark-variants.html|twbs|bootstrap|callout-deprecated-dark-variants.html|HTML|7|0|2
498|./src/_00/output/Javascript/twbs~bootstrap/site/layouts/shortcodes/callout.html|twbs|bootstrap|callout.html|HTML|7|0|2
499|./src/_00/output/Javascript/twbs~bootstrap/js/tests/integration/bundle-modularity.js|twbs|bootstrap|bundle-modularity.js|JavaScript|6|1|2
500|./src/_00/output/Javascript/twbs~bootstrap/scss/helpers/_color-bg.scss|twbs|bootstrap|_color-bg.scss|Sass|6|1|0
501|./src/_00/output/Javascript/twbs~bootstrap/scss/mixins/_pagination.scss|twbs|bootstrap|_pagination.scss|Sass|6|3|1
502|./src/_00/output/Javascript/twbs~bootstrap/scss/tests/mixins/_media-query-color-mode-full.test.scss|twbs|bootstrap|_media-query-color-mode-full.test.scss|Sass|6|0|2
503|./src/_00/output/Javascript/twbs~bootstrap/site/assets/js/application.js|twbs|bootstrap|application.js|JavaScript|6|11|3
504|./src/_00/output/Javascript/twbs~bootstrap/site/assets/scss/_skippy.scss|twbs|bootstrap|_skippy.scss|Sass|6|0|1
505|./src/_00/output/Javascript/twbs~bootstrap/site/content/docs/5.3/examples/_index.md|twbs|bootstrap|_index.md|Markdown|6|0|0
506|./src/_00/output/Javascript/twbs~bootstrap/site/content/docs/5.3/examples/navbars/navbars.css|twbs|bootstrap|navbars.css|CSS|6|0|1
507|./src/_00/output/Javascript/twbs~bootstrap/site/content/docs/5.3/examples/offcanvas-navbar/offcanvas-navbar.js|twbs|bootstrap|offcanvas-navbar.js|JavaScript|6|0|1
508|./src/_00/output/Javascript/twbs~bootstrap/site/content/docs/_index.html|twbs|bootstrap|_index.html|HTML|6|0|0
509|./src/_00/output/Javascript/twbs~bootstrap/site/layouts/_default/404.html|twbs|bootstrap|404.html|HTML|6|0|0
510|./src/_00/output/Javascript/twbs~bootstrap/js/tests/integration/bundle.js|twbs|bootstrap|bundle.js|JavaScript|5|0|1
511|./src/_00/output/Javascript/twbs~bootstrap/scss/mixins/_color-scheme.scss|twbs|bootstrap|_color-scheme.scss|Sass|5|2|0
512|./src/_00/output/Javascript/twbs~bootstrap/scss/mixins/_deprecate.scss|twbs|bootstrap|_deprecate.scss|Sass|5|5|0
513|./src/_00/output/Javascript/twbs~bootstrap/scss/mixins/_text-truncate.scss|twbs|bootstrap|_text-truncate.scss|Sass|5|2|1
514|./src/_00/output/Javascript/twbs~bootstrap/site/content/docs/5.3/examples/sticky-footer/sticky-footer.css|twbs|bootstrap|sticky-footer.css|CSS|5|3|1
515|./src/_00/output/Javascript/twbs~bootstrap/.github/ISSUE_TEMPLATE/config.yml|twbs|bootstrap|config.yml|YAML|4|0|0
516|./src/_00/output/Javascript/twbs~bootstrap/SECURITY.md|twbs|bootstrap|SECURITY.md|Markdown|4|0|3
517|./src/_00/output/Javascript/twbs~bootstrap/scss/helpers/_focus-ring.scss|twbs|bootstrap|_focus-ring.scss|Sass|4|1|0
518|./src/_00/output/Javascript/twbs~bootstrap/scss/helpers/_visually-hidden.scss|twbs|bootstrap|_visually-hidden.scss|Sass|4|3|1
519|./src/_00/output/Javascript/twbs~bootstrap/scss/mixins/_image.scss|twbs|bootstrap|_image.scss|Sass|4|9|3
520|./src/_00/output/Javascript/twbs~bootstrap/scss/mixins/_lists.scss|twbs|bootstrap|_lists.scss|Sass|4|2|1
521|./src/_00/output/Javascript/twbs~bootstrap/scss/mixins/_resize.scss|twbs|bootstrap|_resize.scss|Sass|4|1|1
522|./src/_00/output/Javascript/twbs~bootstrap/scss/tests/mixins/_auto-import-of-variables-dark.test.scss|twbs|bootstrap|_auto-import-of-variables-dark.test.scss|Sass|4|2|1
523|./src/_00/output/Javascript/twbs~bootstrap/site/content/docs/5.3/examples/navbar-fixed/navbar-fixed.css|twbs|bootstrap|navbar-fixed.css|CSS|4|1|0
524|./src/_00/output/Javascript/twbs~bootstrap/site/layouts/partials/icons/circle-square.svg|twbs|bootstrap|circle-square.svg|SVG|4|0|0
525|./src/_00/output/Javascript/twbs~bootstrap/.github/codeql/codeql-config.yml|twbs|bootstrap|codeql-config.yml|YAML|3|0|0
526|./src/_00/output/Javascript/twbs~bootstrap/scss/forms/_validation.scss|twbs|bootstrap|_validation.scss|Sass|3|8|1
527|./src/_00/output/Javascript/twbs~bootstrap/scss/helpers/_clearfix.scss|twbs|bootstrap|_clearfix.scss|Sass|3|0|0
528|./src/_00/output/Javascript/twbs~bootstrap/scss/helpers/_text-truncation.scss|twbs|bootstrap|_text-truncation.scss|Sass|3|3|1
529|./src/_00/output/Javascript/twbs~bootstrap/site/content/docs/5.3/examples/badges/badges.css|twbs|bootstrap|badges.css|CSS|3|0|0
530|./src/_00/output/Javascript/twbs~bootstrap/site/content/docs/5.3/examples/checkout/checkout.css|twbs|bootstrap|checkout.css|CSS|3|0|0
531|./src/_00/output/Javascript/twbs~bootstrap/site/content/docs/5.3/examples/heroes/heroes.css|twbs|bootstrap|heroes.css|CSS|3|0|0
532|./src/_00/output/Javascript/twbs~bootstrap/site/content/docs/5.3/examples/navbar-static/navbar-static.css|twbs|bootstrap|navbar-static.css|CSS|3|1|0
533|./src/_00/output/Javascript/twbs~bootstrap/site/content/docs/5.3/examples/sticky-footer-navbar/sticky-footer-navbar.css|twbs|bootstrap|sticky-footer-navbar.css|CSS|3|3|1
534|./src/_00/output/Javascript/twbs~bootstrap/site/layouts/partials/icons/droplet-fill.svg|twbs|bootstrap|droplet-fill.svg|SVG|3|0|0
535|./src/_00/output/Javascript/twbs~bootstrap/site/layouts/partials/icons/hamburger.svg|twbs|bootstrap|hamburger.svg|SVG|3|0|0
536|./src/_00/output/Javascript/twbs~bootstrap/site/layouts/partials/js-data-attributes.md|twbs|bootstrap|js-data-attributes.md|Markdown|3|0|2
537|./src/_00/output/Javascript/twbs~bootstrap/site/layouts/shortcodes/added-in.html|twbs|bootstrap|added-in.html|HTML|3|0|2
538|./src/_00/output/Javascript/twbs~bootstrap/site/layouts/shortcodes/deprecated-in.html|twbs|bootstrap|deprecated-in.html|HTML|3|0|2
539|./src/_00/output/Javascript/twbs~bootstrap/site/assets/js/snippets.js|twbs|bootstrap|snippets.js|JavaScript|2|10|3
540|./src/_00/output/Javascript/twbs~bootstrap/site/layouts/partials/guide-footer.md|twbs|bootstrap|guide-footer.md|Markdown|2|0|1
541|./src/_00/output/Javascript/twbs~bootstrap/site/layouts/shortcodes/docsref.html|twbs|bootstrap|docsref.html|HTML|2|0|0
542|./src/_00/output/Javascript/twbs~bootstrap/site/layouts/shortcodes/year.html|twbs|bootstrap|year.html|HTML|2|0|1
543|./src/_00/output/Javascript/twbs~bootstrap/dist/css/bootstrap-grid.min.css|twbs|bootstrap|bootstrap-grid.min.css|CSS|1|5|0
544|./src/_00/output/Javascript/twbs~bootstrap/dist/css/bootstrap-grid.rtl.min.css|twbs|bootstrap|bootstrap-grid.rtl.min.css|CSS|1|5|0
545|./src/_00/output/Javascript/twbs~bootstrap/dist/css/bootstrap-reboot.min.css|twbs|bootstrap|bootstrap-reboot.min.css|CSS|1|5|0
546|./src/_00/output/Javascript/twbs~bootstrap/dist/css/bootstrap-reboot.rtl.min.css|twbs|bootstrap|bootstrap-reboot.rtl.min.css|CSS|1|5|0
547|./src/_00/output/Javascript/twbs~bootstrap/dist/css/bootstrap-utilities.min.css|twbs|bootstrap|bootstrap-utilities.min.css|CSS|1|5|0
548|./src/_00/output/Javascript/twbs~bootstrap/dist/css/bootstrap-utilities.rtl.min.css|twbs|bootstrap|bootstrap-utilities.rtl.min.css|CSS|1|5|0
549|./src/_00/output/Javascript/twbs~bootstrap/dist/css/bootstrap.min.css|twbs|bootstrap|bootstrap.min.css|CSS|1|5|0
550|./src/_00/output/Javascript/twbs~bootstrap/dist/css/bootstrap.rtl.min.css|twbs|bootstrap|bootstrap.rtl.min.css|CSS|1|5|0
551|./src/_00/output/Javascript/twbs~bootstrap/dist/js/bootstrap.bundle.min.js|twbs|bootstrap|bootstrap.bundle.min.js|JavaScript|1|6|0
552|./src/_00/output/Javascript/twbs~bootstrap/dist/js/bootstrap.esm.min.js|twbs|bootstrap|bootstrap.esm.min.js|JavaScript|1|6|0
553|./src/_00/output/Javascript/twbs~bootstrap/dist/js/bootstrap.min.js|twbs|bootstrap|bootstrap.min.js|JavaScript|1|6|0
554|./src/_00/output/Javascript/twbs~bootstrap/site/content/docs/5.3/examples/jumbotrons/jumbotrons.css|twbs|bootstrap|jumbotrons.css|CSS|1|0|0
555|./src/_00/output/Javascript/twbs~bootstrap/site/layouts/_default/redirect.html|twbs|bootstrap|redirect.html|HTML|1|0|0
556|./src/_00/output/Javascript/twbs~bootstrap/site/layouts/alias.html|twbs|bootstrap|alias.html|HTML|1|0|0
557|./src/_00/output/Javascript/twbs~bootstrap/site/layouts/partials/ads.html|twbs|bootstrap|ads.html|HTML|1|0|0
558|./src/_00/output/Javascript/twbs~bootstrap/site/layouts/partials/analytics.html|twbs|bootstrap|analytics.html|HTML|1|0|0
559|./src/_00/output/Javascript/twbs~bootstrap/site/layouts/partials/callouts/danger-async-methods.md|twbs|bootstrap|danger-async-methods.md|Markdown|1|0|0
560|./src/_00/output/Javascript/twbs~bootstrap/site/layouts/partials/callouts/info-mediaqueries-breakpoints.md|twbs|bootstrap|info-mediaqueries-breakpoints.md|Markdown|1|0|0
561|./src/_00/output/Javascript/twbs~bootstrap/site/layouts/partials/callouts/info-npm-starter.md|twbs|bootstrap|info-npm-starter.md|Markdown|1|0|0
562|./src/_00/output/Javascript/twbs~bootstrap/site/layouts/partials/callouts/info-prefersreducedmotion.md|twbs|bootstrap|info-prefersreducedmotion.md|Markdown|1|0|0
563|./src/_00/output/Javascript/twbs~bootstrap/site/layouts/partials/callouts/info-sanitizer.md|twbs|bootstrap|info-sanitizer.md|Markdown|1|0|0
564|./src/_00/output/Javascript/twbs~bootstrap/site/layouts/partials/callouts/warning-color-assistive-technologies.md|twbs|bootstrap|warning-color-assistive-technologies.md|Markdown|1|0|0
565|./src/_00/output/Javascript/twbs~bootstrap/site/layouts/partials/callouts/warning-data-bs-title-vs-title.md|twbs|bootstrap|warning-data-bs-title-vs-title.md|Markdown|1|0|0
566|./src/_00/output/Javascript/twbs~bootstrap/site/layouts/partials/callouts/warning-input-support.md|twbs|bootstrap|warning-input-support.md|Markdown|1|0|0
567|./src/_00/output/Javascript/twbs~bootstrap/site/layouts/partials/icons/bootstrap-white-fill.svg|twbs|bootstrap|bootstrap-white-fill.svg|SVG|1|0|0
568|./src/_00/output/Javascript/twbs~bootstrap/site/layouts/partials/icons/github.svg|twbs|bootstrap|github.svg|SVG|1|0|0
569|./src/_00/output/Javascript/twbs~bootstrap/site/layouts/partials/icons/opencollective.svg|twbs|bootstrap|opencollective.svg|SVG|1|0|0
570|./src/_00/output/Javascript/twbs~bootstrap/site/layouts/partials/icons/twitter.svg|twbs|bootstrap|twitter.svg|SVG|1|0|0
571|./src/_00/output/Javascript/twbs~bootstrap/site/layouts/shortcodes/markdown.html|twbs|bootstrap|markdown.html|HTML|1|0|0
572|./src/_00/output/Javascript/twbs~bootstrap/site/layouts/shortcodes/partial.html|twbs|bootstrap|partial.html|HTML|1|0|0
573|./src/_00/output/Javascript/twbs~bootstrap/site/static/docs/5.3/assets/brand/bootstrap-logo-black.svg|twbs|bootstrap|bootstrap-logo-black.svg|SVG|1|0|0
574|./src/_00/output/Javascript/twbs~bootstrap/site/static/docs/5.3/assets/brand/bootstrap-logo-white.svg|twbs|bootstrap|bootstrap-logo-white.svg|SVG|1|0|0
575|./src/_00/output/Javascript/twbs~bootstrap/site/static/docs/5.3/assets/brand/bootstrap-logo.svg|twbs|bootstrap|bootstrap-logo.svg|SVG|1|0|0
576|./src/_00/output/Javascript/twbs~bootstrap/site/static/docs/5.3/assets/img/favicons/safari-pinned-tab.svg|twbs|bootstrap|safari-pinned-tab.svg|SVG|1|0|0
577|./src/_00/output/Javascript/twbs~bootstrap/site/static/docs/5.3/assets/img/vite.svg|twbs|bootstrap|vite.svg|SVG|1|0|0
578|./src/_00/output/Javascript/twbs~bootstrap/site/static/docs/5.3/assets/img/webpack.svg|twbs|bootstrap|webpack.svg|SVG|1|0|0
