Unnamed: 0|path|owner|project|file|language|code|comment|blank
0|./src/_00/output/Perl/exiftool~exiftool/html/TagNames/XMP.html|exiftool|exiftool|XMP.html|HTML|21464|1|240
1|./src/_00/output/Perl/exiftool~exiftool/html/TagNames/DICOM.html|exiftool|exiftool|DICOM.html|HTML|15760|1|2
2|./src/_00/output/Perl/exiftool~exiftool/html/TagNames/Nikon.html|exiftool|exiftool|Nikon.html|HTML|14418|1|136
3|./src/_00/output/Perl/exiftool~exiftool/html/makernote_types.html|exiftool|exiftool|makernote_types.html|HTML|14008|5|0
4|./src/_00/output/Perl/exiftool~exiftool/lib/Image/ExifTool/TagLookup.pm|exiftool|exiftool|TagLookup.pm|Perl|13311|81|36
5|./src/_00/output/Perl/exiftool~exiftool/lib/Image/ExifTool/Nikon.pm|exiftool|exiftool|Nikon.pm|Perl|12460|1063|279
6|./src/_00/output/Perl/exiftool~exiftool/html/TagNames/Sony.html|exiftool|exiftool|Sony.html|HTML|12072|1|80
7|./src/_00/output/Perl/exiftool~exiftool/html/TagNames/Canon.html|exiftool|exiftool|Canon.html|HTML|11673|1|107
8|./src/_00/output/Perl/exiftool~exiftool/html/TagNames/NikonCustom.html|exiftool|exiftool|NikonCustom.html|HTML|11629|1|21
9|./src/_00/output/Perl/exiftool~exiftool/lib/Image/ExifTool/Lang/fr.pm|exiftool|exiftool|fr.pm|Perl|11246|25|18
10|./src/_00/output/Perl/exiftool~exiftool/html/ancient_history.html|exiftool|exiftool|ancient_history.html|HTML|11038|1|919
11|./src/_00/output/Perl/exiftool~exiftool/lib/Image/ExifTool/NikonCustom.pm|exiftool|exiftool|NikonCustom.pm|Perl|10768|160|44
12|./src/_00/output/Perl/exiftool~exiftool/lib/Image/ExifTool/Sony.pm|exiftool|exiftool|Sony.pm|Perl|10020|1562|195
13|./src/_00/output/Perl/exiftool~exiftool/html/TagNames/QuickTime.html|exiftool|exiftool|QuickTime.html|HTML|9515|1|115
14|./src/_00/output/Perl/exiftool~exiftool/lib/Image/ExifTool/Canon.pm|exiftool|exiftool|Canon.pm|Perl|9302|897|175
15|./src/_00/output/Perl/exiftool~exiftool/lib/Image/ExifTool/QuickTime.pm|exiftool|exiftool|QuickTime.pm|Perl|8969|1051|188
16|./src/_00/output/Perl/exiftool~exiftool/lib/Image/ExifTool/Lang/de.pm|exiftool|exiftool|de.pm|Perl|8677|24|19
17|./src/_00/output/Perl/exiftool~exiftool/lib/Image/ExifTool.pm|exiftool|exiftool|ExifTool.pm|Perl|7902|1530|298
18|./src/_00/output/Perl/exiftool~exiftool/lib/Image/ExifTool/Lang/it.pm|exiftool|exiftool|it.pm|Perl|7878|24|19
19|./src/_00/output/Perl/exiftool~exiftool/html/models.html|exiftool|exiftool|models.html|HTML|7817|4|0
20|./src/_00/output/Perl/exiftool~exiftool/html/TagNames/MXF.html|exiftool|exiftool|MXF.html|HTML|6671|1|2
21|./src/_00/output/Perl/exiftool~exiftool/lib/Image/ExifTool/Exif.pm|exiftool|exiftool|Exif.pm|Perl|6366|711|119
22|./src/_00/output/Perl/exiftool~exiftool/windows_exiftool|exiftool|exiftool|windows_exiftool|Perl|6289|609|622
23|./src/_00/output/Perl/exiftool~exiftool/lib/Image/ExifTool/Writer.pl|exiftool|exiftool|Writer.pl|Perl|5869|1380|185
24|./src/_00/output/Perl/exiftool~exiftool/lib/Image/ExifTool/Lang/ja.pm|exiftool|exiftool|ja.pm|Perl|5816|23|19
25|./src/_00/output/Perl/exiftool~exiftool/html/TagNames/Kodak.html|exiftool|exiftool|Kodak.html|HTML|5699|1|35
26|./src/_00/output/Perl/exiftool~exiftool/lib/Image/ExifTool/Lang/ru.pm|exiftool|exiftool|ru.pm|Perl|5694|24|18
27|./src/_00/output/Perl/exiftool~exiftool/lib/Image/ExifTool/Pentax.pm|exiftool|exiftool|Pentax.pm|Perl|5691|635|99
28|./src/_00/output/Perl/exiftool~exiftool/html/TagNames/Pentax.html|exiftool|exiftool|Pentax.html|HTML|4947|1|53
29|./src/_00/output/Perl/exiftool~exiftool/html/TagNames/Qualcomm.html|exiftool|exiftool|Qualcomm.html|HTML|4777|1|1
30|./src/_00/output/Perl/exiftool~exiftool/html/TagNames/EXIF.html|exiftool|exiftool|EXIF.html|HTML|4372|1|7
31|./src/_00/output/Perl/exiftool~exiftool/lib/Image/ExifTool/Lang/es.pm|exiftool|exiftool|es.pm|Perl|3980|24|19
32|./src/_00/output/Perl/exiftool~exiftool/exiftool|exiftool|exiftool|exiftool|Perl|3922|2825|853
33|./src/_00/output/Perl/exiftool~exiftool/lib/Image/ExifTool/XMP.pm|exiftool|exiftool|XMP.pm|Perl|3835|609|133
34|./src/_00/output/Perl/exiftool~exiftool/lib/Image/ExifTool/Olympus.pm|exiftool|exiftool|Olympus.pm|Perl|3829|320|69
35|./src/_00/output/Perl/exiftool~exiftool/html/TagNames/Olympus.html|exiftool|exiftool|Olympus.html|HTML|3776|1|30
36|./src/_00/output/Perl/exiftool~exiftool/lib/Image/ExifTool/DICOM.pm|exiftool|exiftool|DICOM.pm|Perl|3710|131|40
37|./src/_00/output/Perl/exiftool~exiftool/lib/Image/ExifTool/Charset/MacChineseTW.pm|exiftool|exiftool|MacChineseTW.pm|Perl|3610|11|2
38|./src/_00/output/Perl/exiftool~exiftool/lib/Image/ExifTool/Lang/nl.pm|exiftool|exiftool|nl.pm|Perl|3183|24|19
39|./src/_00/output/Perl/exiftool~exiftool/lib/Image/ExifTool/Kodak.pm|exiftool|exiftool|Kodak.pm|Perl|2964|242|73
40|./src/_00/output/Perl/exiftool~exiftool/lib/Image/ExifTool/Lang/fi.pm|exiftool|exiftool|fi.pm|Perl|2853|24|19
41|./src/_00/output/Perl/exiftool~exiftool/lib/Image/ExifTool/CanonCustom.pm|exiftool|exiftool|CanonCustom.pm|Perl|2736|117|47
42|./src/_00/output/Perl/exiftool~exiftool/lib/Image/ExifTool/Charset/MacKorean.pm|exiftool|exiftool|MacKorean.pm|Perl|2707|11|2
43|./src/_00/output/Perl/exiftool~exiftool/html/TagNames/PLUS.html|exiftool|exiftool|PLUS.html|HTML|2625|1|3
44|./src/_00/output/Perl/exiftool~exiftool/lib/Image/ExifTool/Panasonic.pm|exiftool|exiftool|Panasonic.pm|Perl|2620|257|60
45|./src/_00/output/Perl/exiftool~exiftool/lib/Image/ExifTool/Minolta.pm|exiftool|exiftool|Minolta.pm|Perl|2596|315|47
46|./src/_00/output/Perl/exiftool~exiftool/html/TagNames/NikonSettings.html|exiftool|exiftool|NikonSettings.html|HTML|2585|1|1
47|./src/_00/output/Perl/exiftool~exiftool/html/TagNames/Minolta.html|exiftool|exiftool|Minolta.html|HTML|2584|1|13
48|./src/_00/output/Perl/exiftool~exiftool/lib/Image/ExifTool/PLUS.pm|exiftool|exiftool|PLUS.pm|Perl|2529|66|27
49|./src/_00/output/Perl/exiftool~exiftool/lib/Image/ExifTool/QuickTimeStream.pl|exiftool|exiftool|QuickTimeStream.pl|Perl|2456|778|162
50|./src/_00/output/Perl/exiftool~exiftool/lib/Image/ExifTool/JPEGDigest.pm|exiftool|exiftool|JPEGDigest.pm|Perl|2427|127|63
51|./src/_00/output/Perl/exiftool~exiftool/lib/Image/ExifTool/BuildTagLookup.pm|exiftool|exiftool|BuildTagLookup.pm|Perl|2382|304|124
52|./src/_00/output/Perl/exiftool~exiftool/html/ExifTool.html|exiftool|exiftool|ExifTool.html|HTML|2309|12|154
53|./src/_00/output/Perl/exiftool~exiftool/html/TagNames/GeoTiff.html|exiftool|exiftool|GeoTiff.html|HTML|2299|1|3
54|./src/_00/output/Perl/exiftool~exiftool/lib/Image/ExifTool/Lang/ko.pm|exiftool|exiftool|ko.pm|Perl|2291|23|19
55|./src/_00/output/Perl/exiftool~exiftool/html/TagNames/CanonCustom.html|exiftool|exiftool|CanonCustom.html|HTML|2211|1|12
56|./src/_00/output/Perl/exiftool~exiftool/lib/Image/ExifTool/MXF.pm|exiftool|exiftool|MXF.pm|Perl|2183|777|71
57|./src/_00/output/Perl/exiftool~exiftool/lib/Image/ExifTool/GeoTiff.pm|exiftool|exiftool|GeoTiff.pm|Perl|2175|57|33
58|./src/_00/output/Perl/exiftool~exiftool/html/TagNames/Panasonic.html|exiftool|exiftool|Panasonic.html|HTML|2174|1|22
59|./src/_00/output/Perl/exiftool~exiftool/lib/Image/ExifTool/FlashPix.pm|exiftool|exiftool|FlashPix.pm|Perl|2143|342|105
60|./src/_00/output/Perl/exiftool~exiftool/html/TagNames/Microsoft.html|exiftool|exiftool|Microsoft.html|HTML|2138|1|10
61|./src/_00/output/Perl/exiftool~exiftool/lib/Image/ExifTool/WriteExif.pl|exiftool|exiftool|WriteExif.pl|Perl|2111|562|65
62|./src/_00/output/Perl/exiftool~exiftool/lib/Image/ExifTool/Charset/MacChineseCN.pm|exiftool|exiftool|MacChineseCN.pm|Perl|2075|11|2
63|./src/_00/output/Perl/exiftool~exiftool/lib/Image/ExifTool/Charset/MacRSymbol.pm|exiftool|exiftool|MacRSymbol.pm|Perl|2074|11|2
64|./src/_00/output/Perl/exiftool~exiftool/html/TagNames/CanonVRD.html|exiftool|exiftool|CanonVRD.html|HTML|2069|1|15
65|./src/_00/output/Perl/exiftool~exiftool/lib/Image/ExifTool/XMP2.pl|exiftool|exiftool|XMP2.pl|Perl|2032|220|85
66|./src/_00/output/Perl/exiftool~exiftool/lib/Image/ExifTool/NikonSettings.pm|exiftool|exiftool|NikonSettings.pm|Perl|1984|59|52
67|./src/_00/output/Perl/exiftool~exiftool/lib/Image/ExifTool/CanonVRD.pm|exiftool|exiftool|CanonVRD.pm|Perl|1976|255|72
68|./src/_00/output/Perl/exiftool~exiftool/lib/Image/ExifTool/Casio.pm|exiftool|exiftool|Casio.pm|Perl|1931|99|30
69|./src/_00/output/Perl/exiftool~exiftool/lib/Image/ExifTool/Charset/MacJapanese.pm|exiftool|exiftool|MacJapanese.pm|Perl|1919|12|2
70|./src/_00/output/Perl/exiftool~exiftool/lib/Image/ExifTool/PDF.pm|exiftool|exiftool|PDF.pm|Perl|1896|479|122
71|./src/_00/output/Perl/exiftool~exiftool/lib/Image/ExifTool/RIFF.pm|exiftool|exiftool|RIFF.pm|Perl|1892|260|83
72|./src/_00/output/Perl/exiftool~exiftool/html/TagNames/DarwinCore.html|exiftool|exiftool|DarwinCore.html|HTML|1877|1|13
73|./src/_00/output/Perl/exiftool~exiftool/lib/Image/ExifTool/Charset/ShiftJIS.pm|exiftool|exiftool|ShiftJIS.pm|Perl|1821|12|2
74|./src/_00/output/Perl/exiftool~exiftool/lib/Image/ExifTool/Lang/sk.pm|exiftool|exiftool|sk.pm|Perl|1765|23|18
75|./src/_00/output/Perl/exiftool~exiftool/html/TagNames/ID3.html|exiftool|exiftool|ID3.html|HTML|1734|1|13
76|./src/_00/output/Perl/exiftool~exiftool/html/TagNames/RIFF.html|exiftool|exiftool|RIFF.html|HTML|1731|1|28
77|./src/_00/output/Perl/exiftool~exiftool/html/TagNames/FlashPix.html|exiftool|exiftool|FlashPix.html|HTML|1725|1|19
78|./src/_00/output/Perl/exiftool~exiftool/lib/Image/ExifTool/Charset/JIS.pm|exiftool|exiftool|JIS.pm|Perl|1724|9|2
79|./src/_00/output/Perl/exiftool~exiftool/lib/Image/ExifTool/FujiFilm.pm|exiftool|exiftool|FujiFilm.pm|Perl|1692|183|52
80|./src/_00/output/Perl/exiftool~exiftool/lib/Image/ExifTool/WriteQuickTime.pl|exiftool|exiftool|WriteQuickTime.pl|Perl|1655|284|73
81|./src/_00/output/Perl/exiftool~exiftool/html/TagNames/Matroska.html|exiftool|exiftool|Matroska.html|HTML|1647|1|3
82|./src/_00/output/Perl/exiftool~exiftool/html/TagNames/Casio.html|exiftool|exiftool|Casio.html|HTML|1600|1|6
83|./src/_00/output/Perl/exiftool~exiftool/lib/Image/ExifTool/MIE.pm|exiftool|exiftool|MIE.pm|Perl|1548|771|255
84|./src/_00/output/Perl/exiftool~exiftool/lib/Image/ExifTool/Lang/cs.pm|exiftool|exiftool|cs.pm|Perl|1545|24|19
85|./src/_00/output/Perl/exiftool~exiftool/html/faq.html|exiftool|exiftool|faq.html|HTML|1504|13|318
86|./src/_00/output/Perl/exiftool~exiftool/lib/Image/ExifTool/MakerNotes.pm|exiftool|exiftool|MakerNotes.pm|Perl|1437|364|43
87|./src/_00/output/Perl/exiftool~exiftool/lib/Image/ExifTool/Samsung.pm|exiftool|exiftool|Samsung.pm|Perl|1434|263|53
88|./src/_00/output/Perl/exiftool~exiftool/html/index.html|exiftool|exiftool|index.html|HTML|1432|56|131
89|./src/_00/output/Perl/exiftool~exiftool/lib/Image/ExifTool/ID3.pm|exiftool|exiftool|ID3.pm|Perl|1432|261|75
90|./src/_00/output/Perl/exiftool~exiftool/lib/Image/ExifTool/Jpeg2000.pm|exiftool|exiftool|Jpeg2000.pm|Perl|1430|203|61
91|./src/_00/output/Perl/exiftool~exiftool/html/TagNames/FLIR.html|exiftool|exiftool|FLIR.html|HTML|1406|1|27
92|./src/_00/output/Perl/exiftool~exiftool/html/TagNames/ICC_Profile.html|exiftool|exiftool|ICC_Profile.html|HTML|1403|1|8
93|./src/_00/output/Perl/exiftool~exiftool/lib/Image/ExifTool/PNG.pm|exiftool|exiftool|PNG.pm|Perl|1397|240|70
94|./src/_00/output/Perl/exiftool~exiftool/html/exiftool_pod.html|exiftool|exiftool|exiftool_pod.html|HTML|1389|0|704
95|./src/_00/output/Perl/exiftool~exiftool/lib/Image/ExifTool/FLIR.pm|exiftool|exiftool|FLIR.pm|Perl|1337|239|93
96|./src/_00/output/Perl/exiftool~exiftool/html/TagNames/FujiFilm.html|exiftool|exiftool|FujiFilm.html|HTML|1314|1|12
97|./src/_00/output/Perl/exiftool~exiftool/lib/Image/ExifTool/Lang/zh_cn.pm|exiftool|exiftool|zh_cn.pm|Perl|1288|23|19
98|./src/_00/output/Perl/exiftool~exiftool/lib/Image/ExifTool/Qualcomm.pm|exiftool|exiftool|Qualcomm.pm|Perl|1279|40|25
99|./src/_00/output/Perl/exiftool~exiftool/lib/Image/ExifTool/Lang/pl.pm|exiftool|exiftool|pl.pm|Perl|1233|24|19
100|./src/_00/output/Perl/exiftool~exiftool/lib/Image/ExifTool/WriteXMP.pl|exiftool|exiftool|WriteXMP.pl|Perl|1225|360|67
101|./src/_00/output/Perl/exiftool~exiftool/lib/Image/ExifTool/EXE.pm|exiftool|exiftool|EXE.pm|Perl|1189|247|52
102|./src/_00/output/Perl/exiftool~exiftool/lib/Image/ExifTool/ICC_Profile.pm|exiftool|exiftool|ICC_Profile.pm|Perl|1180|145|57
103|./src/_00/output/Perl/exiftool~exiftool/lib/Image/ExifTool/IPTC.pm|exiftool|exiftool|IPTC.pm|Perl|1150|106|49
104|./src/_00/output/Perl/exiftool~exiftool/lib/Image/ExifTool/PICT.pm|exiftool|exiftool|PICT.pm|Perl|1130|88|42
105|./src/_00/output/Perl/exiftool~exiftool/html/TagNames/Samsung.html|exiftool|exiftool|Samsung.html|HTML|1126|1|15
106|./src/_00/output/Perl/exiftool~exiftool/lib/Image/ExifTool/Geotag.pm|exiftool|exiftool|Geotag.pm|Perl|1109|366|68
107|./src/_00/output/Perl/exiftool~exiftool/lib/Image/ExifTool/Ricoh.pm|exiftool|exiftool|Ricoh.pm|Perl|1075|153|49
108|./src/_00/output/Perl/exiftool~exiftool/html/TagNames/ASF.html|exiftool|exiftool|ASF.html|HTML|1056|1|10
109|./src/_00/output/Perl/exiftool~exiftool/lib/Image/ExifTool/Photoshop.pm|exiftool|exiftool|Photoshop.pm|Perl|1014|155|62
110|./src/_00/output/Perl/exiftool~exiftool/lib/Image/ExifTool/Matroska.pm|exiftool|exiftool|Matroska.pm|Perl|1010|131|37
111|./src/_00/output/Perl/exiftool~exiftool/html/TagNames/MIE.html|exiftool|exiftool|MIE.html|HTML|1009|1|25
112|./src/_00/output/Perl/exiftool~exiftool/lib/Image/ExifTool/Lang/en_gb.pm|exiftool|exiftool|en_gb.pm|Perl|1007|21|17
113|./src/_00/output/Perl/exiftool~exiftool/lib/Image/ExifTool/Microsoft.pm|exiftool|exiftool|Microsoft.pm|Perl|991|90|41
114|./src/_00/output/Perl/exiftool~exiftool/lib/Image/ExifTool/Lang/en_ca.pm|exiftool|exiftool|en_ca.pm|Perl|964|21|17
115|./src/_00/output/Perl/exiftool~exiftool/html/TagNames/Ricoh.html|exiftool|exiftool|Ricoh.html|HTML|894|1|17
116|./src/_00/output/Perl/exiftool~exiftool/html/TagNames/IPTC.html|exiftool|exiftool|IPTC.html|HTML|890|1|13
117|./src/_00/output/Perl/exiftool~exiftool/html/TagNames/Leaf.html|exiftool|exiftool|Leaf.html|HTML|856|1|15
118|./src/_00/output/Perl/exiftool~exiftool/lib/Image/ExifTool/H264.pm|exiftool|exiftool|H264.pm|Perl|849|245|55
119|./src/_00/output/Perl/exiftool~exiftool/html/TagNames/Composite.html|exiftool|exiftool|Composite.html|HTML|845|1|1
120|./src/_00/output/Perl/exiftool~exiftool/html/TagNames/MNG.html|exiftool|exiftool|MNG.html|HTML|829|1|18
121|./src/_00/output/Perl/exiftool~exiftool/lib/Image/ExifTool/NikonCapture.pm|exiftool|exiftool|NikonCapture.pm|Perl|824|74|42
122|./src/_00/output/Perl/exiftool~exiftool/html/TagNames/EXE.html|exiftool|exiftool|EXE.html|HTML|803|1|9
123|./src/_00/output/Perl/exiftool~exiftool/html/TagNames/Photoshop.html|exiftool|exiftool|Photoshop.html|HTML|791|1|13
124|./src/_00/output/Perl/exiftool~exiftool/html/TagNames/NikonCapture.html|exiftool|exiftool|NikonCapture.html|HTML|785|1|14
125|./src/_00/output/Perl/exiftool~exiftool/lib/Image/ExifTool/Sigma.pm|exiftool|exiftool|Sigma.pm|Perl|777|82|26
126|./src/_00/output/Perl/exiftool~exiftool/html/TagNames/Real.html|exiftool|exiftool|Real.html|HTML|769|1|11
127|./src/_00/output/Perl/exiftool~exiftool/lib/Image/ExifTool/ASF.pm|exiftool|exiftool|ASF.pm|Perl|762|87|49
128|./src/_00/output/Perl/exiftool~exiftool/html/TagNames/MISB.html|exiftool|exiftool|MISB.html|HTML|761|1|5
129|./src/_00/output/Perl/exiftool~exiftool/html/TagNames/PDF.html|exiftool|exiftool|PDF.html|HTML|761|1|36
130|./src/_00/output/Perl/exiftool~exiftool/lib/Image/ExifTool/HtmlDump.pm|exiftool|exiftool|HtmlDump.pm|Perl|760|129|44
131|./src/_00/output/Perl/exiftool~exiftool/lib/Image/ExifTool/Lang/zh_tw.pm|exiftool|exiftool|zh_tw.pm|Perl|759|23|19
132|./src/_00/output/Perl/exiftool~exiftool/html/TagNames/PICT.html|exiftool|exiftool|PICT.html|HTML|752|1|1
133|./src/_00/output/Perl/exiftool~exiftool/lib/Image/ExifTool/CanonRaw.pm|exiftool|exiftool|CanonRaw.pm|Perl|750|115|56
134|./src/_00/output/Perl/exiftool~exiftool/build_geolocation|exiftool|exiftool|build_geolocation|Perl|749|140|56
135|./src/_00/output/Perl/exiftool~exiftool/lib/Image/ExifTool/M2TS.pm|exiftool|exiftool|M2TS.pm|Perl|749|204|52
136|./src/_00/output/Perl/exiftool~exiftool/lib/Image/ExifTool/Parrot.pm|exiftool|exiftool|Parrot.pm|Perl|738|69|39
137|./src/_00/output/Perl/exiftool~exiftool/html/TagNames/Sigma.html|exiftool|exiftool|Sigma.html|HTML|731|1|4
138|./src/_00/output/Perl/exiftool~exiftool/html/TagNames/MRC.html|exiftool|exiftool|MRC.html|HTML|728|1|2
139|./src/_00/output/Perl/exiftool~exiftool/lib/Image/ExifTool/PanasonicRaw.pm|exiftool|exiftool|PanasonicRaw.pm|Perl|726|189|40
140|./src/_00/output/Perl/exiftool~exiftool/lib/Image/ExifTool/XMPStruct.pl|exiftool|exiftool|XMPStruct.pl|Perl|722|188|40
141|./src/_00/output/Perl/exiftool~exiftool/html/TagNames/PNG.html|exiftool|exiftool|PNG.html|HTML|694|1|16
142|./src/_00/output/Perl/exiftool~exiftool/lib/Image/ExifTool/JPEG.pm|exiftool|exiftool|JPEG.pm|Perl|690|60|32
143|./src/_00/output/Perl/exiftool~exiftool/html/TagNames/JPEG.html|exiftool|exiftool|JPEG.html|HTML|683|1|13
144|./src/_00/output/Perl/exiftool~exiftool/html/TagNames/PanasonicRaw.html|exiftool|exiftool|PanasonicRaw.html|HTML|679|1|6
145|./src/_00/output/Perl/exiftool~exiftool/lib/Image/ExifTool/DNG.pm|exiftool|exiftool|DNG.pm|Perl|671|143|57
146|./src/_00/output/Perl/exiftool~exiftool/html/TagNames/Extra.html|exiftool|exiftool|Extra.html|HTML|669|1|2
147|./src/_00/output/Perl/exiftool~exiftool/html/TagNames/Parrot.html|exiftool|exiftool|Parrot.html|HTML|664|1|11
148|./src/_00/output/Perl/exiftool~exiftool/lib/Image/ExifTool/7Z.pm|exiftool|exiftool|7Z.pm|Perl|661|35|97
149|./src/_00/output/Perl/exiftool~exiftool/html/TagNames/HTML.html|exiftool|exiftool|HTML.html|HTML|659|1|7
150|./src/_00/output/Perl/exiftool~exiftool/html/TagNames/MacOS.html|exiftool|exiftool|MacOS.html|HTML|655|1|5
151|./src/_00/output/Perl/exiftool~exiftool/lib/Image/ExifTool/ZIP.pm|exiftool|exiftool|ZIP.pm|Perl|652|143|70
152|./src/_00/output/Perl/exiftool~exiftool/html/geotag.html|exiftool|exiftool|geotag.html|HTML|637|6|122
153|./src/_00/output/Perl/exiftool~exiftool/html/TagNames/GoPro.html|exiftool|exiftool|GoPro.html|HTML|632|1|6
154|./src/_00/output/Perl/exiftool~exiftool/lib/Image/ExifTool/MacOS.pm|exiftool|exiftool|MacOS.pm|Perl|628|84|38
155|./src/_00/output/Perl/exiftool~exiftool/lib/Image/ExifTool/MWG.pm|exiftool|exiftool|MWG.pm|Perl|624|103|51
156|./src/_00/output/Perl/exiftool~exiftool/lib/Image/ExifTool/LNK.pm|exiftool|exiftool|LNK.pm|Perl|614|70|43
157|./src/_00/output/Perl/exiftool~exiftool/lib/Image/ExifTool/PhaseOne.pm|exiftool|exiftool|PhaseOne.pm|Perl|607|105|34
158|./src/_00/output/Perl/exiftool~exiftool/lib/Image/ExifTool/Real.pm|exiftool|exiftool|Real.pm|Perl|601|79|59
159|./src/_00/output/Perl/exiftool~exiftool/html/TagNames/Jpeg2000.html|exiftool|exiftool|Jpeg2000.html|HTML|600|1|10
160|./src/_00/output/Perl/exiftool~exiftool/lib/Image/ExifTool/Lang/sv.pm|exiftool|exiftool|sv.pm|Perl|595|24|19
161|./src/_00/output/Perl/exiftool~exiftool/lib/Image/ExifTool/MNG.pm|exiftool|exiftool|MNG.pm|Perl|588|55|41
162|./src/_00/output/Perl/exiftool~exiftool/lib/Image/ExifTool/PostScript.pm|exiftool|exiftool|PostScript.pm|Perl|583|177|42
163|./src/_00/output/Perl/exiftool~exiftool/lib/Image/ExifTool/Flash.pm|exiftool|exiftool|Flash.pm|Perl|579|119|57
164|./src/_00/output/Perl/exiftool~exiftool/lib/Image/ExifTool/MPEG.pm|exiftool|exiftool|MPEG.pm|Perl|578|106|51
165|./src/_00/output/Perl/exiftool~exiftool/html/TagNames/MWG.html|exiftool|exiftool|MWG.html|HTML|573|1|17
166|./src/_00/output/Perl/exiftool~exiftool/html/TagNames/VCard.html|exiftool|exiftool|VCard.html|HTML|554|1|3
167|./src/_00/output/Perl/exiftool~exiftool/html/TagNames/CanonRaw.html|exiftool|exiftool|CanonRaw.html|HTML|552|1|11
168|./src/_00/output/Perl/exiftool~exiftool/html/TagNames/GM.html|exiftool|exiftool|GM.html|HTML|552|1|6
169|./src/_00/output/Perl/exiftool~exiftool/lib/Image/ExifTool/GoPro.pm|exiftool|exiftool|GoPro.pm|Perl|552|179|41
170|./src/_00/output/Perl/exiftool~exiftool/lib/Image/ExifTool/Validate.pm|exiftool|exiftool|Validate.pm|Perl|550|95|46
171|./src/_00/output/Perl/exiftool~exiftool/html/htmldump.html|exiftool|exiftool|htmldump.html|HTML|547|198|24
172|./src/_00/output/Perl/exiftool~exiftool/lib/Image/ExifTool/SigmaRaw.pm|exiftool|exiftool|SigmaRaw.pm|Perl|537|115|50
173|./src/_00/output/Perl/exiftool~exiftool/lib/Image/ExifTool/TagInfoXML.pm|exiftool|exiftool|TagInfoXML.pm|Perl|535|231|81
174|./src/_00/output/Perl/exiftool~exiftool/lib/Image/ExifTool/WritePDF.pl|exiftool|exiftool|WritePDF.pl|Perl|529|181|64
175|./src/_00/output/Perl/exiftool~exiftool/lib/Image/ExifTool/GPS.pm|exiftool|exiftool|GPS.pm|Perl|524|82|31
176|./src/_00/output/Perl/exiftool~exiftool/lib/Image/ExifTool/Geolocation.pm|exiftool|exiftool|Geolocation.pm|Perl|511|359|154
177|./src/_00/output/Perl/exiftool~exiftool/lib/Image/ExifTool/WriteIPTC.pl|exiftool|exiftool|WriteIPTC.pl|Perl|505|180|39
178|./src/_00/output/Perl/exiftool~exiftool/lib/Image/ExifTool/Lang/tr.pm|exiftool|exiftool|tr.pm|Perl|503|24|19
179|./src/_00/output/Perl/exiftool~exiftool/lib/Image/ExifTool/Font.pm|exiftool|exiftool|Font.pm|Perl|502|105|47
180|./src/_00/output/Perl/exiftool~exiftool/html/TagNames/Font.html|exiftool|exiftool|Font.html|HTML|480|1|5
181|./src/_00/output/Perl/exiftool~exiftool/html/TagNames/InfiRay.html|exiftool|exiftool|InfiRay.html|HTML|477|1|7
182|./src/_00/output/Perl/exiftool~exiftool/html/TagNames/LNK.html|exiftool|exiftool|LNK.html|HTML|470|1|8
183|./src/_00/output/Perl/exiftool~exiftool/html/geolocation.html|exiftool|exiftool|geolocation.html|HTML|462|6|90
184|./src/_00/output/Perl/exiftool~exiftool/lib/Image/ExifTool/WriteCanonRaw.pl|exiftool|exiftool|WriteCanonRaw.pl|Perl|457|142|45
185|./src/_00/output/Perl/exiftool~exiftool/html/sample_images.html|exiftool|exiftool|sample_images.html|HTML|456|0|1
186|./src/_00/output/Perl/exiftool~exiftool/lib/Image/ExifTool/WritePostScript.pl|exiftool|exiftool|WritePostScript.pl|Perl|456|194|50
187|./src/_00/output/Perl/exiftool~exiftool/lib/Image/ExifTool/HTML.pm|exiftool|exiftool|HTML.pm|Perl|450|88|45
188|./src/_00/output/Perl/exiftool~exiftool/lib/Image/ExifTool/Leaf.pm|exiftool|exiftool|Leaf.pm|Perl|443|37|37
189|./src/_00/output/Perl/exiftool~exiftool/lib/Image/ExifTool/PhotoCD.pm|exiftool|exiftool|PhotoCD.pm|Perl|434|47|25
190|./src/_00/output/Perl/exiftool~exiftool/html/TagNames/SigmaRaw.html|exiftool|exiftool|SigmaRaw.html|HTML|433|1|5
191|./src/_00/output/Perl/exiftool~exiftool/lib/Image/ExifTool/MinoltaRaw.pm|exiftool|exiftool|MinoltaRaw.pm|Perl|433|72|32
192|./src/_00/output/Perl/exiftool~exiftool/html/TagNames/DJI.html|exiftool|exiftool|DJI.html|HTML|431|1|7
193|./src/_00/output/Perl/exiftool~exiftool/lib/Image/ExifTool/GIF.pm|exiftool|exiftool|GIF.pm|Perl|428|95|50
194|./src/_00/output/Perl/exiftool~exiftool/lib/Image/ExifTool/GM.pm|exiftool|exiftool|GM.pm|Perl|428|85|39
195|./src/_00/output/Perl/exiftool~exiftool/html/TagNames/Flash.html|exiftool|exiftool|Flash.html|HTML|412|1|7
196|./src/_00/output/Perl/exiftool~exiftool/html/TagNames/PhotoCD.html|exiftool|exiftool|PhotoCD.html|HTML|401|1|1
197|./src/_00/output/Perl/exiftool~exiftool/lib/Image/ExifTool/MISB.pm|exiftool|exiftool|MISB.pm|Perl|398|58|38
198|./src/_00/output/Perl/exiftool~exiftool/html/TagNames/Reconyx.html|exiftool|exiftool|Reconyx.html|HTML|392|1|3
199|./src/_00/output/Perl/exiftool~exiftool/html/TagNames/H264.html|exiftool|exiftool|H264.html|HTML|390|1|8
200|./src/_00/output/Perl/exiftool~exiftool/html/TagNames/Palm.html|exiftool|exiftool|Palm.html|HTML|385|1|3
201|./src/_00/output/Perl/exiftool~exiftool/lib/Image/ExifTool/Reconyx.pm|exiftool|exiftool|Reconyx.pm|Perl|382|42|20
202|./src/_00/output/Perl/exiftool~exiftool/html/TagNames/WTV.html|exiftool|exiftool|WTV.html|HTML|378|1|2
203|./src/_00/output/Perl/exiftool~exiftool/html/config.html|exiftool|exiftool|config.html|HTML|373|0|12
204|./src/_00/output/Perl/exiftool~exiftool/html/TagNames/DNG.html|exiftool|exiftool|DNG.html|HTML|368|1|6
205|./src/_00/output/Perl/exiftool~exiftool/lib/Image/ExifTool/Sanyo.pm|exiftool|exiftool|Sanyo.pm|Perl|362|48|30
206|./src/_00/output/Perl/exiftool~exiftool/html/TagNames/Sanyo.html|exiftool|exiftool|Sanyo.html|HTML|361|1|5
207|./src/_00/output/Perl/exiftool~exiftool/html/struct.html|exiftool|exiftool|struct.html|HTML|356|6|74
208|./src/_00/output/Perl/exiftool~exiftool/html/filename.html|exiftool|exiftool|filename.html|HTML|347|3|31
209|./src/_00/output/Perl/exiftool~exiftool/lib/Image/ExifTool/Shift.pl|exiftool|exiftool|Shift.pl|Perl|346|226|71
210|./src/_00/output/Perl/exiftool~exiftool/html/canon_raw.html|exiftool|exiftool|canon_raw.html|HTML|345|3|20
211|./src/_00/output/Perl/exiftool~exiftool/html/history.html|exiftool|exiftool|history.html|HTML|344|2|21
212|./src/_00/output/Perl/exiftool~exiftool/lib/Image/ExifTool/VCard.pm|exiftool|exiftool|VCard.pm|Perl|341|82|34
213|./src/_00/output/Perl/exiftool~exiftool/html/TagNames/SonyIDC.html|exiftool|exiftool|SonyIDC.html|HTML|337|1|1
214|./src/_00/output/Perl/exiftool~exiftool/t/TestLib.pm|exiftool|exiftool|TestLib.pm|Perl|337|105|27
215|./src/_00/output/Perl/exiftool~exiftool/lib/Image/ExifTool/SonyIDC.pm|exiftool|exiftool|SonyIDC.pm|Perl|332|38|23
216|./src/_00/output/Perl/exiftool~exiftool/lib/Image/ExifTool/DarwinCore.pm|exiftool|exiftool|DarwinCore.pm|Perl|331|37|25
217|./src/_00/output/Perl/exiftool~exiftool/lib/Image/ExifTool/PLIST.pm|exiftool|exiftool|PLIST.pm|Perl|331|97|46
218|./src/_00/output/Perl/exiftool~exiftool/lib/Image/ExifTool/BZZ.pm|exiftool|exiftool|BZZ.pm|Perl|329|108|35
219|./src/_00/output/Perl/exiftool~exiftool/html/TagNames/MinoltaRaw.html|exiftool|exiftool|MinoltaRaw.html|HTML|327|1|4
220|./src/_00/output/Perl/exiftool~exiftool/lib/File/RandomAccess.pm|exiftool|exiftool|RandomAccess.pm|Perl|318|105|21
221|./src/_00/output/Perl/exiftool~exiftool/html/TagNames/DjVu.html|exiftool|exiftool|DjVu.html|HTML|308|1|5
222|./src/_00/output/Perl/exiftool~exiftool/html/TagNames/Shortcuts.html|exiftool|exiftool|Shortcuts.html|HTML|304|1|2
223|./src/_00/output/Perl/exiftool~exiftool/html/TagNames/DPX.html|exiftool|exiftool|DPX.html|HTML|298|1|1
224|./src/_00/output/Perl/exiftool~exiftool/html/commentary.html|exiftool|exiftool|commentary.html|HTML|291|5|40
225|./src/_00/output/Perl/exiftool~exiftool/lib/Image/ExifTool/Charset.pm|exiftool|exiftool|Charset.pm|Perl|290|116|28
226|./src/_00/output/Perl/exiftool~exiftool/html/TagNames/Red.html|exiftool|exiftool|Red.html|HTML|288|1|3
227|./src/_00/output/Perl/exiftool~exiftool/lib/Image/ExifTool/OOXML.pm|exiftool|exiftool|OOXML.pm|Perl|288|87|35
228|./src/_00/output/Perl/exiftool~exiftool/lib/Image/ExifTool/Palm.pm|exiftool|exiftool|Palm.pm|Perl|288|71|44
229|./src/_00/output/Perl/exiftool~exiftool/lib/Image/ExifTool/WritePNG.pl|exiftool|exiftool|WritePNG.pl|Perl|286|100|28
230|./src/_00/output/Perl/exiftool~exiftool/lib/Image/ExifTool/OpenEXR.pm|exiftool|exiftool|OpenEXR.pm|Perl|284|48|29
231|./src/_00/output/Perl/exiftool~exiftool/lib/Image/ExifTool/Apple.pm|exiftool|exiftool|Apple.pm|Perl|277|100|24
232|./src/_00/output/Perl/exiftool~exiftool/html/TagNames/OOXML.html|exiftool|exiftool|OOXML.html|HTML|276|1|4
233|./src/_00/output/Perl/exiftool~exiftool/lib/Image/ExifTool/AES.pm|exiftool|exiftool|AES.pm|Perl|275|140|86
234|./src/_00/output/Perl/exiftool~exiftool/lib/Image/ExifTool/BMP.pm|exiftool|exiftool|BMP.pm|Perl|275|56|29
235|./src/_00/output/Perl/exiftool~exiftool/lib/Image/ExifTool/WriteRIFF.pl|exiftool|exiftool|WriteRIFF.pl|Perl|269|87|28
236|./src/_00/output/Perl/exiftool~exiftool/html/TagNames/Apple.html|exiftool|exiftool|Apple.html|HTML|268|1|2
237|./src/_00/output/Perl/exiftool~exiftool/lib/Image/ExifTool/CBOR.pm|exiftool|exiftool|CBOR.pm|Perl|266|49|32
238|./src/_00/output/Perl/exiftool~exiftool/lib/Image/ExifTool/RTF.pm|exiftool|exiftool|RTF.pm|Perl|265|91|34
239|./src/_00/output/Perl/exiftool~exiftool/html/TagNames/PhaseOne.html|exiftool|exiftool|PhaseOne.html|HTML|264|1|2
240|./src/_00/output/Perl/exiftool~exiftool/lib/Image/ExifTool/Shortcuts.pm|exiftool|exiftool|Shortcuts.pm|Perl|263|68|25
241|./src/_00/output/Perl/exiftool~exiftool/lib/Image/ExifTool/MRC.pm|exiftool|exiftool|MRC.pm|Perl|261|48|32
242|./src/_00/output/Perl/exiftool~exiftool/html/standards.html|exiftool|exiftool|standards.html|HTML|259|4|43
243|./src/_00/output/Perl/exiftool~exiftool/html/TagNames/OpenEXR.html|exiftool|exiftool|OpenEXR.html|HTML|254|1|1
244|./src/_00/output/Perl/exiftool~exiftool/html/metafiles.html|exiftool|exiftool|metafiles.html|HTML|254|10|59
245|./src/_00/output/Perl/exiftool~exiftool/lib/Image/ExifTool/DjVu.pm|exiftool|exiftool|DjVu.pm|Perl|253|89|36
246|./src/_00/output/Perl/exiftool~exiftool/html/idiosyncracies.html|exiftool|exiftool|idiosyncracies.html|HTML|247|0|46
247|./src/_00/output/Perl/exiftool~exiftool/html/TagNames/MPEG.html|exiftool|exiftool|MPEG.html|HTML|245|1|4
248|./src/_00/output/Perl/exiftool~exiftool/html/TagNames/index.html|exiftool|exiftool|index.html|HTML|245|1|6
249|./src/_00/output/Perl/exiftool~exiftool/html/install.html|exiftool|exiftool|install.html|HTML|244|5|17
250|./src/_00/output/Perl/exiftool~exiftool/html/TagNames/Vorbis.html|exiftool|exiftool|Vorbis.html|HTML|240|1|3
251|./src/_00/output/Perl/exiftool~exiftool/html/TagNames/ZIP.html|exiftool|exiftool|ZIP.html|HTML|240|1|4
252|./src/_00/output/Perl/exiftool~exiftool/lib/Image/ExifTool/APP12.pm|exiftool|exiftool|APP12.pm|Perl|236|59|27
253|./src/_00/output/Perl/exiftool~exiftool/lib/Image/ExifTool/Torrent.pm|exiftool|exiftool|Torrent.pm|Perl|235|62|34
254|./src/_00/output/Perl/exiftool~exiftool/lib/Image/ExifTool/FLIF.pm|exiftool|exiftool|FLIF.pm|Perl|234|78|41
255|./src/_00/output/Perl/exiftool~exiftool/lib/Image/ExifTool/DV.pm|exiftool|exiftool|DV.pm|Perl|231|48|36
256|./src/_00/output/Perl/exiftool~exiftool/html/TagNames/BMP.html|exiftool|exiftool|BMP.html|HTML|230|1|3
257|./src/_00/output/Perl/exiftool~exiftool/lib/Image/ExifTool/BigTIFF.pm|exiftool|exiftool|BigTIFF.pm|Perl|229|47|28
258|./src/_00/output/Perl/exiftool~exiftool/lib/Image/ExifTool/FLAC.pm|exiftool|exiftool|FLAC.pm|Perl|228|59|34
259|./src/_00/output/Perl/exiftool~exiftool/lib/Image/ExifTool/WTV.pm|exiftool|exiftool|WTV.pm|Perl|227|61|31
260|./src/_00/output/Perl/exiftool~exiftool/html/TagNames/GPS.html|exiftool|exiftool|GPS.html|HTML|226|1|4
261|./src/_00/output/Perl/exiftool~exiftool/html/data_members.html|exiftool|exiftool|data_members.html|HTML|225|0|102
262|./src/_00/output/Perl/exiftool~exiftool/lib/Image/ExifTool/Import.pm|exiftool|exiftool|Import.pm|Perl|224|97|42
263|./src/_00/output/Perl/exiftool~exiftool/lib/Image/ExifTool/AIFF.pm|exiftool|exiftool|AIFF.pm|Perl|218|60|34
264|./src/_00/output/Perl/exiftool~exiftool/lib/Image/ExifTool/Audible.pm|exiftool|exiftool|Audible.pm|Perl|217|65|35
265|./src/_00/output/Perl/exiftool~exiftool/lib/Image/ExifTool/WPG.pm|exiftool|exiftool|WPG.pm|Perl|213|54|29
266|./src/_00/output/Perl/exiftool~exiftool/lib/Image/ExifTool/PSP.pm|exiftool|exiftool|PSP.pm|Perl|212|65|29
267|./src/_00/output/Perl/exiftool~exiftool/html/writing.html|exiftool|exiftool|writing.html|HTML|211|3|27
268|./src/_00/output/Perl/exiftool~exiftool/lib/Image/ExifTool/MPF.pm|exiftool|exiftool|MPF.pm|Perl|211|48|30
269|./src/_00/output/Perl/exiftool~exiftool/html/TagNames/XISF.html|exiftool|exiftool|XISF.html|HTML|209|1|1
270|./src/_00/output/Perl/exiftool~exiftool/lib/Image/ExifTool/DJI.pm|exiftool|exiftool|DJI.pm|Perl|208|44|27
271|./src/_00/output/Perl/exiftool~exiftool/lib/Image/ExifTool/Fixup.pm|exiftool|exiftool|Fixup.pm|Perl|204|117|45
272|./src/_00/output/Perl/exiftool~exiftool/html/TagNames/MPF.html|exiftool|exiftool|MPF.html|HTML|198|1|2
273|./src/_00/output/Perl/exiftool~exiftool/html/TagNames/PhotoMechanic.html|exiftool|exiftool|PhotoMechanic.html|HTML|198|1|4
274|./src/_00/output/Perl/exiftool~exiftool/lib/Image/ExifTool/GIMP.pm|exiftool|exiftool|GIMP.pm|Perl|198|61|35
275|./src/_00/output/Perl/exiftool~exiftool/lib/Image/ExifTool/Red.pm|exiftool|exiftool|Red.pm|Perl|198|88|39
276|./src/_00/output/Perl/exiftool~exiftool/html/TagNames/Stim.html|exiftool|exiftool|Stim.html|HTML|197|1|3
277|./src/_00/output/Perl/exiftool~exiftool/html/TagNames/MIFF.html|exiftool|exiftool|MIFF.html|HTML|195|1|1
278|./src/_00/output/Perl/exiftool~exiftool/html/verbose.html|exiftool|exiftool|verbose.html|HTML|195|3|13
279|./src/_00/output/Perl/exiftool~exiftool/lib/Image/ExifTool/HP.pm|exiftool|exiftool|HP.pm|Perl|193|43|27
280|./src/_00/output/Perl/exiftool~exiftool/lib/Image/ExifTool/MIFF.pm|exiftool|exiftool|MIFF.pm|Perl|192|58|29
281|./src/_00/output/Perl/exiftool~exiftool/html/TagNames/GIF.html|exiftool|exiftool|GIF.html|HTML|190|1|5
282|./src/_00/output/Perl/exiftool~exiftool/lib/Image/ExifTool/FotoStation.pm|exiftool|exiftool|FotoStation.pm|Perl|188|45|28
283|./src/_00/output/Perl/exiftool~exiftool/html/TagNames/APP12.html|exiftool|exiftool|APP12.html|HTML|186|1|2
284|./src/_00/output/Perl/exiftool~exiftool/html/TagNames/FLAC.html|exiftool|exiftool|FLAC.html|HTML|186|1|3
285|./src/_00/output/Perl/exiftool~exiftool/html/TagNames/Torrent.html|exiftool|exiftool|Torrent.html|HTML|184|1|4
286|./src/_00/output/Perl/exiftool~exiftool/lib/Image/ExifTool/APE.pm|exiftool|exiftool|APE.pm|Perl|181|70|36
287|./src/_00/output/Perl/exiftool~exiftool/lib/Image/ExifTool/InDesign.pm|exiftool|exiftool|InDesign.pm|Perl|181|66|32
288|./src/_00/output/Perl/exiftool~exiftool/lib/Image/ExifTool/PhotoMechanic.pm|exiftool|exiftool|PhotoMechanic.pm|Perl|180|46|31
289|./src/_00/output/Perl/exiftool~exiftool/lib/Image/ExifTool/AFCP.pm|exiftool|exiftool|AFCP.pm|Perl|176|72|33
290|./src/_00/output/Perl/exiftool~exiftool/lib/Image/ExifTool/DPX.pm|exiftool|exiftool|DPX.pm|Perl|176|45|26
291|./src/_00/output/Perl/exiftool~exiftool/lib/Image/ExifTool/BPG.pm|exiftool|exiftool|BPG.pm|Perl|174|49|30
292|./src/_00/output/Perl/exiftool~exiftool/lib/Image/ExifTool/ZISRAW.pm|exiftool|exiftool|ZISRAW.pm|Perl|173|40|29
293|./src/_00/output/Perl/exiftool~exiftool/html/TagNames/Audible.html|exiftool|exiftool|Audible.html|HTML|172|1|5
294|./src/_00/output/Perl/exiftool~exiftool/html/TagNames/PostScript.html|exiftool|exiftool|PostScript.html|HTML|172|1|1
295|./src/_00/output/Perl/exiftool~exiftool/lib/Image/ExifTool/Vorbis.pm|exiftool|exiftool|Vorbis.pm|Perl|171|51|33
296|./src/_00/output/Perl/exiftool~exiftool/lib/Image/ExifTool/WritePhotoshop.pl|exiftool|exiftool|WritePhotoshop.pl|Perl|169|77|24
297|./src/_00/output/Perl/exiftool~exiftool/lib/Image/ExifTool/Text.pm|exiftool|exiftool|Text.pm|Perl|162|49|32
298|./src/_00/output/Perl/exiftool~exiftool/lib/Image/ExifTool/RSRC.pm|exiftool|exiftool|RSRC.pm|Perl|159|57|31
299|./src/_00/output/Perl/exiftool~exiftool/html/TagNames/ISO.html|exiftool|exiftool|ISO.html|HTML|156|1|3
300|./src/_00/output/Perl/exiftool~exiftool/html/TagNames/PSP.html|exiftool|exiftool|PSP.html|HTML|156|1|4
301|./src/_00/output/Perl/exiftool~exiftool/html/TagNames/AIFF.html|exiftool|exiftool|AIFF.html|HTML|155|1|4
302|./src/_00/output/Perl/exiftool~exiftool/html/TagNames/GIMP.html|exiftool|exiftool|GIMP.html|HTML|154|1|4
303|./src/_00/output/Perl/exiftool~exiftool/html/TagNames/APE.html|exiftool|exiftool|APE.html|HTML|151|1|3
304|./src/_00/output/Perl/exiftool~exiftool/lib/Image/ExifTool/InfiRay.pm|exiftool|exiftool|InfiRay.pm|Perl|151|48|28
305|./src/_00/output/Perl/exiftool~exiftool/html/TagNames/M2TS.html|exiftool|exiftool|M2TS.html|HTML|150|1|3
306|./src/_00/output/Perl/exiftool~exiftool/html/TagNames/HP.html|exiftool|exiftool|HP.html|HTML|149|1|6
307|./src/_00/output/Perl/exiftool~exiftool/html/TagNames/RTF.html|exiftool|exiftool|RTF.html|HTML|149|1|1
308|./src/_00/output/Perl/exiftool~exiftool/lib/Image/ExifTool/Lytro.pm|exiftool|exiftool|Lytro.pm|Perl|148|39|27
309|./src/_00/output/Perl/exiftool~exiftool/html/fix_corrupted_nef.html|exiftool|exiftool|fix_corrupted_nef.html|HTML|143|6|35
310|./src/_00/output/Perl/exiftool~exiftool/lib/Image/ExifTool/Ogg.pm|exiftool|exiftool|Ogg.pm|Perl|143|66|32
311|./src/_00/output/Perl/exiftool~exiftool/html/mistakes.html|exiftool|exiftool|mistakes.html|HTML|139|4|12
312|./src/_00/output/Perl/exiftool~exiftool/html/under.html|exiftool|exiftool|under.html|HTML|139|4|22
313|./src/_00/output/Perl/exiftool~exiftool/lib/Image/ExifTool/Stim.pm|exiftool|exiftool|Stim.pm|Perl|139|32|25
314|./src/_00/output/Perl/exiftool~exiftool/lib/Image/ExifTool/ITC.pm|exiftool|exiftool|ITC.pm|Perl|137|49|29
315|./src/_00/output/Perl/exiftool~exiftool/lib/Image/ExifTool/iWork.pm|exiftool|exiftool|iWork.pm|Perl|134|65|31
316|./src/_00/output/Perl/exiftool~exiftool/html/TagNames/WPG.html|exiftool|exiftool|WPG.html|HTML|130|1|1
317|./src/_00/output/Perl/exiftool~exiftool/lib/Image/ExifTool/CaptureOne.pm|exiftool|exiftool|CaptureOne.pm|Perl|130|76|29
318|./src/_00/output/Perl/exiftool~exiftool/lib/Image/ExifTool/ISO.pm|exiftool|exiftool|ISO.pm|Perl|125|48|33
319|./src/_00/output/Perl/exiftool~exiftool/html/Shift.html|exiftool|exiftool|Shift.html|HTML|123|0|60
320|./src/_00/output/Perl/exiftool~exiftool/html/TagNames/Lytro.html|exiftool|exiftool|Lytro.html|HTML|121|1|1
321|./src/_00/output/Perl/exiftool~exiftool/lib/Image/ExifTool/JSON.pm|exiftool|exiftool|JSON.pm|Perl|120|45|33
322|./src/_00/output/Perl/exiftool~exiftool/lib/Image/ExifTool/XISF.pm|exiftool|exiftool|XISF.pm|Perl|119|40|26
323|./src/_00/output/Perl/exiftool~exiftool/html/TagNames/BPG.html|exiftool|exiftool|BPG.html|HTML|116|1|2
324|./src/_00/output/Perl/exiftool~exiftool/lib/Image/ExifTool/KyoceraRaw.pm|exiftool|exiftool|KyoceraRaw.pm|Perl|111|36|26
325|./src/_00/output/Perl/exiftool~exiftool/t/images/XMP.inx|exiftool|exiftool|XMP.inx|XML|108|0|0
326|./src/_00/output/Perl/exiftool~exiftool/html/TagNames/PCX.html|exiftool|exiftool|PCX.html|HTML|103|1|1
327|./src/_00/output/Perl/exiftool~exiftool/validate|exiftool|exiftool|validate|Perl|102|28|15
328|./src/_00/output/Perl/exiftool~exiftool/html/TagNames/FotoStation.html|exiftool|exiftool|FotoStation.html|HTML|101|1|2
329|./src/_00/output/Perl/exiftool~exiftool/lib/Image/ExifTool/Rawzor.pm|exiftool|exiftool|Rawzor.pm|Perl|101|61|28
330|./src/_00/output/Perl/exiftool~exiftool/html/TagNames/Theora.html|exiftool|exiftool|Theora.html|HTML|100|1|2
331|./src/_00/output/Perl/exiftool~exiftool/t/images/XMP.xml|exiftool|exiftool|XMP.xml|XML|100|0|1
332|./src/_00/output/Perl/exiftool~exiftool/lib/Image/ExifTool/MOI.pm|exiftool|exiftool|MOI.pm|Perl|99|36|24
333|./src/_00/output/Perl/exiftool~exiftool/html/TagNames/MPC.html|exiftool|exiftool|MPC.html|HTML|96|1|1
334|./src/_00/output/Perl/exiftool~exiftool/lib/Image/ExifTool/LIF.pm|exiftool|exiftool|LIF.pm|Perl|95|34|32
335|./src/_00/output/Perl/exiftool~exiftool/html/TagNames/FITS.html|exiftool|exiftool|FITS.html|HTML|94|1|1
336|./src/_00/output/Perl/exiftool~exiftool/html/dummies.html|exiftool|exiftool|dummies.html|HTML|93|30|30
337|./src/_00/output/Perl/exiftool~exiftool/t/images/Geotag_DJI_2020-12-02_[07-50-31].csv|exiftool|exiftool|Geotag_DJI_2020-12-02_[07-50-31].csv|CSV|93|0|1
338|./src/_00/output/Perl/exiftool~exiftool/html/TagNames/KyoceraRaw.html|exiftool|exiftool|KyoceraRaw.html|HTML|91|1|1
339|./src/_00/output/Perl/exiftool~exiftool/html/TagNames/Radiance.html|exiftool|exiftool|Radiance.html|HTML|91|1|1
340|./src/_00/output/Perl/exiftool~exiftool/lib/Image/ExifTool/AAC.pm|exiftool|exiftool|AAC.pm|Perl|91|57|29
341|./src/_00/output/Perl/exiftool~exiftool/lib/Image/ExifTool/FITS.pm|exiftool|exiftool|FITS.pm|Perl|91|42|26
342|./src/_00/output/Perl/exiftool~exiftool/lib/Image/ExifTool/PPM.pm|exiftool|exiftool|PPM.pm|Perl|90|54|25
343|./src/_00/output/Perl/exiftool~exiftool/lib/Image/ExifTool/MPC.pm|exiftool|exiftool|MPC.pm|Perl|88|39|29
344|./src/_00/output/Perl/exiftool~exiftool/lib/Image/ExifTool/Theora.pm|exiftool|exiftool|Theora.pm|Perl|88|33|24
345|./src/_00/output/Perl/exiftool~exiftool/html/TagNames/ITC.html|exiftool|exiftool|ITC.html|HTML|87|1|3
346|./src/_00/output/Perl/exiftool~exiftool/html/TagNames/JFIF.html|exiftool|exiftool|JFIF.html|HTML|86|1|2
347|./src/_00/output/Perl/exiftool~exiftool/html/TagNames/PLIST.html|exiftool|exiftool|PLIST.html|HTML|85|1|1
348|./src/_00/output/Perl/exiftool~exiftool/html/TagNames/FLIF.html|exiftool|exiftool|FLIF.html|HTML|83|1|1
349|./src/_00/output/Perl/exiftool~exiftool/lib/Image/ExifTool/ICO.pm|exiftool|exiftool|ICO.pm|Perl|82|36|25
350|./src/_00/output/Perl/exiftool~exiftool/lib/Image/ExifTool/Radiance.pm|exiftool|exiftool|Radiance.pm|Perl|82|40|27
351|./src/_00/output/Perl/exiftool~exiftool/html/TagNames/ICO.html|exiftool|exiftool|ICO.html|HTML|79|1|2
352|./src/_00/output/Perl/exiftool~exiftool/html/TagNames/PGF.html|exiftool|exiftool|PGF.html|HTML|79|1|1
353|./src/_00/output/Perl/exiftool~exiftool/lib/Image/ExifTool/PCX.pm|exiftool|exiftool|PCX.pm|Perl|77|36|25
354|./src/_00/output/Perl/exiftool~exiftool/lib/Image/ExifTool/Scalado.pm|exiftool|exiftool|Scalado.pm|Perl|76|43|22
355|./src/_00/output/Perl/exiftool~exiftool/html/TagNames/DV.html|exiftool|exiftool|DV.html|HTML|74|1|1
356|./src/_00/output/Perl/exiftool~exiftool/html/TagNames/RSRC.html|exiftool|exiftool|RSRC.html|HTML|73|1|1
357|./src/_00/output/Perl/exiftool~exiftool/html/TagNames/Text.html|exiftool|exiftool|Text.html|HTML|73|1|1
358|./src/_00/output/Perl/exiftool~exiftool/lib/Image/ExifTool/JVC.pm|exiftool|exiftool|JVC.pm|Perl|73|35|22
359|./src/_00/output/Perl/exiftool~exiftool/lib/Image/ExifTool/Nintendo.pm|exiftool|exiftool|Nintendo.pm|Perl|67|38|23
360|./src/_00/output/Perl/exiftool~exiftool/lib/Image/ExifTool/PGF.pm|exiftool|exiftool|PGF.pm|Perl|65|47|31
361|./src/_00/output/Perl/exiftool~exiftool/lib/Image/ExifTool/PrintIM.pm|exiftool|exiftool|PrintIM.pm|Perl|65|37|23
362|./src/_00/output/Perl/exiftool~exiftool/fmt_files/kml.fmt|exiftool|exiftool|kml.fmt|Oracle Forms|62|0|0
363|./src/_00/output/Perl/exiftool~exiftool/html/TagNames/Nintendo.html|exiftool|exiftool|Nintendo.html|HTML|61|1|2
364|./src/_00/output/Perl/exiftool~exiftool/html/TagNames/CBOR.html|exiftool|exiftool|CBOR.html|HTML|60|1|1
365|./src/_00/output/Perl/exiftool~exiftool/html/TagNames/Opus.html|exiftool|exiftool|Opus.html|HTML|60|1|2
366|./src/_00/output/Perl/exiftool~exiftool/html/TagNames/MOI.html|exiftool|exiftool|MOI.html|HTML|59|1|1
367|./src/_00/output/Perl/exiftool~exiftool/Makefile.PL|exiftool|exiftool|Makefile.PL|Prolog|56|0|2
368|./src/_00/output/Perl/exiftool~exiftool/build_tag_lookup|exiftool|exiftool|build_tag_lookup|Perl|56|14|13
369|./src/_00/output/Perl/exiftool~exiftool/html/TagNames/JSON.html|exiftool|exiftool|JSON.html|HTML|56|1|1
370|./src/_00/output/Perl/exiftool~exiftool/t/images/Geotag.kml|exiftool|exiftool|Geotag.kml|XML|55|0|0
371|./src/_00/output/Perl/exiftool~exiftool/META.json|exiftool|exiftool|META.json|JSON|54|0|0
372|./src/_00/output/Perl/exiftool~exiftool/html/TagNames/JVC.html|exiftool|exiftool|JVC.html|HTML|54|1|2
373|./src/_00/output/Perl/exiftool~exiftool/html/TagNames/AAC.html|exiftool|exiftool|AAC.html|HTML|53|1|1
374|./src/_00/output/Perl/exiftool~exiftool/html/examples.html|exiftool|exiftool|examples.html|HTML|52|162|4
375|./src/_00/output/Perl/exiftool~exiftool/html/TagNames/Motorola.html|exiftool|exiftool|Motorola.html|HTML|51|1|1
376|./src/_00/output/Perl/exiftool~exiftool/html/TagNames/AFCP.html|exiftool|exiftool|AFCP.html|HTML|50|1|3
377|./src/_00/output/Perl/exiftool~exiftool/fmt_files/kml_track.fmt|exiftool|exiftool|kml_track.fmt|Oracle Forms|49|0|0
378|./src/_00/output/Perl/exiftool~exiftool/html/TagNames/Ogg.html|exiftool|exiftool|Ogg.html|HTML|48|1|1
379|./src/_00/output/Perl/exiftool~exiftool/html/TagNames/iWork.html|exiftool|exiftool|iWork.html|HTML|48|1|1
380|./src/_00/output/Perl/exiftool~exiftool/fmt_files/gpx_wpt.fmt|exiftool|exiftool|gpx_wpt.fmt|Oracle Forms|44|0|0
381|./src/_00/output/Perl/exiftool~exiftool/html/TagNames/Rawzor.html|exiftool|exiftool|Rawzor.html|HTML|44|1|1
382|./src/_00/output/Perl/exiftool~exiftool/html/TagNames/Scalado.html|exiftool|exiftool|Scalado.html|HTML|44|1|1
383|./src/_00/output/Perl/exiftool~exiftool/t/images/XMP.svg|exiftool|exiftool|XMP.svg|SVG|43|0|0
384|./src/_00/output/Perl/exiftool~exiftool/t/images/HTML.html|exiftool|exiftool|HTML.html|HTML|41|36|0
385|./src/_00/output/Perl/exiftool~exiftool/fmt_files/gpx.fmt|exiftool|exiftool|gpx.fmt|Oracle Forms|40|0|0
386|./src/_00/output/Perl/exiftool~exiftool/html/TagNames/Other.html|exiftool|exiftool|Other.html|HTML|40|1|1
387|./src/_00/output/Perl/exiftool~exiftool/html/TagNames/GE.html|exiftool|exiftool|GE.html|HTML|39|1|1
388|./src/_00/output/Perl/exiftool~exiftool/html/TagNames/ZISRAW.html|exiftool|exiftool|ZISRAW.html|HTML|39|1|1
389|./src/_00/output/Perl/exiftool~exiftool/lib/Image/ExifTool/Charset/DOSCyrillic.pm|exiftool|exiftool|DOSCyrillic.pm|Perl|36|11|2
390|./src/_00/output/Perl/exiftool~exiftool/lib/Image/ExifTool/Charset/DOSLatin1.pm|exiftool|exiftool|DOSLatin1.pm|Perl|36|11|2
391|./src/_00/output/Perl/exiftool~exiftool/lib/Image/ExifTool/Charset/DOSLatinUS.pm|exiftool|exiftool|DOSLatinUS.pm|Perl|36|11|2
392|./src/_00/output/Perl/exiftool~exiftool/lib/Image/ExifTool/Charset/MacThai.pm|exiftool|exiftool|MacThai.pm|Perl|36|11|2
393|./src/_00/output/Perl/exiftool~exiftool/lib/Image/ExifTool/Charset/Symbol.pm|exiftool|exiftool|Symbol.pm|Perl|36|16|2
394|./src/_00/output/Perl/exiftool~exiftool/t/images/PLIST-xml.plist|exiftool|exiftool|PLIST-xml.plist|XML|35|0|0
395|./src/_00/output/Perl/exiftool~exiftool/META.yml|exiftool|exiftool|META.yml|YAML|34|0|0
396|./src/_00/output/Perl/exiftool~exiftool/lib/Image/ExifTool/Charset/MacCyrillic.pm|exiftool|exiftool|MacCyrillic.pm|Perl|34|11|2
397|./src/_00/output/Perl/exiftool~exiftool/lib/Image/ExifTool/Opus.pm|exiftool|exiftool|Opus.pm|Perl|34|38|26
398|./src/_00/output/Perl/exiftool~exiftool/lib/Image/ExifTool/Other.pm|exiftool|exiftool|Other.pm|Perl|34|35|24
399|./src/_00/output/Perl/exiftool~exiftool/lib/Image/ExifTool/Charset/MacArabic.pm|exiftool|exiftool|MacArabic.pm|Perl|33|12|2
400|./src/_00/output/Perl/exiftool~exiftool/lib/Image/ExifTool/Charset/MacHebrew.pm|exiftool|exiftool|MacHebrew.pm|Perl|33|12|2
401|./src/_00/output/Perl/exiftool~exiftool/lib/Image/ExifTool/Charset/Cyrillic.pm|exiftool|exiftool|Cyrillic.pm|Perl|32|11|2
402|./src/_00/output/Perl/exiftool~exiftool/lib/Image/ExifTool/Charset/MacGreek.pm|exiftool|exiftool|MacGreek.pm|Perl|32|11|2
403|./src/_00/output/Perl/exiftool~exiftool/html/style.css|exiftool|exiftool|style.css|CSS|31|0|0
404|./src/_00/output/Perl/exiftool~exiftool/lib/Image/ExifTool/Charset/MacLatin2.pm|exiftool|exiftool|MacLatin2.pm|Perl|31|11|2
405|./src/_00/output/Perl/exiftool~exiftool/html/TagNames/PrintIM.html|exiftool|exiftool|PrintIM.html|HTML|30|1|1
406|./src/_00/output/Perl/exiftool~exiftool/html/TagNames/Unknown.html|exiftool|exiftool|Unknown.html|HTML|30|1|1
407|./src/_00/output/Perl/exiftool~exiftool/lib/Image/ExifTool/Charset/MacCroatian.pm|exiftool|exiftool|MacCroatian.pm|Perl|30|11|2
408|./src/_00/output/Perl/exiftool~exiftool/lib/Image/ExifTool/GE.pm|exiftool|exiftool|GE.pm|Perl|30|33|18
409|./src/_00/output/Perl/exiftool~exiftool/lib/Image/ExifTool/Charset/MacIceland.pm|exiftool|exiftool|MacIceland.pm|Perl|29|11|2
410|./src/_00/output/Perl/exiftool~exiftool/lib/Image/ExifTool/Charset/MacRoman.pm|exiftool|exiftool|MacRoman.pm|Perl|29|11|2
411|./src/_00/output/Perl/exiftool~exiftool/lib/Image/ExifTool/Charset/MacRomanian.pm|exiftool|exiftool|MacRomanian.pm|Perl|29|11|2
412|./src/_00/output/Perl/exiftool~exiftool/lib/Image/ExifTool/Charset/MacTurkish.pm|exiftool|exiftool|MacTurkish.pm|Perl|29|11|2
413|./src/_00/output/Perl/exiftool~exiftool/html/TagNames/LIF.html|exiftool|exiftool|LIF.html|HTML|28|1|1
414|./src/_00/output/Perl/exiftool~exiftool/html/TagNames/style.css|exiftool|exiftool|style.css|CSS|28|0|3
415|./src/_00/output/Perl/exiftool~exiftool/lib/Image/ExifTool/Charset/Thai.pm|exiftool|exiftool|Thai.pm|Perl|28|11|2
416|./src/_00/output/Perl/exiftool~exiftool/lib/Image/ExifTool/Charset/Greek.pm|exiftool|exiftool|Greek.pm|Perl|27|11|2
417|./src/_00/output/Perl/exiftool~exiftool/lib/Image/ExifTool/Charset/Arabic.pm|exiftool|exiftool|Arabic.pm|Perl|26|11|2
418|./src/_00/output/Perl/exiftool~exiftool/t/images/PLIST.aae|exiftool|exiftool|PLIST.aae|XML|24|0|0
419|./src/_00/output/Perl/exiftool~exiftool/lib/Image/ExifTool/Charset/Hebrew.pm|exiftool|exiftool|Hebrew.pm|Perl|23|11|2
420|./src/_00/output/Perl/exiftool~exiftool/lib/Image/ExifTool/Charset/Latin2.pm|exiftool|exiftool|Latin2.pm|Perl|23|11|2
421|./src/_00/output/Perl/exiftool~exiftool/t/images/Geotag.gpx|exiftool|exiftool|Geotag.gpx|XML|23|0|0
422|./src/_00/output/Perl/exiftool~exiftool/t/images/Geotag.xml|exiftool|exiftool|Geotag.xml|XML|23|0|0
423|./src/_00/output/Perl/exiftool~exiftool/lib/Image/ExifTool/Charset/Baltic.pm|exiftool|exiftool|Baltic.pm|Perl|22|11|2
424|./src/_00/output/Perl/exiftool~exiftool/lib/Image/ExifTool/Motorola.pm|exiftool|exiftool|Motorola.pm|Perl|22|138|18
425|./src/_00/output/Perl/exiftool~exiftool/t/images/JSON.json|exiftool|exiftool|JSON.json|JSON|19|0|0
426|./src/_00/output/Perl/exiftool~exiftool/lib/Image/ExifTool/Unknown.pm|exiftool|exiftool|Unknown.pm|Perl|18|28|20
427|./src/_00/output/Perl/exiftool~exiftool/lib/Image/ExifTool/Charset/PDFDoc.pm|exiftool|exiftool|PDFDoc.pm|Perl|14|12|2
428|./src/_00/output/Perl/exiftool~exiftool/lib/Image/ExifTool/Charset/Vietnam.pm|exiftool|exiftool|Vietnam.pm|Perl|14|11|2
429|./src/_00/output/Perl/exiftool~exiftool/lib/Image/ExifTool/Charset/Turkish.pm|exiftool|exiftool|Turkish.pm|Perl|12|11|2
430|./src/_00/output/Perl/exiftool~exiftool/lib/Image/ExifTool/Charset/Latin.pm|exiftool|exiftool|Latin.pm|Perl|11|11|2
431|./src/_00/output/Perl/exiftool~exiftool/t/images/Text.csv|exiftool|exiftool|Text.csv|CSV|3|0|0
