Unnamed: 0|path|owner|project|file|language|code|comment|blank
0|./src/_00/output/Perl/Moham3dRiahi~Th3inspector/Th3inspector.pl|Moham3dRiahi|Th3inspector|Th3inspector.pl|Perl|926|20|61
1|./src/_00/output/Perl/Moham3dRiahi~Th3inspector/README.md|Moham3dRiahi|Th3inspector|README.md|Markdown|152|0|30
2|./src/_00/output/Perl/Moham3dRiahi~Th3inspector/install.sh|Moham3dRiahi|Th3inspector|install.sh|Bourne Shell|117|0|10
3|./src/_00/output/Perl/Moham3dRiahi~Th3inspector/update.sh|Moham3dRiahi|Th3inspector|update.sh|Bourne Shell|62|0|7
