path|owner|project|file|language|code|comment|blank
./src/_00/output/Lua/facebookresearch~fairseq-lua/fairseq/models/fconv_model.lua|facebookresearch|fairseq-lua|fconv_model.lua|Lua|686|60|82
./src/_00/output/Lua/facebookresearch~fairseq-lua/fairseq/torchnet/data.lua|facebookresearch|fairseq-lua|data.lua|Lua|531|123|50
./src/_00/output/Lua/facebookresearch~fairseq-lua/fairseq/torchnet/ResumableDPOptimEngine.lua|facebookresearch|fairseq-lua|ResumableDPOptimEngine.lua|Lua|374|37|25
./src/_00/output/Lua/facebookresearch~fairseq-lua/train.lua|facebookresearch|fairseq-lua|train.lua|Lua|367|60|40
./src/_00/output/Lua/facebookresearch~fairseq-lua/fairseq/models/utils.lua|facebookresearch|fairseq-lua|utils.lua|Lua|352|51|46
./src/_00/output/Lua/facebookresearch~fairseq-lua/fairseq/models/avgpool_model.lua|facebookresearch|fairseq-lua|avgpool_model.lua|Lua|349|58|49
./src/_00/output/Lua/facebookresearch~fairseq-lua/fairseq/torchnet/hooks.lua|facebookresearch|fairseq-lua|hooks.lua|Lua|342|39|32
./src/_00/output/Lua/facebookresearch~fairseq-lua/fairseq/search.lua|facebookresearch|fairseq-lua|search.lua|Lua|317|80|40
./src/_00/output/Lua/facebookresearch~fairseq-lua/fairseq/text/tokenizer.lua|facebookresearch|fairseq-lua|tokenizer.lua|Lua|286|18|28
./src/_00/output/Lua/facebookresearch~fairseq-lua/fairseq/models/model.lua|facebookresearch|fairseq-lua|model.lua|Lua|285|20|38
./src/_00/output/Lua/facebookresearch~fairseq-lua/test/test_tokenizer.lua|facebookresearch|fairseq-lua|test_tokenizer.lua|Lua|246|15|34
./src/_00/output/Lua/facebookresearch~fairseq-lua/generate.lua|facebookresearch|fairseq-lua|generate.lua|Lua|207|24|22
./src/_00/output/Lua/facebookresearch~fairseq-lua/generate-lines.lua|facebookresearch|fairseq-lua|generate-lines.lua|Lua|197|22|18
./src/_00/output/Lua/facebookresearch~fairseq-lua/fairseq/text/lm_corpus.lua|facebookresearch|fairseq-lua|lm_corpus.lua|Lua|184|18|14
./src/_00/output/Lua/facebookresearch~fairseq-lua/README.md|facebookresearch|fairseq-lua|README.md|Markdown|158|0|29
./src/_00/output/Lua/facebookresearch~fairseq-lua/fairseq/models/ensemble_model.lua|facebookresearch|fairseq-lua|ensemble_model.lua|Lua|149|19|23
./src/_00/output/Lua/facebookresearch~fairseq-lua/fairseq/modules/CudnnRnnTable.lua|facebookresearch|fairseq-lua|CudnnRnnTable.lua|Lua|140|20|22
./src/_00/output/Lua/facebookresearch~fairseq-lua/fairseq/models/selection_blstm_model.lua|facebookresearch|fairseq-lua|selection_blstm_model.lua|Lua|127|19|17
./src/_00/output/Lua/facebookresearch~fairseq-lua/fairseq/models/blstm_model.lua|facebookresearch|fairseq-lua|blstm_model.lua|Lua|124|30|17
./src/_00/output/Lua/facebookresearch~fairseq-lua/fairseq/models/conv_model.lua|facebookresearch|fairseq-lua|conv_model.lua|Lua|114|26|17
./src/_00/output/Lua/facebookresearch~fairseq-lua/preprocess.lua|facebookresearch|fairseq-lua|preprocess.lua|Lua|111|43|12
./src/_00/output/Lua/facebookresearch~fairseq-lua/fairseq/text/Dictionary.lua|facebookresearch|fairseq-lua|Dictionary.lua|Lua|103|21|18
./src/_00/output/Lua/facebookresearch~fairseq-lua/fairseq/torchnet/ShardedDatasetIterator.lua|facebookresearch|fairseq-lua|ShardedDatasetIterator.lua|Lua|103|12|14
./src/_00/output/Lua/facebookresearch~fairseq-lua/fairseq/clib/bleu.cpp|facebookresearch|fairseq-lua|bleu.cpp|C++|100|10|22
./src/_00/output/Lua/facebookresearch~fairseq-lua/fairseq/text/bleu.lua|facebookresearch|fairseq-lua|bleu.lua|Lua|91|12|15
./src/_00/output/Lua/facebookresearch~fairseq-lua/scripts/make_fconv_vocsel.lua|facebookresearch|fairseq-lua|make_fconv_vocsel.lua|Lua|91|32|23
./src/_00/output/Lua/facebookresearch~fairseq-lua/fairseq/torchnet/MaxBatchDataset.lua|facebookresearch|fairseq-lua|MaxBatchDataset.lua|Lua|88|12|10
./src/_00/output/Lua/facebookresearch~fairseq-lua/fairseq/modules/CLSTM.lua|facebookresearch|fairseq-lua|CLSTM.lua|Lua|87|12|14
./src/_00/output/Lua/facebookresearch~fairseq-lua/test/test_zipalong.lua|facebookresearch|fairseq-lua|test_zipalong.lua|Lua|84|15|12
./src/_00/output/Lua/facebookresearch~fairseq-lua/scripts/unkreplace.lua|facebookresearch|fairseq-lua|unkreplace.lua|Lua|81|14|10
./src/_00/output/Lua/facebookresearch~fairseq-lua/fairseq/clib/bleu.lua|facebookresearch|fairseq-lua|bleu.lua|Lua|77|14|15
./src/_00/output/Lua/facebookresearch~fairseq-lua/data/prepare-iwslt14.sh|facebookresearch|fairseq-lua|prepare-iwslt14.sh|Bourne Shell|76|8|15
./src/_00/output/Lua/facebookresearch~fairseq-lua/fairseq/torchnet/SingleParallelIterator.lua|facebookresearch|fairseq-lua|SingleParallelIterator.lua|Lua|73|14|6
./src/_00/output/Lua/facebookresearch~fairseq-lua/fairseq/utils.lua|facebookresearch|fairseq-lua|utils.lua|Lua|70|12|9
./src/_00/output/Lua/facebookresearch~fairseq-lua/fairseq/clib/topk.cpp|facebookresearch|fairseq-lua|topk.cpp|C++|67|12|13
./src/_00/output/Lua/facebookresearch~fairseq-lua/test/test_dictionary.lua|facebookresearch|fairseq-lua|test_dictionary.lua|Lua|66|13|8
./src/_00/output/Lua/facebookresearch~fairseq-lua/fairseq/clib/init.lua|facebookresearch|fairseq-lua|init.lua|Lua|65|8|9
./src/_00/output/Lua/facebookresearch~fairseq-lua/fairseq/modules/LinearizedConvolution.lua|facebookresearch|fairseq-lua|LinearizedConvolution.lua|Lua|59|16|13
./src/_00/output/Lua/facebookresearch~fairseq-lua/scripts/build_sym_alignment.py|facebookresearch|fairseq-lua|build_sym_alignment.py|Python|58|30|22
./src/_00/output/Lua/facebookresearch~fairseq-lua/fairseq/modules/ZipAlong.lua|facebookresearch|fairseq-lua|ZipAlong.lua|Lua|57|15|9
./src/_00/output/Lua/facebookresearch~fairseq-lua/scripts/makealigndict.lua|facebookresearch|fairseq-lua|makealigndict.lua|Lua|57|16|9
./src/_00/output/Lua/facebookresearch~fairseq-lua/fairseq/modules/TrainTestLayer.lua|facebookresearch|fairseq-lua|TrainTestLayer.lua|Lua|51|13|11
./src/_00/output/Lua/facebookresearch~fairseq-lua/fairseq/clib/logsoftmax.cpp|facebookresearch|fairseq-lua|logsoftmax.cpp|C++|46|9|8
./src/_00/output/Lua/facebookresearch~fairseq-lua/fairseq/text/pretty.lua|facebookresearch|fairseq-lua|pretty.lua|Lua|37|11|6
./src/_00/output/Lua/facebookresearch~fairseq-lua/score.lua|facebookresearch|fairseq-lua|score.lua|Lua|37|13|10
./src/_00/output/Lua/facebookresearch~fairseq-lua/test/test_logsoftmax.lua|facebookresearch|fairseq-lua|test_logsoftmax.lua|Lua|37|20|11
./src/_00/output/Lua/facebookresearch~fairseq-lua/test/test_topk.lua|facebookresearch|fairseq-lua|test_topk.lua|Lua|34|22|11
./src/_00/output/Lua/facebookresearch~fairseq-lua/CONTRIBUTING.md|facebookresearch|fairseq-lua|CONTRIBUTING.md|Markdown|27|0|7
./src/_00/output/Lua/facebookresearch~fairseq-lua/help.lua|facebookresearch|fairseq-lua|help.lua|Lua|26|13|5
./src/_00/output/Lua/facebookresearch~fairseq-lua/fairseq/modules/BeamableMM.lua|facebookresearch|fairseq-lua|BeamableMM.lua|Lua|25|20|7
./src/_00/output/Lua/facebookresearch~fairseq-lua/fairseq/modules/SeqMultiply.lua|facebookresearch|fairseq-lua|SeqMultiply.lua|Lua|23|13|4
./src/_00/output/Lua/facebookresearch~fairseq-lua/test/test.lua|facebookresearch|fairseq-lua|test.lua|Lua|23|7|4
./src/_00/output/Lua/facebookresearch~fairseq-lua/fairseq/modules/GradMultiply.lua|facebookresearch|fairseq-lua|GradMultiply.lua|Lua|21|12|6
./src/_00/output/Lua/facebookresearch~fairseq-lua/CMakeLists.txt|facebookresearch|fairseq-lua|CMakeLists.txt|CMake|20|9|6
./src/_00/output/Lua/facebookresearch~fairseq-lua/fairseq/optim/nag.lua|facebookresearch|fairseq-lua|nag.lua|Lua|20|32|11
./src/_00/output/Lua/facebookresearch~fairseq-lua/scripts/makedict.lua|facebookresearch|fairseq-lua|makedict.lua|Lua|20|12|5
./src/_00/output/Lua/facebookresearch~fairseq-lua/test/test_appendbias.lua|facebookresearch|fairseq-lua|test_appendbias.lua|Lua|20|12|5
./src/_00/output/Lua/facebookresearch~fairseq-lua/optimize-fconv.lua|facebookresearch|fairseq-lua|optimize-fconv.lua|Lua|18|14|6
./src/_00/output/Lua/facebookresearch~fairseq-lua/fairseq/modules/AppendBias.lua|facebookresearch|fairseq-lua|AppendBias.lua|Lua|17|24|3
./src/_00/output/Lua/facebookresearch~fairseq-lua/fairseq/modules/CAddTableMulConstant.lua|facebookresearch|fairseq-lua|CAddTableMulConstant.lua|Lua|17|12|4
./src/_00/output/Lua/facebookresearch~fairseq-lua/tofloat.lua|facebookresearch|fairseq-lua|tofloat.lua|Lua|14|12|4
./src/_00/output/Lua/facebookresearch~fairseq-lua/scripts/binarize.lua|facebookresearch|fairseq-lua|binarize.lua|Lua|12|11|3
./src/_00/output/Lua/facebookresearch~fairseq-lua/fairseq/modules/init.lua|facebookresearch|fairseq-lua|init.lua|Lua|10|12|1
./src/_00/output/Lua/facebookresearch~fairseq-lua/run.lua|facebookresearch|fairseq-lua|run.lua|Lua|8|11|1
./src/_00/output/Lua/facebookresearch~fairseq-lua/fairseq/models/init.lua|facebookresearch|fairseq-lua|init.lua|Lua|7|12|1
./src/_00/output/Lua/facebookresearch~fairseq-lua/fairseq/torchnet/init.lua|facebookresearch|fairseq-lua|init.lua|Lua|5|12|1
./src/_00/output/Lua/facebookresearch~fairseq-lua/CODE_OF_CONDUCT.md|facebookresearch|fairseq-lua|CODE_OF_CONDUCT.md|Markdown|4|0|1
./src/_00/output/Lua/facebookresearch~fairseq-lua/fairseq/init.lua|facebookresearch|fairseq-lua|init.lua|Lua|4|12|1
./src/_00/output/Lua/facebookresearch~fairseq-lua/fairseq/text/init.lua|facebookresearch|fairseq-lua|init.lua|Lua|1|12|1
