path|owner|project|file|language|code|comment|blank
./src/_00/output/Lua/jcjohnson~fast-neural-style/train.lua|jcjohnson|fast-neural-style|train.lua|Lua|243|31|54
./src/_00/output/Lua/jcjohnson~fast-neural-style/doc/flags.md|jcjohnson|fast-neural-style|flags.md|Markdown|188|0|27
./src/_00/output/Lua/jcjohnson~fast-neural-style/README.md|jcjohnson|fast-neural-style|README.md|Markdown|181|0|60
./src/_00/output/Lua/jcjohnson~fast-neural-style/slow_neural_style.lua|jcjohnson|fast-neural-style|slow_neural_style.lua|Lua|126|17|29
./src/_00/output/Lua/jcjohnson~fast-neural-style/fast_neural_style/models.lua|jcjohnson|fast-neural-style|models.lua|Lua|124|7|15
./src/_00/output/Lua/jcjohnson~fast-neural-style/fast_neural_style/utils.lua|jcjohnson|fast-neural-style|utils.lua|Lua|108|11|22
./src/_00/output/Lua/jcjohnson~fast-neural-style/fast_neural_style/PerceptualCriterion.lua|jcjohnson|fast-neural-style|PerceptualCriterion.lua|Lua|99|33|30
./src/_00/output/Lua/jcjohnson~fast-neural-style/fast_neural_style.lua|jcjohnson|fast-neural-style|fast_neural_style.lua|Lua|96|8|20
./src/_00/output/Lua/jcjohnson~fast-neural-style/fast_neural_style/layer_utils.lua|jcjohnson|fast-neural-style|layer_utils.lua|Lua|90|46|20
./src/_00/output/Lua/jcjohnson~fast-neural-style/test/layer_utils_test.lua|jcjohnson|fast-neural-style|layer_utils_test.lua|Lua|84|46|19
./src/_00/output/Lua/jcjohnson~fast-neural-style/webcam_demo.lua|jcjohnson|fast-neural-style|webcam_demo.lua|Lua|84|9|22
./src/_00/output/Lua/jcjohnson~fast-neural-style/fast_neural_style/DataLoader.lua|jcjohnson|fast-neural-style|DataLoader.lua|Lua|80|5|26
./src/_00/output/Lua/jcjohnson~fast-neural-style/scripts/make_style_dataset.py|jcjohnson|fast-neural-style|make_style_dataset.py|Python|75|16|19
./src/_00/output/Lua/jcjohnson~fast-neural-style/doc/training.md|jcjohnson|fast-neural-style|training.md|Markdown|68|0|20
./src/_00/output/Lua/jcjohnson~fast-neural-style/fast_neural_style/StyleLoss.lua|jcjohnson|fast-neural-style|StyleLoss.lua|Lua|62|1|12
./src/_00/output/Lua/jcjohnson~fast-neural-style/fast_neural_style/GramMatrix.lua|jcjohnson|fast-neural-style|GramMatrix.lua|Lua|58|9|12
./src/_00/output/Lua/jcjohnson~fast-neural-style/fast_neural_style/InstanceNormalization.lua|jcjohnson|fast-neural-style|InstanceNormalization.lua|Lua|48|9|24
./src/_00/output/Lua/jcjohnson~fast-neural-style/scripts/convert_network.lua|jcjohnson|fast-neural-style|convert_network.lua|Lua|48|5|8
./src/_00/output/Lua/jcjohnson~fast-neural-style/fast_neural_style/ContentLoss.lua|jcjohnson|fast-neural-style|ContentLoss.lua|Lua|43|12|12
./src/_00/output/Lua/jcjohnson~fast-neural-style/fast_neural_style/preprocess.lua|jcjohnson|fast-neural-style|preprocess.lua|Lua|36|17|21
./src/_00/output/Lua/jcjohnson~fast-neural-style/test/test_nets.lua|jcjohnson|fast-neural-style|test_nets.lua|Lua|29|0|5
./src/_00/output/Lua/jcjohnson~fast-neural-style/fast_neural_style/TotalVariation.lua|jcjohnson|fast-neural-style|TotalVariation.lua|Lua|28|1|7
./src/_00/output/Lua/jcjohnson~fast-neural-style/fast_neural_style/ShaveImage.lua|jcjohnson|fast-neural-style|ShaveImage.lua|Lua|21|0|6
./src/_00/output/Lua/jcjohnson~fast-neural-style/fast_neural_style/DeepDreamLoss.lua|jcjohnson|fast-neural-style|DeepDreamLoss.lua|Lua|20|0|8
./src/_00/output/Lua/jcjohnson~fast-neural-style/scripts/show_opts.lua|jcjohnson|fast-neural-style|show_opts.lua|Lua|18|1|7
./src/_00/output/Lua/jcjohnson~fast-neural-style/models/download_style_transfer_models.sh|jcjohnson|fast-neural-style|download_style_transfer_models.sh|Bourne Shell|16|0|3
./src/_00/output/Lua/jcjohnson~fast-neural-style/print_options.lua|jcjohnson|fast-neural-style|print_options.lua|Lua|16|3|8
./src/_00/output/Lua/jcjohnson~fast-neural-style/scripts/show_opts.py|jcjohnson|fast-neural-style|show_opts.py|Python|11|3|7
./src/_00/output/Lua/jcjohnson~fast-neural-style/models/download_vgg16.sh|jcjohnson|fast-neural-style|download_vgg16.sh|Bourne Shell|3|0|0
