path|owner|project|file|language|code|comment|blank
./src/_00/output/Lua/karpathy~char-rnn/train.lua|karpathy|char-rnn|train.lua|Lua|280|60|35
./src/_00/output/Lua/karpathy~char-rnn/util/CharSplitLMMinibatchLoader.lua|karpathy|char-rnn|CharSplitLMMinibatchLoader.lua|Lua|132|25|23
./src/_00/output/Lua/karpathy~char-rnn/util/model_utils.lua|karpathy|char-rnn|model_utils.lua|Lua|123|12|27
./src/_00/output/Lua/karpathy~char-rnn/sample.lua|karpathy|char-rnn|sample.lua|Lua|117|23|21
./src/_00/output/Lua/karpathy~char-rnn/Readme.md|karpathy|char-rnn|Readme.md|Markdown|86|0|55
./src/_00/output/Lua/karpathy~char-rnn/convert_gpu_cpu_checkpoint.lua|karpathy|char-rnn|convert_gpu_cpu_checkpoint.lua|Lua|52|11|11
./src/_00/output/Lua/karpathy~char-rnn/model/LSTM.lua|karpathy|char-rnn|LSTM.lua|Lua|47|9|9
./src/_00/output/Lua/karpathy~char-rnn/model/GRU.lua|karpathy|char-rnn|GRU.lua|Lua|44|11|8
./src/_00/output/Lua/karpathy~char-rnn/inspect_checkpoint.lua|karpathy|char-rnn|inspect_checkpoint.lua|Lua|32|2|9
./src/_00/output/Lua/karpathy~char-rnn/model/RNN.lua|karpathy|char-rnn|RNN.lua|Lua|32|3|9
./src/_00/output/Lua/karpathy~char-rnn/util/OneHot.lua|karpathy|char-rnn|OneHot.lua|Lua|14|3|3
./src/_00/output/Lua/karpathy~char-rnn/util/misc.lua|karpathy|char-rnn|misc.lua|Lua|8|3|2
