path|owner|project|file|language|code|comment|blank
./src/_00/output/Lua/PathOfBuildingCommunity~PathOfBuilding/src/Data/StatDescriptions/stat_descriptions.lua|PathOfBuildingCommunity|PathOfBuilding|stat_descriptions.lua|Lua|253280|2|1
./src/_00/output/Lua/PathOfBuildingCommunity~PathOfBuilding/src/TreeData/3_24/tree.lua|PathOfBuildingCommunity|PathOfBuilding|tree.lua|Lua|139228|0|0
./src/_00/output/Lua/PathOfBuildingCommunity~PathOfBuilding/src/TreeData/3_23/tree.lua|PathOfBuildingCommunity|PathOfBuilding|tree.lua|Lua|139216|0|0
./src/_00/output/Lua/PathOfBuildingCommunity~PathOfBuilding/src/TreeData/3_24_ruthless/tree.lua|PathOfBuildingCommunity|PathOfBuilding|tree.lua|Lua|139037|0|0
./src/_00/output/Lua/PathOfBuildingCommunity~PathOfBuilding/src/TreeData/3_23_ruthless/tree.lua|PathOfBuildingCommunity|PathOfBuilding|tree.lua|Lua|139019|0|0
./src/_00/output/Lua/PathOfBuildingCommunity~PathOfBuilding/src/TreeData/3_22/tree.lua|PathOfBuildingCommunity|PathOfBuilding|tree.lua|Lua|136609|0|0
./src/_00/output/Lua/PathOfBuildingCommunity~PathOfBuilding/src/TreeData/3_22_ruthless/tree.lua|PathOfBuildingCommunity|PathOfBuilding|tree.lua|Lua|136411|0|0
./src/_00/output/Lua/PathOfBuildingCommunity~PathOfBuilding/src/TreeData/3_21/tree.lua|PathOfBuildingCommunity|PathOfBuilding|tree.lua|Lua|134800|0|0
./src/_00/output/Lua/PathOfBuildingCommunity~PathOfBuilding/src/TreeData/3_20/tree.lua|PathOfBuildingCommunity|PathOfBuilding|tree.lua|Lua|130928|0|0
./src/_00/output/Lua/PathOfBuildingCommunity~PathOfBuilding/src/TreeData/3_19/tree.lua|PathOfBuildingCommunity|PathOfBuilding|tree.lua|Lua|129140|0|0
./src/_00/output/Lua/PathOfBuildingCommunity~PathOfBuilding/src/TreeData/3_18/tree.lua|PathOfBuildingCommunity|PathOfBuilding|tree.lua|Lua|126704|0|0
./src/_00/output/Lua/PathOfBuildingCommunity~PathOfBuilding/src/TreeData/3_17/tree.lua|PathOfBuildingCommunity|PathOfBuilding|tree.lua|Lua|124516|0|0
./src/_00/output/Lua/PathOfBuildingCommunity~PathOfBuilding/src/TreeData/3_16/tree.lua|PathOfBuildingCommunity|PathOfBuilding|tree.lua|Lua|124481|0|0
./src/_00/output/Lua/PathOfBuildingCommunity~PathOfBuilding/src/TreeData/3_15/tree.lua|PathOfBuildingCommunity|PathOfBuilding|tree.lua|Lua|108281|0|0
./src/_00/output/Lua/PathOfBuildingCommunity~PathOfBuilding/src/TreeData/3_14/tree.lua|PathOfBuildingCommunity|PathOfBuilding|tree.lua|Lua|107752|0|0
./src/_00/output/Lua/PathOfBuildingCommunity~PathOfBuilding/src/TreeData/3_13/tree.lua|PathOfBuildingCommunity|PathOfBuilding|tree.lua|Lua|107018|0|0
./src/_00/output/Lua/PathOfBuildingCommunity~PathOfBuilding/src/TreeData/3_12/tree.lua|PathOfBuildingCommunity|PathOfBuilding|tree.lua|Lua|106647|0|0
./src/_00/output/Lua/PathOfBuildingCommunity~PathOfBuilding/src/TreeData/3_11/tree.lua|PathOfBuildingCommunity|PathOfBuilding|tree.lua|Lua|105878|0|0
./src/_00/output/Lua/PathOfBuildingCommunity~PathOfBuilding/src/TreeData/3_10/tree.lua|PathOfBuildingCommunity|PathOfBuilding|tree.lua|Lua|100921|0|0
./src/_00/output/Lua/PathOfBuildingCommunity~PathOfBuilding/src/Data/QueryMods.lua|PathOfBuildingCommunity|PathOfBuilding|QueryMods.lua|Lua|76412|2|1
./src/_00/output/Lua/PathOfBuildingCommunity~PathOfBuilding/src/Data/StatDescriptions/skill_stat_descriptions.lua|PathOfBuildingCommunity|PathOfBuilding|skill_stat_descriptions.lua|Lua|49363|2|1
./src/_00/output/Lua/PathOfBuildingCommunity~PathOfBuilding/src/Data/StatDescriptions/gem_stat_descriptions.lua|PathOfBuildingCommunity|PathOfBuilding|gem_stat_descriptions.lua|Lua|21179|2|1
./src/_00/output/Lua/PathOfBuildingCommunity~PathOfBuilding/src/Data/Skills/act_int.lua|PathOfBuildingCommunity|PathOfBuilding|act_int.lua|Lua|19156|106|19
./src/_00/output/Lua/PathOfBuildingCommunity~PathOfBuilding/src/Data/Skills/act_dex.lua|PathOfBuildingCommunity|PathOfBuilding|act_dex.lua|Lua|17314|56|17
./src/_00/output/Lua/PathOfBuildingCommunity~PathOfBuilding/src/Data/Gems.lua|PathOfBuildingCommunity|PathOfBuilding|Gems.lua|Lua|14210|2|1
./src/_00/output/Lua/PathOfBuildingCommunity~PathOfBuilding/src/Export/spec.lua|PathOfBuildingCommunity|PathOfBuilding|spec.lua|Lua|11770|0|0
./src/_00/output/Lua/PathOfBuildingCommunity~PathOfBuilding/src/Data/ModCache.lua|PathOfBuildingCommunity|PathOfBuilding|ModCache.lua|Lua|11727|0|0
./src/_00/output/Lua/PathOfBuildingCommunity~PathOfBuilding/src/Data/Skills/act_str.lua|PathOfBuildingCommunity|PathOfBuilding|act_str.lua|Lua|11687|44|11
./src/_00/output/Lua/PathOfBuildingCommunity~PathOfBuilding/src/Data/ModItem.lua|PathOfBuildingCommunity|PathOfBuilding|ModItem.lua|Lua|11237|2|1
./src/_00/output/Lua/PathOfBuildingCommunity~PathOfBuilding/src/Data/Skills/spectre.lua|PathOfBuildingCommunity|PathOfBuilding|spectre.lua|Lua|10532|9|8
./src/_00/output/Lua/PathOfBuildingCommunity~PathOfBuilding/src/Data/StatDescriptions/minion_skill_stat_descriptions.lua|PathOfBuildingCommunity|PathOfBuilding|minion_skill_stat_descriptions.lua|Lua|9981|2|1
./src/_00/output/Lua/PathOfBuildingCommunity~PathOfBuilding/src/Data/StatDescriptions/active_skill_gem_stat_descriptions.lua|PathOfBuildingCommunity|PathOfBuilding|active_skill_gem_stat_descriptions.lua|Lua|9304|2|1
./src/_00/output/Lua/PathOfBuildingCommunity~PathOfBuilding/src/Data/TimelessJewelData/LegionPassives.lua|PathOfBuildingCommunity|PathOfBuilding|LegionPassives.lua|Lua|8321|2|1
./src/_00/output/Lua/PathOfBuildingCommunity~PathOfBuilding/src/Data/Spectres.lua|PathOfBuildingCommunity|PathOfBuilding|Spectres.lua|Lua|6546|230|2
./src/_00/output/Lua/PathOfBuildingCommunity~PathOfBuilding/src/Data/Skills/sup_int.lua|PathOfBuildingCommunity|PathOfBuilding|sup_int.lua|Lua|5717|10|1
./src/_00/output/Lua/PathOfBuildingCommunity~PathOfBuilding/src/Modules/ModParser.lua|PathOfBuildingCommunity|PathOfBuilding|ModParser.lua|Lua|5553|167|37
./src/_00/output/Lua/PathOfBuildingCommunity~PathOfBuilding/CHANGELOG.md|PathOfBuildingCommunity|PathOfBuilding|CHANGELOG.md|Markdown|5155|0|884
./src/_00/output/Lua/PathOfBuildingCommunity~PathOfBuilding/src/Modules/CalcOffence.lua|PathOfBuildingCommunity|PathOfBuilding|CalcOffence.lua|Lua|5034|214|172
./src/_00/output/Lua/PathOfBuildingCommunity~PathOfBuilding/src/Data/Skills/sup_str.lua|PathOfBuildingCommunity|PathOfBuilding|sup_str.lua|Lua|4702|8|2
./src/_00/output/Lua/PathOfBuildingCommunity~PathOfBuilding/src/Data/StatDescriptions/minion_attack_skill_stat_descriptions.lua|PathOfBuildingCommunity|PathOfBuilding|minion_attack_skill_stat_descriptions.lua|Lua|4632|2|1
./src/_00/output/Lua/PathOfBuildingCommunity~PathOfBuilding/src/Data/Skills/sup_dex.lua|PathOfBuildingCommunity|PathOfBuilding|sup_dex.lua|Lua|4409|6|1
./src/_00/output/Lua/PathOfBuildingCommunity~PathOfBuilding/src/Data/Skills/other.lua|PathOfBuildingCommunity|PathOfBuilding|other.lua|Lua|3734|7|1
./src/_00/output/Lua/PathOfBuildingCommunity~PathOfBuilding/src/Data/TattooPassives.lua|PathOfBuildingCommunity|PathOfBuilding|TattooPassives.lua|Lua|3688|2|1
./src/_00/output/Lua/PathOfBuildingCommunity~PathOfBuilding/src/Classes/ItemsTab.lua|PathOfBuildingCommunity|PathOfBuilding|ItemsTab.lua|Lua|3374|159|151
./src/_00/output/Lua/PathOfBuildingCommunity~PathOfBuilding/src/Data/EnchantmentHelmet.lua|PathOfBuildingCommunity|PathOfBuilding|EnchantmentHelmet.lua|Lua|2976|2|1
./src/_00/output/Lua/PathOfBuildingCommunity~PathOfBuilding/src/Modules/CalcDefence.lua|PathOfBuildingCommunity|PathOfBuilding|CalcDefence.lua|Lua|2912|152|153
./src/_00/output/Lua/PathOfBuildingCommunity~PathOfBuilding/src/Modules/CalcPerform.lua|PathOfBuildingCommunity|PathOfBuilding|CalcPerform.lua|Lua|2878|141|123
./src/_00/output/Lua/PathOfBuildingCommunity~PathOfBuilding/src/Data/StatDescriptions/minion_spell_damage_skill_stat_descriptions.lua|PathOfBuildingCommunity|PathOfBuilding|minion_spell_damage_skill_stat_descriptions.lua|Lua|2596|2|1
./src/_00/output/Lua/PathOfBuildingCommunity~PathOfBuilding/src/Data/Crucible.lua|PathOfBuildingCommunity|PathOfBuilding|Crucible.lua|Lua|2493|2|1
./src/_00/output/Lua/PathOfBuildingCommunity~PathOfBuilding/src/Modules/CalcSections.lua|PathOfBuildingCommunity|PathOfBuilding|CalcSections.lua|Lua|2352|19|2
./src/_00/output/Lua/PathOfBuildingCommunity~PathOfBuilding/src/Data/StatDescriptions/aura_skill_stat_descriptions.lua|PathOfBuildingCommunity|PathOfBuilding|aura_skill_stat_descriptions.lua|Lua|2327|2|1
./src/_00/output/Lua/PathOfBuildingCommunity~PathOfBuilding/src/Data/Skills/glove.lua|PathOfBuildingCommunity|PathOfBuilding|glove.lua|Lua|2129|6|1
./src/_00/output/Lua/PathOfBuildingCommunity~PathOfBuilding/src/Data/StatDescriptions/curse_skill_stat_descriptions.lua|PathOfBuildingCommunity|PathOfBuilding|curse_skill_stat_descriptions.lua|Lua|2032|2|1
./src/_00/output/Lua/PathOfBuildingCommunity~PathOfBuilding/src/Data/SkillStatMap.lua|PathOfBuildingCommunity|PathOfBuilding|SkillStatMap.lua|Lua|2020|80|5
./src/_00/output/Lua/PathOfBuildingCommunity~PathOfBuilding/src/Classes/TreeTab.lua|PathOfBuildingCommunity|PathOfBuilding|TreeTab.lua|Lua|2012|83|109
./src/_00/output/Lua/PathOfBuildingCommunity~PathOfBuilding/src/Modules/ConfigOptions.lua|PathOfBuildingCommunity|PathOfBuilding|ConfigOptions.lua|Lua|1994|17|43
./src/_00/output/Lua/PathOfBuildingCommunity~PathOfBuilding/src/Data/Skills/minion.lua|PathOfBuildingCommunity|PathOfBuilding|minion.lua|Lua|1956|6|3
./src/_00/output/Lua/PathOfBuildingCommunity~PathOfBuilding/src/Data/Uniques/jewel.lua|PathOfBuildingCommunity|PathOfBuilding|jewel.lua|Lua|1851|8|1
./src/_00/output/Lua/PathOfBuildingCommunity~PathOfBuilding/src/Data/TimelessJewelData/NodeIndexMapping.lua|PathOfBuildingCommunity|PathOfBuilding|NodeIndexMapping.lua|Lua|1772|0|0
./src/_00/output/Lua/PathOfBuildingCommunity~PathOfBuilding/spec/TestBuilds/3.13/Mirage Archer Toxic Rain.lua|PathOfBuildingCommunity|PathOfBuilding|Mirage Archer Toxic Rain.lua|Lua|1715|0|2
./src/_00/output/Lua/PathOfBuildingCommunity~PathOfBuilding/spec/TestBuilds/3.13/Dual Wield Cospris CoC.lua|PathOfBuildingCommunity|PathOfBuilding|Dual Wield Cospris CoC.lua|Lua|1643|0|2
./src/_00/output/Lua/PathOfBuildingCommunity~PathOfBuilding/spec/TestBuilds/3.13/Generals Perforate Zerker.lua|PathOfBuildingCommunity|PathOfBuilding|Generals Perforate Zerker.lua|Lua|1609|0|2
./src/_00/output/Lua/PathOfBuildingCommunity~PathOfBuilding/src/Classes/Item.lua|PathOfBuildingCommunity|PathOfBuilding|Item.lua|Lua|1556|83|50
./src/_00/output/Lua/PathOfBuildingCommunity~PathOfBuilding/src/Modules/Build.lua|PathOfBuildingCommunity|PathOfBuilding|Build.lua|Lua|1547|79|82
./src/_00/output/Lua/PathOfBuildingCommunity~PathOfBuilding/src/Data/Uniques/helmet.lua|PathOfBuildingCommunity|PathOfBuilding|helmet.lua|Lua|1535|8|1
./src/_00/output/Lua/PathOfBuildingCommunity~PathOfBuilding/src/Classes/PassiveSpec.lua|PathOfBuildingCommunity|PathOfBuilding|PassiveSpec.lua|Lua|1515|237|149
./src/_00/output/Lua/PathOfBuildingCommunity~PathOfBuilding/src/Data/StatDescriptions/buff_skill_stat_descriptions.lua|PathOfBuildingCommunity|PathOfBuilding|buff_skill_stat_descriptions.lua|Lua|1513|2|1
./src/_00/output/Lua/PathOfBuildingCommunity~PathOfBuilding/src/Data/Uniques/ring.lua|PathOfBuildingCommunity|PathOfBuilding|ring.lua|Lua|1468|2|1
./src/_00/output/Lua/PathOfBuildingCommunity~PathOfBuilding/src/Data/Uniques/body.lua|PathOfBuildingCommunity|PathOfBuilding|body.lua|Lua|1408|8|1
./src/_00/output/Lua/PathOfBuildingCommunity~PathOfBuilding/src/Modules/CalcSetup.lua|PathOfBuildingCommunity|PathOfBuilding|CalcSetup.lua|Lua|1385|137|90
./src/_00/output/Lua/PathOfBuildingCommunity~PathOfBuilding/src/Data/StatDescriptions/tincture_stat_descriptions.lua|PathOfBuildingCommunity|PathOfBuilding|tincture_stat_descriptions.lua|Lua|1377|2|1
./src/_00/output/Lua/PathOfBuildingCommunity~PathOfBuilding/src/Data/Uniques/amulet.lua|PathOfBuildingCommunity|PathOfBuilding|amulet.lua|Lua|1324|2|1
./src/_00/output/Lua/PathOfBuildingCommunity~PathOfBuilding/spec/TestBuilds/3.13/Mirage Archer Toxic Rain.xml|PathOfBuildingCommunity|PathOfBuilding|Mirage Archer Toxic Rain.xml|XML|1312|0|1
./src/_00/output/Lua/PathOfBuildingCommunity~PathOfBuilding/src/Data/Rares.lua|PathOfBuildingCommunity|PathOfBuilding|Rares.lua|Lua|1311|12|1
./src/_00/output/Lua/PathOfBuildingCommunity~PathOfBuilding/src/Modules/Main.lua|PathOfBuildingCommunity|PathOfBuilding|Main.lua|Lua|1301|60|113
./src/_00/output/Lua/PathOfBuildingCommunity~PathOfBuilding/spec/System/TestTriggers_spec.lua|PathOfBuildingCommunity|PathOfBuilding|TestTriggers_spec.lua|Lua|1227|1|170
./src/_00/output/Lua/PathOfBuildingCommunity~PathOfBuilding/src/Classes/SkillsTab.lua|PathOfBuildingCommunity|PathOfBuilding|SkillsTab.lua|Lua|1217|66|63
./src/_00/output/Lua/PathOfBuildingCommunity~PathOfBuilding/spec/TestBuilds/3.13/Generals Perforate Zerker.xml|PathOfBuildingCommunity|PathOfBuilding|Generals Perforate Zerker.xml|XML|1195|0|1
./src/_00/output/Lua/PathOfBuildingCommunity~PathOfBuilding/src/Modules/CalcTriggers.lua|PathOfBuildingCommunity|PathOfBuilding|CalcTriggers.lua|Lua|1194|47|88
./src/_00/output/Lua/PathOfBuildingCommunity~PathOfBuilding/src/Data/Uniques/shield.lua|PathOfBuildingCommunity|PathOfBuilding|shield.lua|Lua|1180|7|1
./src/_00/output/Lua/PathOfBuildingCommunity~PathOfBuilding/spec/TestBuilds/3.13/Dual Wield Cospris CoC.xml|PathOfBuildingCommunity|PathOfBuilding|Dual Wield Cospris CoC.xml|XML|1164|0|1
./src/_00/output/Lua/PathOfBuildingCommunity~PathOfBuilding/spec/TestBuilds/3.13/Dual Savior.lua|PathOfBuildingCommunity|PathOfBuilding|Dual Savior.lua|Lua|1117|0|2
./src/_00/output/Lua/PathOfBuildingCommunity~PathOfBuilding/src/Data/Uniques/boots.lua|PathOfBuildingCommunity|PathOfBuilding|boots.lua|Lua|1091|8|1
./src/_00/output/Lua/PathOfBuildingCommunity~PathOfBuilding/src/Data/Bases/shield.lua|PathOfBuildingCommunity|PathOfBuilding|shield.lua|Lua|1068|2|8
./src/_00/output/Lua/PathOfBuildingCommunity~PathOfBuilding/spec/TestBuilds/3.13/OccVortex.lua|PathOfBuildingCommunity|PathOfBuilding|OccVortex.lua|Lua|1062|0|2
./src/_00/output/Lua/PathOfBuildingCommunity~PathOfBuilding/src/Data/Bases/body.lua|PathOfBuildingCommunity|PathOfBuilding|body.lua|Lua|1058|2|8
./src/_00/output/Lua/PathOfBuildingCommunity~PathOfBuilding/src/Data/Uniques/gloves.lua|PathOfBuildingCommunity|PathOfBuilding|gloves.lua|Lua|1057|8|1
./src/_00/output/Lua/PathOfBuildingCommunity~PathOfBuilding/src/Data/ClusterJewels.lua|PathOfBuildingCommunity|PathOfBuilding|ClusterJewels.lua|Lua|1048|2|1
./src/_00/output/Lua/PathOfBuildingCommunity~PathOfBuilding/src/Data/Minions.lua|PathOfBuildingCommunity|PathOfBuilding|Minions.lua|Lua|1032|34|44
./src/_00/output/Lua/PathOfBuildingCommunity~PathOfBuilding/src/Classes/TradeQueryGenerator.lua|PathOfBuildingCommunity|PathOfBuilding|TradeQueryGenerator.lua|Lua|1014|56|116
./src/_00/output/Lua/PathOfBuildingCommunity~PathOfBuilding/LICENSE.md|PathOfBuildingCommunity|PathOfBuilding|LICENSE.md|Markdown|1003|0|278
./src/_00/output/Lua/PathOfBuildingCommunity~PathOfBuilding/src/Classes/ImportTab.lua|PathOfBuildingCommunity|PathOfBuilding|ImportTab.lua|Lua|995|54|58
./src/_00/output/Lua/PathOfBuildingCommunity~PathOfBuilding/src/Classes/TradeQuery.lua|PathOfBuildingCommunity|PathOfBuilding|TradeQuery.lua|Lua|995|71|58
./src/_00/output/Lua/PathOfBuildingCommunity~PathOfBuilding/src/Data/Uniques/sword.lua|PathOfBuildingCommunity|PathOfBuilding|sword.lua|Lua|987|4|1
./src/_00/output/Lua/PathOfBuildingCommunity~PathOfBuilding/src/Modules/Data.lua|PathOfBuildingCommunity|PathOfBuilding|Data.lua|Lua|956|60|55
./src/_00/output/Lua/PathOfBuildingCommunity~PathOfBuilding/src/Classes/PassiveTreeView.lua|PathOfBuildingCommunity|PathOfBuilding|PassiveTreeView.lua|Lua|955|107|63
./src/_00/output/Lua/PathOfBuildingCommunity~PathOfBuilding/src/Data/Uniques/belt.lua|PathOfBuildingCommunity|PathOfBuilding|belt.lua|Lua|898|2|1
./src/_00/output/Lua/PathOfBuildingCommunity~PathOfBuilding/src/Classes/PartyTab.lua|PathOfBuildingCommunity|PathOfBuilding|PartyTab.lua|Lua|889|21|45
./src/_00/output/Lua/PathOfBuildingCommunity~PathOfBuilding/src/Data/Uniques/mace.lua|PathOfBuildingCommunity|PathOfBuilding|mace.lua|Lua|858|4|1
./src/_00/output/Lua/PathOfBuildingCommunity~PathOfBuilding/src/Data/Bases/sword.lua|PathOfBuildingCommunity|PathOfBuilding|sword.lua|Lua|846|2|7
./src/_00/output/Lua/PathOfBuildingCommunity~PathOfBuilding/src/Data/Bases/mace.lua|PathOfBuildingCommunity|PathOfBuilding|mace.lua|Lua|811|2|3
./src/_00/output/Lua/PathOfBuildingCommunity~PathOfBuilding/src/Classes/ConfigTab.lua|PathOfBuildingCommunity|PathOfBuilding|ConfigTab.lua|Lua|805|9|47
./src/_00/output/Lua/PathOfBuildingCommunity~PathOfBuilding/src/Modules/Common.lua|PathOfBuildingCommunity|PathOfBuilding|Common.lua|Lua|799|73|52
./src/_00/output/Lua/PathOfBuildingCommunity~PathOfBuilding/src/Classes/GemSelectControl.lua|PathOfBuildingCommunity|PathOfBuilding|GemSelectControl.lua|Lua|795|39|40
./src/_00/output/Lua/PathOfBuildingCommunity~PathOfBuilding/src/Data/Bases/helmet.lua|PathOfBuildingCommunity|PathOfBuilding|helmet.lua|Lua|781|2|9
./src/_00/output/Lua/PathOfBuildingCommunity~PathOfBuilding/src/Data/StatDescriptions/single_minion_spell_skill_stat_descriptions.lua|PathOfBuildingCommunity|PathOfBuilding|single_minion_spell_skill_stat_descriptions.lua|Lua|760|0|0
./src/_00/output/Lua/PathOfBuildingCommunity~PathOfBuilding/src/Data/Uniques/Special/Generated.lua|PathOfBuildingCommunity|PathOfBuilding|Generated.lua|Lua|747|18|72
./src/_00/output/Lua/PathOfBuildingCommunity~PathOfBuilding/src/Classes/ModStore.lua|PathOfBuildingCommunity|PathOfBuilding|ModStore.lua|Lua|744|46|26
./src/_00/output/Lua/PathOfBuildingCommunity~PathOfBuilding/src/Modules/Calcs.lua|PathOfBuildingCommunity|PathOfBuilding|Calcs.lua|Lua|744|45|40
./src/_00/output/Lua/PathOfBuildingCommunity~PathOfBuilding/src/Modules/CalcActiveSkill.lua|PathOfBuildingCommunity|PathOfBuilding|CalcActiveSkill.lua|Lua|740|57|44
./src/_00/output/Lua/PathOfBuildingCommunity~PathOfBuilding/src/Classes/EditControl.lua|PathOfBuildingCommunity|PathOfBuilding|EditControl.lua|Lua|729|11|26
./src/_00/output/Lua/PathOfBuildingCommunity~PathOfBuilding/src/Data/ModMaster.lua|PathOfBuildingCommunity|PathOfBuilding|ModMaster.lua|Lua|729|2|1
./src/_00/output/Lua/PathOfBuildingCommunity~PathOfBuilding/src/Data/ModJewelAbyss.lua|PathOfBuildingCommunity|PathOfBuilding|ModJewelAbyss.lua|Lua|723|2|1
./src/_00/output/Lua/PathOfBuildingCommunity~PathOfBuilding/spec/TestBuilds/3.13/Dual Savior.xml|PathOfBuildingCommunity|PathOfBuilding|Dual Savior.xml|XML|709|0|1
./src/_00/output/Lua/PathOfBuildingCommunity~PathOfBuilding/manifest.xml|PathOfBuildingCommunity|PathOfBuilding|manifest.xml|XML|705|0|0
./src/_00/output/Lua/PathOfBuildingCommunity~PathOfBuilding/src/Classes/PassiveTree.lua|PathOfBuildingCommunity|PathOfBuilding|PassiveTree.lua|Lua|704|81|56
./src/_00/output/Lua/PathOfBuildingCommunity~PathOfBuilding/src/Data/Bases/boots.lua|PathOfBuildingCommunity|PathOfBuilding|boots.lua|Lua|704|2|9
./src/_00/output/Lua/PathOfBuildingCommunity~PathOfBuilding/src/Data/StatDescriptions/debuff_skill_stat_descriptions.lua|PathOfBuildingCommunity|PathOfBuilding|debuff_skill_stat_descriptions.lua|Lua|701|2|1
./src/_00/output/Lua/PathOfBuildingCommunity~PathOfBuilding/src/Data/Bases/gloves.lua|PathOfBuildingCommunity|PathOfBuilding|gloves.lua|Lua|694|2|9
./src/_00/output/Lua/PathOfBuildingCommunity~PathOfBuilding/src/Export/Main.lua|PathOfBuildingCommunity|PathOfBuilding|Main.lua|Lua|684|16|76
./src/_00/output/Lua/PathOfBuildingCommunity~PathOfBuilding/src/Data/StatDescriptions/monster_stat_descriptions.lua|PathOfBuildingCommunity|PathOfBuilding|monster_stat_descriptions.lua|Lua|645|2|1
./src/_00/output/Lua/PathOfBuildingCommunity~PathOfBuilding/src/Export/Scripts/skills.lua|PathOfBuildingCommunity|PathOfBuilding|skills.lua|Lua|641|22|15
./src/_00/output/Lua/PathOfBuildingCommunity~PathOfBuilding/src/Classes/CalcBreakdownControl.lua|PathOfBuildingCommunity|PathOfBuilding|CalcBreakdownControl.lua|Lua|639|73|34
./src/_00/output/Lua/PathOfBuildingCommunity~PathOfBuilding/src/Data/Uniques/staff.lua|PathOfBuildingCommunity|PathOfBuilding|staff.lua|Lua|622|2|1
./src/_00/output/Lua/PathOfBuildingCommunity~PathOfBuilding/src/Data/Uniques/bow.lua|PathOfBuildingCommunity|PathOfBuilding|bow.lua|Lua|619|2|1
./src/_00/output/Lua/PathOfBuildingCommunity~PathOfBuilding/runtime/lua/dkjson.lua|PathOfBuildingCommunity|PathOfBuilding|dkjson.lua|Lua|604|44|66
./src/_00/output/Lua/PathOfBuildingCommunity~PathOfBuilding/spec/TestBuilds/3.13/OccVortex.xml|PathOfBuildingCommunity|PathOfBuilding|OccVortex.xml|XML|585|0|1
./src/_00/output/Lua/PathOfBuildingCommunity~PathOfBuilding/src/Data/ModJewelCluster.lua|PathOfBuildingCommunity|PathOfBuilding|ModJewelCluster.lua|Lua|557|2|1
./src/_00/output/Lua/PathOfBuildingCommunity~PathOfBuilding/src/Data/StatDescriptions/banner_aura_skill_stat_descriptions.lua|PathOfBuildingCommunity|PathOfBuilding|banner_aura_skill_stat_descriptions.lua|Lua|540|2|1
./src/_00/output/Lua/PathOfBuildingCommunity~PathOfBuilding/src/Data/Bases/amulet.lua|PathOfBuildingCommunity|PathOfBuilding|amulet.lua|Lua|531|2|3
./src/_00/output/Lua/PathOfBuildingCommunity~PathOfBuilding/src/Classes/CalcsTab.lua|PathOfBuildingCommunity|PathOfBuilding|CalcsTab.lua|Lua|528|36|40
./src/_00/output/Lua/PathOfBuildingCommunity~PathOfBuilding/src/Export/Scripts/bossData.lua|PathOfBuildingCommunity|PathOfBuilding|bossData.lua|Lua|511|16|13
./src/_00/output/Lua/PathOfBuildingCommunity~PathOfBuilding/src/Data/Uniques/flask.lua|PathOfBuildingCommunity|PathOfBuilding|flask.lua|Lua|510|6|1
./src/_00/output/Lua/PathOfBuildingCommunity~PathOfBuilding/src/Data/Bases/axe.lua|PathOfBuildingCommunity|PathOfBuilding|axe.lua|Lua|492|2|2
./src/_00/output/Lua/PathOfBuildingCommunity~PathOfBuilding/spec/System/TestDefence_spec.lua|PathOfBuildingCommunity|PathOfBuilding|TestDefence_spec.lua|Lua|450|170|38
./src/_00/output/Lua/PathOfBuildingCommunity~PathOfBuilding/src/Data/Uniques/axe.lua|PathOfBuildingCommunity|PathOfBuilding|axe.lua|Lua|442|3|1
./src/_00/output/Lua/PathOfBuildingCommunity~PathOfBuilding/spec/System/TestItemMods_spec.lua|PathOfBuildingCommunity|PathOfBuilding|TestItemMods_spec.lua|Lua|437|4|71
./src/_00/output/Lua/PathOfBuildingCommunity~PathOfBuilding/src/Classes/DropDownControl.lua|PathOfBuildingCommunity|PathOfBuilding|DropDownControl.lua|Lua|437|40|29
./src/_00/output/Lua/PathOfBuildingCommunity~PathOfBuilding/src/Classes/ListControl.lua|PathOfBuildingCommunity|PathOfBuilding|ListControl.lua|Lua|429|26|20
./src/_00/output/Lua/PathOfBuildingCommunity~PathOfBuilding/src/Data/ModMap.lua|PathOfBuildingCommunity|PathOfBuilding|ModMap.lua|Lua|427|16|1
./src/_00/output/Lua/PathOfBuildingCommunity~PathOfBuilding/src/Data/StatDescriptions/offering_skill_stat_descriptions.lua|PathOfBuildingCommunity|PathOfBuilding|offering_skill_stat_descriptions.lua|Lua|423|2|1
./src/_00/output/Lua/PathOfBuildingCommunity~PathOfBuilding/src/Data/ModJewel.lua|PathOfBuildingCommunity|PathOfBuilding|ModJewel.lua|Lua|421|2|1
./src/_00/output/Lua/PathOfBuildingCommunity~PathOfBuilding/spec/System/TestItemParse_spec.lua|PathOfBuildingCommunity|PathOfBuilding|TestItemParse_spec.lua|Lua|418|1|48
./src/_00/output/Lua/PathOfBuildingCommunity~PathOfBuilding/src/Data/Uniques/wand.lua|PathOfBuildingCommunity|PathOfBuilding|wand.lua|Lua|399|2|1
./src/_00/output/Lua/PathOfBuildingCommunity~PathOfBuilding/src/Data/Bases/flask.lua|PathOfBuildingCommunity|PathOfBuilding|flask.lua|Lua|390|2|4
./src/_00/output/Lua/PathOfBuildingCommunity~PathOfBuilding/src/Data/StatDescriptions/brand_skill_stat_descriptions.lua|PathOfBuildingCommunity|PathOfBuilding|brand_skill_stat_descriptions.lua|Lua|386|2|1
./src/_00/output/Lua/PathOfBuildingCommunity~PathOfBuilding/src/Data/Uniques/quiver.lua|PathOfBuildingCommunity|PathOfBuilding|quiver.lua|Lua|370|2|1
./src/_00/output/Lua/PathOfBuildingCommunity~PathOfBuilding/src/Data/Uniques/claw.lua|PathOfBuildingCommunity|PathOfBuilding|claw.lua|Lua|367|2|1
./src/_00/output/Lua/PathOfBuildingCommunity~PathOfBuilding/src/Classes/TradeQueryRequests.lua|PathOfBuildingCommunity|PathOfBuilding|TradeQueryRequests.lua|Lua|359|82|14
./src/_00/output/Lua/PathOfBuildingCommunity~PathOfBuilding/src/Launch.lua|PathOfBuildingCommunity|PathOfBuilding|Launch.lua|Lua|354|17|22
./src/_00/output/Lua/PathOfBuildingCommunity~PathOfBuilding/src/Classes/ItemDBControl.lua|PathOfBuildingCommunity|PathOfBuilding|ItemDBControl.lua|Lua|341|9|19
./src/_00/output/Lua/PathOfBuildingCommunity~PathOfBuilding/src/Data/Bases/dagger.lua|PathOfBuildingCommunity|PathOfBuilding|dagger.lua|Lua|339|2|2
./src/_00/output/Lua/PathOfBuildingCommunity~PathOfBuilding/src/Data/Bases/ring.lua|PathOfBuildingCommunity|PathOfBuilding|ring.lua|Lua|331|2|3
./src/_00/output/Lua/PathOfBuildingCommunity~PathOfBuilding/src/Data/Uniques/dagger.lua|PathOfBuildingCommunity|PathOfBuilding|dagger.lua|Lua|330|2|1
./src/_00/output/Lua/PathOfBuildingCommunity~PathOfBuilding/src/Classes/CalcSectionControl.lua|PathOfBuildingCommunity|PathOfBuilding|CalcSectionControl.lua|Lua|308|17|12
./src/_00/output/Lua/PathOfBuildingCommunity~PathOfBuilding/src/Export/statdesc.lua|PathOfBuildingCommunity|PathOfBuilding|statdesc.lua|Lua|307|0|8
./src/_00/output/Lua/PathOfBuildingCommunity~PathOfBuilding/src/Classes/ScrollBarControl.lua|PathOfBuildingCommunity|PathOfBuilding|ScrollBarControl.lua|Lua|298|12|13
./src/_00/output/Lua/PathOfBuildingCommunity~PathOfBuilding/src/Data/Bases/staff.lua|PathOfBuildingCommunity|PathOfBuilding|staff.lua|Lua|293|2|2
./src/_00/output/Lua/PathOfBuildingCommunity~PathOfBuilding/src/Data/Global.lua|PathOfBuildingCommunity|PathOfBuilding|Global.lua|Lua|292|21|10
./src/_00/output/Lua/PathOfBuildingCommunity~PathOfBuilding/src/Export/Scripts/enchant.lua|PathOfBuildingCommunity|PathOfBuilding|enchant.lua|Lua|292|1|10
./src/_00/output/Lua/PathOfBuildingCommunity~PathOfBuilding/src/Classes/ModDB.lua|PathOfBuildingCommunity|PathOfBuilding|ModDB.lua|Lua|291|19|18
./src/_00/output/Lua/PathOfBuildingCommunity~PathOfBuilding/src/Data/Misc.lua|PathOfBuildingCommunity|PathOfBuilding|Misc.lua|Lua|290|6|1
./src/_00/output/Lua/PathOfBuildingCommunity~PathOfBuilding/src/Modules/CalcMirages.lua|PathOfBuildingCommunity|PathOfBuilding|CalcMirages.lua|Lua|290|20|38
./src/_00/output/Lua/PathOfBuildingCommunity~PathOfBuilding/src/UpdateCheck.lua|PathOfBuildingCommunity|PathOfBuilding|UpdateCheck.lua|Lua|284|17|15
./src/_00/output/Lua/PathOfBuildingCommunity~PathOfBuilding/CONTRIBUTING.md|PathOfBuildingCommunity|PathOfBuilding|CONTRIBUTING.md|Markdown|283|0|74
./src/_00/output/Lua/PathOfBuildingCommunity~PathOfBuilding/src/Export/Classes/GGPKData.lua|PathOfBuildingCommunity|PathOfBuilding|GGPKData.lua|Lua|282|11|10
./src/_00/output/Lua/PathOfBuildingCommunity~PathOfBuilding/src/Data/Bases/claw.lua|PathOfBuildingCommunity|PathOfBuilding|claw.lua|Lua|281|2|1
./src/_00/output/Lua/PathOfBuildingCommunity~PathOfBuilding/src/Export/Classes/Dat64File.lua|PathOfBuildingCommunity|PathOfBuilding|Dat64File.lua|Lua|273|6|18
./src/_00/output/Lua/PathOfBuildingCommunity~PathOfBuilding/src/Data/Bases/bow.lua|PathOfBuildingCommunity|PathOfBuilding|bow.lua|Lua|268|2|1
./src/_00/output/Lua/PathOfBuildingCommunity~PathOfBuilding/src/Export/Classes/DatFile.lua|PathOfBuildingCommunity|PathOfBuilding|DatFile.lua|Lua|265|6|18
./src/_00/output/Lua/PathOfBuildingCommunity~PathOfBuilding/src/Modules/StatDescriber.lua|PathOfBuildingCommunity|PathOfBuilding|StatDescriber.lua|Lua|263|8|8
./src/_00/output/Lua/PathOfBuildingCommunity~PathOfBuilding/src/Export/Scripts/bases.lua|PathOfBuildingCommunity|PathOfBuilding|bases.lua|Lua|252|2|11
./src/_00/output/Lua/PathOfBuildingCommunity~PathOfBuilding/src/Data/Bases/wand.lua|PathOfBuildingCommunity|PathOfBuilding|wand.lua|Lua|251|2|4
./src/_00/output/Lua/PathOfBuildingCommunity~PathOfBuilding/src/Data/Pantheons.lua|PathOfBuildingCommunity|PathOfBuilding|Pantheons.lua|Lua|251|43|1
./src/_00/output/Lua/PathOfBuildingCommunity~PathOfBuilding/src/Data/ModFlask.lua|PathOfBuildingCommunity|PathOfBuilding|ModFlask.lua|Lua|248|2|1
./src/_00/output/Lua/PathOfBuildingCommunity~PathOfBuilding/src/Modules/DataLegionLookUpTableHelper.lua|PathOfBuildingCommunity|PathOfBuilding|DataLegionLookUpTableHelper.lua|Lua|246|45|25
./src/_00/output/Lua/PathOfBuildingCommunity~PathOfBuilding/src/Data/ModJewelCharm.lua|PathOfBuildingCommunity|PathOfBuilding|ModJewelCharm.lua|Lua|244|2|1
./src/_00/output/Lua/PathOfBuildingCommunity~PathOfBuilding/src/Classes/NotableDBControl.lua|PathOfBuildingCommunity|PathOfBuilding|NotableDBControl.lua|Lua|243|31|21
./src/_00/output/Lua/PathOfBuildingCommunity~PathOfBuilding/src/Data/Bases/quiver.lua|PathOfBuildingCommunity|PathOfBuilding|quiver.lua|Lua|238|2|1
./src/_00/output/Lua/PathOfBuildingCommunity~PathOfBuilding/src/Data/StatDescriptions/minion_spell_skill_stat_descriptions.lua|PathOfBuildingCommunity|PathOfBuilding|minion_spell_skill_stat_descriptions.lua|Lua|235|2|1
./src/_00/output/Lua/PathOfBuildingCommunity~PathOfBuilding/src/Export/psg.lua|PathOfBuildingCommunity|PathOfBuilding|psg.lua|Lua|233|0|12
./src/_00/output/Lua/PathOfBuildingCommunity~PathOfBuilding/src/Modules/CalcBreakdown.lua|PathOfBuildingCommunity|PathOfBuilding|CalcBreakdown.lua|Lua|228|5|13
./src/_00/output/Lua/PathOfBuildingCommunity~PathOfBuilding/src/Data/ModVeiled.lua|PathOfBuildingCommunity|PathOfBuilding|ModVeiled.lua|Lua|227|2|1
./src/_00/output/Lua/PathOfBuildingCommunity~PathOfBuilding/src/Classes/BuildListControl.lua|PathOfBuildingCommunity|PathOfBuilding|BuildListControl.lua|Lua|221|5|16
./src/_00/output/Lua/PathOfBuildingCommunity~PathOfBuilding/src/Classes/ItemListControl.lua|PathOfBuildingCommunity|PathOfBuilding|ItemListControl.lua|Lua|221|9|12
./src/_00/output/Lua/PathOfBuildingCommunity~PathOfBuilding/src/Classes/TimelessJewelListControl.lua|PathOfBuildingCommunity|PathOfBuilding|TimelessJewelListControl.lua|Lua|218|5|12
./src/_00/output/Lua/PathOfBuildingCommunity~PathOfBuilding/src/Classes/SkillListControl.lua|PathOfBuildingCommunity|PathOfBuilding|SkillListControl.lua|Lua|217|7|11
./src/_00/output/Lua/PathOfBuildingCommunity~PathOfBuilding/src/Classes/Tooltip.lua|PathOfBuildingCommunity|PathOfBuilding|Tooltip.lua|Lua|214|17|23
./src/_00/output/Lua/PathOfBuildingCommunity~PathOfBuilding/src/Modules/CalcTools.lua|PathOfBuildingCommunity|PathOfBuilding|CalcTools.lua|Lua|213|41|15
./src/_00/output/Lua/PathOfBuildingCommunity~PathOfBuilding/src/Classes/TradeQueryRateLimiter.lua|PathOfBuildingCommunity|PathOfBuilding|TradeQueryRateLimiter.lua|Lua|205|50|10
./src/_00/output/Lua/PathOfBuildingCommunity~PathOfBuilding/src/Modules/BuildList.lua|PathOfBuildingCommunity|PathOfBuilding|BuildList.lua|Lua|205|5|17
./src/_00/output/Lua/PathOfBuildingCommunity~PathOfBuilding/src/Modules/ModTools.lua|PathOfBuildingCommunity|PathOfBuilding|ModTools.lua|Lua|200|5|14
./src/_00/output/Lua/PathOfBuildingCommunity~PathOfBuilding/src/Export/Scripts/minions.lua|PathOfBuildingCommunity|PathOfBuilding|minions.lua|Lua|195|7|13
./src/_00/output/Lua/PathOfBuildingCommunity~PathOfBuilding/src/Classes/ModList.lua|PathOfBuildingCommunity|PathOfBuilding|ModList.lua|Lua|194|11|17
./src/_00/output/Lua/PathOfBuildingCommunity~PathOfBuilding/src/Data/EnchantmentWeapon.lua|PathOfBuildingCommunity|PathOfBuilding|EnchantmentWeapon.lua|Lua|193|2|1
./src/_00/output/Lua/PathOfBuildingCommunity~PathOfBuilding/runtime/lua/lua-profiler.lua|PathOfBuildingCommunity|PathOfBuilding|lua-profiler.lua|Lua|192|90|29
./src/_00/output/Lua/PathOfBuildingCommunity~PathOfBuilding/src/Export/Launch.lua|PathOfBuildingCommunity|PathOfBuilding|Launch.lua|Lua|176|5|17
./src/_00/output/Lua/PathOfBuildingCommunity~PathOfBuilding/src/Export/Scripts/legionPassives.lua|PathOfBuildingCommunity|PathOfBuilding|legionPassives.lua|Lua|173|27|23
./src/_00/output/Lua/PathOfBuildingCommunity~PathOfBuilding/src/HeadlessWrapper.lua|PathOfBuildingCommunity|PathOfBuilding|HeadlessWrapper.lua|Lua|170|19|14
./src/_00/output/Lua/PathOfBuildingCommunity~PathOfBuilding/docs/rundown.md|PathOfBuildingCommunity|PathOfBuilding|rundown.md|Markdown|167|0|1
./src/_00/output/Lua/PathOfBuildingCommunity~PathOfBuilding/src/Classes/SliderControl.lua|PathOfBuildingCommunity|PathOfBuilding|SliderControl.lua|Lua|166|5|10
./src/_00/output/Lua/PathOfBuildingCommunity~PathOfBuilding/src/Classes/ItemSlotControl.lua|PathOfBuildingCommunity|PathOfBuilding|ItemSlotControl.lua|Lua|162|6|10
./src/_00/output/Lua/PathOfBuildingCommunity~PathOfBuilding/runtime/lua/xml.lua|PathOfBuildingCommunity|PathOfBuilding|xml.lua|Lua|158|12|12
./src/_00/output/Lua/PathOfBuildingCommunity~PathOfBuilding/src/Data/BossSkills.lua|PathOfBuildingCommunity|PathOfBuilding|BossSkills.lua|Lua|154|6|0
./src/_00/output/Lua/PathOfBuildingCommunity~PathOfBuilding/src/Export/Scripts/tattooPassives.lua|PathOfBuildingCommunity|PathOfBuilding|tattooPassives.lua|Lua|150|17|23
./src/_00/output/Lua/PathOfBuildingCommunity~PathOfBuilding/src/Export/Scripts/mods.lua|PathOfBuildingCommunity|PathOfBuilding|mods.lua|Lua|147|0|5
./src/_00/output/Lua/PathOfBuildingCommunity~PathOfBuilding/src/Data/StatDescriptions/variable_duration_skill_stat_descriptions.lua|PathOfBuildingCommunity|PathOfBuilding|variable_duration_skill_stat_descriptions.lua|Lua|143|2|1
./src/_00/output/Lua/PathOfBuildingCommunity~PathOfBuilding/src/Data/Uniques/Special/WatchersEye.lua|PathOfBuildingCommunity|PathOfBuilding|WatchersEye.lua|Lua|143|2|1
./src/_00/output/Lua/PathOfBuildingCommunity~PathOfBuilding/runtime/lua/sha1/init.lua|PathOfBuildingCommunity|PathOfBuilding|init.lua|Lua|142|17|36
./src/_00/output/Lua/PathOfBuildingCommunity~PathOfBuilding/src/Modules/ItemTools.lua|PathOfBuildingCommunity|PathOfBuilding|ItemTools.lua|Lua|134|9|16
./src/_00/output/Lua/PathOfBuildingCommunity~PathOfBuilding/src/Data/Uniques/Special/race.lua|PathOfBuildingCommunity|PathOfBuilding|race.lua|Lua|129|2|1
./src/_00/output/Lua/PathOfBuildingCommunity~PathOfBuilding/update_manifest.py|PathOfBuildingCommunity|PathOfBuilding|update_manifest.py|Python|128|14|27
./src/_00/output/Lua/PathOfBuildingCommunity~PathOfBuilding/src/Classes/ItemSetListControl.lua|PathOfBuildingCommunity|PathOfBuilding|ItemSetListControl.lua|Lua|123|5|11
./src/_00/output/Lua/PathOfBuildingCommunity~PathOfBuilding/src/GameVersions.lua|PathOfBuildingCommunity|PathOfBuilding|GameVersions.lua|Lua|122|10|1
./src/_00/output/Lua/PathOfBuildingCommunity~PathOfBuilding/src/Data/ModTincture.lua|PathOfBuildingCommunity|PathOfBuilding|ModTincture.lua|Lua|121|2|1
./src/_00/output/Lua/PathOfBuildingCommunity~PathOfBuilding/src/Classes/Control.lua|PathOfBuildingCommunity|PathOfBuilding|Control.lua|Lua|119|5|12
./src/_00/output/Lua/PathOfBuildingCommunity~PathOfBuilding/src/Export/Scripts/statdesc.lua|PathOfBuildingCommunity|PathOfBuilding|statdesc.lua|Lua|116|2|5
./src/_00/output/Lua/PathOfBuildingCommunity~PathOfBuilding/src/Classes/ButtonControl.lua|PathOfBuildingCommunity|PathOfBuilding|ButtonControl.lua|Lua|115|5|6
./src/_00/output/Lua/PathOfBuildingCommunity~PathOfBuilding/src/Data/Bosses.lua|PathOfBuildingCommunity|PathOfBuilding|Bosses.lua|Lua|111|6|6
./src/_00/output/Lua/PathOfBuildingCommunity~PathOfBuilding/src/Classes/PassiveSpecListControl.lua|PathOfBuildingCommunity|PathOfBuilding|PassiveSpecListControl.lua|Lua|110|7|8
./src/_00/output/Lua/PathOfBuildingCommunity~PathOfBuilding/fix_ascendancy_positions.py|PathOfBuildingCommunity|PathOfBuilding|fix_ascendancy_positions.py|Python|109|14|18
./src/_00/output/Lua/PathOfBuildingCommunity~PathOfBuilding/src/Export/browse.lua|PathOfBuildingCommunity|PathOfBuilding|browse.lua|Lua|107|0|4
./src/_00/output/Lua/PathOfBuildingCommunity~PathOfBuilding/src/Classes/SkillSetListControl.lua|PathOfBuildingCommunity|PathOfBuilding|SkillSetListControl.lua|Lua|106|5|7
./src/_00/output/Lua/PathOfBuildingCommunity~PathOfBuilding/src/Data/Essence.lua|PathOfBuildingCommunity|PathOfBuilding|Essence.lua|Lua|106|2|1
./src/_00/output/Lua/PathOfBuildingCommunity~PathOfBuilding/src/Classes/PowerReportListControl.lua|PathOfBuildingCommunity|PathOfBuilding|PowerReportListControl.lua|Lua|105|6|14
./src/_00/output/Lua/PathOfBuildingCommunity~PathOfBuilding/src/Data/Bases/belt.lua|PathOfBuildingCommunity|PathOfBuilding|belt.lua|Lua|105|2|2
./src/_00/output/Lua/PathOfBuildingCommunity~PathOfBuilding/src/Data/Bases/jewel.lua|PathOfBuildingCommunity|PathOfBuilding|jewel.lua|Lua|105|2|5
./src/_00/output/Lua/PathOfBuildingCommunity~PathOfBuilding/src/Classes/SearchHost.lua|PathOfBuildingCommunity|PathOfBuilding|SearchHost.lua|Lua|103|9|15
./src/_00/output/Lua/PathOfBuildingCommunity~PathOfBuilding/src/Classes/CheckBoxControl.lua|PathOfBuildingCommunity|PathOfBuilding|CheckBoxControl.lua|Lua|96|6|5
./src/_00/output/Lua/PathOfBuildingCommunity~PathOfBuilding/src/TreeData/legion/tree-legion.lua|PathOfBuildingCommunity|PathOfBuilding|tree-legion.lua|Lua|96|0|8
./src/_00/output/Lua/PathOfBuildingCommunity~PathOfBuilding/src/Classes/SharedItemSetListControl.lua|PathOfBuildingCommunity|PathOfBuilding|SharedItemSetListControl.lua|Lua|95|5|9
./src/_00/output/Lua/PathOfBuildingCommunity~PathOfBuilding/src/Classes/PathControl.lua|PathOfBuildingCommunity|PathOfBuilding|PathControl.lua|Lua|93|5|8
./src/_00/output/Lua/PathOfBuildingCommunity~PathOfBuilding/src/Data/EnchantmentBody.lua|PathOfBuildingCommunity|PathOfBuilding|EnchantmentBody.lua|Lua|89|2|1
./src/_00/output/Lua/PathOfBuildingCommunity~PathOfBuilding/src/Classes/MinionListControl.lua|PathOfBuildingCommunity|PathOfBuilding|MinionListControl.lua|Lua|88|5|10
./src/_00/output/Lua/PathOfBuildingCommunity~PathOfBuilding/src/Classes/NotesTab.lua|PathOfBuildingCommunity|PathOfBuilding|NotesTab.lua|Lua|88|5|14
./src/_00/output/Lua/PathOfBuildingCommunity~PathOfBuilding/runtime/lua/sha1/pure_lua_ops.lua|PathOfBuildingCommunity|PathOfBuilding|pure_lua_ops.lua|Lua|86|33|25
./src/_00/output/Lua/PathOfBuildingCommunity~PathOfBuilding/src/Data/Costs.lua|PathOfBuildingCommunity|PathOfBuilding|Costs.lua|Lua|86|2|1
./src/_00/output/Lua/PathOfBuildingCommunity~PathOfBuilding/src/Export/Scripts/miscdata.lua|PathOfBuildingCommunity|PathOfBuilding|miscdata.lua|Lua|83|1|8
./src/_00/output/Lua/PathOfBuildingCommunity~PathOfBuilding/README.md|PathOfBuildingCommunity|PathOfBuilding|README.md|Markdown|82|0|9
./src/_00/output/Lua/PathOfBuildingCommunity~PathOfBuilding/src/Classes/TextListControl.lua|PathOfBuildingCommunity|PathOfBuilding|TextListControl.lua|Lua|81|5|4
./src/_00/output/Lua/PathOfBuildingCommunity~PathOfBuilding/src/Data/StatDescriptions/beam_skill_stat_descriptions.lua|PathOfBuildingCommunity|PathOfBuilding|beam_skill_stat_descriptions.lua|Lua|81|2|1
./src/_00/output/Lua/PathOfBuildingCommunity~PathOfBuilding/src/Export/Scripts/cluster.lua|PathOfBuildingCommunity|PathOfBuilding|cluster.lua|Lua|80|0|6
./src/_00/output/Lua/PathOfBuildingCommunity~PathOfBuilding/src/Classes/ControlHost.lua|PathOfBuildingCommunity|PathOfBuilding|ControlHost.lua|Lua|78|6|10
./src/_00/output/Lua/PathOfBuildingCommunity~PathOfBuilding/src/Modules/BuildSiteTools.lua|PathOfBuildingCommunity|PathOfBuilding|BuildSiteTools.lua|Lua|76|14|4
./src/_00/output/Lua/PathOfBuildingCommunity~PathOfBuilding/.github/ISSUE_TEMPLATE/behaviour_bug_report.yaml|PathOfBuildingCommunity|PathOfBuilding|behaviour_bug_report.yaml|YAML|75|0|0
./src/_00/output/Lua/PathOfBuildingCommunity~PathOfBuilding/.github/ISSUE_TEMPLATE/calculation_bug_report.yaml|PathOfBuildingCommunity|PathOfBuilding|calculation_bug_report.yaml|YAML|75|0|0
./src/_00/output/Lua/PathOfBuildingCommunity~PathOfBuilding/src/Classes/PopupDialog.lua|PathOfBuildingCommunity|PathOfBuilding|PopupDialog.lua|Lua|75|9|3
./src/_00/output/Lua/PathOfBuildingCommunity~PathOfBuilding/src/Export/Classes/GGPKSourceListControl.lua|PathOfBuildingCommunity|PathOfBuilding|GGPKSourceListControl.lua|Lua|75|5|4
./src/_00/output/Lua/PathOfBuildingCommunity~PathOfBuilding/src/Export/Scripts/masters.lua|PathOfBuildingCommunity|PathOfBuilding|masters.lua|Lua|72|0|2
./src/_00/output/Lua/PathOfBuildingCommunity~PathOfBuilding/src/Export/essenceMatch.lua|PathOfBuildingCommunity|PathOfBuilding|essenceMatch.lua|Lua|72|1|2
./src/_00/output/Lua/PathOfBuildingCommunity~PathOfBuilding/RELEASE.md|PathOfBuildingCommunity|PathOfBuilding|RELEASE.md|Markdown|71|0|19
./src/_00/output/Lua/PathOfBuildingCommunity~PathOfBuilding/docs/addingSkills.md|PathOfBuildingCommunity|PathOfBuilding|addingSkills.md|Markdown|71|0|21
./src/_00/output/Lua/PathOfBuildingCommunity~PathOfBuilding/src/Data/EnchantmentGloves.lua|PathOfBuildingCommunity|PathOfBuilding|EnchantmentGloves.lua|Lua|70|2|1
./src/_00/output/Lua/PathOfBuildingCommunity~PathOfBuilding/.github/ISSUE_TEMPLATE/application_bug_report.yaml|PathOfBuildingCommunity|PathOfBuilding|application_bug_report.yaml|YAML|69|0|0
./src/_00/output/Lua/PathOfBuildingCommunity~PathOfBuilding/.github/ISSUE_TEMPLATE/crash_report.yaml|PathOfBuildingCommunity|PathOfBuilding|crash_report.yaml|YAML|69|0|0
./src/_00/output/Lua/PathOfBuildingCommunity~PathOfBuilding/src/Export/Classes/RowListControl.lua|PathOfBuildingCommunity|PathOfBuilding|RowListControl.lua|Lua|69|5|4
./src/_00/output/Lua/PathOfBuildingCommunity~PathOfBuilding/src/Data/Bases/tincture.lua|PathOfBuildingCommunity|PathOfBuilding|tincture.lua|Lua|65|2|1
./src/_00/output/Lua/PathOfBuildingCommunity~PathOfBuilding/docs/modSyntax.md|PathOfBuildingCommunity|PathOfBuilding|modSyntax.md|Markdown|63|0|4
./src/_00/output/Lua/PathOfBuildingCommunity~PathOfBuilding/.github/ISSUE_TEMPLATE/accuracy_bug_report.yaml|PathOfBuildingCommunity|PathOfBuilding|accuracy_bug_report.yaml|YAML|60|0|0
./src/_00/output/Lua/PathOfBuildingCommunity~PathOfBuilding/.github/workflows/release.yml|PathOfBuildingCommunity|PathOfBuilding|release.yml|YAML|59|0|2
./src/_00/output/Lua/PathOfBuildingCommunity~PathOfBuilding/src/Classes/SharedItemListControl.lua|PathOfBuildingCommunity|PathOfBuilding|SharedItemListControl.lua|Lua|59|5|8
./src/_00/output/Lua/PathOfBuildingCommunity~PathOfBuilding/src/Classes/FolderListControl.lua|PathOfBuildingCommunity|PathOfBuilding|FolderListControl.lua|Lua|57|5|6
./src/_00/output/Lua/PathOfBuildingCommunity~PathOfBuilding/src/Data/EnchantmentBoots.lua|PathOfBuildingCommunity|PathOfBuilding|EnchantmentBoots.lua|Lua|56|2|1
./src/_00/output/Lua/PathOfBuildingCommunity~PathOfBuilding/docs/addingMods.md|PathOfBuildingCommunity|PathOfBuilding|addingMods.md|Markdown|54|0|26
./src/_00/output/Lua/PathOfBuildingCommunity~PathOfBuilding/src/Data/TimelessJewelData/LegionTradeIds.lua|PathOfBuildingCommunity|PathOfBuilding|LegionTradeIds.lua|Lua|54|2|1
./src/_00/output/Lua/PathOfBuildingCommunity~PathOfBuilding/src/Data/ModNecropolis.lua|PathOfBuildingCommunity|PathOfBuilding|ModNecropolis.lua|Lua|53|2|1
./src/_00/output/Lua/PathOfBuildingCommunity~PathOfBuilding/src/Export/Scripts/crucible.lua|PathOfBuildingCommunity|PathOfBuilding|crucible.lua|Lua|53|0|2
./src/_00/output/Lua/PathOfBuildingCommunity~PathOfBuilding/spec/GenerateBuilds.lua|PathOfBuildingCommunity|PathOfBuilding|GenerateBuilds.lua|Lua|51|0|2
./src/_00/output/Lua/PathOfBuildingCommunity~PathOfBuilding/src/Data/Uniques/Special/New.lua|PathOfBuildingCommunity|PathOfBuilding|New.lua|Lua|49|4|3
./src/_00/output/Lua/PathOfBuildingCommunity~PathOfBuilding/.github/ISSUE_TEMPLATE/feature_request.yaml|PathOfBuildingCommunity|PathOfBuilding|feature_request.yaml|YAML|48|0|0
./src/_00/output/Lua/PathOfBuildingCommunity~PathOfBuilding/src/LaunchInstall.lua|PathOfBuildingCommunity|PathOfBuilding|LaunchInstall.lua|Lua|46|5|4
./src/_00/output/Lua/PathOfBuildingCommunity~PathOfBuilding/spec/System/TestSkills_spec.lua|PathOfBuildingCommunity|PathOfBuilding|TestSkills_spec.lua|Lua|45|2|9
./src/_00/output/Lua/PathOfBuildingCommunity~PathOfBuilding/src/Export/Scripts/pantheons.lua|PathOfBuildingCommunity|PathOfBuilding|pantheons.lua|Lua|44|3|8
./src/_00/output/Lua/PathOfBuildingCommunity~PathOfBuilding/spec/System/TestAttacks_spec.lua|PathOfBuildingCommunity|PathOfBuilding|TestAttacks_spec.lua|Lua|43|2|6
./src/_00/output/Lua/PathOfBuildingCommunity~PathOfBuilding/src/Export/Scripts/essence.lua|PathOfBuildingCommunity|PathOfBuilding|essence.lua|Lua|41|0|1
./src/_00/output/Lua/PathOfBuildingCommunity~PathOfBuilding/src/UpdateApply.lua|PathOfBuildingCommunity|PathOfBuilding|UpdateApply.lua|Lua|41|5|1
./src/_00/output/Lua/PathOfBuildingCommunity~PathOfBuilding/spec/System/TestItemTools_spec.lua|PathOfBuildingCommunity|PathOfBuilding|TestItemTools_spec.lua|Lua|40|7|1
./src/_00/output/Lua/PathOfBuildingCommunity~PathOfBuilding/src/Classes/TimelessJewelSocketControl.lua|PathOfBuildingCommunity|PathOfBuilding|TimelessJewelSocketControl.lua|Lua|37|5|3
./src/_00/output/Lua/PathOfBuildingCommunity~PathOfBuilding/.github/workflows/spellcheck.yml|PathOfBuildingCommunity|PathOfBuilding|spellcheck.yml|YAML|35|0|5
./src/_00/output/Lua/PathOfBuildingCommunity~PathOfBuilding/src/Classes/PassiveMasteryControl.lua|PathOfBuildingCommunity|PathOfBuilding|PassiveMasteryControl.lua|Lua|34|7|6
./src/_00/output/Lua/PathOfBuildingCommunity~PathOfBuilding/.github/release.yml|PathOfBuildingCommunity|PathOfBuilding|release.yml|YAML|33|1|1
./src/_00/output/Lua/PathOfBuildingCommunity~PathOfBuilding/spec/System/TestBuilds_spec.lua|PathOfBuildingCommunity|PathOfBuilding|TestBuilds_spec.lua|Lua|33|1|1
./src/_00/output/Lua/PathOfBuildingCommunity~PathOfBuilding/src/Classes/UndoHandler.lua|PathOfBuildingCommunity|PathOfBuilding|UndoHandler.lua|Lua|32|14|5
./src/_00/output/Lua/PathOfBuildingCommunity~PathOfBuilding/runtime/lua/base64.lua|PathOfBuildingCommunity|PathOfBuilding|base64.lua|Lua|29|5|6
./src/_00/output/Lua/PathOfBuildingCommunity~PathOfBuilding/.github/workflows/beta.yml|PathOfBuildingCommunity|PathOfBuilding|beta.yml|YAML|28|0|0
./src/_00/output/Lua/PathOfBuildingCommunity~PathOfBuilding/.github/workflows/test.yml|PathOfBuildingCommunity|PathOfBuilding|test.yml|YAML|28|0|0
./src/_00/output/Lua/PathOfBuildingCommunity~PathOfBuilding/src/Classes/TradeStatWeightMultiplierListControl.lua|PathOfBuildingCommunity|PathOfBuilding|TradeStatWeightMultiplierListControl.lua|Lua|28|5|5
./src/_00/output/Lua/PathOfBuildingCommunity~PathOfBuilding/src/Data/EnchantmentFlask.lua|PathOfBuildingCommunity|PathOfBuilding|EnchantmentFlask.lua|Lua|27|2|1
./src/_00/output/Lua/PathOfBuildingCommunity~PathOfBuilding/src/Data/StatDescriptions/secondary_debuff_skill_stat_descriptions.lua|PathOfBuildingCommunity|PathOfBuilding|secondary_debuff_skill_stat_descriptions.lua|Lua|27|2|1
./src/_00/output/Lua/PathOfBuildingCommunity~PathOfBuilding/src/Export/Scripts/costs.lua|PathOfBuildingCommunity|PathOfBuilding|costs.lua|Lua|25|4|5
./src/_00/output/Lua/PathOfBuildingCommunity~PathOfBuilding/src/Export/passives.lua|PathOfBuildingCommunity|PathOfBuilding|passives.lua|Lua|24|0|1
./src/_00/output/Lua/PathOfBuildingCommunity~PathOfBuilding/tests/test_fix_ascendancy_positions.py|PathOfBuildingCommunity|PathOfBuilding|test_fix_ascendancy_positions.py|Python|24|0|5
./src/_00/output/Lua/PathOfBuildingCommunity~PathOfBuilding/src/Data/Uniques/fishing.lua|PathOfBuildingCommunity|PathOfBuilding|fishing.lua|Lua|23|2|1
./src/_00/output/Lua/PathOfBuildingCommunity~PathOfBuilding/src/Export/Classes/DatListControl.lua|PathOfBuildingCommunity|PathOfBuilding|DatListControl.lua|Lua|23|5|3
./src/_00/output/Lua/PathOfBuildingCommunity~PathOfBuilding/src/Classes/SectionControl.lua|PathOfBuildingCommunity|PathOfBuilding|SectionControl.lua|Lua|22|5|2
./src/_00/output/Lua/PathOfBuildingCommunity~PathOfBuilding/src/Export/Classes/SpecColListControl.lua|PathOfBuildingCommunity|PathOfBuilding|SpecColListControl.lua|Lua|22|5|5
./src/_00/output/Lua/PathOfBuildingCommunity~PathOfBuilding/.github/workflows/installer.yml|PathOfBuildingCommunity|PathOfBuilding|installer.yml|YAML|21|0|1
./src/_00/output/Lua/PathOfBuildingCommunity~PathOfBuilding/runtime/lua/sha1/lua53_ops.lua|PathOfBuildingCommunity|PathOfBuilding|lua53_ops.lua|Lua|20|2|7
./src/_00/output/Lua/PathOfBuildingCommunity~PathOfBuilding/src/Data/EnchantmentBelt.lua|PathOfBuildingCommunity|PathOfBuilding|EnchantmentBelt.lua|Lua|19|2|1
./src/_00/output/Lua/PathOfBuildingCommunity~PathOfBuilding/docker-compose.yml|PathOfBuildingCommunity|PathOfBuilding|docker-compose.yml|YAML|17|0|2
./src/_00/output/Lua/PathOfBuildingCommunity~PathOfBuilding/src/Classes/TooltipHost.lua|PathOfBuildingCommunity|PathOfBuilding|TooltipHost.lua|Lua|17|5|1
./src/_00/output/Lua/PathOfBuildingCommunity~PathOfBuilding/runtime/lua/sha1/bit32_ops.lua|PathOfBuildingCommunity|PathOfBuilding|bit32_ops.lua|Lua|16|2|6
./src/_00/output/Lua/PathOfBuildingCommunity~PathOfBuilding/runtime/lua/sha1/bit_ops.lua|PathOfBuildingCommunity|PathOfBuilding|bit_ops.lua|Lua|16|2|6
./src/_00/output/Lua/PathOfBuildingCommunity~PathOfBuilding/spec/System/TestAilments_spec.lua|PathOfBuildingCommunity|PathOfBuilding|TestAilments_spec.lua|Lua|16|3|3
./src/_00/output/Lua/PathOfBuildingCommunity~PathOfBuilding/src/Export/Classes/ScriptListControl.lua|PathOfBuildingCommunity|PathOfBuilding|ScriptListControl.lua|Lua|16|5|2
./src/_00/output/Lua/PathOfBuildingCommunity~PathOfBuilding/src/Modules/PantheonTools.lua|PathOfBuildingCommunity|PathOfBuilding|PantheonTools.lua|Lua|15|2|2
./src/_00/output/Lua/PathOfBuildingCommunity~PathOfBuilding/runtime/lua/sha1/common.lua|PathOfBuildingCommunity|PathOfBuilding|common.lua|Lua|14|2|4
./src/_00/output/Lua/PathOfBuildingCommunity~PathOfBuilding/src/Export/ggpk/README.md|PathOfBuildingCommunity|PathOfBuilding|README.md|Markdown|14|0|4
./src/_00/output/Lua/PathOfBuildingCommunity~PathOfBuilding/docs/calcOffence.md|PathOfBuildingCommunity|PathOfBuilding|calcOffence.md|Markdown|13|0|12
./src/_00/output/Lua/PathOfBuildingCommunity~PathOfBuilding/src/Classes/RectangleOutlineControl.lua|PathOfBuildingCommunity|PathOfBuilding|RectangleOutlineControl.lua|Lua|13|5|1
./src/_00/output/Lua/PathOfBuildingCommunity~PathOfBuilding/src/Classes/LabelControl.lua|PathOfBuildingCommunity|PathOfBuilding|LabelControl.lua|Lua|11|5|1
./src/_00/output/Lua/PathOfBuildingCommunity~PathOfBuilding/.github/pull_request_template.md|PathOfBuildingCommunity|PathOfBuilding|pull_request_template.md|Markdown|9|0|5
./src/_00/output/Lua/PathOfBuildingCommunity~PathOfBuilding/src/Data/Bases/fishing.lua|PathOfBuildingCommunity|PathOfBuilding|fishing.lua|Lua|9|2|1
./src/_00/output/Lua/PathOfBuildingCommunity~PathOfBuilding/src/Data/Uniques/tincture.lua|PathOfBuildingCommunity|PathOfBuilding|tincture.lua|Lua|2|1|2
./src/_00/output/Lua/PathOfBuildingCommunity~PathOfBuilding/src/Export/Tree/tree.lua|PathOfBuildingCommunity|PathOfBuilding|tree.lua|Lua|1|0|0
./src/_00/output/Lua/PathOfBuildingCommunity~PathOfBuilding/src/Export/Tree/tree_in.lua|PathOfBuildingCommunity|PathOfBuilding|tree_in.lua|Lua|1|0|0
./src/_00/output/Lua/PathOfBuildingCommunity~PathOfBuilding/src/TreeData/2_6/tree.lua|PathOfBuildingCommunity|PathOfBuilding|tree.lua|Lua|1|0|0
./src/_00/output/Lua/PathOfBuildingCommunity~PathOfBuilding/src/TreeData/3_6/tree.lua|PathOfBuildingCommunity|PathOfBuilding|tree.lua|Lua|1|0|0
./src/_00/output/Lua/PathOfBuildingCommunity~PathOfBuilding/src/TreeData/3_7/tree.lua|PathOfBuildingCommunity|PathOfBuilding|tree.lua|Lua|1|0|0
./src/_00/output/Lua/PathOfBuildingCommunity~PathOfBuilding/src/TreeData/3_8/tree.lua|PathOfBuildingCommunity|PathOfBuilding|tree.lua|Lua|1|0|0
./src/_00/output/Lua/PathOfBuildingCommunity~PathOfBuilding/src/TreeData/3_9/tree.lua|PathOfBuildingCommunity|PathOfBuilding|tree.lua|Lua|1|0|0
