Unnamed: 0|path|owner|project|file|language|code|comment|blank
0|./src/_00/output/C++/BVLC~caffe/src/gtest/gtest.h|BVLC|caffe|gtest.h|C/C++ Header|12884|4696|1957
1|./src/_00/output/C++/BVLC~caffe/src/gtest/gtest-all.cpp|BVLC|caffe|gtest-all.cpp|C++|5067|2806|1244
2|./src/_00/output/C++/BVLC~caffe/src/caffe/test/test_upgrade_proto.cpp|BVLC|caffe|test_upgrade_proto.cpp|C++|2961|13|19
3|./src/_00/output/C++/BVLC~caffe/src/caffe/test/test_net.cpp|BVLC|caffe|test_net.cpp|C++|2444|64|96
4|./src/_00/output/C++/BVLC~caffe/scripts/cpp_lint.py|BVLC|caffe|cpp_lint.py|Python|2237|1948|688
5|./src/_00/output/C++/BVLC~caffe/src/caffe/test/test_gradient_based_solver.cpp|BVLC|caffe|test_gradient_based_solver.cpp|C++|1115|58|116
6|./src/_00/output/C++/BVLC~caffe/src/caffe/util/upgrade_proto.cpp|BVLC|caffe|upgrade_proto.cpp|C++|1065|32|30
7|./src/_00/output/C++/BVLC~caffe/src/caffe/test/test_convolution_layer.cpp|BVLC|caffe|test_convolution_layer.cpp|C++|997|46|43
8|./src/_00/output/C++/BVLC~caffe/src/caffe/test/test_split_layer.cpp|BVLC|caffe|test_split_layer.cpp|C++|957|5|21
9|./src/_00/output/C++/BVLC~caffe/src/caffe/test/test_pooling_layer.cpp|BVLC|caffe|test_pooling_layer.cpp|C++|951|197|37
10|./src/_00/output/C++/BVLC~caffe/src/caffe/test/test_neuron_layer.cpp|BVLC|caffe|test_neuron_layer.cpp|C++|939|57|85
11|./src/_00/output/C++/BVLC~caffe/src/caffe/net.cpp|BVLC|caffe|net.cpp|C++|889|64|41
12|./src/_00/output/C++/BVLC~caffe/src/caffe/proto/caffe.proto|BVLC|caffe|caffe.proto|Protocol Buffers|714|585|150
13|./src/_00/output/C++/BVLC~caffe/src/caffe/test/test_deconvolution_layer.cpp|BVLC|caffe|test_deconvolution_layer.cpp|C++|513|30|26
14|./src/_00/output/C++/BVLC~caffe/Makefile|BVLC|caffe|Makefile|make|507|110|92
15|./src/_00/output/C++/BVLC~caffe/src/caffe/test/test_filler.cpp|BVLC|caffe|test_filler.cpp|C++|499|7|49
16|./src/_00/output/C++/BVLC~caffe/src/caffe/blob.cpp|BVLC|caffe|blob.cpp|C++|493|19|49
17|./src/_00/output/C++/BVLC~caffe/python/caffe/_caffe.cpp|BVLC|caffe|_caffe.cpp|C++|479|43|60
18|./src/_00/output/C++/BVLC~caffe/matlab/+caffe/private/caffe_.cpp|BVLC|caffe|caffe_.cpp|C++|471|81|53
19|./src/_00/output/C++/BVLC~caffe/src/caffe/data_transformer.cpp|BVLC|caffe|data_transformer.cpp|C++|470|24|51
20|./src/_00/output/C++/BVLC~caffe/src/caffe/test/test_scale_layer.cpp|BVLC|caffe|test_scale_layer.cpp|C++|469|8|30
21|./src/_00/output/C++/BVLC~caffe/src/caffe/util/im2col.cu|BVLC|caffe|im2col.cu|CUDA|467|24|21
22|./src/_00/output/C++/BVLC~caffe/src/caffe/solver.cpp|BVLC|caffe|solver.cpp|C++|435|36|35
23|./src/_00/output/C++/BVLC~caffe/src/caffe/test/test_bias_layer.cpp|BVLC|caffe|test_bias_layer.cpp|C++|431|8|28
24|./src/_00/output/C++/BVLC~caffe/src/caffe/test/test_lrn_layer.cpp|BVLC|caffe|test_lrn_layer.cpp|C++|408|11|31
25|./src/_00/output/C++/BVLC~caffe/src/caffe/test/test_data_layer.cpp|BVLC|caffe|test_data_layer.cpp|C++|398|23|48
26|./src/_00/output/C++/BVLC~caffe/src/caffe/test/test_random_number_generator.cpp|BVLC|caffe|test_random_number_generator.cpp|C++|393|39|88
27|./src/_00/output/C++/BVLC~caffe/tools/caffe.cpp|BVLC|caffe|caffe.cpp|C++|384|29|36
28|./src/_00/output/C++/BVLC~caffe/src/caffe/layers/window_data_layer.cpp|BVLC|caffe|window_data_layer.cpp|C++|373|52|51
29|./src/_00/output/C++/BVLC~caffe/src/caffe/test/test_io.cpp|BVLC|caffe|test_io.cpp|C++|373|0|51
30|./src/_00/output/C++/BVLC~caffe/src/caffe/util/math_functions.cu|BVLC|caffe|math_functions.cu|CUDA|373|23|63
31|./src/_00/output/C++/BVLC~caffe/src/caffe/layers/base_conv_layer.cpp|BVLC|caffe|base_conv_layer.cpp|C++|357|22|18
32|./src/_00/output/C++/BVLC~caffe/src/caffe/test/test_inner_product_layer.cpp|BVLC|caffe|test_inner_product_layer.cpp|C++|353|21|17
33|./src/_00/output/C++/BVLC~caffe/src/caffe/layers/pooling_layer.cu|BVLC|caffe|pooling_layer.cu|CUDA|345|21|20
34|./src/_00/output/C++/BVLC~caffe/src/caffe/solvers/sgd_solver.cpp|BVLC|caffe|sgd_solver.cpp|C++|332|25|18
35|./src/_00/output/C++/BVLC~caffe/src/caffe/test/test_accuracy_layer.cpp|BVLC|caffe|test_accuracy_layer.cpp|C++|327|9|34
36|./src/_00/output/C++/BVLC~caffe/src/caffe/util/math_functions.cpp|BVLC|caffe|math_functions.cpp|C++|319|1|65
37|./src/_00/output/C++/BVLC~caffe/src/caffe/parallel.cpp|BVLC|caffe|parallel.cpp|C++|310|27|34
38|./src/_00/output/C++/BVLC~caffe/src/caffe/layers/pooling_layer.cpp|BVLC|caffe|pooling_layer.cpp|C++|298|20|11
39|./src/_00/output/C++/BVLC~caffe/src/caffe/test/test_data_transformer.cpp|BVLC|caffe|test_data_transformer.cpp|C++|298|5|41
40|./src/_00/output/C++/BVLC~caffe/cmake/Utils.cmake|BVLC|caffe|Utils.cmake|CMake|278|68|36
41|./src/_00/output/C++/BVLC~caffe/docs/stylesheets/styles.css|BVLC|caffe|styles.css|CSS|272|7|69
42|./src/_00/output/C++/BVLC~caffe/src/caffe/test/test_argmax_layer.cpp|BVLC|caffe|test_argmax_layer.cpp|C++|268|8|19
43|./src/_00/output/C++/BVLC~caffe/src/caffe/test/test_memory_data_layer.cpp|BVLC|caffe|test_memory_data_layer.cpp|C++|266|14|19
44|./src/_00/output/C++/BVLC~caffe/src/caffe/layer_factory.cpp|BVLC|caffe|layer_factory.cpp|C++|265|18|26
45|./src/_00/output/C++/BVLC~caffe/examples/02-fine-tuning.ipynb|BVLC|caffe|02-fine-tuning.ipynb|Jupyter Notebook|259|916|0
46|./src/_00/output/C++/BVLC~caffe/src/caffe/test/test_reduction_layer.cpp|BVLC|caffe|test_reduction_layer.cpp|C++|257|1|38
47|./src/_00/output/C++/BVLC~caffe/src/caffe/common.cpp|BVLC|caffe|common.cpp|C++|255|31|39
48|./src/_00/output/C++/BVLC~caffe/docs/tutorial/solver.md|BVLC|caffe|solver.md|Markdown|254|0|87
49|./src/_00/output/C++/BVLC~caffe/src/caffe/layers/cudnn_deconv_layer.cpp|BVLC|caffe|cudnn_deconv_layer.cpp|C++|251|38|38
50|./src/_00/output/C++/BVLC~caffe/src/caffe/test/test_crop_layer.cpp|BVLC|caffe|test_crop_layer.cpp|C++|250|10|23
51|./src/_00/output/C++/BVLC~caffe/src/caffe/test/test_lstm_layer.cpp|BVLC|caffe|test_lstm_layer.cpp|C++|248|9|31
52|./src/_00/output/C++/BVLC~caffe/src/caffe/test/test_blob.cpp|BVLC|caffe|test_blob.cpp|C++|247|22|32
53|./src/_00/output/C++/BVLC~caffe/src/caffe/test/test_reshape_layer.cpp|BVLC|caffe|test_reshape_layer.cpp|C++|235|8|36
54|./src/_00/output/C++/BVLC~caffe/src/caffe/layers/recurrent_layer.cpp|BVLC|caffe|recurrent_layer.cpp|C++|226|37|33
55|./src/_00/output/C++/BVLC~caffe/src/caffe/layers/lrn_layer.cpp|BVLC|caffe|lrn_layer.cpp|C++|221|20|16
56|./src/_00/output/C++/BVLC~caffe/include/caffe/layer.hpp|BVLC|caffe|layer.hpp|C/C++ Header|216|228|33
57|./src/_00/output/C++/BVLC~caffe/examples/mnist/readme.md|BVLC|caffe|readme.md|Markdown|215|0|74
58|./src/_00/output/C++/BVLC~caffe/src/caffe/util/io.cpp|BVLC|caffe|io.cpp|C++|213|3|22
59|./src/_00/output/C++/BVLC~caffe/include/caffe/net.hpp|BVLC|caffe|net.hpp|C/C++ Header|207|113|25
60|./src/_00/output/C++/BVLC~caffe/cmake/Cuda.cmake|BVLC|caffe|Cuda.cmake|CMake|205|43|50
61|./src/_00/output/C++/BVLC~caffe/src/caffe/util/im2col.cpp|BVLC|caffe|im2col.cpp|C++|205|15|14
62|./src/_00/output/C++/BVLC~caffe/src/caffe/layers/infogain_loss_layer.cpp|BVLC|caffe|infogain_loss_layer.cpp|C++|202|11|10
63|./src/_00/output/C++/BVLC~caffe/src/caffe/layers/cudnn_conv_layer.cpp|BVLC|caffe|cudnn_conv_layer.cpp|C++|198|34|37
64|./src/_00/output/C++/BVLC~caffe/src/caffe/layers/scale_layer.cpp|BVLC|caffe|scale_layer.cpp|C++|198|20|9
65|./src/_00/output/C++/BVLC~caffe/python/caffe/io.py|BVLC|caffe|io.py|Python|197|144|48
66|./src/_00/output/C++/BVLC~caffe/include/caffe/test/test_gradient_check_util.hpp|BVLC|caffe|test_gradient_check_util.hpp|C/C++ Header|195|54|17
67|./src/_00/output/C++/BVLC~caffe/src/caffe/layers/batch_norm_layer.cpp|BVLC|caffe|batch_norm_layer.cpp|C++|195|31|25
68|./src/_00/output/C++/BVLC~caffe/include/caffe/filler.hpp|BVLC|caffe|filler.hpp|C/C++ Header|194|89|18
69|./src/_00/output/C++/BVLC~caffe/examples/cpp_classification/classification.cpp|BVLC|caffe|classification.cpp|C++|193|25|47
70|./src/_00/output/C++/BVLC~caffe/src/caffe/test/test_image_data_layer.cpp|BVLC|caffe|test_image_data_layer.cpp|C++|193|11|15
71|./src/_00/output/C++/BVLC~caffe/src/caffe/test/test_eltwise_layer.cpp|BVLC|caffe|test_eltwise_layer.cpp|C++|190|1|18
72|./src/_00/output/C++/BVLC~caffe/src/caffe/test/test_slice_layer.cpp|BVLC|caffe|test_slice_layer.cpp|C++|188|8|19
73|./src/_00/output/C++/BVLC~caffe/include/caffe/util/math_functions.hpp|BVLC|caffe|math_functions.hpp|C/C++ Header|186|26|72
74|./src/_00/output/C++/BVLC~caffe/src/caffe/util/hdf5.cpp|BVLC|caffe|hdf5.cpp|C++|186|6|19
75|./src/_00/output/C++/BVLC~caffe/src/caffe/test/test_concat_layer.cpp|BVLC|caffe|test_concat_layer.cpp|C++|183|4|20
76|./src/_00/output/C++/BVLC~caffe/src/caffe/layers/spp_layer.cpp|BVLC|caffe|spp_layer.cpp|C++|182|18|28
77|./src/_00/output/C++/BVLC~caffe/src/caffe/test/test_rnn_layer.cpp|BVLC|caffe|test_rnn_layer.cpp|C++|182|10|25
78|./src/_00/output/C++/BVLC~caffe/src/caffe/layers/rnn_layer.cpp|BVLC|caffe|rnn_layer.cpp|C++|181|24|31
79|./src/_00/output/C++/BVLC~caffe/src/caffe/layers/lstm_layer.cpp|BVLC|caffe|lstm_layer.cpp|C++|180|32|32
80|./src/_00/output/C++/BVLC~caffe/src/caffe/layers/im2col_layer.cpp|BVLC|caffe|im2col_layer.cpp|C++|179|4|10
81|./src/_00/output/C++/BVLC~caffe/docs/tutorial/interfaces.md|BVLC|caffe|interfaces.md|Markdown|176|0|110
82|./src/_00/output/C++/BVLC~caffe/python/caffe/test/test_net.py|BVLC|caffe|test_net.py|Python|174|167|48
83|./src/_00/output/C++/BVLC~caffe/examples/web_demo/app.py|BVLC|caffe|app.py|Python|173|16|38
84|./src/_00/output/C++/BVLC~caffe/python/caffe/pycaffe.py|BVLC|caffe|pycaffe.py|Python|172|119|54
85|./src/_00/output/C++/BVLC~caffe/src/caffe/test/test_im2col_kernel.cu|BVLC|caffe|test_im2col_kernel.cu|CUDA|172|14|27
86|./src/_00/output/C++/BVLC~caffe/src/caffe/layers/lrn_layer.cu|BVLC|caffe|lrn_layer.cu|CUDA|171|16|15
87|./src/_00/output/C++/BVLC~caffe/src/caffe/test/test_math_functions.cpp|BVLC|caffe|test_math_functions.cpp|C++|170|3|30
88|./src/_00/output/C++/BVLC~caffe/src/caffe/syncedmem.cpp|BVLC|caffe|syncedmem.cpp|C++|169|1|16
89|./src/_00/output/C++/BVLC~caffe/src/caffe/test/test_dummy_data_layer.cpp|BVLC|caffe|test_dummy_data_layer.cpp|C++|168|10|15
90|./src/_00/output/C++/BVLC~caffe/src/caffe/test/test_embed_layer.cpp|BVLC|caffe|test_embed_layer.cpp|C++|165|1|12
91|./src/_00/output/C++/BVLC~caffe/include/caffe/blob.hpp|BVLC|caffe|blob.hpp|C/C++ Header|161|94|27
92|./src/_00/output/C++/BVLC~caffe/src/caffe/test/test_im2col_layer.cpp|BVLC|caffe|test_im2col_layer.cpp|C++|160|3|15
93|./src/_00/output/C++/BVLC~caffe/python/caffe/draw.py|BVLC|caffe|draw.py|Python|156|113|45
94|./src/_00/output/C++/BVLC~caffe/cmake/Dependencies.cmake|BVLC|caffe|Dependencies.cmake|CMake|153|31|27
95|./src/_00/output/C++/BVLC~caffe/examples/siamese/readme.md|BVLC|caffe|readme.md|Markdown|151|0|36
96|./src/_00/output/C++/BVLC~caffe/src/caffe/util/benchmark.cpp|BVLC|caffe|benchmark.cpp|C++|151|1|17
97|./src/_00/output/C++/BVLC~caffe/include/caffe/util/cudnn.hpp|BVLC|caffe|cudnn.hpp|C/C++ Header|150|0|19
98|./src/_00/output/C++/BVLC~caffe/tools/extra/plot_training_log.py.example|BVLC|caffe|plot_training_log.py.example|Python|150|15|19
99|./src/_00/output/C++/BVLC~caffe/examples/01-learning-lenet.ipynb|BVLC|caffe|01-learning-lenet.ipynb|Jupyter Notebook|147|1141|0
100|./src/_00/output/C++/BVLC~caffe/src/caffe/layers/eltwise_layer.cpp|BVLC|caffe|eltwise_layer.cpp|C++|147|6|9
101|./src/_00/output/C++/BVLC~caffe/src/caffe/layers/hdf5_data_layer.cpp|BVLC|caffe|hdf5_data_layer.cpp|C++|146|20|22
102|./src/_00/output/C++/BVLC~caffe/src/caffe/test/test_power_layer.cpp|BVLC|caffe|test_power_layer.cpp|C++|146|3|21
103|./src/_00/output/C++/BVLC~caffe/src/caffe/test/test_mvn_layer.cpp|BVLC|caffe|test_mvn_layer.cpp|C++|145|9|18
104|./src/_00/output/C++/BVLC~caffe/src/caffe/test/test_stochastic_pooling.cpp|BVLC|caffe|test_stochastic_pooling.cpp|C++|145|8|22
105|./src/_00/output/C++/BVLC~caffe/cmake/Summary.cmake|BVLC|caffe|Summary.cmake|CMake|144|21|15
106|./src/_00/output/C++/BVLC~caffe/src/caffe/layers/image_data_layer.cpp|BVLC|caffe|image_data_layer.cpp|C++|144|17|18
107|./src/_00/output/C++/BVLC~caffe/src/caffe/test/test_tile_layer.cpp|BVLC|caffe|test_tile_layer.cpp|C++|144|0|17
108|./src/_00/output/C++/BVLC~caffe/src/caffe/layers/softmax_loss_layer.cpp|BVLC|caffe|softmax_loss_layer.cpp|C++|142|5|11
109|./src/_00/output/C++/BVLC~caffe/cmake/Modules/FindLAPACK.cmake|BVLC|caffe|FindLAPACK.cmake|CMake|139|32|19
110|./src/_00/output/C++/BVLC~caffe/include/caffe/layers/base_conv_layer.hpp|BVLC|caffe|base_conv_layer.hpp|C/C++ Header|139|19|16
111|./src/_00/output/C++/BVLC~caffe/src/caffe/layers/lstm_unit_layer.cu|BVLC|caffe|lstm_unit_layer.cu|CUDA|139|2|13
112|./src/_00/output/C++/BVLC~caffe/python/caffe/net_spec.py|BVLC|caffe|net_spec.py|Python|138|46|46
113|./src/_00/output/C++/BVLC~caffe/tools/extract_features.cpp|BVLC|caffe|extract_features.cpp|C++|136|29|18
114|./src/_00/output/C++/BVLC~caffe/examples/finetune_flickr_style/readme.md|BVLC|caffe|readme.md|Markdown|133|0|36
115|./src/_00/output/C++/BVLC~caffe/examples/brewing-logreg.ipynb|BVLC|caffe|brewing-logreg.ipynb|Jupyter Notebook|131|1033|0
116|./src/_00/output/C++/BVLC~caffe/python/detect.py|BVLC|caffe|detect.py|Python|131|24|18
117|./src/_00/output/C++/BVLC~caffe/src/caffe/test/test_softmax_layer.cpp|BVLC|caffe|test_softmax_layer.cpp|C++|131|6|15
118|./src/_00/output/C++/BVLC~caffe/src/caffe/test/test_hdf5data_layer.cpp|BVLC|caffe|test_hdf5data_layer.cpp|C++|129|12|26
119|./src/_00/output/C++/BVLC~caffe/src/caffe/test/test_sigmoid_cross_entropy_loss_layer.cpp|BVLC|caffe|test_sigmoid_cross_entropy_loss_layer.cpp|C++|127|6|15
120|./src/_00/output/C++/BVLC~caffe/python/caffe/test/test_coord_map.py|BVLC|caffe|test_coord_map.py|Python|126|49|17
121|./src/_00/output/C++/BVLC~caffe/src/caffe/test/test_contrastive_loss_layer.cpp|BVLC|caffe|test_contrastive_loss_layer.cpp|C++|126|5|13
122|./src/_00/output/C++/BVLC~caffe/src/caffe/layers/inner_product_layer.cpp|BVLC|caffe|inner_product_layer.cpp|C++|125|16|9
123|./src/_00/output/C++/BVLC~caffe/docs/tutorial/net_layer_blob.md|BVLC|caffe|net_layer_blob.md|Markdown|124|0|44
124|./src/_00/output/C++/BVLC~caffe/include/caffe/common.hpp|BVLC|caffe|common.hpp|C/C++ Header|124|40|29
125|./src/_00/output/C++/BVLC~caffe/tools/convert_imageset.cpp|BVLC|caffe|convert_imageset.cpp|C++|123|18|18
126|./src/_00/output/C++/BVLC~caffe/src/caffe/layers/eltwise_layer.cu|BVLC|caffe|eltwise_layer.cu|CUDA|122|4|8
127|./src/_00/output/C++/BVLC~caffe/src/caffe/test/test_infogain_loss_layer.cpp|BVLC|caffe|test_infogain_loss_layer.cpp|C++|122|6|10
128|./src/_00/output/C++/BVLC~caffe/examples/web_demo/templates/index.html|BVLC|caffe|index.html|HTML|121|4|13
129|./src/_00/output/C++/BVLC~caffe/src/caffe/layers/batch_norm_layer.cu|BVLC|caffe|batch_norm_layer.cu|CUDA|121|29|21
130|./src/_00/output/C++/BVLC~caffe/src/caffe/layers/accuracy_layer.cu|BVLC|caffe|accuracy_layer.cu|CUDA|120|13|15
131|./src/_00/output/C++/BVLC~caffe/src/caffe/layers/crop_layer.cpp|BVLC|caffe|crop_layer.cpp|C++|119|18|15
132|./src/_00/output/C++/BVLC~caffe/src/caffe/layers/lstm_unit_layer.cpp|BVLC|caffe|lstm_unit_layer.cpp|C++|119|0|11
133|./src/_00/output/C++/BVLC~caffe/src/caffe/layers/sigmoid_cross_entropy_loss_layer.cpp|BVLC|caffe|sigmoid_cross_entropy_loss_layer.cpp|C++|119|10|11
134|./src/_00/output/C++/BVLC~caffe/tools/extra/parse_log.py|BVLC|caffe|parse_log.py|Python|119|41|50
135|./src/_00/output/C++/BVLC~caffe/docs/install_apt_debian.md|BVLC|caffe|install_apt_debian.md|Markdown|118|0|45
136|./src/_00/output/C++/BVLC~caffe/src/caffe/layers/scale_layer.cu|BVLC|caffe|scale_layer.cu|CUDA|118|9|8
137|./src/_00/output/C++/BVLC~caffe/src/caffe/layers/softmax_layer.cu|BVLC|caffe|softmax_layer.cu|CUDA|118|16|14
138|./src/_00/output/C++/BVLC~caffe/include/caffe/util/io.hpp|BVLC|caffe|io.hpp|C/C++ Header|116|0|36
139|./src/_00/output/C++/BVLC~caffe/src/caffe/test/test_db.cpp|BVLC|caffe|test_db.cpp|C++|116|1|19
140|./src/_00/output/C++/BVLC~caffe/src/caffe/layers/base_data_layer.cpp|BVLC|caffe|base_data_layer.cpp|C++|115|8|13
141|./src/_00/output/C++/BVLC~caffe/src/caffe/layers/slice_layer.cpp|BVLC|caffe|slice_layer.cpp|C++|115|2|9
142|./src/_00/output/C++/BVLC~caffe/examples/mnist/convert_mnist_data.cpp|BVLC|caffe|convert_mnist_data.cpp|C++|114|11|22
143|./src/_00/output/C++/BVLC~caffe/src/caffe/test/test_maxpool_dropout_layers.cpp|BVLC|caffe|test_maxpool_dropout_layers.cpp|C++|113|3|11
144|./src/_00/output/C++/BVLC~caffe/src/caffe/util/insert_splits.cpp|BVLC|caffe|insert_splits.cpp|C++|113|6|7
145|./src/_00/output/C++/BVLC~caffe/cmake/Targets.cmake|BVLC|caffe|Targets.cmake|CMake|112|44|18
146|./src/_00/output/C++/BVLC~caffe/python/caffe/detector.py|BVLC|caffe|detector.py|Python|112|79|25
147|./src/_00/output/C++/BVLC~caffe/python/classify.py|BVLC|caffe|classify.py|Python|112|11|15
148|./src/_00/output/C++/BVLC~caffe/src/caffe/layers/cudnn_deconv_layer.cu|BVLC|caffe|cudnn_deconv_layer.cu|CUDA|112|13|13
149|./src/_00/output/C++/BVLC~caffe/src/caffe/layers/reduction_layer.cpp|BVLC|caffe|reduction_layer.cpp|C++|112|8|9
150|./src/_00/output/C++/BVLC~caffe/src/caffe/layers/contrastive_loss_layer.cpp|BVLC|caffe|contrastive_loss_layer.cpp|C++|111|1|8
151|./src/_00/output/C++/BVLC~caffe/src/caffe/layers/prelu_layer.cpp|BVLC|caffe|prelu_layer.cpp|C++|111|13|17
152|./src/_00/output/C++/BVLC~caffe/examples/pycaffe/layers/pascal_multilabel_datalayers.py|BVLC|caffe|pascal_multilabel_datalayers.py|Python|109|61|46
153|./src/_00/output/C++/BVLC~caffe/src/caffe/layers/data_layer.cpp|BVLC|caffe|data_layer.cpp|C++|109|12|15
154|./src/_00/output/C++/BVLC~caffe/src/caffe/test/test_util_blas.cpp|BVLC|caffe|test_util_blas.cpp|C++|109|5|18
155|./src/_00/output/C++/BVLC~caffe/examples/pascal-multilabel-with-datalayer.ipynb|BVLC|caffe|pascal-multilabel-with-datalayer.ipynb|Jupyter Notebook|108|371|0
156|./src/_00/output/C++/BVLC~caffe/matlab/+caffe/Net.m|BVLC|caffe|Net.m|MATLAB|108|22|8
157|./src/_00/output/C++/BVLC~caffe/examples/siamese/convert_mnist_siamese_data.cpp|BVLC|caffe|convert_mnist_siamese_data.cpp|C++|107|10|12
158|./src/_00/output/C++/BVLC~caffe/include/caffe/sgd_solvers.hpp|BVLC|caffe|sgd_solvers.hpp|C/C++ Header|107|16|26
159|./src/_00/output/C++/BVLC~caffe/python/caffe/test/test_python_layer.py|BVLC|caffe|test_python_layer.py|Python|107|25|36
160|./src/_00/output/C++/BVLC~caffe/src/caffe/layers/mvn_layer.cpp|BVLC|caffe|mvn_layer.cpp|C++|107|4|23
161|./src/_00/output/C++/BVLC~caffe/src/caffe/layers/bias_layer.cpp|BVLC|caffe|bias_layer.cpp|C++|106|6|9
162|./src/_00/output/C++/BVLC~caffe/src/caffe/test/test_batch_norm_layer.cpp|BVLC|caffe|test_batch_norm_layer.cpp|C++|106|7|20
163|./src/_00/output/C++/BVLC~caffe/tools/compute_image_mean.cpp|BVLC|caffe|compute_image_mean.cpp|C++|106|3|16
164|./src/_00/output/C++/BVLC~caffe/src/caffe/layers/softmax_loss_layer.cu|BVLC|caffe|softmax_loss_layer.cu|CUDA|105|13|12
165|./src/_00/output/C++/BVLC~caffe/src/caffe/layers/memory_data_layer.cpp|BVLC|caffe|memory_data_layer.cpp|C++|104|8|11
166|./src/_00/output/C++/BVLC~caffe/src/caffe/test/test_hdf5_output_layer.cpp|BVLC|caffe|test_hdf5_output_layer.cpp|C++|104|3|17
167|./src/_00/output/C++/BVLC~caffe/tools/extra/summarize.py|BVLC|caffe|summarize.py|Python|104|14|22
168|./src/_00/output/C++/BVLC~caffe/src/caffe/test/test_filter_layer.cpp|BVLC|caffe|test_filter_layer.cpp|C++|103|10|13
169|./src/_00/output/C++/BVLC~caffe/src/caffe/layers/embed_layer.cpp|BVLC|caffe|embed_layer.cpp|C++|102|8|9
170|./src/_00/output/C++/BVLC~caffe/src/caffe/test/test_spp_layer.cpp|BVLC|caffe|test_spp_layer.cpp|C++|102|16|16
171|./src/_00/output/C++/BVLC~caffe/examples/detection.ipynb|BVLC|caffe|detection.ipynb|Jupyter Notebook|101|8291|0
172|./src/_00/output/C++/BVLC~caffe/src/caffe/layers/contrastive_loss_layer.cu|BVLC|caffe|contrastive_loss_layer.cu|CUDA|101|1|7
173|./src/_00/output/C++/BVLC~caffe/src/caffe/layers/filter_layer.cpp|BVLC|caffe|filter_layer.cpp|C++|101|13|11
174|./src/_00/output/C++/BVLC~caffe/src/caffe/test/test_batch_reindex_layer.cpp|BVLC|caffe|test_batch_reindex_layer.cpp|C++|101|1|16
175|./src/_00/output/C++/BVLC~caffe/src/caffe/test/test_syncedmem.cpp|BVLC|caffe|test_syncedmem.cpp|C++|101|4|20
176|./src/_00/output/C++/BVLC~caffe/src/caffe/layers/prelu_layer.cu|BVLC|caffe|prelu_layer.cu|CUDA|98|14|16
177|./src/_00/output/C++/BVLC~caffe/docs/tutorial/layers.md|BVLC|caffe|layers.md|Markdown|97|0|39
178|./src/_00/output/C++/BVLC~caffe/src/caffe/test/test_solver.cpp|BVLC|caffe|test_solver.cpp|C++|97|1|11
179|./src/_00/output/C++/BVLC~caffe/python/caffe/coord_map.py|BVLC|caffe|coord_map.py|Python|96|64|25
180|./src/_00/output/C++/BVLC~caffe/docs/installation.md|BVLC|caffe|installation.md|Markdown|95|0|51
181|./src/_00/output/C++/BVLC~caffe/src/caffe/test/test_flatten_layer.cpp|BVLC|caffe|test_flatten_layer.cpp|C++|94|1|13
182|./src/_00/output/C++/BVLC~caffe/examples/00-classification.ipynb|BVLC|caffe|00-classification.ipynb|Jupyter Notebook|93|687|0
183|./src/_00/output/C++/BVLC~caffe/src/caffe/layers/accuracy_layer.cpp|BVLC|caffe|accuracy_layer.cpp|C++|92|5|10
184|./src/_00/output/C++/BVLC~caffe/src/caffe/layers/concat_layer.cpp|BVLC|caffe|concat_layer.cpp|C++|92|3|9
185|./src/_00/output/C++/BVLC~caffe/src/caffe/layers/cudnn_conv_layer.cu|BVLC|caffe|cudnn_conv_layer.cu|CUDA|92|13|13
186|./src/_00/output/C++/BVLC~caffe/src/caffe/layers/dummy_data_layer.cpp|BVLC|caffe|dummy_data_layer.cpp|C++|92|15|7
187|./src/_00/output/C++/BVLC~caffe/docs/install_osx.md|BVLC|caffe|install_osx.md|Markdown|91|0|37
188|./src/_00/output/C++/BVLC~caffe/matlab/+caffe/+test/test_net.m|BVLC|caffe|test_net.m|MATLAB|90|2|4
189|./src/_00/output/C++/BVLC~caffe/src/caffe/test/test_softmax_with_loss_layer.cpp|BVLC|caffe|test_softmax_with_loss_layer.cpp|C++|90|5|13
190|./src/_00/output/C++/BVLC~caffe/examples/cifar10/convert_cifar_data.cpp|BVLC|caffe|convert_cifar_data.cpp|C++|89|10|11
191|./src/_00/output/C++/BVLC~caffe/scripts/travis/install-deps.sh|BVLC|caffe|install-deps.sh|Bourne Shell|88|10|14
192|./src/_00/output/C++/BVLC~caffe/src/caffe/layers/reshape_layer.cpp|BVLC|caffe|reshape_layer.cpp|C++|88|2|6
193|./src/_00/output/C++/BVLC~caffe/src/caffe/util/db_lmdb.cpp|BVLC|caffe|db_lmdb.cpp|C++|88|10|15
194|./src/_00/output/C++/BVLC~caffe/src/caffe/layers/argmax_layer.cpp|BVLC|caffe|argmax_layer.cpp|C++|87|7|7
195|./src/_00/output/C++/BVLC~caffe/src/caffe/layers/batch_reindex_layer.cu|BVLC|caffe|batch_reindex_layer.cu|CUDA|86|9|11
196|./src/_00/output/C++/BVLC~caffe/tools/extra/resize_and_crop_images.py|BVLC|caffe|resize_and_crop_images.py|Python|86|14|9
197|./src/_00/output/C++/BVLC~caffe/src/caffe/layers/sigmoid_cross_entropy_loss_layer.cu|BVLC|caffe|sigmoid_cross_entropy_loss_layer.cu|CUDA|84|12|11
198|./src/_00/output/C++/BVLC~caffe/src/caffe/solvers/adadelta_solver.cpp|BVLC|caffe|adadelta_solver.cpp|C++|84|11|17
199|./src/_00/output/C++/BVLC~caffe/src/caffe/test/test_threshold_layer.cpp|BVLC|caffe|test_threshold_layer.cpp|C++|84|3|11
200|./src/_00/output/C++/BVLC~caffe/src/caffe/util/signal_handler.cpp|BVLC|caffe|signal_handler.cpp|C++|84|15|16
201|./src/_00/output/C++/BVLC~caffe/src/caffe/layers/mvn_layer.cu|BVLC|caffe|mvn_layer.cu|CUDA|83|4|23
202|./src/_00/output/C++/BVLC~caffe/src/caffe/layers/power_layer.cpp|BVLC|caffe|power_layer.cpp|C++|83|11|8
203|./src/_00/output/C++/BVLC~caffe/examples/net_surgery.ipynb|BVLC|caffe|net_surgery.ipynb|Jupyter Notebook|81|6820|0
204|./src/_00/output/C++/BVLC~caffe/include/caffe/layer_factory.hpp|BVLC|caffe|layer_factory.hpp|C/C++ Header|81|42|18
205|./src/_00/output/C++/BVLC~caffe/src/caffe/layers/reduction_layer.cu|BVLC|caffe|reduction_layer.cu|CUDA|81|4|6
206|./src/_00/output/C++/BVLC~caffe/docs/development.md|BVLC|caffe|development.md|Markdown|80|0|40
207|./src/_00/output/C++/BVLC~caffe/include/caffe/solver.hpp|BVLC|caffe|solver.hpp|C/C++ Header|80|40|18
208|./src/_00/output/C++/BVLC~caffe/include/caffe/util/db_lmdb.hpp|BVLC|caffe|db_lmdb.hpp|C/C++ Header|80|0|16
209|./src/_00/output/C++/BVLC~caffe/include/caffe/util/mkl_alternate.hpp|BVLC|caffe|mkl_alternate.hpp|C/C++ Header|79|10|14
210|./src/_00/output/C++/BVLC~caffe/src/caffe/test/test_tanh_layer.cpp|BVLC|caffe|test_tanh_layer.cpp|C++|79|5|17
211|./src/_00/output/C++/BVLC~caffe/examples/finetune_flickr_style/assemble_data.py|BVLC|caffe|assemble_data.py|Python|78|9|11
212|./src/_00/output/C++/BVLC~caffe/include/caffe/parallel.hpp|BVLC|caffe|parallel.hpp|C/C++ Header|78|22|23
213|./src/_00/output/C++/BVLC~caffe/include/caffe/solver_factory.hpp|BVLC|caffe|solver_factory.hpp|C/C++ Header|78|41|18
214|./src/_00/output/C++/BVLC~caffe/CMakeLists.txt|BVLC|caffe|CMakeLists.txt|CMake|77|23|25
215|./src/_00/output/C++/BVLC~caffe/python/train.py|BVLC|caffe|train.py|Python|77|4|19
216|./src/_00/output/C++/BVLC~caffe/src/caffe/layers/embed_layer.cu|BVLC|caffe|embed_layer.cu|CUDA|77|0|9
217|./src/_00/output/C++/BVLC~caffe/src/caffe/test/test_benchmark.cpp|BVLC|caffe|test_benchmark.cpp|C++|77|0|13
218|./src/_00/output/C++/BVLC~caffe/src/caffe/layers/softmax_layer.cpp|BVLC|caffe|softmax_layer.cpp|C++|76|10|9
219|./src/_00/output/C++/BVLC~caffe/src/caffe/layers/crop_layer.cu|BVLC|caffe|crop_layer.cu|CUDA|75|2|10
220|./src/_00/output/C++/BVLC~caffe/src/caffe/layers/log_layer.cpp|BVLC|caffe|log_layer.cpp|C++|75|2|8
221|./src/_00/output/C++/BVLC~caffe/src/caffe/solvers/adam_solver.cpp|BVLC|caffe|adam_solver.cpp|C++|75|6|13
222|./src/_00/output/C++/BVLC~caffe/docs/index.md|BVLC|caffe|index.md|Markdown|73|0|28
223|./src/_00/output/C++/BVLC~caffe/include/caffe/layers/lrn_layer.hpp|BVLC|caffe|lrn_layer.hpp|C/C++ Header|73|8|13
224|./src/_00/output/C++/BVLC~caffe/include/caffe/layers/recurrent_layer.hpp|BVLC|caffe|recurrent_layer.hpp|C/C++ Header|73|92|22
225|./src/_00/output/C++/BVLC~caffe/python/caffe/test/test_net_spec.py|BVLC|caffe|test_net_spec.py|Python|73|6|10
226|./src/_00/output/C++/BVLC~caffe/cmake/Modules/FindMKL.cmake|BVLC|caffe|FindMKL.cmake|CMake|71|17|22
227|./src/_00/output/C++/BVLC~caffe/src/caffe/util/blocking_queue.cpp|BVLC|caffe|blocking_queue.cpp|C++|71|0|20
228|./src/_00/output/C++/BVLC~caffe/include/caffe/syncedmem.hpp|BVLC|caffe|syncedmem.hpp|C/C++ Header|70|11|14
229|./src/_00/output/C++/BVLC~caffe/src/caffe/layers/deconv_layer.cpp|BVLC|caffe|deconv_layer.cpp|C++|70|5|8
230|./src/_00/output/C++/BVLC~caffe/src/caffe/layers/inner_product_layer.cu|BVLC|caffe|inner_product_layer.cu|CUDA|70|3|6
231|./src/_00/output/C++/BVLC~caffe/src/caffe/test/test_euclidean_loss_layer.cpp|BVLC|caffe|test_euclidean_loss_layer.cpp|C++|70|6|13
232|./src/_00/output/C++/BVLC~caffe/src/caffe/layers/batch_reindex_layer.cpp|BVLC|caffe|batch_reindex_layer.cpp|C++|69|0|9
233|./src/_00/output/C++/BVLC~caffe/src/caffe/layers/conv_layer.cpp|BVLC|caffe|conv_layer.cpp|C++|69|4|8
234|./src/_00/output/C++/BVLC~caffe/src/caffe/layers/hinge_loss_layer.cpp|BVLC|caffe|hinge_loss_layer.cpp|C++|69|0|9
235|./src/_00/output/C++/BVLC~caffe/docs/stylesheets/pygment_trac.css|BVLC|caffe|pygment_trac.css|CSS|68|0|1
236|./src/_00/output/C++/BVLC~caffe/src/caffe/layers/power_layer.cu|BVLC|caffe|power_layer.cu|CUDA|68|10|7
237|./src/_00/output/C++/BVLC~caffe/cmake/ProtoBuf.cmake|BVLC|caffe|ProtoBuf.cmake|CMake|67|11|12
238|./src/_00/output/C++/BVLC~caffe/docs/CMakeLists.txt|BVLC|caffe|CMakeLists.txt|CMake|67|20|19
239|./src/_00/output/C++/BVLC~caffe/include/caffe/util/device_alternate.hpp|BVLC|caffe|device_alternate.hpp|C/C++ Header|67|10|19
240|./src/_00/output/C++/BVLC~caffe/examples/cpp_classification/readme.md|BVLC|caffe|readme.md|Markdown|66|0|11
241|./src/_00/output/C++/BVLC~caffe/examples/imagenet/readme.md|BVLC|caffe|readme.md|Markdown|66|0|39
242|./src/_00/output/C++/BVLC~caffe/src/caffe/layers/concat_layer.cu|BVLC|caffe|concat_layer.cu|CUDA|66|0|7
243|./src/_00/output/C++/BVLC~caffe/examples/cifar10/readme.md|BVLC|caffe|readme.md|Markdown|65|0|32
244|./src/_00/output/C++/BVLC~caffe/include/caffe/util/db_leveldb.hpp|BVLC|caffe|db_leveldb.hpp|C/C++ Header|64|0|14
245|./src/_00/output/C++/BVLC~caffe/src/caffe/layers/slice_layer.cu|BVLC|caffe|slice_layer.cu|CUDA|64|0|7
246|./src/_00/output/C++/BVLC~caffe/docs/tutorial/data.md|BVLC|caffe|data.md|Markdown|63|0|15
247|./src/_00/output/C++/BVLC~caffe/matlab/+caffe/Blob.m|BVLC|caffe|Blob.m|MATLAB|63|11|4
248|./src/_00/output/C++/BVLC~caffe/src/caffe/layers/cudnn_relu_layer.cu|BVLC|caffe|cudnn_relu_layer.cu|CUDA|63|2|9
249|./src/_00/output/C++/BVLC~caffe/src/caffe/layers/hdf5_output_layer.cpp|BVLC|caffe|hdf5_output_layer.cpp|C++|63|1|12
250|./src/_00/output/C++/BVLC~caffe/src/caffe/test/test_hinge_loss_layer.cpp|BVLC|caffe|test_hinge_loss_layer.cpp|C++|61|2|11
251|./src/_00/output/C++/BVLC~caffe/examples/pycaffe/tools.py|BVLC|caffe|tools.py|Python|60|36|25
252|./src/_00/output/C++/BVLC~caffe/src/caffe/layers/dropout_layer.cpp|BVLC|caffe|dropout_layer.cpp|C++|60|4|11
253|./src/_00/output/C++/BVLC~caffe/matlab/demo/classification_demo.m|BVLC|caffe|classification_demo.m|MATLAB|59|74|15
254|./src/_00/output/C++/BVLC~caffe/src/caffe/layers/dropout_layer.cu|BVLC|caffe|dropout_layer.cu|CUDA|59|3|8
255|./src/_00/output/C++/BVLC~caffe/src/caffe/layers/swish_layer.cpp|BVLC|caffe|swish_layer.cpp|C++|59|0|9
256|./src/_00/output/C++/BVLC~caffe/src/caffe/layers/exp_layer.cpp|BVLC|caffe|exp_layer.cpp|C++|58|2|8
257|./src/_00/output/C++/BVLC~caffe/src/caffe/layers/filter_layer.cu|BVLC|caffe|filter_layer.cu|CUDA|58|5|6
258|./src/_00/output/C++/BVLC~caffe/src/caffe/layers/tile_layer.cu|BVLC|caffe|tile_layer.cu|CUDA|58|0|8
259|./src/_00/output/C++/BVLC~caffe/src/caffe/layers/cudnn_sigmoid_layer.cu|BVLC|caffe|cudnn_sigmoid_layer.cu|CUDA|57|0|7
260|./src/_00/output/C++/BVLC~caffe/src/caffe/layers/cudnn_tanh_layer.cu|BVLC|caffe|cudnn_tanh_layer.cu|CUDA|57|0|8
261|./src/_00/output/C++/BVLC~caffe/src/caffe/layers/multinomial_logistic_loss_layer.cpp|BVLC|caffe|multinomial_logistic_loss_layer.cpp|C++|57|0|7
262|./src/_00/output/C++/BVLC~caffe/include/caffe/layers/base_data_layer.hpp|BVLC|caffe|base_data_layer.hpp|C/C++ Header|56|12|14
263|./src/_00/output/C++/BVLC~caffe/scripts/download_model_binary.py|BVLC|caffe|download_model_binary.py|Python|56|7|14
264|./src/_00/output/C++/BVLC~caffe/src/caffe/internal_thread.cpp|BVLC|caffe|internal_thread.cpp|C++|56|0|12
265|./src/_00/output/C++/BVLC~caffe/docs/install_apt.md|BVLC|caffe|install_apt.md|Markdown|55|0|27
266|./src/_00/output/C++/BVLC~caffe/docs/tutorial/layers/convolution.md|BVLC|caffe|convolution.md|Markdown|55|0|8
267|./src/_00/output/C++/BVLC~caffe/include/caffe/test/test_caffe_main.hpp|BVLC|caffe|test_caffe_main.hpp|C/C++ Header|55|2|20
268|./src/_00/output/C++/BVLC~caffe/src/caffe/layers/im2col_layer.cu|BVLC|caffe|im2col_layer.cu|CUDA|55|0|7
269|./src/_00/output/C++/BVLC~caffe/src/caffe/test/test_data/generate_sample_data.py|BVLC|caffe|generate_sample_data.py|Python|55|9|17
270|./src/_00/output/C++/BVLC~caffe/CONTRIBUTING.md|BVLC|caffe|CONTRIBUTING.md|Markdown|54|0|18
271|./src/_00/output/C++/BVLC~caffe/examples/mnist/train_lenet_docker.sh|BVLC|caffe|train_lenet_docker.sh|Bourne Shell|54|56|9
272|./src/_00/output/C++/BVLC~caffe/src/caffe/layers/clip_layer.cu|BVLC|caffe|clip_layer.cu|CUDA|54|2|11
273|./src/_00/output/C++/BVLC~caffe/src/caffe/solvers/adagrad_solver.cpp|BVLC|caffe|adagrad_solver.cpp|C++|54|4|11
274|./src/_00/output/C++/BVLC~caffe/include/caffe/layers/lstm_layer.hpp|BVLC|caffe|lstm_layer.hpp|C/C++ Header|53|86|15
275|./src/_00/output/C++/BVLC~caffe/python/caffe/test/test_solver.py|BVLC|caffe|test_solver.py|Python|53|11|9
276|./src/_00/output/C++/BVLC~caffe/src/caffe/layers/tile_layer.cpp|BVLC|caffe|tile_layer.cpp|C++|53|0|8
277|./src/_00/output/C++/BVLC~caffe/tools/extra/extract_seconds.py|BVLC|caffe|extract_seconds.py|Python|53|6|13
278|./src/_00/output/C++/BVLC~caffe/cmake/Modules/FindOpenBLAS.cmake|BVLC|caffe|FindOpenBLAS.cmake|CMake|52|2|10
279|./src/_00/output/C++/BVLC~caffe/docs/_layouts/default.html|BVLC|caffe|default.html|HTML|52|4|6
280|./src/_00/output/C++/BVLC~caffe/include/caffe/layers/crop_layer.hpp|BVLC|caffe|crop_layer.hpp|C/C++ Header|52|15|11
281|./src/_00/output/C++/BVLC~caffe/python/caffe/classifier.py|BVLC|caffe|classifier.py|Python|52|32|14
282|./src/_00/output/C++/BVLC~caffe/src/caffe/layers/deconv_layer.cu|BVLC|caffe|deconv_layer.cu|CUDA|52|3|6
283|./src/_00/output/C++/BVLC~caffe/src/caffe/solvers/rmsprop_solver.cpp|BVLC|caffe|rmsprop_solver.cpp|C++|52|5|13
284|./src/_00/output/C++/BVLC~caffe/src/caffe/layers/bias_layer.cu|BVLC|caffe|bias_layer.cu|CUDA|51|1|7
285|./src/_00/output/C++/BVLC~caffe/src/caffe/layers/conv_layer.cu|BVLC|caffe|conv_layer.cu|CUDA|51|3|6
286|./src/_00/output/C++/BVLC~caffe/matlab/CMakeLists.txt|BVLC|caffe|CMakeLists.txt|CMake|50|7|15
287|./src/_00/output/C++/BVLC~caffe/src/caffe/layers/cudnn_lcn_layer.cpp|BVLC|caffe|cudnn_lcn_layer.cpp|C++|50|6|17
288|./src/_00/output/C++/BVLC~caffe/src/caffe/layers/elu_layer.cu|BVLC|caffe|elu_layer.cu|CUDA|50|2|10
289|./src/_00/output/C++/BVLC~caffe/docs/model_zoo.md|BVLC|caffe|model_zoo.md|Markdown|49|0|23
290|./src/_00/output/C++/BVLC~caffe/docs/tutorial/layers/innerproduct.md|BVLC|caffe|innerproduct.md|Markdown|49|0|10
291|./src/_00/output/C++/BVLC~caffe/include/caffe/util/im2col.hpp|BVLC|caffe|im2col.hpp|C/C++ Header|49|0|11
292|./src/_00/output/C++/BVLC~caffe/src/caffe/layers/log_layer.cu|BVLC|caffe|log_layer.cu|CUDA|49|0|6
293|./src/_00/output/C++/BVLC~caffe/src/caffe/test/test_common.cpp|BVLC|caffe|test_common.cpp|C++|49|0|15
294|./src/_00/output/C++/BVLC~caffe/src/caffe/solvers/nesterov_solver.cpp|BVLC|caffe|nesterov_solver.cpp|C++|48|4|9
295|./src/_00/output/C++/BVLC~caffe/src/caffe/test/test_multinomial_logistic_loss_layer.cpp|BVLC|caffe|test_multinomial_logistic_loss_layer.cpp|C++|48|1|9
296|./src/_00/output/C++/BVLC~caffe/src/caffe/test/test_platform.cpp|BVLC|caffe|test_platform.cpp|C++|48|0|9
297|./src/_00/output/C++/BVLC~caffe/include/caffe/layers/spp_layer.hpp|BVLC|caffe|spp_layer.hpp|C/C++ Header|47|19|10
298|./src/_00/output/C++/BVLC~caffe/python/draw_net.py|BVLC|caffe|draw_net.py|Python|47|5|10
299|./src/_00/output/C++/BVLC~caffe/src/caffe/layers/bnll_layer.cu|BVLC|caffe|bnll_layer.cu|CUDA|47|2|10
300|./src/_00/output/C++/BVLC~caffe/src/caffe/layers/euclidean_loss_layer.cpp|BVLC|caffe|euclidean_loss_layer.cpp|C++|47|0|8
301|./src/_00/output/C++/BVLC~caffe/src/caffe/layers/relu_layer.cu|BVLC|caffe|relu_layer.cu|CUDA|47|7|10
302|./src/_00/output/C++/BVLC~caffe/examples/feature_extraction/readme.md|BVLC|caffe|readme.md|Markdown|46|0|28
303|./src/_00/output/C++/BVLC~caffe/include/caffe/layers/cudnn_deconv_layer.hpp|BVLC|caffe|cudnn_deconv_layer.hpp|C/C++ Header|46|10|12
304|./src/_00/output/C++/BVLC~caffe/include/caffe/layers/hdf5_data_layer.hpp|BVLC|caffe|hdf5_data_layer.hpp|C/C++ Header|46|6|12
305|./src/_00/output/C++/BVLC~caffe/include/caffe/layers/infogain_loss_layer.hpp|BVLC|caffe|infogain_loss_layer.hpp|C/C++ Header|46|83|17
306|./src/_00/output/C++/BVLC~caffe/matlab/+caffe/Solver.m|BVLC|caffe|Solver.m|MATLAB|46|9|4
307|./src/_00/output/C++/BVLC~caffe/src/caffe/layers/swish_layer.cu|BVLC|caffe|swish_layer.cu|CUDA|46|1|7
308|./src/_00/output/C++/BVLC~caffe/include/caffe/layers/cudnn_conv_layer.hpp|BVLC|caffe|cudnn_conv_layer.hpp|C/C++ Header|45|15|12
309|./src/_00/output/C++/BVLC~caffe/include/caffe/layers/pooling_layer.hpp|BVLC|caffe|pooling_layer.hpp|C/C++ Header|45|7|9
310|./src/_00/output/C++/BVLC~caffe/examples/imagenet/create_imagenet.sh|BVLC|caffe|create_imagenet.sh|Bourne Shell|44|4|10
311|./src/_00/output/C++/BVLC~caffe/include/caffe/layers/sigmoid_cross_entropy_loss_layer.hpp|BVLC|caffe|sigmoid_cross_entropy_loss_layer.hpp|C/C++ Header|44|71|13
312|./src/_00/output/C++/BVLC~caffe/include/caffe/layers/softmax_loss_layer.hpp|BVLC|caffe|softmax_loss_layer.hpp|C/C++ Header|44|74|12
313|./src/_00/output/C++/BVLC~caffe/src/caffe/layers/sigmoid_layer.cu|BVLC|caffe|sigmoid_layer.cu|CUDA|44|7|9
314|./src/_00/output/C++/BVLC~caffe/src/caffe/layers/split_layer.cpp|BVLC|caffe|split_layer.cpp|C++|44|6|9
315|./src/_00/output/C++/BVLC~caffe/examples/pycaffe/caffenet.py|BVLC|caffe|caffenet.py|Python|43|2|10
316|./src/_00/output/C++/BVLC~caffe/include/caffe/layers/hdf5_output_layer.hpp|BVLC|caffe|hdf5_output_layer.hpp|C/C++ Header|43|7|12
317|./src/_00/output/C++/BVLC~caffe/include/caffe/layers/memory_data_layer.hpp|BVLC|caffe|memory_data_layer.hpp|C/C++ Header|43|7|13
318|./src/_00/output/C++/BVLC~caffe/matlab/hdf5creation/store2hdf5.m|BVLC|caffe|store2hdf5.m|MATLAB|43|9|7
319|./src/_00/output/C++/BVLC~caffe/src/caffe/layers/tanh_layer.cu|BVLC|caffe|tanh_layer.cu|CUDA|43|4|10
320|./src/_00/output/C++/BVLC~caffe/cmake/External/gflags.cmake|BVLC|caffe|gflags.cmake|CMake|42|6|8
321|./src/_00/output/C++/BVLC~caffe/include/caffe/layers/accuracy_layer.hpp|BVLC|caffe|accuracy_layer.hpp|C/C++ Header|42|42|15
322|./src/_00/output/C++/BVLC~caffe/include/caffe/layers/im2col_layer.hpp|BVLC|caffe|im2col_layer.hpp|C/C++ Header|42|11|12
323|./src/_00/output/C++/BVLC~caffe/include/caffe/layers/python_layer.hpp|BVLC|caffe|python_layer.hpp|C/C++ Header|42|2|11
324|./src/_00/output/C++/BVLC~caffe/include/caffe/layers/scale_layer.hpp|BVLC|caffe|scale_layer.hpp|C/C++ Header|42|31|12
325|./src/_00/output/C++/BVLC~caffe/include/caffe/util/benchmark.hpp|BVLC|caffe|benchmark.hpp|C/C++ Header|42|0|10
326|./src/_00/output/C++/BVLC~caffe/src/caffe/test/test_solver_factory.cpp|BVLC|caffe|test_solver_factory.cpp|C++|42|0|8
327|./src/_00/output/C++/BVLC~caffe/include/caffe/util/db.hpp|BVLC|caffe|db.hpp|C/C++ Header|41|0|13
328|./src/_00/output/C++/BVLC~caffe/src/caffe/test/test_layer_factory.cpp|BVLC|caffe|test_layer_factory.cpp|C++|41|2|8
329|./src/_00/output/C++/BVLC~caffe/docs/tutorial/layers/reshape.md|BVLC|caffe|reshape.md|Markdown|40|0|11
330|./src/_00/output/C++/BVLC~caffe/docs/tutorial/loss.md|BVLC|caffe|loss.md|Markdown|40|0|11
331|./src/_00/output/C++/BVLC~caffe/include/caffe/layers/window_data_layer.hpp|BVLC|caffe|window_data_layer.hpp|C/C++ Header|40|7|9
332|./src/_00/output/C++/BVLC~caffe/python/caffe/test/test_io.py|BVLC|caffe|test_io.py|Python|40|3|13
333|./src/_00/output/C++/BVLC~caffe/python/caffe/test/test_python_layer_with_param_str.py|BVLC|caffe|test_python_layer_with_param_str.py|Python|40|8|13
334|./src/_00/output/C++/BVLC~caffe/src/caffe/test/test_internal_thread.cpp|BVLC|caffe|test_internal_thread.cpp|C++|40|0|13
335|./src/_00/output/C++/BVLC~caffe/docker/gpu/Dockerfile|BVLC|caffe|Dockerfile|Dockerfile|39|2|6
336|./src/_00/output/C++/BVLC~caffe/include/caffe/data_transformer.hpp|BVLC|caffe|data_transformer.hpp|C/C++ Header|39|98|17
337|./src/_00/output/C++/BVLC~caffe/include/caffe/layers/batch_norm_layer.hpp|BVLC|caffe|batch_norm_layer.hpp|C/C++ Header|39|29|10
338|./src/_00/output/C++/BVLC~caffe/include/caffe/layers/batch_reindex_layer.hpp|BVLC|caffe|batch_reindex_layer.hpp|C/C++ Header|39|34|10
339|./src/_00/output/C++/BVLC~caffe/include/caffe/layers/swish_layer.hpp|BVLC|caffe|swish_layer.hpp|C/C++ Header|39|46|11
340|./src/_00/output/C++/BVLC~caffe/src/caffe/layers/bnll_layer.cpp|BVLC|caffe|bnll_layer.cpp|C++|39|0|8
341|./src/_00/output/C++/BVLC~caffe/src/caffe/layers/clip_layer.cpp|BVLC|caffe|clip_layer.cpp|C++|39|0|12
342|./src/_00/output/C++/BVLC~caffe/src/caffe/layers/elu_layer.cpp|BVLC|caffe|elu_layer.cpp|C++|39|0|8
343|./src/_00/output/C++/BVLC~caffe/tools/upgrade_net_proto_binary.cpp|BVLC|caffe|upgrade_net_proto_binary.cpp|C++|39|3|8
344|./src/_00/output/C++/BVLC~caffe/tools/upgrade_net_proto_text.cpp|BVLC|caffe|upgrade_net_proto_text.cpp|C++|39|4|8
345|./src/_00/output/C++/BVLC~caffe/tools/upgrade_solver_proto_text.cpp|BVLC|caffe|upgrade_solver_proto_text.cpp|C++|39|4|8
346|./src/_00/output/C++/BVLC~caffe/cmake/External/glog.cmake|BVLC|caffe|glog.cmake|CMake|38|8|11
347|./src/_00/output/C++/BVLC~caffe/cmake/lint.cmake|BVLC|caffe|lint.cmake|CMake|38|3|9
348|./src/_00/output/C++/BVLC~caffe/docker/cpu/Dockerfile|BVLC|caffe|Dockerfile|Dockerfile|38|2|6
349|./src/_00/output/C++/BVLC~caffe/docs/tutorial/layers/pooling.md|BVLC|caffe|pooling.md|Markdown|38|0|9
350|./src/_00/output/C++/BVLC~caffe/include/caffe/layers/cudnn_lcn_layer.hpp|BVLC|caffe|cudnn_lcn_layer.hpp|C/C++ Header|38|0|11
351|./src/_00/output/C++/BVLC~caffe/include/caffe/layers/parameter_layer.hpp|BVLC|caffe|parameter_layer.hpp|C/C++ Header|38|0|7
352|./src/_00/output/C++/BVLC~caffe/matlab/+caffe/+test/test_solver.m|BVLC|caffe|test_solver.m|MATLAB|38|2|5
353|./src/_00/output/C++/BVLC~caffe/src/caffe/layers/cudnn_lcn_layer.cu|BVLC|caffe|cudnn_lcn_layer.cu|CUDA|38|0|8
354|./src/_00/output/C++/BVLC~caffe/src/caffe/layers/cudnn_lrn_layer.cpp|BVLC|caffe|cudnn_lrn_layer.cpp|C++|38|3|12
355|./src/_00/output/C++/BVLC~caffe/src/caffe/layers/sigmoid_layer.cpp|BVLC|caffe|sigmoid_layer.cpp|C++|38|0|9
356|./src/_00/output/C++/BVLC~caffe/.travis.yml|BVLC|caffe|.travis.yml|YAML|37|20|10
357|./src/_00/output/C++/BVLC~caffe/cmake/Modules/FindNumPy.cmake|BVLC|caffe|FindNumPy.cmake|CMake|37|13|8
358|./src/_00/output/C++/BVLC~caffe/include/caffe/layers/inner_product_layer.hpp|BVLC|caffe|inner_product_layer.hpp|C/C++ Header|37|6|9
359|./src/_00/output/C++/BVLC~caffe/include/caffe/layers/reduction_layer.hpp|BVLC|caffe|reduction_layer.hpp|C/C++ Header|37|13|9
360|./src/_00/output/C++/BVLC~caffe/src/caffe/layers/cudnn_pooling_layer.cpp|BVLC|caffe|cudnn_pooling_layer.cpp|C++|37|1|8
361|./src/_00/output/C++/BVLC~caffe/src/caffe/layers/flatten_layer.cpp|BVLC|caffe|flatten_layer.cpp|C++|37|0|7
362|./src/_00/output/C++/BVLC~caffe/src/caffe/layers/relu_layer.cpp|BVLC|caffe|relu_layer.cpp|C++|37|0|8
363|./src/_00/output/C++/BVLC~caffe/include/caffe/layers/contrastive_loss_layer.hpp|BVLC|caffe|contrastive_loss_layer.hpp|C/C++ Header|36|54|11
364|./src/_00/output/C++/BVLC~caffe/include/caffe/layers/embed_layer.hpp|BVLC|caffe|embed_layer.hpp|C/C++ Header|36|7|9
365|./src/_00/output/C++/BVLC~caffe/include/caffe/layers/slice_layer.hpp|BVLC|caffe|slice_layer.hpp|C/C++ Header|36|6|9
366|./src/_00/output/C++/BVLC~caffe/include/caffe/util/upgrade_proto.hpp|BVLC|caffe|upgrade_proto.hpp|C/C++ Header|36|25|27
367|./src/_00/output/C++/BVLC~caffe/src/caffe/layers/absval_layer.cpp|BVLC|caffe|absval_layer.cpp|C++|36|0|8
368|./src/_00/output/C++/BVLC~caffe/src/caffe/layers/cudnn_relu_layer.cpp|BVLC|caffe|cudnn_relu_layer.cpp|C++|36|2|8
369|./src/_00/output/C++/BVLC~caffe/src/caffe/layers/cudnn_sigmoid_layer.cpp|BVLC|caffe|cudnn_sigmoid_layer.cpp|C++|36|2|8
370|./src/_00/output/C++/BVLC~caffe/src/caffe/layers/cudnn_softmax_layer.cu|BVLC|caffe|cudnn_softmax_layer.cu|CUDA|36|0|8
371|./src/_00/output/C++/BVLC~caffe/src/caffe/layers/euclidean_loss_layer.cu|BVLC|caffe|euclidean_loss_layer.cu|CUDA|36|0|6
372|./src/_00/output/C++/BVLC~caffe/src/caffe/util/db.cpp|BVLC|caffe|db.cpp|C++|36|0|5
373|./src/_00/output/C++/BVLC~caffe/cmake/Misc.cmake|BVLC|caffe|Misc.cmake|CMake|35|7|11
374|./src/_00/output/C++/BVLC~caffe/docs/tutorial/index.md|BVLC|caffe|index.md|Markdown|35|0|16
375|./src/_00/output/C++/BVLC~caffe/include/caffe/layers/concat_layer.hpp|BVLC|caffe|concat_layer.hpp|C/C++ Header|35|42|10
376|./src/_00/output/C++/BVLC~caffe/include/caffe/layers/cudnn_pooling_layer.hpp|BVLC|caffe|cudnn_pooling_layer.hpp|C/C++ Header|35|5|9
377|./src/_00/output/C++/BVLC~caffe/include/caffe/layers/eltwise_layer.hpp|BVLC|caffe|eltwise_layer.hpp|C/C++ Header|35|6|10
378|./src/_00/output/C++/BVLC~caffe/scripts/deploy_docs.sh|BVLC|caffe|deploy_docs.sh|Bourne Shell|35|6|9
379|./src/_00/output/C++/BVLC~caffe/src/caffe/layers/cudnn_lrn_layer.cu|BVLC|caffe|cudnn_lrn_layer.cu|CUDA|35|0|9
380|./src/_00/output/C++/BVLC~caffe/src/caffe/layers/cudnn_pooling_layer.cu|BVLC|caffe|cudnn_pooling_layer.cu|CUDA|35|0|6
381|./src/_00/output/C++/BVLC~caffe/src/caffe/layers/cudnn_softmax_layer.cpp|BVLC|caffe|cudnn_softmax_layer.cpp|C++|35|2|9
382|./src/_00/output/C++/BVLC~caffe/src/caffe/layers/cudnn_tanh_layer.cpp|BVLC|caffe|cudnn_tanh_layer.cpp|C++|35|2|8
383|./src/_00/output/C++/BVLC~caffe/src/caffe/layers/exp_layer.cu|BVLC|caffe|exp_layer.cu|CUDA|35|0|7
384|./src/_00/output/C++/BVLC~caffe/cmake/Modules/FindMatlabMex.cmake|BVLC|caffe|FindMatlabMex.cmake|CMake|34|5|9
385|./src/_00/output/C++/BVLC~caffe/docs/tutorial/layers/concat.md|BVLC|caffe|concat.md|Markdown|34|0|6
386|./src/_00/output/C++/BVLC~caffe/docs/tutorial/layers/power.md|BVLC|caffe|power.md|Markdown|34|0|12
387|./src/_00/output/C++/BVLC~caffe/include/caffe/layers/bias_layer.hpp|BVLC|caffe|bias_layer.hpp|C/C++ Header|34|9|11
388|./src/_00/output/C++/BVLC~caffe/include/caffe/layers/cudnn_lrn_layer.hpp|BVLC|caffe|cudnn_lrn_layer.hpp|C/C++ Header|34|0|10
389|./src/_00/output/C++/BVLC~caffe/include/caffe/layers/cudnn_relu_layer.hpp|BVLC|caffe|cudnn_relu_layer.hpp|C/C++ Header|34|3|9
390|./src/_00/output/C++/BVLC~caffe/include/caffe/layers/cudnn_sigmoid_layer.hpp|BVLC|caffe|cudnn_sigmoid_layer.hpp|C/C++ Header|34|3|9
391|./src/_00/output/C++/BVLC~caffe/include/caffe/layers/cudnn_tanh_layer.hpp|BVLC|caffe|cudnn_tanh_layer.hpp|C/C++ Header|34|3|9
392|./src/_00/output/C++/BVLC~caffe/include/caffe/layers/dropout_layer.hpp|BVLC|caffe|dropout_layer.hpp|C/C++ Header|34|36|10
393|./src/_00/output/C++/BVLC~caffe/include/caffe/layers/prelu_layer.hpp|BVLC|caffe|prelu_layer.hpp|C/C++ Header|34|54|13
394|./src/_00/output/C++/BVLC~caffe/include/caffe/layers/reshape_layer.hpp|BVLC|caffe|reshape_layer.hpp|C/C++ Header|34|9|9
395|./src/_00/output/C++/BVLC~caffe/include/caffe/layers/softmax_layer.hpp|BVLC|caffe|softmax_layer.hpp|C/C++ Header|34|7|9
396|./src/_00/output/C++/BVLC~caffe/src/caffe/CMakeLists.txt|BVLC|caffe|CMakeLists.txt|CMake|34|6|10
397|./src/_00/output/C++/BVLC~caffe/src/caffe/layers/recurrent_layer.cu|BVLC|caffe|recurrent_layer.cu|CUDA|34|2|8
398|./src/_00/output/C++/BVLC~caffe/src/caffe/layers/tanh_layer.cpp|BVLC|caffe|tanh_layer.cpp|C++|34|2|8
399|./src/_00/output/C++/BVLC~caffe/cmake/ConfigGen.cmake|BVLC|caffe|ConfigGen.cmake|CMake|33|18|17
400|./src/_00/output/C++/BVLC~caffe/docs/install_yum.md|BVLC|caffe|install_yum.md|Markdown|33|0|12
401|./src/_00/output/C++/BVLC~caffe/include/caffe/layers/argmax_layer.hpp|BVLC|caffe|argmax_layer.hpp|C/C++ Header|33|36|8
402|./src/_00/output/C++/BVLC~caffe/include/caffe/layers/filter_layer.hpp|BVLC|caffe|filter_layer.hpp|C/C++ Header|33|34|10
403|./src/_00/output/C++/BVLC~caffe/matlab/hdf5creation/demo.m|BVLC|caffe|demo.m|MATLAB|33|20|11
404|./src/_00/output/C++/BVLC~caffe/src/caffe/layers/hdf5_output_layer.cu|BVLC|caffe|hdf5_output_layer.cu|CUDA|33|0|8
405|./src/_00/output/C++/BVLC~caffe/cmake/Modules/FindAtlas.cmake|BVLC|caffe|FindAtlas.cmake|CMake|32|10|10
406|./src/_00/output/C++/BVLC~caffe/docs/tutorial/layers/slice.md|BVLC|caffe|slice.md|Markdown|32|0|10
407|./src/_00/output/C++/BVLC~caffe/include/caffe/layers/cudnn_softmax_layer.hpp|BVLC|caffe|cudnn_softmax_layer.hpp|C/C++ Header|32|4|9
408|./src/_00/output/C++/BVLC~caffe/include/caffe/layers/data_layer.hpp|BVLC|caffe|data_layer.hpp|C/C++ Header|32|0|8
409|./src/_00/output/C++/BVLC~caffe/include/caffe/layers/dummy_data_layer.hpp|BVLC|caffe|dummy_data_layer.hpp|C/C++ Header|32|6|9
410|./src/_00/output/C++/BVLC~caffe/include/caffe/layers/euclidean_loss_layer.hpp|BVLC|caffe|euclidean_loss_layer.hpp|C/C++ Header|32|64|11
411|./src/_00/output/C++/BVLC~caffe/include/caffe/layers/image_data_layer.hpp|BVLC|caffe|image_data_layer.hpp|C/C++ Header|32|5|10
412|./src/_00/output/C++/BVLC~caffe/include/caffe/layers/mvn_layer.hpp|BVLC|caffe|mvn_layer.hpp|C/C++ Header|32|6|10
413|./src/_00/output/C++/BVLC~caffe/include/caffe/layers/power_layer.hpp|BVLC|caffe|power_layer.hpp|C/C++ Header|32|46|11
414|./src/_00/output/C++/BVLC~caffe/tools/extra/parse_log.sh|BVLC|caffe|parse_log.sh|Bourne Shell|32|11|8
415|./src/_00/output/C++/BVLC~caffe/examples/siamese/mnist_siamese.ipynb|BVLC|caffe|mnist_siamese.ipynb|Jupyter Notebook|31|1878|0
416|./src/_00/output/C++/BVLC~caffe/include/caffe/layers/log_layer.hpp|BVLC|caffe|log_layer.hpp|C/C++ Header|31|40|11
417|./src/_00/output/C++/BVLC~caffe/include/caffe/util/rng.hpp|BVLC|caffe|rng.hpp|C/C++ Header|31|1|11
418|./src/_00/output/C++/BVLC~caffe/scripts/upload_model_to_gist.sh|BVLC|caffe|upload_model_to_gist.sh|Bourne Shell|31|2|5
419|./src/_00/output/C++/BVLC~caffe/src/caffe/test/test_caffe_main.cpp|BVLC|caffe|test_caffe_main.cpp|C++|31|4|3
420|./src/_00/output/C++/BVLC~caffe/README.md|BVLC|caffe|README.md|Markdown|30|0|15
421|./src/_00/output/C++/BVLC~caffe/cmake/Modules/FindGFlags.cmake|BVLC|caffe|FindGFlags.cmake|CMake|30|11|9
422|./src/_00/output/C++/BVLC~caffe/cmake/Modules/FindGlog.cmake|BVLC|caffe|FindGlog.cmake|CMake|30|10|8
423|./src/_00/output/C++/BVLC~caffe/examples/web_demo/exifutil.py|BVLC|caffe|exifutil.py|Python|30|3|6
424|./src/_00/output/C++/BVLC~caffe/include/caffe/layers/absval_layer.hpp|BVLC|caffe|absval_layer.hpp|C/C++ Header|30|28|10
425|./src/_00/output/C++/BVLC~caffe/include/caffe/layers/split_layer.hpp|BVLC|caffe|split_layer.hpp|C/C++ Header|30|6|9
426|./src/_00/output/C++/BVLC~caffe/include/caffe/layers/tile_layer.hpp|BVLC|caffe|tile_layer.hpp|C/C++ Header|30|3|10
427|./src/_00/output/C++/BVLC~caffe/include/caffe/util/hdf5.hpp|BVLC|caffe|hdf5.hpp|C/C++ Header|30|0|11
428|./src/_00/output/C++/BVLC~caffe/cmake/Modules/FindLevelDB.cmake|BVLC|caffe|FindLevelDB.cmake|CMake|29|7|8
429|./src/_00/output/C++/BVLC~caffe/docker/README.md|BVLC|caffe|README.md|Markdown|29|0|18
430|./src/_00/output/C++/BVLC~caffe/examples/web_demo/readme.md|BVLC|caffe|readme.md|Markdown|29|0|12
431|./src/_00/output/C++/BVLC~caffe/include/caffe/layers/exp_layer.hpp|BVLC|caffe|exp_layer.hpp|C/C++ Header|29|40|11
432|./src/_00/output/C++/BVLC~caffe/include/caffe/layers/silence_layer.hpp|BVLC|caffe|silence_layer.hpp|C/C++ Header|29|6|8
433|./src/_00/output/C++/BVLC~caffe/include/caffe/layers/threshold_layer.hpp|BVLC|caffe|threshold_layer.hpp|C/C++ Header|29|25|10
434|./src/_00/output/C++/BVLC~caffe/python/CMakeLists.txt|BVLC|caffe|CMakeLists.txt|CMake|29|4|7
435|./src/_00/output/C++/BVLC~caffe/src/caffe/layers/split_layer.cu|BVLC|caffe|split_layer.cu|CUDA|29|1|7
436|./src/_00/output/C++/BVLC~caffe/include/caffe/layers/conv_layer.hpp|BVLC|caffe|conv_layer.hpp|C/C++ Header|28|47|9
437|./src/_00/output/C++/BVLC~caffe/include/caffe/layers/deconv_layer.hpp|BVLC|caffe|deconv_layer.hpp|C/C++ Header|28|14|9
438|./src/_00/output/C++/BVLC~caffe/include/caffe/layers/rnn_layer.hpp|BVLC|caffe|rnn_layer.hpp|C/C++ Header|28|10|9
439|./src/_00/output/C++/BVLC~caffe/include/caffe/layers/input_layer.hpp|BVLC|caffe|input_layer.hpp|C/C++ Header|27|7|8
440|./src/_00/output/C++/BVLC~caffe/python/caffe/test/test_draw.py|BVLC|caffe|test_draw.py|Python|27|1|9
441|./src/_00/output/C++/BVLC~caffe/scripts/split_caffe_proto.py|BVLC|caffe|split_caffe_proto.py|Python|27|2|6
442|./src/_00/output/C++/BVLC~caffe/src/caffe/layers/hdf5_data_layer.cu|BVLC|caffe|hdf5_data_layer.cu|CUDA|27|4|7
443|./src/_00/output/C++/BVLC~caffe/include/caffe/layers/bnll_layer.hpp|BVLC|caffe|bnll_layer.hpp|C/C++ Header|26|34|10
444|./src/_00/output/C++/BVLC~caffe/include/caffe/layers/clip_layer.hpp|BVLC|caffe|clip_layer.hpp|C/C++ Header|26|39|10
445|./src/_00/output/C++/BVLC~caffe/include/caffe/layers/elu_layer.hpp|BVLC|caffe|elu_layer.hpp|C/C++ Header|26|49|11
446|./src/_00/output/C++/BVLC~caffe/include/caffe/layers/loss_layer.hpp|BVLC|caffe|loss_layer.hpp|C/C++ Header|26|18|9
447|./src/_00/output/C++/BVLC~caffe/include/caffe/layers/relu_layer.hpp|BVLC|caffe|relu_layer.hpp|C/C++ Header|26|49|10
448|./src/_00/output/C++/BVLC~caffe/include/caffe/layers/sigmoid_layer.hpp|BVLC|caffe|sigmoid_layer.hpp|C/C++ Header|26|35|10
449|./src/_00/output/C++/BVLC~caffe/include/caffe/layers/tanh_layer.hpp|BVLC|caffe|tanh_layer.hpp|C/C++ Header|26|37|10
450|./src/_00/output/C++/BVLC~caffe/include/caffe/util/gpu_util.cuh|BVLC|caffe|gpu_util.cuh|CUDA|26|3|6
451|./src/_00/output/C++/BVLC~caffe/include/caffe/util/nccl.hpp|BVLC|caffe|nccl.hpp|C/C++ Header|26|0|11
452|./src/_00/output/C++/BVLC~caffe/matlab/+caffe/get_net.m|BVLC|caffe|get_net.m|MATLAB|26|6|5
453|./src/_00/output/C++/BVLC~caffe/src/caffe/solvers/adadelta_solver.cu|BVLC|caffe|adadelta_solver.cu|CUDA|26|0|4
454|./src/_00/output/C++/BVLC~caffe/docs/tutorial/layers/relu.md|BVLC|caffe|relu.md|Markdown|25|0|7
455|./src/_00/output/C++/BVLC~caffe/include/caffe/layers/flatten_layer.hpp|BVLC|caffe|flatten_layer.hpp|C/C++ Header|25|27|9
456|./src/_00/output/C++/BVLC~caffe/src/caffe/layers/absval_layer.cu|BVLC|caffe|absval_layer.cu|CUDA|25|0|7
457|./src/_00/output/C++/BVLC~caffe/src/caffe/layers/threshold_layer.cpp|BVLC|caffe|threshold_layer.cpp|C++|25|0|7
458|./src/_00/output/C++/BVLC~caffe/src/caffe/solvers/adam_solver.cu|BVLC|caffe|adam_solver.cu|CUDA|25|0|4
459|./src/_00/output/C++/BVLC~caffe/cmake/Uninstall.cmake.in|BVLC|caffe|Uninstall.cmake.in|CMake|24|0|2
460|./src/_00/output/C++/BVLC~caffe/include/caffe/layers/multinomial_logistic_loss_layer.hpp|BVLC|caffe|multinomial_logistic_loss_layer.hpp|C/C++ Header|24|58|10
461|./src/_00/output/C++/BVLC~caffe/matlab/+caffe/io.m|BVLC|caffe|io.m|MATLAB|24|16|1
462|./src/_00/output/C++/BVLC~caffe/models/bvlc_googlenet/readme.md|BVLC|caffe|readme.md|Markdown|24|0|8
463|./src/_00/output/C++/BVLC~caffe/scripts/travis/configure-make.sh|BVLC|caffe|configure-make.sh|Bourne Shell|24|4|8
464|./src/_00/output/C++/BVLC~caffe/src/caffe/solvers/rmsprop_solver.cu|BVLC|caffe|rmsprop_solver.cu|CUDA|24|0|4
465|./src/_00/output/C++/BVLC~caffe/cmake/Modules/FindvecLib.cmake|BVLC|caffe|FindvecLib.cmake|CMake|23|6|7
466|./src/_00/output/C++/BVLC~caffe/cmake/Templates/CaffeConfig.cmake.in|BVLC|caffe|CaffeConfig.cmake.in|CMake|23|23|9
467|./src/_00/output/C++/BVLC~caffe/docs/tutorial/forward_backward.md|BVLC|caffe|forward_backward.md|Markdown|23|0|14
468|./src/_00/output/C++/BVLC~caffe/docs/tutorial/layers/sigmoid.md|BVLC|caffe|sigmoid.md|Markdown|23|0|7
469|./src/_00/output/C++/BVLC~caffe/docs/tutorial/layers/softmaxwithloss.md|BVLC|caffe|softmaxwithloss.md|Markdown|23|0|10
470|./src/_00/output/C++/BVLC~caffe/examples/pycaffe/layers/pyloss.py|BVLC|caffe|pyloss.py|Python|23|8|6
471|./src/_00/output/C++/BVLC~caffe/include/caffe/util/blocking_queue.hpp|BVLC|caffe|blocking_queue.hpp|C/C++ Header|23|8|14
472|./src/_00/output/C++/BVLC~caffe/matlab/+caffe/Layer.m|BVLC|caffe|Layer.m|MATLAB|23|5|4
473|./src/_00/output/C++/BVLC~caffe/src/caffe/solvers/nesterov_solver.cu|BVLC|caffe|nesterov_solver.cu|CUDA|23|0|4
474|./src/_00/output/C++/BVLC~caffe/.github/ISSUE_TEMPLATE.md|BVLC|caffe|ISSUE_TEMPLATE.md|Markdown|22|0|12
475|./src/_00/output/C++/BVLC~caffe/cmake/Modules/FindNCCL.cmake|BVLC|caffe|FindNCCL.cmake|CMake|22|0|4
476|./src/_00/output/C++/BVLC~caffe/docs/tutorial/layers/lrn.md|BVLC|caffe|lrn.md|Markdown|22|0|6
477|./src/_00/output/C++/BVLC~caffe/include/caffe/internal_thread.hpp|BVLC|caffe|internal_thread.hpp|C/C++ Header|22|18|13
478|./src/_00/output/C++/BVLC~caffe/include/caffe/layers/hinge_loss_layer.hpp|BVLC|caffe|hinge_loss_layer.hpp|C/C++ Header|22|71|11
479|./src/_00/output/C++/BVLC~caffe/scripts/travis/configure-cmake.sh|BVLC|caffe|configure-cmake.sh|Bourne Shell|22|2|8
480|./src/_00/output/C++/BVLC~caffe/src/caffe/layers/input_layer.cpp|BVLC|caffe|input_layer.cpp|C++|22|0|5
481|./src/_00/output/C++/BVLC~caffe/src/caffe/layers/threshold_layer.cu|BVLC|caffe|threshold_layer.cu|CUDA|22|1|8
482|./src/_00/output/C++/BVLC~caffe/src/caffe/solvers/adagrad_solver.cu|BVLC|caffe|adagrad_solver.cu|CUDA|22|0|4
483|./src/_00/output/C++/BVLC~caffe/docs/tutorial/layers/data.md|BVLC|caffe|data.md|Markdown|21|0|8
484|./src/_00/output/C++/BVLC~caffe/docs/tutorial/layers/imagedata.md|BVLC|caffe|imagedata.md|Markdown|21|0|6
485|./src/_00/output/C++/BVLC~caffe/scripts/copy_notebook.py|BVLC|caffe|copy_notebook.py|Python|20|8|4
486|./src/_00/output/C++/BVLC~caffe/src/caffe/layers/loss_layer.cpp|BVLC|caffe|loss_layer.cpp|C++|20|1|6
487|./src/_00/output/C++/BVLC~caffe/src/caffe/layers/silence_layer.cpp|BVLC|caffe|silence_layer.cpp|C++|20|0|6
488|./src/_00/output/C++/BVLC~caffe/src/caffe/layers/silence_layer.cu|BVLC|caffe|silence_layer.cu|CUDA|20|1|6
489|./src/_00/output/C++/BVLC~caffe/src/caffe/solvers/sgd_solver.cu|BVLC|caffe|sgd_solver.cu|CUDA|20|0|4
490|./src/_00/output/C++/BVLC~caffe/src/caffe/test/test_protobuf.cpp|BVLC|caffe|test_protobuf.cpp|C++|20|2|7
491|./src/_00/output/C++/BVLC~caffe/docs/stylesheets/reset.css|BVLC|caffe|reset.css|CSS|19|1|1
492|./src/_00/output/C++/BVLC~caffe/docs/tutorial/layers/bnll.md|BVLC|caffe|bnll.md|Markdown|19|0|6
493|./src/_00/output/C++/BVLC~caffe/docs/tutorial/layers/python.md|BVLC|caffe|python.md|Markdown|19|0|8
494|./src/_00/output/C++/BVLC~caffe/include/caffe/layers/neuron_layer.hpp|BVLC|caffe|neuron_layer.hpp|C/C++ Header|19|6|7
495|./src/_00/output/C++/BVLC~caffe/models/bvlc_alexnet/readme.md|BVLC|caffe|readme.md|Markdown|19|0|6
496|./src/_00/output/C++/BVLC~caffe/models/bvlc_reference_caffenet/readme.md|BVLC|caffe|readme.md|Markdown|19|0|6
497|./src/_00/output/C++/BVLC~caffe/models/finetune_flickr_style/readme.md|BVLC|caffe|readme.md|Markdown|19|0|5
498|./src/_00/output/C++/BVLC~caffe/scripts/download_model_from_gist.sh|BVLC|caffe|download_model_from_gist.sh|Bourne Shell|19|0|5
499|./src/_00/output/C++/BVLC~caffe/scripts/gather_examples.sh|BVLC|caffe|gather_examples.sh|Bourne Shell|19|7|3
500|./src/_00/output/C++/BVLC~caffe/src/caffe/layers/base_data_layer.cu|BVLC|caffe|base_data_layer.cu|CUDA|19|2|5
501|./src/_00/output/C++/BVLC~caffe/src/caffe/util/cudnn.cpp|BVLC|caffe|cudnn.cpp|C++|19|0|4
502|./src/_00/output/C++/BVLC~caffe/src/caffe/util/db_leveldb.cpp|BVLC|caffe|db_leveldb.cpp|C++|19|0|4
503|./src/_00/output/C++/BVLC~caffe/docs/tutorial/layers/elu.md|BVLC|caffe|elu.md|Markdown|18|0|7
504|./src/_00/output/C++/BVLC~caffe/docs/tutorial/layers/hdf5output.md|BVLC|caffe|hdf5output.md|Markdown|18|0|7
505|./src/_00/output/C++/BVLC~caffe/docs/tutorial/layers/memorydata.md|BVLC|caffe|memorydata.md|Markdown|18|0|7
506|./src/_00/output/C++/BVLC~caffe/examples/CMakeLists.txt|BVLC|caffe|CMakeLists.txt|CMake|18|6|8
507|./src/_00/output/C++/BVLC~caffe/include/caffe/util/signal_handler.h|BVLC|caffe|signal_handler.h|C/C++ Header|18|1|5
508|./src/_00/output/C++/BVLC~caffe/docs/tutorial/layers/absval.md|BVLC|caffe|absval.md|Markdown|17|0|5
509|./src/_00/output/C++/BVLC~caffe/docs/tutorial/layers/exp.md|BVLC|caffe|exp.md|Markdown|17|0|7
510|./src/_00/output/C++/BVLC~caffe/docs/tutorial/layers/softmax.md|BVLC|caffe|softmax.md|Markdown|17|0|7
511|./src/_00/output/C++/BVLC~caffe/src/caffe/test/CMakeLists.txt|BVLC|caffe|CMakeLists.txt|CMake|17|12|7
512|./src/_00/output/C++/BVLC~caffe/docs/tutorial/layers/deconvolution.md|BVLC|caffe|deconvolution.md|Markdown|16|0|6
513|./src/_00/output/C++/BVLC~caffe/docs/tutorial/layers/infogainloss.md|BVLC|caffe|infogainloss.md|Markdown|16|0|7
514|./src/_00/output/C++/BVLC~caffe/docs/tutorial/layers/lstm.md|BVLC|caffe|lstm.md|Markdown|16|0|5
515|./src/_00/output/C++/BVLC~caffe/examples/siamese/create_mnist_siamese.sh|BVLC|caffe|create_mnist_siamese.sh|Bourne Shell|16|1|5
516|./src/_00/output/C++/BVLC~caffe/include/caffe/caffe.hpp|BVLC|caffe|caffe.hpp|C/C++ Header|16|2|3
517|./src/_00/output/C++/BVLC~caffe/tools/CMakeLists.txt|BVLC|caffe|CMakeLists.txt|CMake|16|7|7
518|./src/_00/output/C++/BVLC~caffe/docs/multigpu.md|BVLC|caffe|multigpu.md|Markdown|15|0|11
519|./src/_00/output/C++/BVLC~caffe/docs/tutorial/layers/accuracy.md|BVLC|caffe|accuracy.md|Markdown|15|0|5
520|./src/_00/output/C++/BVLC~caffe/docs/tutorial/layers/batchnorm.md|BVLC|caffe|batchnorm.md|Markdown|15|0|5
521|./src/_00/output/C++/BVLC~caffe/docs/tutorial/layers/bias.md|BVLC|caffe|bias.md|Markdown|15|0|4
522|./src/_00/output/C++/BVLC~caffe/docs/tutorial/layers/clip.md|BVLC|caffe|clip.md|Markdown|15|0|5
523|./src/_00/output/C++/BVLC~caffe/docs/tutorial/layers/contrastiveloss.md|BVLC|caffe|contrastiveloss.md|Markdown|15|0|5
524|./src/_00/output/C++/BVLC~caffe/docs/tutorial/layers/crop.md|BVLC|caffe|crop.md|Markdown|15|0|5
525|./src/_00/output/C++/BVLC~caffe/docs/tutorial/layers/dropout.md|BVLC|caffe|dropout.md|Markdown|15|0|5
526|./src/_00/output/C++/BVLC~caffe/docs/tutorial/layers/eltwise.md|BVLC|caffe|eltwise.md|Markdown|15|0|5
527|./src/_00/output/C++/BVLC~caffe/docs/tutorial/layers/embed.md|BVLC|caffe|embed.md|Markdown|15|0|5
528|./src/_00/output/C++/BVLC~caffe/docs/tutorial/layers/flatten.md|BVLC|caffe|flatten.md|Markdown|15|0|6
529|./src/_00/output/C++/BVLC~caffe/docs/tutorial/layers/hdf5data.md|BVLC|caffe|hdf5data.md|Markdown|15|0|5
530|./src/_00/output/C++/BVLC~caffe/docs/tutorial/layers/log.md|BVLC|caffe|log.md|Markdown|15|0|5
531|./src/_00/output/C++/BVLC~caffe/docs/tutorial/layers/mvn.md|BVLC|caffe|mvn.md|Markdown|15|0|5
532|./src/_00/output/C++/BVLC~caffe/docs/tutorial/layers/parameter.md|BVLC|caffe|parameter.md|Markdown|15|0|6
533|./src/_00/output/C++/BVLC~caffe/docs/tutorial/layers/prelu.md|BVLC|caffe|prelu.md|Markdown|15|0|5
534|./src/_00/output/C++/BVLC~caffe/docs/tutorial/layers/recurrent.md|BVLC|caffe|recurrent.md|Markdown|15|0|5
535|./src/_00/output/C++/BVLC~caffe/docs/tutorial/layers/reduction.md|BVLC|caffe|reduction.md|Markdown|15|0|5
536|./src/_00/output/C++/BVLC~caffe/docs/tutorial/layers/scale.md|BVLC|caffe|scale.md|Markdown|15|0|5
537|./src/_00/output/C++/BVLC~caffe/docs/tutorial/layers/tile.md|BVLC|caffe|tile.md|Markdown|15|0|5
538|./src/_00/output/C++/BVLC~caffe/include/caffe/util/insert_splits.hpp|BVLC|caffe|insert_splits.hpp|C/C++ Header|15|2|9
539|./src/_00/output/C++/BVLC~caffe/matlab/+caffe/+test/test_io.m|BVLC|caffe|test_io.m|MATLAB|15|3|0
540|./src/_00/output/C++/BVLC~caffe/matlab/+caffe/private/is_valid_handle.m|BVLC|caffe|is_valid_handle.m|MATLAB|15|8|4
541|./src/_00/output/C++/BVLC~caffe/models/bvlc_reference_rcnn_ilsvrc13/readme.md|BVLC|caffe|readme.md|Markdown|15|0|5
542|./src/_00/output/C++/BVLC~caffe/scripts/travis/test.sh|BVLC|caffe|test.sh|Bourne Shell|15|1|3
543|./src/_00/output/C++/BVLC~caffe/docs/tutorial/layers/argmax.md|BVLC|caffe|argmax.md|Markdown|14|0|4
544|./src/_00/output/C++/BVLC~caffe/docs/tutorial/layers/dummydata.md|BVLC|caffe|dummydata.md|Markdown|14|0|6
545|./src/_00/output/C++/BVLC~caffe/docs/tutorial/layers/hingeloss.md|BVLC|caffe|hingeloss.md|Markdown|14|0|5
546|./src/_00/output/C++/BVLC~caffe/docs/tutorial/layers/input.md|BVLC|caffe|input.md|Markdown|14|0|5
547|./src/_00/output/C++/BVLC~caffe/docs/tutorial/layers/multinomiallogisticloss.md|BVLC|caffe|multinomiallogisticloss.md|Markdown|14|0|5
548|./src/_00/output/C++/BVLC~caffe/docs/tutorial/layers/rnn.md|BVLC|caffe|rnn.md|Markdown|14|0|5
549|./src/_00/output/C++/BVLC~caffe/docs/tutorial/layers/spp.md|BVLC|caffe|spp.md|Markdown|14|0|6
550|./src/_00/output/C++/BVLC~caffe/docs/tutorial/layers/windowdata.md|BVLC|caffe|windowdata.md|Markdown|14|0|5
551|./src/_00/output/C++/BVLC~caffe/examples/mnist/create_mnist.sh|BVLC|caffe|create_mnist.sh|Bourne Shell|14|2|6
552|./src/_00/output/C++/BVLC~caffe/cmake/Modules/FindSnappy.cmake|BVLC|caffe|FindSnappy.cmake|CMake|13|9|6
553|./src/_00/output/C++/BVLC~caffe/docs/tutorial/layers/tanh.md|BVLC|caffe|tanh.md|Markdown|13|0|5
554|./src/_00/output/C++/BVLC~caffe/docs/tutorial/layers/threshold.md|BVLC|caffe|threshold.md|Markdown|13|0|5
555|./src/_00/output/C++/BVLC~caffe/include/caffe/util/format.hpp|BVLC|caffe|format.hpp|C/C++ Header|13|0|5
556|./src/_00/output/C++/BVLC~caffe/docs/tutorial/layers/euclideanloss.md|BVLC|caffe|euclideanloss.md|Markdown|12|0|4
557|./src/_00/output/C++/BVLC~caffe/docs/tutorial/layers/silence.md|BVLC|caffe|silence.md|Markdown|12|0|5
558|./src/_00/output/C++/BVLC~caffe/docs/tutorial/layers/split.md|BVLC|caffe|split.md|Markdown|12|0|5
559|./src/_00/output/C++/BVLC~caffe/examples/cifar10/create_cifar10.sh|BVLC|caffe|create_cifar10.sh|Bourne Shell|12|1|7
560|./src/_00/output/C++/BVLC~caffe/cmake/Modules/FindLMDB.cmake|BVLC|caffe|FindLMDB.cmake|CMake|11|11|6
561|./src/_00/output/C++/BVLC~caffe/data/mnist/get_mnist.sh|BVLC|caffe|get_mnist.sh|Bourne Shell|11|1|3
562|./src/_00/output/C++/BVLC~caffe/docs/tutorial/layers/batchreindex.md|BVLC|caffe|batchreindex.md|Markdown|11|0|5
563|./src/_00/output/C++/BVLC~caffe/docs/tutorial/layers/filter.md|BVLC|caffe|filter.md|Markdown|11|0|4
564|./src/_00/output/C++/BVLC~caffe/docs/tutorial/layers/im2col.md|BVLC|caffe|im2col.md|Markdown|11|0|5
565|./src/_00/output/C++/BVLC~caffe/examples/cifar10/train_full.sh|BVLC|caffe|train_full.sh|Bourne Shell|11|2|4
566|./src/_00/output/C++/BVLC~caffe/python/caffe/test/test_nccl.py|BVLC|caffe|test_nccl.py|Python|11|4|4
567|./src/_00/output/C++/BVLC~caffe/CONTRIBUTORS.md|BVLC|caffe|CONTRIBUTORS.md|Markdown|10|0|9
568|./src/_00/output/C++/BVLC~caffe/docs/tutorial/layers/sigmoidcrossentropyloss.md|BVLC|caffe|sigmoidcrossentropyloss.md|Markdown|10|0|3
569|./src/_00/output/C++/BVLC~caffe/scripts/build_docs.sh|BVLC|caffe|build_docs.sh|Bourne Shell|10|6|7
570|./src/_00/output/C++/BVLC~caffe/scripts/travis/build.sh|BVLC|caffe|build.sh|Bourne Shell|10|1|2
571|./src/_00/output/C++/BVLC~caffe/scripts/travis/setup-venv.sh|BVLC|caffe|setup-venv.sh|Bourne Shell|10|4|4
572|./src/_00/output/C++/BVLC~caffe/src/caffe/layers/neuron_layer.cpp|BVLC|caffe|neuron_layer.cpp|C++|10|0|5
573|./src/_00/output/C++/BVLC~caffe/cmake/Templates/CaffeConfigVersion.cmake.in|BVLC|caffe|CaffeConfigVersion.cmake.in|CMake|9|1|1
574|./src/_00/output/C++/BVLC~caffe/data/cifar10/get_cifar10.sh|BVLC|caffe|get_cifar10.sh|Bourne Shell|9|3|7
575|./src/_00/output/C++/BVLC~caffe/docs/tutorial/convolution.md|BVLC|caffe|convolution.md|Markdown|9|0|4
576|./src/_00/output/C++/BVLC~caffe/matlab/+caffe/run_tests.m|BVLC|caffe|run_tests.m|MATLAB|9|6|5
577|./src/_00/output/C++/BVLC~caffe/scripts/travis/install-python-deps.sh|BVLC|caffe|install-python-deps.sh|Bourne Shell|9|4|2
578|./src/_00/output/C++/BVLC~caffe/data/ilsvrc12/get_ilsvrc_aux.sh|BVLC|caffe|get_ilsvrc_aux.sh|Bourne Shell|8|7|6
579|./src/_00/output/C++/BVLC~caffe/examples/cifar10/train_quick.sh|BVLC|caffe|train_quick.sh|Bourne Shell|8|1|3
580|./src/_00/output/C++/BVLC~caffe/python/caffe/__init__.py|BVLC|caffe|__init__.py|Python|8|0|0
581|./src/_00/output/C++/BVLC~caffe/scripts/travis/configure.sh|BVLC|caffe|configure.sh|Bourne Shell|8|1|2
582|./src/_00/output/C++/BVLC~caffe/examples/imagenet/make_imagenet_mean.sh|BVLC|caffe|make_imagenet_mean.sh|Bourne Shell|7|2|3
583|./src/_00/output/C++/BVLC~caffe/python/caffe/test/test_layer_type_list.py|BVLC|caffe|test_layer_type_list.py|Python|7|1|3
584|./src/_00/output/C++/BVLC~caffe/scripts/travis/defaults.sh|BVLC|caffe|defaults.sh|Bourne Shell|7|1|2
585|./src/_00/output/C++/BVLC~caffe/src/gtest/gtest_main.cc|BVLC|caffe|gtest_main.cc|C++|7|28|4
586|./src/_00/output/C++/BVLC~caffe/docs/_config.yml|BVLC|caffe|_config.yml|YAML|6|0|1
587|./src/_00/output/C++/BVLC~caffe/examples/imagenet/resume_training.sh|BVLC|caffe|resume_training.sh|Bourne Shell|6|0|1
588|./src/_00/output/C++/BVLC~caffe/matlab/+caffe/get_solver.m|BVLC|caffe|get_solver.m|MATLAB|6|2|2
589|./src/_00/output/C++/BVLC~caffe/matlab/+caffe/set_device.m|BVLC|caffe|set_device.m|MATLAB|6|2|3
590|./src/_00/output/C++/BVLC~caffe/INSTALL.md|BVLC|caffe|INSTALL.md|Markdown|5|0|2
591|./src/_00/output/C++/BVLC~caffe/examples/cifar10/train_full_sigmoid.sh|BVLC|caffe|train_full_sigmoid.sh|Bourne Shell|5|0|3
592|./src/_00/output/C++/BVLC~caffe/examples/cifar10/train_full_sigmoid_bn.sh|BVLC|caffe|train_full_sigmoid_bn.sh|Bourne Shell|5|0|3
593|./src/_00/output/C++/BVLC~caffe/matlab/+caffe/private/CHECK.m|BVLC|caffe|CHECK.m|MATLAB|5|0|2
594|./src/_00/output/C++/BVLC~caffe/matlab/+caffe/private/CHECK_FILE_EXIST.m|BVLC|caffe|CHECK_FILE_EXIST.m|MATLAB|5|0|2
595|./src/_00/output/C++/BVLC~caffe/src/caffe/layers/parameter_layer.cpp|BVLC|caffe|parameter_layer.cpp|C++|5|0|3
596|./src/_00/output/C++/BVLC~caffe/examples/imagenet/train_caffenet.sh|BVLC|caffe|train_caffenet.sh|Bourne Shell|4|0|1
597|./src/_00/output/C++/BVLC~caffe/examples/mnist/train_lenet_consolidated.sh|BVLC|caffe|train_lenet_consolidated.sh|Bourne Shell|4|0|1
598|./src/_00/output/C++/BVLC~caffe/examples/mnist/train_lenet_rmsprop.sh|BVLC|caffe|train_lenet_rmsprop.sh|Bourne Shell|4|0|1
599|./src/_00/output/C++/BVLC~caffe/examples/mnist/train_mnist_autoencoder.sh|BVLC|caffe|train_mnist_autoencoder.sh|Bourne Shell|4|0|1
600|./src/_00/output/C++/BVLC~caffe/examples/mnist/train_mnist_autoencoder_adadelta.sh|BVLC|caffe|train_mnist_autoencoder_adadelta.sh|Bourne Shell|4|0|1
601|./src/_00/output/C++/BVLC~caffe/examples/mnist/train_mnist_autoencoder_adagrad.sh|BVLC|caffe|train_mnist_autoencoder_adagrad.sh|Bourne Shell|4|0|1
602|./src/_00/output/C++/BVLC~caffe/examples/mnist/train_mnist_autoencoder_nesterov.sh|BVLC|caffe|train_mnist_autoencoder_nesterov.sh|Bourne Shell|4|0|1
603|./src/_00/output/C++/BVLC~caffe/examples/siamese/train_mnist_siamese.sh|BVLC|caffe|train_mnist_siamese.sh|Bourne Shell|4|0|2
604|./src/_00/output/C++/BVLC~caffe/matlab/+caffe/reset_all.m|BVLC|caffe|reset_all.m|MATLAB|4|2|2
605|./src/_00/output/C++/BVLC~caffe/src/caffe/layer.cpp|BVLC|caffe|layer.cpp|C++|4|0|3
606|./src/_00/output/C++/BVLC~caffe/src/gtest/CMakeLists.txt|BVLC|caffe|CMakeLists.txt|CMake|4|2|2
607|./src/_00/output/C++/BVLC~caffe/docs/README.md|BVLC|caffe|README.md|Markdown|3|0|2
608|./src/_00/output/C++/BVLC~caffe/examples/mnist/train_lenet.sh|BVLC|caffe|train_lenet.sh|Bourne Shell|3|0|1
609|./src/_00/output/C++/BVLC~caffe/examples/mnist/train_lenet_adam.sh|BVLC|caffe|train_lenet_adam.sh|Bourne Shell|3|0|1
610|./src/_00/output/C++/BVLC~caffe/matlab/+caffe/set_mode_cpu.m|BVLC|caffe|set_mode_cpu.m|MATLAB|3|2|2
611|./src/_00/output/C++/BVLC~caffe/matlab/+caffe/set_mode_gpu.m|BVLC|caffe|set_mode_gpu.m|MATLAB|3|2|2
612|./src/_00/output/C++/BVLC~caffe/matlab/+caffe/version.m|BVLC|caffe|version.m|MATLAB|3|2|2
613|./src/_00/output/C++/BVLC~caffe/tools/extra/launch_resize_and_crop_images.sh|BVLC|caffe|launch_resize_and_crop_images.sh|Bourne Shell|2|19|3
