Unnamed: 0|path|owner|project|file|language|code|comment|blank
0|./src/_00/output/C++/CMU-Perceptual-Computing-Lab~openpose/models/face/haarcascade_frontalface_alt.xml|CMU-Perceptual-Computing-Lab|openpose|haarcascade_frontalface_alt.xml|XML|24307|32|11
1|./src/_00/output/C++/CMU-Perceptual-Computing-Lab~openpose/include/openpose_private/gpu/cl2.hpp|CMU-Perceptual-Computing-Lab|openpose|cl2.hpp|C/C++ Header|6465|1970|1135
2|./src/_00/output/C++/CMU-Perceptual-Computing-Lab~openpose/3rdparty/windows/wget/wget.html|CMU-Perceptual-Computing-Lab|openpose|wget.html|HTML|2851|2|851
3|./src/_00/output/C++/CMU-Perceptual-Computing-Lab~openpose/src/openpose/calibration/cameraParameterEstimation.cpp|CMU-Perceptual-Computing-Lab|openpose|cameraParameterEstimation.cpp|C++|1638|619|167
4|./src/_00/output/C++/CMU-Perceptual-Computing-Lab~openpose/include/openpose/wrapper/wrapperAuxiliary.hpp|CMU-Perceptual-Computing-Lab|openpose|wrapperAuxiliary.hpp|C/C++ Header|982|246|47
5|./src/_00/output/C++/CMU-Perceptual-Computing-Lab~openpose/src/openpose/net/bodyPartConnectorBase.cpp|CMU-Perceptual-Computing-Lab|openpose|bodyPartConnectorBase.cpp|C++|809|601|34
6|./src/_00/output/C++/CMU-Perceptual-Computing-Lab~openpose/src/openpose/core/arrayCpuGpu.cpp|CMU-Perceptual-Computing-Lab|openpose|arrayCpuGpu.cpp|C++|762|83|46
7|./src/_00/output/C++/CMU-Perceptual-Computing-Lab~openpose/src/openpose/producer/spinnakerWrapper.cpp|CMU-Perceptual-Computing-Lab|openpose|spinnakerWrapper.cpp|C++|740|303|105
8|./src/_00/output/C++/CMU-Perceptual-Computing-Lab~openpose/CMakeLists.txt|CMU-Perceptual-Computing-Lab|openpose|CMakeLists.txt|CMake|712|244|113
9|./src/_00/output/C++/CMU-Perceptual-Computing-Lab~openpose/src/openpose/pose/renderPose.cu|CMU-Perceptual-Computing-Lab|openpose|renderPose.cu|CUDA|648|135|83
10|./src/_00/output/C++/CMU-Perceptual-Computing-Lab~openpose/src/openpose/pose/poseParameters.cpp|CMU-Perceptual-Computing-Lab|openpose|poseParameters.cpp|C++|629|122|19
11|./src/_00/output/C++/CMU-Perceptual-Computing-Lab~openpose/src/openpose/core/array.cpp|CMU-Perceptual-Computing-Lab|openpose|array.cpp|C++|616|55|37
12|./src/_00/output/C++/CMU-Perceptual-Computing-Lab~openpose/src/openpose/unity/unityBinding.cpp|CMU-Perceptual-Computing-Lab|openpose|unityBinding.cpp|C++|616|32|45
13|./src/_00/output/C++/CMU-Perceptual-Computing-Lab~openpose/src/openpose/utilities/keypoint.cpp|CMU-Perceptual-Computing-Lab|openpose|keypoint.cpp|C++|582|42|24
14|./src/_00/output/C++/CMU-Perceptual-Computing-Lab~openpose/src/openpose/pose/poseExtractorCaffe.cpp|CMU-Perceptual-Computing-Lab|openpose|poseExtractorCaffe.cpp|C++|534|190|20
15|./src/_00/output/C++/CMU-Perceptual-Computing-Lab~openpose/python/openpose/openpose_python.cpp|CMU-Perceptual-Computing-Lab|openpose|openpose_python.cpp|C++|518|54|63
16|./src/_00/output/C++/CMU-Perceptual-Computing-Lab~openpose/src/openpose/gui/gui3D.cpp|CMU-Perceptual-Computing-Lab|openpose|gui3D.cpp|C++|490|48|52
17|./src/_00/output/C++/CMU-Perceptual-Computing-Lab~openpose/src/openpose/gpu/opencl.cpp|CMU-Perceptual-Computing-Lab|openpose|opencl.cpp|C++|487|14|27
18|./src/_00/output/C++/CMU-Perceptual-Computing-Lab~openpose/include/openpose/wrapper/wrapper.hpp|CMU-Perceptual-Computing-Lab|openpose|wrapper.hpp|C/C++ Header|478|176|62
19|./src/_00/output/C++/CMU-Perceptual-Computing-Lab~openpose/include/openpose/thread/threadManager.hpp|CMU-Perceptual-Computing-Lab|openpose|threadManager.hpp|C/C++ Header|459|37|58
20|./src/_00/output/C++/CMU-Perceptual-Computing-Lab~openpose/include/openpose/thread/queueBase.hpp|CMU-Perceptual-Computing-Lab|openpose|queueBase.hpp|C/C++ Header|454|3|67
21|./src/_00/output/C++/CMU-Perceptual-Computing-Lab~openpose/src/openpose/tracking/personTracker.cpp|CMU-Perceptual-Computing-Lab|openpose|personTracker.cpp|C++|454|74|38
22|./src/_00/output/C++/CMU-Perceptual-Computing-Lab~openpose/src/openpose/calibration/gridPatternFunctions.cpp|CMU-Perceptual-Computing-Lab|openpose|gridPatternFunctions.cpp|C++|445|87|41
23|./src/_00/output/C++/CMU-Perceptual-Computing-Lab~openpose/src/openpose/utilities/fileSystem.cpp|CMU-Perceptual-Computing-Lab|openpose|fileSystem.cpp|C++|415|53|20
24|./src/_00/output/C++/CMU-Perceptual-Computing-Lab~openpose/doc/08_release_notes.md|CMU-Perceptual-Computing-Lab|openpose|08_release_notes.md|Markdown|411|0|51
25|./src/_00/output/C++/CMU-Perceptual-Computing-Lab~openpose/src/openpose/producer/producer.cpp|CMU-Perceptual-Computing-Lab|openpose|producer.cpp|C++|410|48|21
26|./src/_00/output/C++/CMU-Perceptual-Computing-Lab~openpose/src/openpose/net/bodyPartConnectorCaffe.cpp|CMU-Perceptual-Computing-Lab|openpose|bodyPartConnectorCaffe.cpp|C++|398|27|22
27|./src/_00/output/C++/CMU-Perceptual-Computing-Lab~openpose/include/openpose/pose/poseParametersRender.hpp|CMU-Perceptual-Computing-Lab|openpose|poseParametersRender.hpp|C/C++ Header|388|30|7
28|./src/_00/output/C++/CMU-Perceptual-Computing-Lab~openpose/src/openpose/net/resizeAndMergeBaseCL.cpp|CMU-Perceptual-Computing-Lab|openpose|resizeAndMergeBaseCL.cpp|C++|377|21|38
29|./src/_00/output/C++/CMU-Perceptual-Computing-Lab~openpose/src/openpose/hand/handExtractorCaffe.cpp|CMU-Perceptual-Computing-Lab|openpose|handExtractorCaffe.cpp|C++|365|78|22
30|./src/_00/output/C++/CMU-Perceptual-Computing-Lab~openpose/src/openpose/core/matrix.cpp|CMU-Perceptual-Computing-Lab|openpose|matrix.cpp|C++|364|2|30
31|./src/_00/output/C++/CMU-Perceptual-Computing-Lab~openpose/src/openpose/filestream/fileStream.cpp|CMU-Perceptual-Computing-Lab|openpose|fileStream.cpp|C++|357|38|22
32|./src/_00/output/C++/CMU-Perceptual-Computing-Lab~openpose/src/openpose/pose/poseExtractorNet.cpp|CMU-Perceptual-Computing-Lab|openpose|poseExtractorNet.cpp|C++|347|28|18
33|./src/_00/output/C++/CMU-Perceptual-Computing-Lab~openpose/src/openpose/tracking/pyramidalLK.cpp|CMU-Perceptual-Computing-Lab|openpose|pyramidalLK.cpp|C++|341|47|73
34|./src/_00/output/C++/CMU-Perceptual-Computing-Lab~openpose/src/openpose/tracking/personIdExtractor.cpp|CMU-Perceptual-Computing-Lab|openpose|personIdExtractor.cpp|C++|336|118|50
35|./src/_00/output/C++/CMU-Perceptual-Computing-Lab~openpose/src/openpose/net/resizeAndMergeBase.cu|CMU-Perceptual-Computing-Lab|openpose|resizeAndMergeBase.cu|CUDA|333|232|30
36|./src/_00/output/C++/CMU-Perceptual-Computing-Lab~openpose/src/openpose/3d/cameraParameterReader.cpp|CMU-Perceptual-Computing-Lab|openpose|cameraParameterReader.cpp|C++|324|55|21
37|./src/_00/output/C++/CMU-Perceptual-Computing-Lab~openpose/src/openpose/net/nmsBaseCL.cpp|CMU-Perceptual-Computing-Lab|openpose|nmsBaseCL.cpp|C++|323|48|31
38|./src/_00/output/C++/CMU-Perceptual-Computing-Lab~openpose/src/openpose/3d/jointAngleEstimation.cpp|CMU-Perceptual-Computing-Lab|openpose|jointAngleEstimation.cpp|C++|313|53|16
39|./src/_00/output/C++/CMU-Perceptual-Computing-Lab~openpose/src/openpose/utilities/openCv.cpp|CMU-Perceptual-Computing-Lab|openpose|openCv.cpp|C++|312|71|17
40|./src/_00/output/C++/CMU-Perceptual-Computing-Lab~openpose/src/openpose/utilities/flagsToOpenPose.cpp|CMU-Perceptual-Computing-Lab|openpose|flagsToOpenPose.cpp|C++|307|23|13
41|./src/_00/output/C++/CMU-Perceptual-Computing-Lab~openpose/src/openpose/core/datum.cpp|CMU-Perceptual-Computing-Lab|openpose|datum.cpp|C++|305|60|7
42|./src/_00/output/C++/CMU-Perceptual-Computing-Lab~openpose/doc/01_demo.md|CMU-Perceptual-Computing-Lab|openpose|01_demo.md|Markdown|290|0|78
43|./src/_00/output/C++/CMU-Perceptual-Computing-Lab~openpose/examples/tests/wrapperHandFromJsonTest.hpp|CMU-Perceptual-Computing-Lab|openpose|wrapperHandFromJsonTest.hpp|C/C++ Header|282|75|35
44|./src/_00/output/C++/CMU-Perceptual-Computing-Lab~openpose/src/openpose/net/nmsCaffe.cpp|CMU-Perceptual-Computing-Lab|openpose|nmsCaffe.cpp|C++|276|10|19
45|./src/_00/output/C++/CMU-Perceptual-Computing-Lab~openpose/src/openpose/utilities/errorAndLog.cpp|CMU-Perceptual-Computing-Lab|openpose|errorAndLog.cpp|C++|270|47|62
46|./src/_00/output/C++/CMU-Perceptual-Computing-Lab~openpose/examples/tutorial_api_cpp/18_synchronous_custom_all_and_datum.cpp|CMU-Perceptual-Computing-Lab|openpose|18_synchronous_custom_all_and_datum.cpp|C++|267|76|30
47|./src/_00/output/C++/CMU-Perceptual-Computing-Lab~openpose/src/openpose/net/netCaffe.cpp|CMU-Perceptual-Computing-Lab|openpose|netCaffe.cpp|C++|258|12|9
48|./src/_00/output/C++/CMU-Perceptual-Computing-Lab~openpose/src/openpose/gui/gui.cpp|CMU-Perceptual-Computing-Lab|openpose|gui.cpp|C++|257|31|12
49|./src/_00/output/C++/CMU-Perceptual-Computing-Lab~openpose/src/openpose/face/faceExtractorCaffe.cpp|CMU-Perceptual-Computing-Lab|openpose|faceExtractorCaffe.cpp|C++|251|51|22
50|./src/_00/output/C++/CMU-Perceptual-Computing-Lab~openpose/include/openpose/flags.hpp|CMU-Perceptual-Computing-Lab|openpose|flags.hpp|C/C++ Header|250|26|4
51|./src/_00/output/C++/CMU-Perceptual-Computing-Lab~openpose/src/openpose/core/point.cpp|CMU-Perceptual-Computing-Lab|openpose|point.cpp|C++|250|8|19
52|./src/_00/output/C++/CMU-Perceptual-Computing-Lab~openpose/examples/tutorial_api_cpp/13_asynchronous_custom_input_output_and_datum.cpp|CMU-Perceptual-Computing-Lab|openpose|13_asynchronous_custom_input_output_and_datum.cpp|C++|248|63|25
53|./src/_00/output/C++/CMU-Perceptual-Computing-Lab~openpose/src/openpose/gui/guiAdam.cpp|CMU-Perceptual-Computing-Lab|openpose|guiAdam.cpp|C++|240|33|16
54|./src/_00/output/C++/CMU-Perceptual-Computing-Lab~openpose/src/openpose/net/resizeAndMergeCaffe.cpp|CMU-Perceptual-Computing-Lab|openpose|resizeAndMergeCaffe.cpp|C++|238|12|12
55|./src/_00/output/C++/CMU-Perceptual-Computing-Lab~openpose/src/openpose/producer/webcamReader.cpp|CMU-Perceptual-Computing-Lab|openpose|webcamReader.cpp|C++|236|23|12
56|./src/_00/output/C++/CMU-Perceptual-Computing-Lab~openpose/src/openpose/filestream/cocoJsonSaver.cpp|CMU-Perceptual-Computing-Lab|openpose|cocoJsonSaver.cpp|C++|231|38|11
57|./src/_00/output/C++/CMU-Perceptual-Computing-Lab~openpose/src/openpose/core/rectangle.cpp|CMU-Perceptual-Computing-Lab|openpose|rectangle.cpp|C++|226|5|18
58|./src/_00/output/C++/CMU-Perceptual-Computing-Lab~openpose/cmake/Cuda.cmake|CMU-Perceptual-Computing-Lab|openpose|Cuda.cmake|CMake|223|64|53
59|./src/_00/output/C++/CMU-Perceptual-Computing-Lab~openpose/examples/tutorial_api_cpp/05_keypoints_from_images_multi_gpu.cpp|CMU-Perceptual-Computing-Lab|openpose|05_keypoints_from_images_multi_gpu.cpp|C++|222|70|18
60|./src/_00/output/C++/CMU-Perceptual-Computing-Lab~openpose/src/openpose/3d/poseTriangulation.cpp|CMU-Perceptual-Computing-Lab|openpose|poseTriangulation.cpp|C++|217|43|9
61|./src/_00/output/C++/CMU-Perceptual-Computing-Lab~openpose/src/openpose/filestream/videoSaver.cpp|CMU-Perceptual-Computing-Lab|openpose|videoSaver.cpp|C++|215|29|9
62|./src/_00/output/C++/CMU-Perceptual-Computing-Lab~openpose/src/openpose/3d/poseTriangulationPrivate.cpp|CMU-Perceptual-Computing-Lab|openpose|poseTriangulationPrivate.cpp|C++|214|77|26
63|./src/_00/output/C++/CMU-Perceptual-Computing-Lab~openpose/src/openpose/tracking/pyramidalLK.cu|CMU-Perceptual-Computing-Lab|openpose|pyramidalLK.cu|CUDA|210|31|40
64|./src/_00/output/C++/CMU-Perceptual-Computing-Lab~openpose/doc/very_advanced/library_structure/1_library_deep_overview.md|CMU-Perceptual-Computing-Lab|openpose|1_library_deep_overview.md|Markdown|209|0|107
65|./src/_00/output/C++/CMU-Perceptual-Computing-Lab~openpose/doc/02_output.md|CMU-Perceptual-Computing-Lab|openpose|02_output.md|Markdown|206|0|59
66|./src/_00/output/C++/CMU-Perceptual-Computing-Lab~openpose/doc/installation/0_index.md|CMU-Perceptual-Computing-Lab|openpose|0_index.md|Markdown|206|0|77
67|./src/_00/output/C++/CMU-Perceptual-Computing-Lab~openpose/src/openpose/hand/handDetector.cpp|CMU-Perceptual-Computing-Lab|openpose|handDetector.cpp|C++|206|23|10
68|./src/_00/output/C++/CMU-Perceptual-Computing-Lab~openpose/src/openpose/pose/poseExtractor.cpp|CMU-Perceptual-Computing-Lab|openpose|poseExtractor.cpp|C++|205|12|15
69|./src/_00/output/C++/CMU-Perceptual-Computing-Lab~openpose/.github/workflows/main.yml|CMU-Perceptual-Computing-Lab|openpose|main.yml|YAML|198|83|10
70|./src/_00/output/C++/CMU-Perceptual-Computing-Lab~openpose/src/openpose/pose/poseGpuRenderer.cpp|CMU-Perceptual-Computing-Lab|openpose|poseGpuRenderer.cpp|C++|198|23|4
71|./src/_00/output/C++/CMU-Perceptual-Computing-Lab~openpose/src/openpose/wrapper/wrapperAuxiliary.cpp|CMU-Perceptual-Computing-Lab|openpose|wrapperAuxiliary.cpp|C++|196|11|5
72|./src/_00/output/C++/CMU-Perceptual-Computing-Lab~openpose/include/openpose/thread/thread.hpp|CMU-Perceptual-Computing-Lab|openpose|thread.hpp|C/C++ Header|195|4|38
73|./src/_00/output/C++/CMU-Perceptual-Computing-Lab~openpose/src/openpose/net/bodyPartConnectorBaseCL.cpp|CMU-Perceptual-Computing-Lab|openpose|bodyPartConnectorBaseCL.cpp|C++|195|24|20
74|./src/_00/output/C++/CMU-Perceptual-Computing-Lab~openpose/examples/tutorial_api_cpp/12_asynchronous_custom_output.cpp|CMU-Perceptual-Computing-Lab|openpose|12_asynchronous_custom_output.cpp|C++|193|52|16
75|./src/_00/output/C++/CMU-Perceptual-Computing-Lab~openpose/examples/tutorial_api_cpp/08_heatmaps_from_image.cpp|CMU-Perceptual-Computing-Lab|openpose|08_heatmaps_from_image.cpp|C++|190|49|18
76|./src/_00/output/C++/CMU-Perceptual-Computing-Lab~openpose/src/openpose/producer/flirReader.cpp|CMU-Perceptual-Computing-Lab|openpose|flirReader.cpp|C++|190|2|12
77|./src/_00/output/C++/CMU-Perceptual-Computing-Lab~openpose/src/openpose/utilities/profiler.cpp|CMU-Perceptual-Computing-Lab|openpose|profiler.cpp|C++|190|8|18
78|./src/_00/output/C++/CMU-Perceptual-Computing-Lab~openpose/src/openpose/producer/videoCaptureReader.cpp|CMU-Perceptual-Computing-Lab|openpose|videoCaptureReader.cpp|C++|188|13|15
79|./src/_00/output/C++/CMU-Perceptual-Computing-Lab~openpose/examples/tutorial_api_cpp/17_synchronous_custom_output.cpp|CMU-Perceptual-Computing-Lab|openpose|17_synchronous_custom_output.cpp|C++|183|54|17
80|./src/_00/output/C++/CMU-Perceptual-Computing-Lab~openpose/examples/tutorial_api_cpp/09_keypoints_from_heatmaps.cpp|CMU-Perceptual-Computing-Lab|openpose|09_keypoints_from_heatmaps.cpp|C++|181|59|25
81|./src/_00/output/C++/CMU-Perceptual-Computing-Lab~openpose/src/openpose/filestream/jsonOfstream.cpp|CMU-Perceptual-Computing-Lab|openpose|jsonOfstream.cpp|C++|178|4|13
82|./src/_00/output/C++/CMU-Perceptual-Computing-Lab~openpose/doc/advanced/demo_advanced.md|CMU-Perceptual-Computing-Lab|openpose|demo_advanced.md|Markdown|174|0|55
83|./src/_00/output/C++/CMU-Perceptual-Computing-Lab~openpose/examples/tutorial_api_cpp/07_hand_from_image.cpp|CMU-Perceptual-Computing-Lab|openpose|07_hand_from_image.cpp|C++|174|55|20
84|./src/_00/output/C++/CMU-Perceptual-Computing-Lab~openpose/src/openpose/net/maximumCaffe.cpp|CMU-Perceptual-Computing-Lab|openpose|maximumCaffe.cpp|C++|173|6|14
85|./src/_00/output/C++/CMU-Perceptual-Computing-Lab~openpose/src/openpose/core/renderer.cpp|CMU-Perceptual-Computing-Lab|openpose|renderer.cpp|C++|172|5|13
86|./src/_00/output/C++/CMU-Perceptual-Computing-Lab~openpose/doc/advanced/calibration_module.md|CMU-Perceptual-Computing-Lab|openpose|calibration_module.md|Markdown|171|0|37
87|./src/_00/output/C++/CMU-Perceptual-Computing-Lab~openpose/cmake/Modules/FindLIBIGL.cmake|CMU-Perceptual-Computing-Lab|openpose|FindLIBIGL.cmake|CMake|169|17|30
88|./src/_00/output/C++/CMU-Perceptual-Computing-Lab~openpose/examples/tutorial_api_cpp/11_asynchronous_custom_input_multi_camera.cpp|CMU-Perceptual-Computing-Lab|openpose|11_asynchronous_custom_input_multi_camera.cpp|C++|169|47|24
89|./src/_00/output/C++/CMU-Perceptual-Computing-Lab~openpose/examples/tutorial_api_cpp/06_face_from_image.cpp|CMU-Perceptual-Computing-Lab|openpose|06_face_from_image.cpp|C++|168|52|20
90|./src/_00/output/C++/CMU-Perceptual-Computing-Lab~openpose/examples/tutorial_api_cpp/04_keypoints_from_images.cpp|CMU-Perceptual-Computing-Lab|openpose|04_keypoints_from_images.cpp|C++|163|45|17
91|./src/_00/output/C++/CMU-Perceptual-Computing-Lab~openpose/src/openpose/net/nmsBase.cu|CMU-Perceptual-Computing-Lab|openpose|nmsBase.cu|CUDA|161|172|26
92|./src/_00/output/C++/CMU-Perceptual-Computing-Lab~openpose/examples/tutorial_api_cpp/10_asynchronous_custom_input.cpp|CMU-Perceptual-Computing-Lab|openpose|10_asynchronous_custom_input.cpp|C++|159|48|22
93|./src/_00/output/C++/CMU-Perceptual-Computing-Lab~openpose/examples/deprecated/tutorial_api_thread_2_user_input_processing_output_and_datum.cpp|CMU-Perceptual-Computing-Lab|openpose|tutorial_api_thread_2_user_input_processing_output_and_datum.cpp|C++|158|78|25
94|./src/_00/output/C++/CMU-Perceptual-Computing-Lab~openpose/src/openpose/net/bodyPartConnectorBase.cu|CMU-Perceptual-Computing-Lab|openpose|bodyPartConnectorBase.cu|CUDA|158|87|23
95|./src/_00/output/C++/CMU-Perceptual-Computing-Lab~openpose/include/openpose/producer/datumProducer.hpp|CMU-Perceptual-Computing-Lab|openpose|datumProducer.hpp|C/C++ Header|157|17|19
96|./src/_00/output/C++/CMU-Perceptual-Computing-Lab~openpose/src/openpose/core/gpuRenderer.cpp|CMU-Perceptual-Computing-Lab|openpose|gpuRenderer.cpp|C++|157|0|8
97|./src/_00/output/C++/CMU-Perceptual-Computing-Lab~openpose/examples/tutorial_api_cpp/14_synchronous_custom_input.cpp|CMU-Perceptual-Computing-Lab|openpose|14_synchronous_custom_input.cpp|C++|153|50|21
98|./src/_00/output/C++/CMU-Perceptual-Computing-Lab~openpose/src/openpose/filestream/udpSender.cpp|CMU-Perceptual-Computing-Lab|openpose|udpSender.cpp|C++|153|6|17
99|./src/_00/output/C++/CMU-Perceptual-Computing-Lab~openpose/examples/tutorial_api_cpp/03_keypoints_from_image.cpp|CMU-Perceptual-Computing-Lab|openpose|03_keypoints_from_image.cpp|C++|152|44|16
100|./src/_00/output/C++/CMU-Perceptual-Computing-Lab~openpose/src/openpose/net/nmsBase.cpp|CMU-Perceptual-Computing-Lab|openpose|nmsBase.cpp|C++|152|14|12
101|./src/_00/output/C++/CMU-Perceptual-Computing-Lab~openpose/src/openpose/utilities/string.cpp|CMU-Perceptual-Computing-Lab|openpose|string.cpp|C++|150|4|10
102|./src/_00/output/C++/CMU-Perceptual-Computing-Lab~openpose/doc/05_faq.md|CMU-Perceptual-Computing-Lab|openpose|05_faq.md|Markdown|149|0|124
103|./src/_00/output/C++/CMU-Perceptual-Computing-Lab~openpose/src/openpose/gui/guiInfoAdder.cpp|CMU-Perceptual-Computing-Lab|openpose|guiInfoAdder.cpp|C++|145|24|6
104|./src/_00/output/C++/CMU-Perceptual-Computing-Lab~openpose/doc/installation/2_additional_settings.md|CMU-Perceptual-Computing-Lab|openpose|2_additional_settings.md|Markdown|139|0|78
105|./src/_00/output/C++/CMU-Perceptual-Computing-Lab~openpose/src/openpose/producer/imageDirectoryReader.cpp|CMU-Perceptual-Computing-Lab|openpose|imageDirectoryReader.cpp|C++|139|9|8
106|./src/_00/output/C++/CMU-Perceptual-Computing-Lab~openpose/README.md|CMU-Perceptual-Computing-Lab|openpose|README.md|Markdown|138|0|52
107|./src/_00/output/C++/CMU-Perceptual-Computing-Lab~openpose/include/openpose/thread/wQueueOrderer.hpp|CMU-Perceptual-Computing-Lab|openpose|wQueueOrderer.hpp|C/C++ Header|138|20|20
108|./src/_00/output/C++/CMU-Perceptual-Computing-Lab~openpose/doc/installation/deprecated/installation_deprecated.md|CMU-Perceptual-Computing-Lab|openpose|installation_deprecated.md|Markdown|137|0|63
109|./src/_00/output/C++/CMU-Perceptual-Computing-Lab~openpose/examples/tutorial_api_cpp/15_synchronous_custom_preprocessing.cpp|CMU-Perceptual-Computing-Lab|openpose|15_synchronous_custom_preprocessing.cpp|C++|137|46|16
110|./src/_00/output/C++/CMU-Perceptual-Computing-Lab~openpose/examples/tutorial_api_cpp/16_synchronous_custom_postprocessing.cpp|CMU-Perceptual-Computing-Lab|openpose|16_synchronous_custom_postprocessing.cpp|C++|137|47|16
111|./src/_00/output/C++/CMU-Perceptual-Computing-Lab~openpose/include/openpose/core/array.hpp|CMU-Perceptual-Computing-Lab|openpose|array.hpp|C/C++ Header|137|323|56
112|./src/_00/output/C++/CMU-Perceptual-Computing-Lab~openpose/src/openpose/net/netOpenCv.cpp|CMU-Perceptual-Computing-Lab|openpose|netOpenCv.cpp|C++|133|16|10
113|./src/_00/output/C++/CMU-Perceptual-Computing-Lab~openpose/src/openpose/core/cvMatToOpInput.cpp|CMU-Perceptual-Computing-Lab|openpose|cvMatToOpInput.cpp|C++|132|24|4
114|./src/_00/output/C++/CMU-Perceptual-Computing-Lab~openpose/src/openpose/core/cvMatToOpOutput.cpp|CMU-Perceptual-Computing-Lab|openpose|cvMatToOpOutput.cpp|C++|129|17|4
115|./src/_00/output/C++/CMU-Perceptual-Computing-Lab~openpose/src/openpose/gui/frameDisplayer.cpp|CMU-Perceptual-Computing-Lab|openpose|frameDisplayer.cpp|C++|129|17|9
116|./src/_00/output/C++/CMU-Perceptual-Computing-Lab~openpose/src/openpose/face/faceDetector.cpp|CMU-Perceptual-Computing-Lab|openpose|faceDetector.cpp|C++|126|10|6
117|./src/_00/output/C++/CMU-Perceptual-Computing-Lab~openpose/src/openpose/core/keypointScaler.cpp|CMU-Perceptual-Computing-Lab|openpose|keypointScaler.cpp|C++|125|14|7
118|./src/_00/output/C++/CMU-Perceptual-Computing-Lab~openpose/src/openpose/producer/datumProducer.cpp|CMU-Perceptual-Computing-Lab|openpose|datumProducer.cpp|C++|125|14|6
119|./src/_00/output/C++/CMU-Perceptual-Computing-Lab~openpose/examples/tests/clTest.cpp|CMU-Perceptual-Computing-Lab|openpose|clTest.cpp|C++|124|79|31
120|./src/_00/output/C++/CMU-Perceptual-Computing-Lab~openpose/include/openpose/thread/subThread.hpp|CMU-Perceptual-Computing-Lab|openpose|subThread.hpp|C/C++ Header|123|10|24
121|./src/_00/output/C++/CMU-Perceptual-Computing-Lab~openpose/src/openpose/hand/handExtractorNet.cpp|CMU-Perceptual-Computing-Lab|openpose|handExtractorNet.cpp|C++|119|4|8
122|./src/_00/output/C++/CMU-Perceptual-Computing-Lab~openpose/src/openpose/face/faceExtractorNet.cpp|CMU-Perceptual-Computing-Lab|openpose|faceExtractorNet.cpp|C++|118|4|8
123|./src/_00/output/C++/CMU-Perceptual-Computing-Lab~openpose/src/openpose/filestream/bvhSaver.cpp|CMU-Perceptual-Computing-Lab|openpose|bvhSaver.cpp|C++|118|6|9
124|./src/_00/output/C++/CMU-Perceptual-Computing-Lab~openpose/examples/deprecated/tutorial_add_module_custom_post_processing.cpp|CMU-Perceptual-Computing-Lab|openpose|tutorial_add_module_custom_post_processing.cpp|C++|114|56|17
125|./src/_00/output/C++/CMU-Perceptual-Computing-Lab~openpose/src/openpose/core/opOutputToCvMat.cpp|CMU-Perceptual-Computing-Lab|openpose|opOutputToCvMat.cpp|C++|114|13|4
126|./src/_00/output/C++/CMU-Perceptual-Computing-Lab~openpose/src/openpose/hand/handGpuRenderer.cpp|CMU-Perceptual-Computing-Lab|openpose|handGpuRenderer.cpp|C++|108|8|4
127|./src/_00/output/C++/CMU-Perceptual-Computing-Lab~openpose/src/openpose/pose/poseParametersRender.cpp|CMU-Perceptual-Computing-Lab|openpose|poseParametersRender.cpp|C++|108|1|5
128|./src/_00/output/C++/CMU-Perceptual-Computing-Lab~openpose/doc/03_python_api.md|CMU-Perceptual-Computing-Lab|openpose|03_python_api.md|Markdown|107|0|64
129|./src/_00/output/C++/CMU-Perceptual-Computing-Lab~openpose/examples/openpose/openpose.cpp|CMU-Perceptual-Computing-Lab|openpose|openpose.cpp|C++|106|42|12
130|./src/_00/output/C++/CMU-Perceptual-Computing-Lab~openpose/doc/installation/jetson_tx/installation_jetson_tx1.md|CMU-Perceptual-Computing-Lab|openpose|installation_jetson_tx1.md|Markdown|104|0|16
131|./src/_00/output/C++/CMU-Perceptual-Computing-Lab~openpose/src/openpose/face/faceGpuRenderer.cpp|CMU-Perceptual-Computing-Lab|openpose|faceGpuRenderer.cpp|C++|104|7|4
132|./src/_00/output/C++/CMU-Perceptual-Computing-Lab~openpose/include/openpose/core/datum.hpp|CMU-Perceptual-Computing-Lab|openpose|datum.hpp|C/C++ Header|103|253|54
133|./src/_00/output/C++/CMU-Perceptual-Computing-Lab~openpose/doc/installation/1_prerequisites.md|CMU-Perceptual-Computing-Lab|openpose|1_prerequisites.md|Markdown|101|0|16
134|./src/_00/output/C++/CMU-Perceptual-Computing-Lab~openpose/src/openpose/producer/videoReader.cpp|CMU-Perceptual-Computing-Lab|openpose|videoReader.cpp|C++|101|3|7
135|./src/_00/output/C++/CMU-Perceptual-Computing-Lab~openpose/src/openpose/core/scaleAndSizeExtractor.cpp|CMU-Perceptual-Computing-Lab|openpose|scaleAndSizeExtractor.cpp|C++|99|10|4
136|./src/_00/output/C++/CMU-Perceptual-Computing-Lab~openpose/include/openpose/3d/wPoseTriangulation.hpp|CMU-Perceptual-Computing-Lab|openpose|wPoseTriangulation.hpp|C/C++ Header|94|8|17
137|./src/_00/output/C++/CMU-Perceptual-Computing-Lab~openpose/examples/tests/resizeTest.cpp|CMU-Perceptual-Computing-Lab|openpose|resizeTest.cpp|C++|93|11|17
138|./src/_00/output/C++/CMU-Perceptual-Computing-Lab~openpose/src/openpose/net/resizeAndMergeBase.cpp|CMU-Perceptual-Computing-Lab|openpose|resizeAndMergeBase.cpp|C++|93|15|13
139|./src/_00/output/C++/CMU-Perceptual-Computing-Lab~openpose/src/openpose/gpu/cuda.cpp|CMU-Perceptual-Computing-Lab|openpose|cuda.cpp|C++|91|12|4
140|./src/_00/output/C++/CMU-Perceptual-Computing-Lab~openpose/examples/deprecated/tutorial_api_thread_1_user_processing_function.cpp|CMU-Perceptual-Computing-Lab|openpose|tutorial_api_thread_1_user_processing_function.cpp|C++|90|73|14
141|./src/_00/output/C++/CMU-Perceptual-Computing-Lab~openpose/include/openpose/thread/subThreadQueueInOut.hpp|CMU-Perceptual-Computing-Lab|openpose|subThreadQueueInOut.hpp|C/C++ Header|89|11|15
142|./src/_00/output/C++/CMU-Perceptual-Computing-Lab~openpose/examples/tutorial_api_cpp/02_whole_body_from_image_default.cpp|CMU-Perceptual-Computing-Lab|openpose|02_whole_body_from_image_default.cpp|C++|88|23|12
143|./src/_00/output/C++/CMU-Perceptual-Computing-Lab~openpose/include/openpose/gui/wGui3D.hpp|CMU-Perceptual-Computing-Lab|openpose|wGui3D.hpp|C/C++ Header|87|12|17
144|./src/_00/output/C++/CMU-Perceptual-Computing-Lab~openpose/include/openpose/gui/wGuiAdam.hpp|CMU-Perceptual-Computing-Lab|openpose|wGuiAdam.hpp|C/C++ Header|87|10|17
145|./src/_00/output/C++/CMU-Perceptual-Computing-Lab~openpose/include/openpose/producer/wDatumProducer.hpp|CMU-Perceptual-Computing-Lab|openpose|wDatumProducer.hpp|C/C++ Header|87|13|18
146|./src/_00/output/C++/CMU-Perceptual-Computing-Lab~openpose/include/openpose/utilities/errorAndLog.hpp|CMU-Perceptual-Computing-Lab|openpose|errorAndLog.hpp|C/C++ Header|87|24|24
147|./src/_00/output/C++/CMU-Perceptual-Computing-Lab~openpose/include/openpose/core/matrix.hpp|CMU-Perceptual-Computing-Lab|openpose|matrix.hpp|C/C++ Header|86|100|22
148|./src/_00/output/C++/CMU-Perceptual-Computing-Lab~openpose/include/openpose/pose/wPoseExtractor.hpp|CMU-Perceptual-Computing-Lab|openpose|wPoseExtractor.hpp|C/C++ Header|85|12|17
149|./src/_00/output/C++/CMU-Perceptual-Computing-Lab~openpose/examples/tutorial_api_cpp/01_body_from_image_default.cpp|CMU-Perceptual-Computing-Lab|openpose|01_body_from_image_default.cpp|C++|83|43|15
150|./src/_00/output/C++/CMU-Perceptual-Computing-Lab~openpose/examples/calibration/calibration.cpp|CMU-Perceptual-Computing-Lab|openpose|calibration.cpp|C++|82|44|14
151|./src/_00/output/C++/CMU-Perceptual-Computing-Lab~openpose/include/openpose/filestream/wPeopleJsonSaver.hpp|CMU-Perceptual-Computing-Lab|openpose|wPeopleJsonSaver.hpp|C/C++ Header|82|12|19
152|./src/_00/output/C++/CMU-Perceptual-Computing-Lab~openpose/doc/advanced/3d_reconstruction_module.md|CMU-Perceptual-Computing-Lab|openpose|3d_reconstruction_module.md|Markdown|81|0|44
153|./src/_00/output/C++/CMU-Perceptual-Computing-Lab~openpose/include/openpose/pose/wPoseExtractorNet.hpp|CMU-Perceptual-Computing-Lab|openpose|wPoseExtractorNet.hpp|C/C++ Header|79|6|17
154|./src/_00/output/C++/CMU-Perceptual-Computing-Lab~openpose/include/openpose/gui/wGui.hpp|CMU-Perceptual-Computing-Lab|openpose|wGui.hpp|C/C++ Header|78|8|17
155|./src/_00/output/C++/CMU-Perceptual-Computing-Lab~openpose/include/openpose/thread/wQueueAssembler.hpp|CMU-Perceptual-Computing-Lab|openpose|wQueueAssembler.hpp|C/C++ Header|78|17|17
156|./src/_00/output/C++/CMU-Perceptual-Computing-Lab~openpose/include/openpose/3d/wJointAngleEstimation.hpp|CMU-Perceptual-Computing-Lab|openpose|wJointAngleEstimation.hpp|C/C++ Header|77|7|17
157|./src/_00/output/C++/CMU-Perceptual-Computing-Lab~openpose/include/openpose/thread/worker.hpp|CMU-Perceptual-Computing-Lab|openpose|worker.hpp|C/C++ Header|76|3|22
158|./src/_00/output/C++/CMU-Perceptual-Computing-Lab~openpose/src/openpose/gpu/cuda.cu|CMU-Perceptual-Computing-Lab|openpose|cuda.cu|CUDA|74|0|6
159|./src/_00/output/C++/CMU-Perceptual-Computing-Lab~openpose/include/openpose/thread/subThreadQueueOut.hpp|CMU-Perceptual-Computing-Lab|openpose|subThreadQueueOut.hpp|C/C++ Header|73|7|15
160|./src/_00/output/C++/CMU-Perceptual-Computing-Lab~openpose/scripts/CI/run_tests.sh|CMU-Perceptual-Computing-Lab|openpose|run_tests.sh|Bourne Shell|73|16|25
161|./src/_00/output/C++/CMU-Perceptual-Computing-Lab~openpose/include/openpose/pose/wPoseRenderer.hpp|CMU-Perceptual-Computing-Lab|openpose|wPoseRenderer.hpp|C/C++ Header|72|6|17
162|./src/_00/output/C++/CMU-Perceptual-Computing-Lab~openpose/include/openpose/core/wKeypointScaler.hpp|CMU-Perceptual-Computing-Lab|openpose|wKeypointScaler.hpp|C/C++ Header|71|7|16
163|./src/_00/output/C++/CMU-Perceptual-Computing-Lab~openpose/include/openpose/filestream/wUdpSender.hpp|CMU-Perceptual-Computing-Lab|openpose|wUdpSender.hpp|C/C++ Header|71|15|17
164|./src/_00/output/C++/CMU-Perceptual-Computing-Lab~openpose/include/openpose/core/wKeepTopNPeople.hpp|CMU-Perceptual-Computing-Lab|openpose|wKeepTopNPeople.hpp|C/C++ Header|70|6|16
165|./src/_00/output/C++/CMU-Perceptual-Computing-Lab~openpose/include/openpose/filestream/wHandSaver.hpp|CMU-Perceptual-Computing-Lab|openpose|wHandSaver.hpp|C/C++ Header|70|9|17
166|./src/_00/output/C++/CMU-Perceptual-Computing-Lab~openpose/include/openpose/hand/wHandExtractorNet.hpp|CMU-Perceptual-Computing-Lab|openpose|wHandExtractorNet.hpp|C/C++ Header|70|6|17
167|./src/_00/output/C++/CMU-Perceptual-Computing-Lab~openpose/examples/tutorial_api_python/05_keypoints_from_images_multi_gpu.py|CMU-Perceptual-Computing-Lab|openpose|05_keypoints_from_images_multi_gpu.py|Python|69|21|19
168|./src/_00/output/C++/CMU-Perceptual-Computing-Lab~openpose/include/openpose/thread/priorityQueue.hpp|CMU-Perceptual-Computing-Lab|openpose|priorityQueue.hpp|C/C++ Header|69|2|17
169|./src/_00/output/C++/CMU-Perceptual-Computing-Lab~openpose/include/openpose/thread/queue.hpp|CMU-Perceptual-Computing-Lab|openpose|queue.hpp|C/C++ Header|69|2|17
170|./src/_00/output/C++/CMU-Perceptual-Computing-Lab~openpose/include/openpose/utilities/check.hpp|CMU-Perceptual-Computing-Lab|openpose|check.hpp|C/C++ Header|69|1|9
171|./src/_00/output/C++/CMU-Perceptual-Computing-Lab~openpose/src/openpose/core/keepTopNPeople.cpp|CMU-Perceptual-Computing-Lab|openpose|keepTopNPeople.cpp|C++|69|15|9
172|./src/_00/output/C++/CMU-Perceptual-Computing-Lab~openpose/include/openpose/core/wScaleAndSizeExtractor.hpp|CMU-Perceptual-Computing-Lab|openpose|wScaleAndSizeExtractor.hpp|C/C++ Header|67|6|17
173|./src/_00/output/C++/CMU-Perceptual-Computing-Lab~openpose/include/openpose/face/wFaceExtractorNet.hpp|CMU-Perceptual-Computing-Lab|openpose|wFaceExtractorNet.hpp|C/C++ Header|67|6|17
174|./src/_00/output/C++/CMU-Perceptual-Computing-Lab~openpose/include/openpose/filestream/wFaceSaver.hpp|CMU-Perceptual-Computing-Lab|openpose|wFaceSaver.hpp|C/C++ Header|67|7|17
175|./src/_00/output/C++/CMU-Perceptual-Computing-Lab~openpose/include/openpose/filestream/wHeatMapSaver.hpp|CMU-Perceptual-Computing-Lab|openpose|wHeatMapSaver.hpp|C/C++ Header|67|7|17
176|./src/_00/output/C++/CMU-Perceptual-Computing-Lab~openpose/include/openpose/filestream/wPoseSaver.hpp|CMU-Perceptual-Computing-Lab|openpose|wPoseSaver.hpp|C/C++ Header|67|7|17
177|./src/_00/output/C++/CMU-Perceptual-Computing-Lab~openpose/include/openpose/thread/wIdGenerator.hpp|CMU-Perceptual-Computing-Lab|openpose|wIdGenerator.hpp|C/C++ Header|67|8|17
178|./src/_00/output/C++/CMU-Perceptual-Computing-Lab~openpose/include/openpose_private/utilities/avx.hpp|CMU-Perceptual-Computing-Lab|openpose|avx.hpp|C/C++ Header|67|20|13
179|./src/_00/output/C++/CMU-Perceptual-Computing-Lab~openpose/examples/tutorial_api_python/07_hand_from_image.py|CMU-Perceptual-Computing-Lab|openpose|07_hand_from_image.py|Python|66|21|9
180|./src/_00/output/C++/CMU-Perceptual-Computing-Lab~openpose/include/openpose/core/wVerbosePrinter.hpp|CMU-Perceptual-Computing-Lab|openpose|wVerbosePrinter.hpp|C/C++ Header|66|6|17
181|./src/_00/output/C++/CMU-Perceptual-Computing-Lab~openpose/include/openpose/filestream/wImageSaver.hpp|CMU-Perceptual-Computing-Lab|openpose|wImageSaver.hpp|C/C++ Header|66|7|17
182|./src/_00/output/C++/CMU-Perceptual-Computing-Lab~openpose/include/openpose/gui/wGuiInfoAdder.hpp|CMU-Perceptual-Computing-Lab|openpose|wGuiInfoAdder.hpp|C/C++ Header|66|6|17
183|./src/_00/output/C++/CMU-Perceptual-Computing-Lab~openpose/include/openpose/utilities/fastMath.hpp|CMU-Perceptual-Computing-Lab|openpose|fastMath.hpp|C/C++ Header|66|10|15
184|./src/_00/output/C++/CMU-Perceptual-Computing-Lab~openpose/include/openpose/core/wCvMatToOpOutput.hpp|CMU-Perceptual-Computing-Lab|openpose|wCvMatToOpOutput.hpp|C/C++ Header|65|7|17
185|./src/_00/output/C++/CMU-Perceptual-Computing-Lab~openpose/src/openpose/face/renderFace.cu|CMU-Perceptual-Computing-Lab|openpose|renderFace.cu|CUDA|65|5|7
186|./src/_00/output/C++/CMU-Perceptual-Computing-Lab~openpose/src/openpose/hand/renderHand.cu|CMU-Perceptual-Computing-Lab|openpose|renderHand.cu|CUDA|65|5|7
187|./src/_00/output/C++/CMU-Perceptual-Computing-Lab~openpose/examples/tutorial_api_python/08_heatmaps_from_image.py|CMU-Perceptual-Computing-Lab|openpose|08_heatmaps_from_image.py|Python|64|18|9
188|./src/_00/output/C++/CMU-Perceptual-Computing-Lab~openpose/include/openpose/core/macros.hpp|CMU-Perceptual-Computing-Lab|openpose|macros.hpp|C/C++ Header|64|12|12
189|./src/_00/output/C++/CMU-Perceptual-Computing-Lab~openpose/include/openpose/face/wFaceRenderer.hpp|CMU-Perceptual-Computing-Lab|openpose|wFaceRenderer.hpp|C/C++ Header|64|6|17
190|./src/_00/output/C++/CMU-Perceptual-Computing-Lab~openpose/include/openpose/filestream/wBvhSaver.hpp|CMU-Perceptual-Computing-Lab|openpose|wBvhSaver.hpp|C/C++ Header|64|6|17
191|./src/_00/output/C++/CMU-Perceptual-Computing-Lab~openpose/include/openpose/filestream/wCocoJsonSaver.hpp|CMU-Perceptual-Computing-Lab|openpose|wCocoJsonSaver.hpp|C/C++ Header|64|8|17
192|./src/_00/output/C++/CMU-Perceptual-Computing-Lab~openpose/include/openpose/filestream/wVideoSaver.hpp|CMU-Perceptual-Computing-Lab|openpose|wVideoSaver.hpp|C/C++ Header|64|7|17
193|./src/_00/output/C++/CMU-Perceptual-Computing-Lab~openpose/include/openpose/hand/wHandRenderer.hpp|CMU-Perceptual-Computing-Lab|openpose|wHandRenderer.hpp|C/C++ Header|64|6|17
194|./src/_00/output/C++/CMU-Perceptual-Computing-Lab~openpose/src/openpose/pose/poseRenderer.cpp|CMU-Perceptual-Computing-Lab|openpose|poseRenderer.cpp|C++|64|5|3
195|./src/_00/output/C++/CMU-Perceptual-Computing-Lab~openpose/include/openpose/core/wCvMatToOpInput.hpp|CMU-Perceptual-Computing-Lab|openpose|wCvMatToOpInput.hpp|C/C++ Header|63|6|17
196|./src/_00/output/C++/CMU-Perceptual-Computing-Lab~openpose/include/openpose/tracking/wPersonIdExtractor.hpp|CMU-Perceptual-Computing-Lab|openpose|wPersonIdExtractor.hpp|C/C++ Header|63|6|17
197|./src/_00/output/C++/CMU-Perceptual-Computing-Lab~openpose/include/openpose/core/wOpOutputToCvMat.hpp|CMU-Perceptual-Computing-Lab|openpose|wOpOutputToCvMat.hpp|C/C++ Header|62|6|17
198|./src/_00/output/C++/CMU-Perceptual-Computing-Lab~openpose/include/openpose/face/wFaceDetector.hpp|CMU-Perceptual-Computing-Lab|openpose|wFaceDetector.hpp|C/C++ Header|62|6|17
199|./src/_00/output/C++/CMU-Perceptual-Computing-Lab~openpose/include/openpose/face/wFaceDetectorOpenCV.hpp|CMU-Perceptual-Computing-Lab|openpose|wFaceDetectorOpenCV.hpp|C/C++ Header|62|6|17
200|./src/_00/output/C++/CMU-Perceptual-Computing-Lab~openpose/include/openpose/filestream/wVideoSaver3D.hpp|CMU-Perceptual-Computing-Lab|openpose|wVideoSaver3D.hpp|C/C++ Header|62|7|17
201|./src/_00/output/C++/CMU-Perceptual-Computing-Lab~openpose/include/openpose/hand/wHandDetector.hpp|CMU-Perceptual-Computing-Lab|openpose|wHandDetector.hpp|C/C++ Header|62|6|17
202|./src/_00/output/C++/CMU-Perceptual-Computing-Lab~openpose/include/openpose/hand/wHandDetectorFromTxt.hpp|CMU-Perceptual-Computing-Lab|openpose|wHandDetectorFromTxt.hpp|C/C++ Header|62|6|17
203|./src/_00/output/C++/CMU-Perceptual-Computing-Lab~openpose/include/openpose/hand/wHandDetectorTracking.hpp|CMU-Perceptual-Computing-Lab|openpose|wHandDetectorTracking.hpp|C/C++ Header|62|6|17
204|./src/_00/output/C++/CMU-Perceptual-Computing-Lab~openpose/include/openpose/hand/wHandDetectorUpdate.hpp|CMU-Perceptual-Computing-Lab|openpose|wHandDetectorUpdate.hpp|C/C++ Header|62|6|17
205|./src/_00/output/C++/CMU-Perceptual-Computing-Lab~openpose/examples/tests/handFromJsonTest.cpp|CMU-Perceptual-Computing-Lab|openpose|handFromJsonTest.cpp|C++|61|22|11
206|./src/_00/output/C++/CMU-Perceptual-Computing-Lab~openpose/include/openpose/core/point.hpp|CMU-Perceptual-Computing-Lab|openpose|point.hpp|C/C++ Header|61|63|37
207|./src/_00/output/C++/CMU-Perceptual-Computing-Lab~openpose/scripts/CI/configure_cmake.sh|CMU-Perceptual-Computing-Lab|openpose|configure_cmake.sh|Bourne Shell|61|9|12
208|./src/_00/output/C++/CMU-Perceptual-Computing-Lab~openpose/examples/deprecated/tutorial_add_module/wUserPostProcessing.hpp|CMU-Perceptual-Computing-Lab|openpose|wUserPostProcessing.hpp|C/C++ Header|60|8|15
209|./src/_00/output/C++/CMU-Perceptual-Computing-Lab~openpose/examples/tutorial_api_python/09_keypoints_from_heatmaps.py|CMU-Perceptual-Computing-Lab|openpose|09_keypoints_from_heatmaps.py|Python|60|17|11
210|./src/_00/output/C++/CMU-Perceptual-Computing-Lab~openpose/src/openpose/face/faceDetectorOpenCV.cpp|CMU-Perceptual-Computing-Lab|openpose|faceDetectorOpenCV.cpp|C++|60|5|4
211|./src/_00/output/C++/CMU-Perceptual-Computing-Lab~openpose/src/openpose/net/maximumBase.cu|CMU-Perceptual-Computing-Lab|openpose|maximumBase.cu|CUDA|60|61|7
212|./src/_00/output/C++/CMU-Perceptual-Computing-Lab~openpose/examples/tutorial_api_python/12_asynchronous_custom_output.py|CMU-Perceptual-Computing-Lab|openpose|12_asynchronous_custom_output.py|Python|59|18|12
213|./src/_00/output/C++/CMU-Perceptual-Computing-Lab~openpose/include/openpose/core/arrayCpuGpu.hpp|CMU-Perceptual-Computing-Lab|openpose|arrayCpuGpu.hpp|C/C++ Header|59|35|18
214|./src/_00/output/C++/CMU-Perceptual-Computing-Lab~openpose/include/openpose/pose/poseExtractorCaffe.hpp|CMU-Perceptual-Computing-Lab|openpose|poseExtractorCaffe.hpp|C/C++ Header|59|10|14
215|./src/_00/output/C++/CMU-Perceptual-Computing-Lab~openpose/include/openpose/thread/subThreadQueueIn.hpp|CMU-Perceptual-Computing-Lab|openpose|subThreadQueueIn.hpp|C/C++ Header|59|6|15
216|./src/_00/output/C++/CMU-Perceptual-Computing-Lab~openpose/include/openpose/thread/wFpsMax.hpp|CMU-Perceptual-Computing-Lab|openpose|wFpsMax.hpp|C/C++ Header|59|7|17
217|./src/_00/output/C++/CMU-Perceptual-Computing-Lab~openpose/.github/issue_template.md|CMU-Perceptual-Computing-Lab|openpose|issue_template.md|Markdown|58|0|27
218|./src/_00/output/C++/CMU-Perceptual-Computing-Lab~openpose/include/openpose/net/bodyPartConnectorBase.hpp|CMU-Perceptual-Computing-Lab|openpose|bodyPartConnectorBase.hpp|C/C++ Header|57|2|10
219|./src/_00/output/C++/CMU-Perceptual-Computing-Lab~openpose/examples/tutorial_api_python/06_face_from_image.py|CMU-Perceptual-Computing-Lab|openpose|06_face_from_image.py|Python|56|18|9
220|./src/_00/output/C++/CMU-Perceptual-Computing-Lab~openpose/include/openpose/producer/producer.hpp|CMU-Perceptual-Computing-Lab|openpose|producer.hpp|C/C++ Header|56|107|26
221|./src/_00/output/C++/CMU-Perceptual-Computing-Lab~openpose/include/openpose/wrapper/wrapperStructPose.hpp|CMU-Perceptual-Computing-Lab|openpose|wrapperStructPose.hpp|C/C++ Header|56|152|30
222|./src/_00/output/C++/CMU-Perceptual-Computing-Lab~openpose/examples/tutorial_api_python/04_keypoints_from_images.py|CMU-Perceptual-Computing-Lab|openpose|04_keypoints_from_images.py|Python|55|17|11
223|./src/_00/output/C++/CMU-Perceptual-Computing-Lab~openpose/include/openpose/net/bodyPartConnectorCaffe.hpp|CMU-Perceptual-Computing-Lab|openpose|bodyPartConnectorCaffe.hpp|C/C++ Header|55|4|22
224|./src/_00/output/C++/CMU-Perceptual-Computing-Lab~openpose/src/openpose/CMakeLists.txt|CMU-Perceptual-Computing-Lab|openpose|CMakeLists.txt|CMake|55|10|10
225|./src/_00/output/C++/CMU-Perceptual-Computing-Lab~openpose/src/openpose/filestream/heatMapSaver.cpp|CMU-Perceptual-Computing-Lab|openpose|heatMapSaver.cpp|C++|55|10|5
226|./src/_00/output/C++/CMU-Perceptual-Computing-Lab~openpose/doc/advanced/deployment.md|CMU-Perceptual-Computing-Lab|openpose|deployment.md|Markdown|54|0|32
227|./src/_00/output/C++/CMU-Perceptual-Computing-Lab~openpose/include/openpose/pose/poseExtractor.hpp|CMU-Perceptual-Computing-Lab|openpose|poseExtractor.hpp|C/C++ Header|54|6|18
228|./src/_00/output/C++/CMU-Perceptual-Computing-Lab~openpose/include/openpose/pose/poseExtractorNet.hpp|CMU-Perceptual-Computing-Lab|openpose|poseExtractorNet.hpp|C/C++ Header|54|0|26
229|./src/_00/output/C++/CMU-Perceptual-Computing-Lab~openpose/src/openpose/core/string.cpp|CMU-Perceptual-Computing-Lab|openpose|string.cpp|C++|52|0|8
230|./src/_00/output/C++/CMU-Perceptual-Computing-Lab~openpose/src/openpose/filestream/imageSaver.cpp|CMU-Perceptual-Computing-Lab|openpose|imageSaver.cpp|C++|52|4|6
231|./src/_00/output/C++/CMU-Perceptual-Computing-Lab~openpose/examples/deprecated/tutorial_add_module/userPostProcessing.hpp|CMU-Perceptual-Computing-Lab|openpose|userPostProcessing.hpp|C/C++ Header|51|25|14
232|./src/_00/output/C++/CMU-Perceptual-Computing-Lab~openpose/examples/tutorial_api_python/02_whole_body_from_image.py|CMU-Perceptual-Computing-Lab|openpose|02_whole_body_from_image.py|Python|51|17|8
233|./src/_00/output/C++/CMU-Perceptual-Computing-Lab~openpose/include/openpose/utilities/keypoint.hpp|CMU-Perceptual-Computing-Lab|openpose|keypoint.hpp|C/C++ Header|51|12|19
234|./src/_00/output/C++/CMU-Perceptual-Computing-Lab~openpose/include/openpose/utilities/profiler.hpp|CMU-Perceptual-Computing-Lab|openpose|profiler.hpp|C/C++ Header|51|35|14
235|./src/_00/output/C++/CMU-Perceptual-Computing-Lab~openpose/src/openpose/utilities/openCvPrivate.cpp|CMU-Perceptual-Computing-Lab|openpose|openCvPrivate.cpp|C++|51|1|2
236|./src/_00/output/C++/CMU-Perceptual-Computing-Lab~openpose/doc/advanced/heatmap_output.md|CMU-Perceptual-Computing-Lab|openpose|heatmap_output.md|Markdown|49|0|29
237|./src/_00/output/C++/CMU-Perceptual-Computing-Lab~openpose/src/openpose/net/maximumBase.cpp|CMU-Perceptual-Computing-Lab|openpose|maximumBase.cpp|C++|49|12|4
238|./src/_00/output/C++/CMU-Perceptual-Computing-Lab~openpose/src/openpose/pose/poseCpuRenderer.cpp|CMU-Perceptual-Computing-Lab|openpose|poseCpuRenderer.cpp|C++|49|7|3
239|./src/_00/output/C++/CMU-Perceptual-Computing-Lab~openpose/src/openpose/producer/ipCameraReader.cpp|CMU-Perceptual-Computing-Lab|openpose|ipCameraReader.cpp|C++|49|3|6
240|./src/_00/output/C++/CMU-Perceptual-Computing-Lab~openpose/src/openpose/gpu/gpu.cpp|CMU-Perceptual-Computing-Lab|openpose|gpu.cpp|C++|48|0|2
241|./src/_00/output/C++/CMU-Perceptual-Computing-Lab~openpose/scripts/ubuntu/install_cuda.sh|CMU-Perceptual-Computing-Lab|openpose|install_cuda.sh|Bourne Shell|47|4|3
242|./src/_00/output/C++/CMU-Perceptual-Computing-Lab~openpose/src/openpose/core/verbosePrinter.cpp|CMU-Perceptual-Computing-Lab|openpose|verbosePrinter.cpp|C++|47|5|3
243|./src/_00/output/C++/CMU-Perceptual-Computing-Lab~openpose/doc/installation/jetson_tx/installation_jetson_tx2_jetpack3.3.md|CMU-Perceptual-Computing-Lab|openpose|installation_jetson_tx2_jetpack3.3.md|Markdown|46|0|25
244|./src/_00/output/C++/CMU-Perceptual-Computing-Lab~openpose/examples/tutorial_api_python/01_body_from_image.py|CMU-Perceptual-Computing-Lab|openpose|01_body_from_image.py|Python|46|17|8
245|./src/_00/output/C++/CMU-Perceptual-Computing-Lab~openpose/include/openpose/thread/subThreadNoQueue.hpp|CMU-Perceptual-Computing-Lab|openpose|subThreadNoQueue.hpp|C/C++ Header|45|1|14
246|./src/_00/output/C++/CMU-Perceptual-Computing-Lab~openpose/src/openpose/filestream/fileSaver.cpp|CMU-Perceptual-Computing-Lab|openpose|fileSaver.cpp|C++|45|0|4
247|./src/_00/output/C++/CMU-Perceptual-Computing-Lab~openpose/cmake/Modules/FindCuDNN.cmake|CMU-Perceptual-Computing-Lab|openpose|FindCuDNN.cmake|CMake|44|1|9
248|./src/_00/output/C++/CMU-Perceptual-Computing-Lab~openpose/cmake/Utils.cmake|CMU-Perceptual-Computing-Lab|openpose|Utils.cmake|CMake|44|4|3
249|./src/_00/output/C++/CMU-Perceptual-Computing-Lab~openpose/include/openpose/utilities/standard.hpp|CMU-Perceptual-Computing-Lab|openpose|standard.hpp|C/C++ Header|44|9|4
250|./src/_00/output/C++/CMU-Perceptual-Computing-Lab~openpose/src/openpose/core/CMakeLists.txt|CMU-Perceptual-Computing-Lab|openpose|CMakeLists.txt|CMake|44|0|5
251|./src/_00/output/C++/CMU-Perceptual-Computing-Lab~openpose/include/openpose/hand/handParameters.hpp|CMU-Perceptual-Computing-Lab|openpose|handParameters.hpp|C/C++ Header|43|2|7
252|./src/_00/output/C++/CMU-Perceptual-Computing-Lab~openpose/src/openpose/wrapper/wrapperStructOutput.cpp|CMU-Perceptual-Computing-Lab|openpose|wrapperStructOutput.cpp|C++|43|0|1
253|./src/_00/output/C++/CMU-Perceptual-Computing-Lab~openpose/src/openpose/wrapper/wrapperStructPose.cpp|CMU-Perceptual-Computing-Lab|openpose|wrapperStructPose.cpp|C++|43|0|1
254|./src/_00/output/C++/CMU-Perceptual-Computing-Lab~openpose/include/openpose/gui/guiAdam.hpp|CMU-Perceptual-Computing-Lab|openpose|guiAdam.hpp|C/C++ Header|42|5|9
255|./src/_00/output/C++/CMU-Perceptual-Computing-Lab~openpose/include/openpose/wrapper/wrapperStructOutput.hpp|CMU-Perceptual-Computing-Lab|openpose|wrapperStructOutput.hpp|C/C++ Header|42|100|22
256|./src/_00/output/C++/CMU-Perceptual-Computing-Lab~openpose/src/openpose/hand/handDetectorFromTxt.cpp|CMU-Perceptual-Computing-Lab|openpose|handDetectorFromTxt.cpp|C++|42|3|4
257|./src/_00/output/C++/CMU-Perceptual-Computing-Lab~openpose/include/openpose/core/rectangle.hpp|CMU-Perceptual-Computing-Lab|openpose|rectangle.hpp|C/C++ Header|41|32|20
258|./src/_00/output/C++/CMU-Perceptual-Computing-Lab~openpose/include/openpose/gui/gui.hpp|CMU-Perceptual-Computing-Lab|openpose|gui.hpp|C/C++ Header|41|2|10
259|./src/_00/output/C++/CMU-Perceptual-Computing-Lab~openpose/src/openpose/net/CMakeLists.txt|CMU-Perceptual-Computing-Lab|openpose|CMakeLists.txt|CMake|41|0|5
260|./src/_00/output/C++/CMU-Perceptual-Computing-Lab~openpose/include/openpose_private/utilities/openCvMultiversionHeaders.hpp|CMU-Perceptual-Computing-Lab|openpose|openCvMultiversionHeaders.hpp|C/C++ Header|40|7|3
261|./src/_00/output/C++/CMU-Perceptual-Computing-Lab~openpose/scripts/ubuntu/install_openpose_JetsonTX2_JetPack3.1.sh|CMU-Perceptual-Computing-Lab|openpose|install_openpose_JetsonTX2_JetPack3.1.sh|Bourne Shell|40|6|19
262|./src/_00/output/C++/CMU-Perceptual-Computing-Lab~openpose/examples/tutorial_api_python/openpose_python.py|CMU-Perceptual-Computing-Lab|openpose|openpose_python.py|Python|39|15|6
263|./src/_00/output/C++/CMU-Perceptual-Computing-Lab~openpose/include/openpose/core/gpuRenderer.hpp|CMU-Perceptual-Computing-Lab|openpose|gpuRenderer.hpp|C/C++ Header|39|0|12
264|./src/_00/output/C++/CMU-Perceptual-Computing-Lab~openpose/include/openpose/hand/handExtractorNet.hpp|CMU-Perceptual-Computing-Lab|openpose|handExtractorNet.hpp|C/C++ Header|39|38|15
265|./src/_00/output/C++/CMU-Perceptual-Computing-Lab~openpose/include/openpose/producer/webcamReader.hpp|CMU-Perceptual-Computing-Lab|openpose|webcamReader.hpp|C/C++ Header|39|14|14
266|./src/_00/output/C++/CMU-Perceptual-Computing-Lab~openpose/include/openpose/utilities/pointerContainer.hpp|CMU-Perceptual-Computing-Lab|openpose|pointerContainer.hpp|C/C++ Header|39|0|4
267|./src/_00/output/C++/CMU-Perceptual-Computing-Lab~openpose/include/openpose_private/gpu/opencl.hcl|CMU-Perceptual-Computing-Lab|openpose|opencl.hcl|HCL|39|16|21
268|./src/_00/output/C++/CMU-Perceptual-Computing-Lab~openpose/examples/tutorial_api_cpp/CMakeLists.txt|CMU-Perceptual-Computing-Lab|openpose|CMakeLists.txt|CMake|38|1|7
269|./src/_00/output/C++/CMU-Perceptual-Computing-Lab~openpose/include/openpose/core/enumClasses.hpp|CMU-Perceptual-Computing-Lab|openpose|enumClasses.hpp|C/C++ Header|38|0|5
270|./src/_00/output/C++/CMU-Perceptual-Computing-Lab~openpose/include/openpose/core/renderer.hpp|CMU-Perceptual-Computing-Lab|openpose|renderer.hpp|C/C++ Header|38|0|18
271|./src/_00/output/C++/CMU-Perceptual-Computing-Lab~openpose/include/openpose/filestream/jsonOfstream.hpp|CMU-Perceptual-Computing-Lab|openpose|jsonOfstream.hpp|C/C++ Header|38|11|17
272|./src/_00/output/C++/CMU-Perceptual-Computing-Lab~openpose/include/openpose/hand/handDetector.hpp|CMU-Perceptual-Computing-Lab|openpose|handDetector.hpp|C/C++ Header|38|2|11
273|./src/_00/output/C++/CMU-Perceptual-Computing-Lab~openpose/include/openpose/thread/workerConsumer.hpp|CMU-Perceptual-Computing-Lab|openpose|workerConsumer.hpp|C/C++ Header|38|1|12
274|./src/_00/output/C++/CMU-Perceptual-Computing-Lab~openpose/include/openpose/thread/workerProducer.hpp|CMU-Perceptual-Computing-Lab|openpose|workerProducer.hpp|C/C++ Header|38|1|12
275|./src/_00/output/C++/CMU-Perceptual-Computing-Lab~openpose/include/openpose/3d/cameraParameterReader.hpp|CMU-Perceptual-Computing-Lab|openpose|cameraParameterReader.hpp|C/C++ Header|37|6|20
276|./src/_00/output/C++/CMU-Perceptual-Computing-Lab~openpose/models/getModels.bat|CMU-Perceptual-Computing-Lab|openpose|getModels.bat|DOS Batch|37|0|6
277|./src/_00/output/C++/CMU-Perceptual-Computing-Lab~openpose/scripts/ubuntu/install_openpose_JetsonTX2_JetPack3.3.sh|CMU-Perceptual-Computing-Lab|openpose|install_openpose_JetsonTX2_JetPack3.3.sh|Bourne Shell|37|5|16
278|./src/_00/output/C++/CMU-Perceptual-Computing-Lab~openpose/scripts/ubuntu_deprecated/copy_makefile_files.sh|CMU-Perceptual-Computing-Lab|openpose|copy_makefile_files.sh|Bourne Shell|37|1|15
279|./src/_00/output/C++/CMU-Perceptual-Computing-Lab~openpose/include/openpose/3d/jointAngleEstimation.hpp|CMU-Perceptual-Computing-Lab|openpose|jointAngleEstimation.hpp|C/C++ Header|36|4|10
280|./src/_00/output/C++/CMU-Perceptual-Computing-Lab~openpose/include/openpose/face/faceExtractorNet.hpp|CMU-Perceptual-Computing-Lab|openpose|faceExtractorNet.hpp|C/C++ Header|36|34|15
281|./src/_00/output/C++/CMU-Perceptual-Computing-Lab~openpose/include/openpose/filestream/fileStream.hpp|CMU-Perceptual-Computing-Lab|openpose|fileStream.hpp|C/C++ Header|36|14|14
282|./src/_00/output/C++/CMU-Perceptual-Computing-Lab~openpose/include/openpose/pose/renderPose.hpp|CMU-Perceptual-Computing-Lab|openpose|renderPose.hpp|C/C++ Header|36|0|9
283|./src/_00/output/C++/CMU-Perceptual-Computing-Lab~openpose/include/openpose/net/nmsCaffe.hpp|CMU-Perceptual-Computing-Lab|openpose|nmsCaffe.hpp|C/C++ Header|35|8|18
284|./src/_00/output/C++/CMU-Perceptual-Computing-Lab~openpose/include/openpose/net/resizeAndMergeCaffe.hpp|CMU-Perceptual-Computing-Lab|openpose|resizeAndMergeCaffe.hpp|C/C++ Header|35|3|16
285|./src/_00/output/C++/CMU-Perceptual-Computing-Lab~openpose/include/openpose/producer/imageDirectoryReader.hpp|CMU-Perceptual-Computing-Lab|openpose|imageDirectoryReader.hpp|C/C++ Header|35|14|13
286|./src/_00/output/C++/CMU-Perceptual-Computing-Lab~openpose/scripts/ubuntu_deprecated/install_openpose_if_cuda8.sh|CMU-Perceptual-Computing-Lab|openpose|install_openpose_if_cuda8.sh|Bourne Shell|35|3|21
287|./src/_00/output/C++/CMU-Perceptual-Computing-Lab~openpose/include/openpose/pose/enumClasses.hpp|CMU-Perceptual-Computing-Lab|openpose|enumClasses.hpp|C/C++ Header|34|6|3
288|./src/_00/output/C++/CMU-Perceptual-Computing-Lab~openpose/include/openpose/pose/poseGpuRenderer.hpp|CMU-Perceptual-Computing-Lab|openpose|poseGpuRenderer.hpp|C/C++ Header|34|1|8
289|./src/_00/output/C++/CMU-Perceptual-Computing-Lab~openpose/scripts/ubuntu/install_deps.sh|CMU-Perceptual-Computing-Lab|openpose|install_deps.sh|Bourne Shell|34|10|5
290|./src/_00/output/C++/CMU-Perceptual-Computing-Lab~openpose/src/openpose/filestream/keypointSaver.cpp|CMU-Perceptual-Computing-Lab|openpose|keypointSaver.cpp|C++|34|4|6
291|./src/_00/output/C++/CMU-Perceptual-Computing-Lab~openpose/include/openpose/gui/gui3D.hpp|CMU-Perceptual-Computing-Lab|openpose|gui3D.hpp|C/C++ Header|33|0|9
292|./src/_00/output/C++/CMU-Perceptual-Computing-Lab~openpose/include/openpose/producer/ipCameraReader.hpp|CMU-Perceptual-Computing-Lab|openpose|ipCameraReader.hpp|C/C++ Header|33|7|12
293|./src/_00/output/C++/CMU-Perceptual-Computing-Lab~openpose/include/openpose/utilities/enumClasses.hpp|CMU-Perceptual-Computing-Lab|openpose|enumClasses.hpp|C/C++ Header|33|0|5
294|./src/_00/output/C++/CMU-Perceptual-Computing-Lab~openpose/include/openpose/wrapper/wrapperStructInput.hpp|CMU-Perceptual-Computing-Lab|openpose|wrapperStructInput.hpp|C/C++ Header|33|61|16
295|./src/_00/output/C++/CMU-Perceptual-Computing-Lab~openpose/doc/installation/jetson_tx/installation_jetson_tx2_jetpack3.1.md|CMU-Perceptual-Computing-Lab|openpose|installation_jetson_tx2_jetpack3.1.md|Markdown|32|0|16
296|./src/_00/output/C++/CMU-Perceptual-Computing-Lab~openpose/include/openpose/producer/videoCaptureReader.hpp|CMU-Perceptual-Computing-Lab|openpose|videoCaptureReader.hpp|C/C++ Header|32|19|15
297|./src/_00/output/C++/CMU-Perceptual-Computing-Lab~openpose/src/openpose/pose/CMakeLists.txt|CMU-Perceptual-Computing-Lab|openpose|CMakeLists.txt|CMake|32|0|5
298|./src/_00/output/C++/CMU-Perceptual-Computing-Lab~openpose/doc/06_maximizing_openpose_speed.md|CMU-Perceptual-Computing-Lab|openpose|06_maximizing_openpose_speed.md|Markdown|31|0|23
299|./src/_00/output/C++/CMU-Perceptual-Computing-Lab~openpose/include/openpose/producer/flirReader.hpp|CMU-Perceptual-Computing-Lab|openpose|flirReader.hpp|C/C++ Header|31|8|16
300|./src/_00/output/C++/CMU-Perceptual-Computing-Lab~openpose/src/openpose/face/CMakeLists.txt|CMU-Perceptual-Computing-Lab|openpose|CMakeLists.txt|CMake|31|0|5
301|./src/_00/output/C++/CMU-Perceptual-Computing-Lab~openpose/src/openpose/hand/CMakeLists.txt|CMU-Perceptual-Computing-Lab|openpose|CMakeLists.txt|CMake|31|0|5
302|./src/_00/output/C++/CMU-Perceptual-Computing-Lab~openpose/cmake/Modules/FindGFlags.cmake|CMU-Perceptual-Computing-Lab|openpose|FindGFlags.cmake|CMake|30|11|9
303|./src/_00/output/C++/CMU-Perceptual-Computing-Lab~openpose/cmake/Modules/FindGlog.cmake|CMU-Perceptual-Computing-Lab|openpose|FindGlog.cmake|CMake|30|10|8
304|./src/_00/output/C++/CMU-Perceptual-Computing-Lab~openpose/include/openpose/utilities/flagsToOpenPose.hpp|CMU-Perceptual-Computing-Lab|openpose|flagsToOpenPose.hpp|C/C++ Header|30|5|13
305|./src/_00/output/C++/CMU-Perceptual-Computing-Lab~openpose/scripts/ubuntu/install_caffe_and_openpose_JetsonTX2_JetPack3.3.sh|CMU-Perceptual-Computing-Lab|openpose|install_caffe_and_openpose_JetsonTX2_JetPack3.3.sh|Bourne Shell|30|3|18
306|./src/_00/output/C++/CMU-Perceptual-Computing-Lab~openpose/src/openpose/hand/handRenderer.cpp|CMU-Perceptual-Computing-Lab|openpose|handRenderer.cpp|C++|30|3|1
307|./src/_00/output/C++/CMU-Perceptual-Computing-Lab~openpose/cmake/OpenPoseConfig.cmake.in|CMU-Perceptual-Computing-Lab|openpose|OpenPoseConfig.cmake.in|CMake|29|6|4
308|./src/_00/output/C++/CMU-Perceptual-Computing-Lab~openpose/include/openpose/core/headers.hpp|CMU-Perceptual-Computing-Lab|openpose|headers.hpp|C/C++ Header|29|1|2
309|./src/_00/output/C++/CMU-Perceptual-Computing-Lab~openpose/include/openpose/producer/enumClasses.hpp|CMU-Perceptual-Computing-Lab|openpose|enumClasses.hpp|C/C++ Header|29|15|4
310|./src/_00/output/C++/CMU-Perceptual-Computing-Lab~openpose/include/openpose/wrapper/enumClasses.hpp|CMU-Perceptual-Computing-Lab|openpose|enumClasses.hpp|C/C++ Header|29|0|4
311|./src/_00/output/C++/CMU-Perceptual-Computing-Lab~openpose/include/openpose_private/calibration/gridPatternFunctions.hpp|CMU-Perceptual-Computing-Lab|openpose|gridPatternFunctions.hpp|C/C++ Header|29|0|9
312|./src/_00/output/C++/CMU-Perceptual-Computing-Lab~openpose/scripts/tests/hand_accuracy_test.sh|CMU-Perceptual-Computing-Lab|openpose|hand_accuracy_test.sh|Bourne Shell|29|25|19
313|./src/_00/output/C++/CMU-Perceptual-Computing-Lab~openpose/scripts/ubuntu/install_caffe_and_openpose_JetsonTX2_JetPack3.1.sh|CMU-Perceptual-Computing-Lab|openpose|install_caffe_and_openpose_JetsonTX2_JetPack3.1.sh|Bourne Shell|29|3|18
314|./src/_00/output/C++/CMU-Perceptual-Computing-Lab~openpose/scripts/ubuntu_deprecated/install_caffe_and_openpose_if_cuda8.sh|CMU-Perceptual-Computing-Lab|openpose|install_caffe_and_openpose_if_cuda8.sh|Bourne Shell|29|3|18
315|./src/_00/output/C++/CMU-Perceptual-Computing-Lab~openpose/src/openpose/hand/handCpuRenderer.cpp|CMU-Perceptual-Computing-Lab|openpose|handCpuRenderer.cpp|C++|29|1|3
316|./src/_00/output/C++/CMU-Perceptual-Computing-Lab~openpose/src/openpose/pose/renderPose.cpp|CMU-Perceptual-Computing-Lab|openpose|renderPose.cpp|C++|29|3|3
317|./src/_00/output/C++/CMU-Perceptual-Computing-Lab~openpose/examples/user_code/README.md|CMU-Perceptual-Computing-Lab|openpose|README.md|Markdown|28|0|9
318|./src/_00/output/C++/CMU-Perceptual-Computing-Lab~openpose/include/openpose/filestream/bvhSaver.hpp|CMU-Perceptual-Computing-Lab|openpose|bvhSaver.hpp|C/C++ Header|28|4|9
319|./src/_00/output/C++/CMU-Perceptual-Computing-Lab~openpose/include/openpose/net/resizeAndMergeBase.hpp|CMU-Perceptual-Computing-Lab|openpose|resizeAndMergeBase.hpp|C/C++ Header|28|3|6
320|./src/_00/output/C++/CMU-Perceptual-Computing-Lab~openpose/include/openpose/producer/videoReader.hpp|CMU-Perceptual-Computing-Lab|openpose|videoReader.hpp|C/C++ Header|28|13|12
321|./src/_00/output/C++/CMU-Perceptual-Computing-Lab~openpose/include/openpose/wrapper/wrapperStructHand.hpp|CMU-Perceptual-Computing-Lab|openpose|wrapperStructHand.hpp|C/C++ Header|28|57|12
322|./src/_00/output/C++/CMU-Perceptual-Computing-Lab~openpose/scripts/CI/defaults.sh|CMU-Perceptual-Computing-Lab|openpose|defaults.sh|Bourne Shell|28|5|4
323|./src/_00/output/C++/CMU-Perceptual-Computing-Lab~openpose/src/openpose/3d/CMakeLists.txt|CMU-Perceptual-Computing-Lab|openpose|CMakeLists.txt|CMake|28|0|5
324|./src/_00/output/C++/CMU-Perceptual-Computing-Lab~openpose/src/openpose/hand/renderHand.cpp|CMU-Perceptual-Computing-Lab|openpose|renderHand.cpp|C++|28|2|1
325|./src/_00/output/C++/CMU-Perceptual-Computing-Lab~openpose/.github/CI_deprecated/generate_gh_pages.sh|CMU-Perceptual-Computing-Lab|openpose|generate_gh_pages.sh|Bourne Shell|27|66|11
326|./src/_00/output/C++/CMU-Perceptual-Computing-Lab~openpose/appveyor.yml|CMU-Perceptual-Computing-Lab|openpose|appveyor.yml|YAML|27|6|3
327|./src/_00/output/C++/CMU-Perceptual-Computing-Lab~openpose/include/openpose/filestream/cocoJsonSaver.hpp|CMU-Perceptual-Computing-Lab|openpose|cocoJsonSaver.hpp|C/C++ Header|27|10|7
328|./src/_00/output/C++/CMU-Perceptual-Computing-Lab~openpose/include/openpose/gui/guiInfoAdder.hpp|CMU-Perceptual-Computing-Lab|openpose|guiInfoAdder.hpp|C/C++ Header|27|2|6
329|./src/_00/output/C++/CMU-Perceptual-Computing-Lab~openpose/include/openpose/hand/handExtractorCaffe.hpp|CMU-Perceptual-Computing-Lab|openpose|handExtractorCaffe.hpp|C/C++ Header|27|34|9
330|./src/_00/output/C++/CMU-Perceptual-Computing-Lab~openpose/include/openpose/net/maximumCaffe.hpp|CMU-Perceptual-Computing-Lab|openpose|maximumCaffe.hpp|C/C++ Header|27|3|13
331|./src/_00/output/C++/CMU-Perceptual-Computing-Lab~openpose/models/cameraParameters/flir/17012332.xml.example|CMU-Perceptual-Computing-Lab|openpose|17012332.xml.example|XML|27|1|0
332|./src/_00/output/C++/CMU-Perceptual-Computing-Lab~openpose/src/openpose/face/renderFace.cpp|CMU-Perceptual-Computing-Lab|openpose|renderFace.cpp|C++|27|2|2
333|./src/_00/output/C++/CMU-Perceptual-Computing-Lab~openpose/src/openpose/filestream/peopleJsonSaver.cpp|CMU-Perceptual-Computing-Lab|openpose|peopleJsonSaver.cpp|C++|27|1|3
334|./src/_00/output/C++/CMU-Perceptual-Computing-Lab~openpose/doc/very_advanced/library_structure/3_library_add_new_module.md|CMU-Perceptual-Computing-Lab|openpose|3_library_add_new_module.md|Markdown|26|0|6
335|./src/_00/output/C++/CMU-Perceptual-Computing-Lab~openpose/include/openpose/face/faceGpuRenderer.hpp|CMU-Perceptual-Computing-Lab|openpose|faceGpuRenderer.hpp|C/C++ Header|26|0|8
336|./src/_00/output/C++/CMU-Perceptual-Computing-Lab~openpose/include/openpose/filestream/headers.hpp|CMU-Perceptual-Computing-Lab|openpose|headers.hpp|C/C++ Header|26|1|2
337|./src/_00/output/C++/CMU-Perceptual-Computing-Lab~openpose/include/openpose/hand/handGpuRenderer.hpp|CMU-Perceptual-Computing-Lab|openpose|handGpuRenderer.hpp|C/C++ Header|26|0|8
338|./src/_00/output/C++/CMU-Perceptual-Computing-Lab~openpose/include/openpose/pose/poseParameters.hpp|CMU-Perceptual-Computing-Lab|openpose|poseParameters.hpp|C/C++ Header|26|6|5
339|./src/_00/output/C++/CMU-Perceptual-Computing-Lab~openpose/src/openpose/utilities/CMakeLists.txt|CMU-Perceptual-Computing-Lab|openpose|CMakeLists.txt|CMake|26|0|4
340|./src/_00/output/C++/CMU-Perceptual-Computing-Lab~openpose/include/openpose/core/cvMatToOpInput.hpp|CMU-Perceptual-Computing-Lab|openpose|cvMatToOpInput.hpp|C/C++ Header|25|0|6
341|./src/_00/output/C++/CMU-Perceptual-Computing-Lab~openpose/include/openpose/face/faceExtractorCaffe.hpp|CMU-Perceptual-Computing-Lab|openpose|faceExtractorCaffe.hpp|C/C++ Header|25|24|8
342|./src/_00/output/C++/CMU-Perceptual-Computing-Lab~openpose/include/openpose/face/faceParameters.hpp|CMU-Perceptual-Computing-Lab|openpose|faceParameters.hpp|C/C++ Header|25|2|6
343|./src/_00/output/C++/CMU-Perceptual-Computing-Lab~openpose/include/openpose/pose/poseCpuRenderer.hpp|CMU-Perceptual-Computing-Lab|openpose|poseCpuRenderer.hpp|C/C++ Header|25|0|6
344|./src/_00/output/C++/CMU-Perceptual-Computing-Lab~openpose/include/openpose/producer/spinnakerWrapper.hpp|CMU-Perceptual-Computing-Lab|openpose|spinnakerWrapper.hpp|C/C++ Header|25|14|13
345|./src/_00/output/C++/CMU-Perceptual-Computing-Lab~openpose/include/openpose/utilities/fileSystem.hpp|CMU-Perceptual-Computing-Lab|openpose|fileSystem.hpp|C/C++ Header|25|53|17
346|./src/_00/output/C++/CMU-Perceptual-Computing-Lab~openpose/include/openpose/wrapper/wrapperStructFace.hpp|CMU-Perceptual-Computing-Lab|openpose|wrapperStructFace.hpp|C/C++ Header|25|42|10
347|./src/_00/output/C++/CMU-Perceptual-Computing-Lab~openpose/scripts/CI/configure_make.sh|CMU-Perceptual-Computing-Lab|openpose|configure_make.sh|Bourne Shell|25|6|7
348|./src/_00/output/C++/CMU-Perceptual-Computing-Lab~openpose/src/openpose/filestream/CMakeLists.txt|CMU-Perceptual-Computing-Lab|openpose|CMakeLists.txt|CMake|25|0|4
349|./src/_00/output/C++/CMU-Perceptual-Computing-Lab~openpose/src/openpose/producer/CMakeLists.txt|CMU-Perceptual-Computing-Lab|openpose|CMakeLists.txt|CMake|25|0|3
350|./src/_00/output/C++/CMU-Perceptual-Computing-Lab~openpose/src/openpose/thread/defineTemplates.cpp|CMU-Perceptual-Computing-Lab|openpose|defineTemplates.cpp|C++|25|5|1
351|./src/_00/output/C++/CMU-Perceptual-Computing-Lab~openpose/src/openpose/wrapper/CMakeLists.txt|CMU-Perceptual-Computing-Lab|openpose|CMakeLists.txt|CMake|25|0|3
352|./src/_00/output/C++/CMU-Perceptual-Computing-Lab~openpose/doc/00_index.md|CMU-Perceptual-Computing-Lab|openpose|00_index.md|Markdown|24|0|12
353|./src/_00/output/C++/CMU-Perceptual-Computing-Lab~openpose/include/openpose/core/cvMatToOpOutput.hpp|CMU-Perceptual-Computing-Lab|openpose|cvMatToOpOutput.hpp|C/C++ Header|24|0|7
354|./src/_00/output/C++/CMU-Perceptual-Computing-Lab~openpose/include/openpose/gui/frameDisplayer.hpp|CMU-Perceptual-Computing-Lab|openpose|frameDisplayer.hpp|C/C++ Header|24|31|10
355|./src/_00/output/C++/CMU-Perceptual-Computing-Lab~openpose/include/openpose/pose/poseRenderer.hpp|CMU-Perceptual-Computing-Lab|openpose|poseRenderer.hpp|C/C++ Header|24|0|9
356|./src/_00/output/C++/CMU-Perceptual-Computing-Lab~openpose/src/openpose/calibration/CMakeLists.txt|CMU-Perceptual-Computing-Lab|openpose|CMakeLists.txt|CMake|24|0|5
357|./src/_00/output/C++/CMU-Perceptual-Computing-Lab~openpose/src/openpose/face/faceCpuRenderer.cpp|CMU-Perceptual-Computing-Lab|openpose|faceCpuRenderer.cpp|C++|24|1|3
358|./src/_00/output/C++/CMU-Perceptual-Computing-Lab~openpose/src/openpose/wrapper/wrapperStructInput.cpp|CMU-Perceptual-Computing-Lab|openpose|wrapperStructInput.cpp|C++|24|0|1
359|./src/_00/output/C++/CMU-Perceptual-Computing-Lab~openpose/doc/07_major_released_features.md|CMU-Perceptual-Computing-Lab|openpose|07_major_released_features.md|Markdown|23|0|1
360|./src/_00/output/C++/CMU-Perceptual-Computing-Lab~openpose/examples/deprecated/CMakeLists.txt|CMU-Perceptual-Computing-Lab|openpose|CMakeLists.txt|CMake|23|1|7
361|./src/_00/output/C++/CMU-Perceptual-Computing-Lab~openpose/include/openpose/core/opOutputToCvMat.hpp|CMU-Perceptual-Computing-Lab|openpose|opOutputToCvMat.hpp|C/C++ Header|23|2|7
362|./src/_00/output/C++/CMU-Perceptual-Computing-Lab~openpose/include/openpose/core/scaleAndSizeExtractor.hpp|CMU-Perceptual-Computing-Lab|openpose|scaleAndSizeExtractor.hpp|C/C++ Header|23|0|6
363|./src/_00/output/C++/CMU-Perceptual-Computing-Lab~openpose/include/openpose/face/faceDetector.hpp|CMU-Perceptual-Computing-Lab|openpose|faceDetector.hpp|C/C++ Header|23|0|7
364|./src/_00/output/C++/CMU-Perceptual-Computing-Lab~openpose/include/openpose/filestream/enumClasses.hpp|CMU-Perceptual-Computing-Lab|openpose|enumClasses.hpp|C/C++ Header|23|0|3
365|./src/_00/output/C++/CMU-Perceptual-Computing-Lab~openpose/include/openpose/gpu/cuda.hpp|CMU-Perceptual-Computing-Lab|openpose|cuda.hpp|C/C++ Header|23|0|9
366|./src/_00/output/C++/CMU-Perceptual-Computing-Lab~openpose/include/openpose/tracking/personIdExtractor.hpp|CMU-Perceptual-Computing-Lab|openpose|personIdExtractor.hpp|C/C++ Header|23|2|8
367|./src/_00/output/C++/CMU-Perceptual-Computing-Lab~openpose/include/openpose/tracking/personTracker.hpp|CMU-Perceptual-Computing-Lab|openpose|personTracker.hpp|C/C++ Header|23|2|9
368|./src/_00/output/C++/CMU-Perceptual-Computing-Lab~openpose/src/openpose/gui/CMakeLists.txt|CMU-Perceptual-Computing-Lab|openpose|CMakeLists.txt|CMake|23|0|3
369|./src/_00/output/C++/CMU-Perceptual-Computing-Lab~openpose/include/openpose/3d/poseTriangulation.hpp|CMU-Perceptual-Computing-Lab|openpose|poseTriangulation.hpp|C/C++ Header|22|0|8
370|./src/_00/output/C++/CMU-Perceptual-Computing-Lab~openpose/include/openpose/calibration/cameraParameterEstimation.hpp|CMU-Perceptual-Computing-Lab|openpose|cameraParameterEstimation.hpp|C/C++ Header|22|8|6
371|./src/_00/output/C++/CMU-Perceptual-Computing-Lab~openpose/include/openpose/core/keypointScaler.hpp|CMU-Perceptual-Computing-Lab|openpose|keypointScaler.hpp|C/C++ Header|22|0|8
372|./src/_00/output/C++/CMU-Perceptual-Computing-Lab~openpose/include/openpose/filestream/videoSaver.hpp|CMU-Perceptual-Computing-Lab|openpose|videoSaver.hpp|C/C++ Header|22|2|9
373|./src/_00/output/C++/CMU-Perceptual-Computing-Lab~openpose/include/openpose/net/netCaffe.hpp|CMU-Perceptual-Computing-Lab|openpose|netCaffe.hpp|C/C++ Header|22|4|9
374|./src/_00/output/C++/CMU-Perceptual-Computing-Lab~openpose/include/openpose/utilities/openCv.hpp|CMU-Perceptual-Computing-Lab|openpose|openCv.hpp|C/C++ Header|22|33|17
375|./src/_00/output/C++/CMU-Perceptual-Computing-Lab~openpose/include/openpose_private/tracking/pyramidalLK.hpp|CMU-Perceptual-Computing-Lab|openpose|pyramidalLK.hpp|C/C++ Header|22|0|5
376|./src/_00/output/C++/CMU-Perceptual-Computing-Lab~openpose/src/openpose/face/faceRenderer.cpp|CMU-Perceptual-Computing-Lab|openpose|faceRenderer.cpp|C++|22|3|1
377|./src/_00/output/C++/CMU-Perceptual-Computing-Lab~openpose/src/openpose/gpu/CMakeLists.txt|CMU-Perceptual-Computing-Lab|openpose|CMakeLists.txt|CMake|22|0|4
378|./src/_00/output/C++/CMU-Perceptual-Computing-Lab~openpose/doc/advanced/standalone_face_or_hand_keypoint_detector.md|CMU-Perceptual-Computing-Lab|openpose|standalone_face_or_hand_keypoint_detector.md|Markdown|21|0|13
379|./src/_00/output/C++/CMU-Perceptual-Computing-Lab~openpose/examples/tests/CMakeLists.txt|CMU-Perceptual-Computing-Lab|openpose|CMakeLists.txt|CMake|21|1|6
380|./src/_00/output/C++/CMU-Perceptual-Computing-Lab~openpose/include/openpose/core/string.hpp|CMU-Perceptual-Computing-Lab|openpose|string.hpp|C/C++ Header|21|14|8
381|./src/_00/output/C++/CMU-Perceptual-Computing-Lab~openpose/include/openpose/net/netOpenCv.hpp|CMU-Perceptual-Computing-Lab|openpose|netOpenCv.hpp|C/C++ Header|21|4|9
382|./src/_00/output/C++/CMU-Perceptual-Computing-Lab~openpose/include/openpose/thread/headers.hpp|CMU-Perceptual-Computing-Lab|openpose|headers.hpp|C/C++ Header|21|1|2
383|./src/_00/output/C++/CMU-Perceptual-Computing-Lab~openpose/cmake/Modules/FindCaffe.cmake|CMU-Perceptual-Computing-Lab|openpose|FindCaffe.cmake|CMake|20|2|5
384|./src/_00/output/C++/CMU-Perceptual-Computing-Lab~openpose/cmake/cmake_uninstall.cmake.in|CMU-Perceptual-Computing-Lab|openpose|cmake_uninstall.cmake.in|CMake|20|1|2
385|./src/_00/output/C++/CMU-Perceptual-Computing-Lab~openpose/examples/calibration/CMakeLists.txt|CMU-Perceptual-Computing-Lab|openpose|CMakeLists.txt|CMake|20|1|6
386|./src/_00/output/C++/CMU-Perceptual-Computing-Lab~openpose/examples/openpose/CMakeLists.txt|CMU-Perceptual-Computing-Lab|openpose|CMakeLists.txt|CMake|20|1|6
387|./src/_00/output/C++/CMU-Perceptual-Computing-Lab~openpose/include/openpose/filestream/udpSender.hpp|CMU-Perceptual-Computing-Lab|openpose|udpSender.hpp|C/C++ Header|20|4|7
388|./src/_00/output/C++/CMU-Perceptual-Computing-Lab~openpose/include/openpose/hand/handDetectorFromTxt.hpp|CMU-Perceptual-Computing-Lab|openpose|handDetectorFromTxt.hpp|C/C++ Header|20|0|7
389|./src/_00/output/C++/CMU-Perceptual-Computing-Lab~openpose/include/openpose/face/faceCpuRenderer.hpp|CMU-Perceptual-Computing-Lab|openpose|faceCpuRenderer.hpp|C/C++ Header|19|0|6
390|./src/_00/output/C++/CMU-Perceptual-Computing-Lab~openpose/include/openpose/filestream/keypointSaver.hpp|CMU-Perceptual-Computing-Lab|openpose|keypointSaver.hpp|C/C++ Header|19|0|6
391|./src/_00/output/C++/CMU-Perceptual-Computing-Lab~openpose/include/openpose/gui/enumClasses.hpp|CMU-Perceptual-Computing-Lab|openpose|enumClasses.hpp|C/C++ Header|19|8|3
392|./src/_00/output/C++/CMU-Perceptual-Computing-Lab~openpose/include/openpose/hand/handCpuRenderer.hpp|CMU-Perceptual-Computing-Lab|openpose|handCpuRenderer.hpp|C/C++ Header|19|0|6
393|./src/_00/output/C++/CMU-Perceptual-Computing-Lab~openpose/include/openpose/net/nmsBase.hpp|CMU-Perceptual-Computing-Lab|openpose|nmsBase.hpp|C/C++ Header|19|2|5
394|./src/_00/output/C++/CMU-Perceptual-Computing-Lab~openpose/src/openpose/tracking/CMakeLists.txt|CMU-Perceptual-Computing-Lab|openpose|CMakeLists.txt|CMake|19|0|4
395|./src/_00/output/C++/CMU-Perceptual-Computing-Lab~openpose/src/openpose/wrapper/wrapperStructHand.cpp|CMU-Perceptual-Computing-Lab|openpose|wrapperStructHand.cpp|C++|19|0|1
396|./src/_00/output/C++/CMU-Perceptual-Computing-Lab~openpose/doc/04_cpp_api.md|CMU-Perceptual-Computing-Lab|openpose|04_cpp_api.md|Markdown|18|0|10
397|./src/_00/output/C++/CMU-Perceptual-Computing-Lab~openpose/examples/user_code/CMakeLists.txt|CMU-Perceptual-Computing-Lab|openpose|CMakeLists.txt|CMake|18|8|6
398|./src/_00/output/C++/CMU-Perceptual-Computing-Lab~openpose/include/openpose/core/verbosePrinter.hpp|CMU-Perceptual-Computing-Lab|openpose|verbosePrinter.hpp|C/C++ Header|18|0|6
399|./src/_00/output/C++/CMU-Perceptual-Computing-Lab~openpose/include/openpose/face/faceDetectorOpenCV.hpp|CMU-Perceptual-Computing-Lab|openpose|faceDetectorOpenCV.hpp|C/C++ Header|18|3|7
400|./src/_00/output/C++/CMU-Perceptual-Computing-Lab~openpose/include/openpose/filestream/fileSaver.hpp|CMU-Perceptual-Computing-Lab|openpose|fileSaver.hpp|C/C++ Header|18|0|7
401|./src/_00/output/C++/CMU-Perceptual-Computing-Lab~openpose/include/openpose/filestream/imageSaver.hpp|CMU-Perceptual-Computing-Lab|openpose|imageSaver.hpp|C/C++ Header|18|0|7
402|./src/_00/output/C++/CMU-Perceptual-Computing-Lab~openpose/include/openpose/filestream/peopleJsonSaver.hpp|CMU-Perceptual-Computing-Lab|openpose|peopleJsonSaver.hpp|C/C++ Header|18|0|5
403|./src/_00/output/C++/CMU-Perceptual-Computing-Lab~openpose/include/openpose/hand/handRenderer.hpp|CMU-Perceptual-Computing-Lab|openpose|handRenderer.hpp|C/C++ Header|18|0|6
404|./src/_00/output/C++/CMU-Perceptual-Computing-Lab~openpose/include/openpose/hand/headers.hpp|CMU-Perceptual-Computing-Lab|openpose|headers.hpp|C/C++ Header|18|1|2
405|./src/_00/output/C++/CMU-Perceptual-Computing-Lab~openpose/include/openpose/headers.hpp|CMU-Perceptual-Computing-Lab|openpose|headers.hpp|C/C++ Header|18|15|16
406|./src/_00/output/C++/CMU-Perceptual-Computing-Lab~openpose/include/openpose/wrapper/wrapperStructExtra.hpp|CMU-Perceptual-Computing-Lab|openpose|wrapperStructExtra.hpp|C/C++ Header|18|34|8
407|./src/_00/output/C++/CMU-Perceptual-Computing-Lab~openpose/scripts/tests/pose_accuracy_all_val.sh|CMU-Perceptual-Computing-Lab|openpose|pose_accuracy_all_val.sh|Bourne Shell|18|26|9
408|./src/_00/output/C++/CMU-Perceptual-Computing-Lab~openpose/src/openpose/unity/CMakeLists.txt|CMU-Perceptual-Computing-Lab|openpose|CMakeLists.txt|CMake|18|0|3
409|./src/_00/output/C++/CMU-Perceptual-Computing-Lab~openpose/3rdparty/windows/getCaffe.bat|CMU-Perceptual-Computing-Lab|openpose|getCaffe.bat|DOS Batch|17|0|5
410|./src/_00/output/C++/CMU-Perceptual-Computing-Lab~openpose/3rdparty/windows/getCaffe3rdparty.bat|CMU-Perceptual-Computing-Lab|openpose|getCaffe3rdparty.bat|DOS Batch|17|0|5
411|./src/_00/output/C++/CMU-Perceptual-Computing-Lab~openpose/3rdparty/windows/getFreeglut.bat|CMU-Perceptual-Computing-Lab|openpose|getFreeglut.bat|DOS Batch|17|0|5
412|./src/_00/output/C++/CMU-Perceptual-Computing-Lab~openpose/3rdparty/windows/getOpenCV.bat|CMU-Perceptual-Computing-Lab|openpose|getOpenCV.bat|DOS Batch|17|0|5
413|./src/_00/output/C++/CMU-Perceptual-Computing-Lab~openpose/3rdparty/windows/getSpinnaker.bat|CMU-Perceptual-Computing-Lab|openpose|getSpinnaker.bat|DOS Batch|17|0|5
414|./src/_00/output/C++/CMU-Perceptual-Computing-Lab~openpose/include/openpose/core/common.hpp|CMU-Perceptual-Computing-Lab|openpose|common.hpp|C/C++ Header|17|3|2
415|./src/_00/output/C++/CMU-Perceptual-Computing-Lab~openpose/include/openpose/face/faceRenderer.hpp|CMU-Perceptual-Computing-Lab|openpose|faceRenderer.hpp|C/C++ Header|17|0|6
416|./src/_00/output/C++/CMU-Perceptual-Computing-Lab~openpose/include/openpose/filestream/heatMapSaver.hpp|CMU-Perceptual-Computing-Lab|openpose|heatMapSaver.hpp|C/C++ Header|17|0|6
417|./src/_00/output/C++/CMU-Perceptual-Computing-Lab~openpose/include/openpose/wrapper/wrapperStructGui.hpp|CMU-Perceptual-Computing-Lab|openpose|wrapperStructGui.hpp|C/C++ Header|17|25|6
418|./src/_00/output/C++/CMU-Perceptual-Computing-Lab~openpose/models/getModels.sh|CMU-Perceptual-Computing-Lab|openpose|getModels.sh|Bourne Shell|17|14|5
419|./src/_00/output/C++/CMU-Perceptual-Computing-Lab~openpose/src/openpose/filestream/defineTemplates.cpp|CMU-Perceptual-Computing-Lab|openpose|defineTemplates.cpp|C++|17|0|1
420|./src/_00/output/C++/CMU-Perceptual-Computing-Lab~openpose/include/openpose/core/keepTopNPeople.hpp|CMU-Perceptual-Computing-Lab|openpose|keepTopNPeople.hpp|C/C++ Header|16|0|6
421|./src/_00/output/C++/CMU-Perceptual-Computing-Lab~openpose/include/openpose/face/headers.hpp|CMU-Perceptual-Computing-Lab|openpose|headers.hpp|C/C++ Header|16|1|2
422|./src/_00/output/C++/CMU-Perceptual-Computing-Lab~openpose/include/openpose/pose/headers.hpp|CMU-Perceptual-Computing-Lab|openpose|headers.hpp|C/C++ Header|16|1|2
423|./src/_00/output/C++/CMU-Perceptual-Computing-Lab~openpose/src/openpose/wrapper/wrapperStructFace.cpp|CMU-Perceptual-Computing-Lab|openpose|wrapperStructFace.cpp|C++|16|0|1
424|./src/_00/output/C++/CMU-Perceptual-Computing-Lab~openpose/cmake/Modules/FindSpinnaker.cmake|CMU-Perceptual-Computing-Lab|openpose|FindSpinnaker.cmake|CMake|15|1|4
425|./src/_00/output/C++/CMU-Perceptual-Computing-Lab~openpose/include/openpose/net/net.hpp|CMU-Perceptual-Computing-Lab|openpose|net.hpp|C/C++ Header|15|0|6
426|./src/_00/output/C++/CMU-Perceptual-Computing-Lab~openpose/include/openpose/utilities/headers.hpp|CMU-Perceptual-Computing-Lab|openpose|headers.hpp|C/C++ Header|15|1|2
427|./src/_00/output/C++/CMU-Perceptual-Computing-Lab~openpose/include/openpose/utilities/string.hpp|CMU-Perceptual-Computing-Lab|openpose|string.hpp|C/C++ Header|15|7|9
428|./src/_00/output/C++/CMU-Perceptual-Computing-Lab~openpose/include/openpose_private/utilities/openCvPrivate.hpp|CMU-Perceptual-Computing-Lab|openpose|openCvPrivate.hpp|C/C++ Header|15|0|4
429|./src/_00/output/C++/CMU-Perceptual-Computing-Lab~openpose/scripts/ubuntu/install_cudnn_up_to_Ubuntu16.sh|CMU-Perceptual-Computing-Lab|openpose|install_cudnn_up_to_Ubuntu16.sh|Bourne Shell|15|1|3
430|./src/_00/output/C++/CMU-Perceptual-Computing-Lab~openpose/src/openpose/thread/CMakeLists.txt|CMU-Perceptual-Computing-Lab|openpose|CMakeLists.txt|CMake|15|0|4
431|./src/_00/output/C++/CMU-Perceptual-Computing-Lab~openpose/doc/09_authors_and_contributors.md|CMU-Perceptual-Computing-Lab|openpose|09_authors_and_contributors.md|Markdown|14|0|8
432|./src/_00/output/C++/CMU-Perceptual-Computing-Lab~openpose/examples/deprecated/tutorial_add_module/userDatum.hpp|CMU-Perceptual-Computing-Lab|openpose|userDatum.hpp|C/C++ Header|14|4|5
433|./src/_00/output/C++/CMU-Perceptual-Computing-Lab~openpose/include/openpose/face/renderFace.hpp|CMU-Perceptual-Computing-Lab|openpose|renderFace.hpp|C/C++ Header|14|0|4
434|./src/_00/output/C++/CMU-Perceptual-Computing-Lab~openpose/include/openpose/hand/renderHand.hpp|CMU-Perceptual-Computing-Lab|openpose|renderHand.hpp|C/C++ Header|14|0|4
435|./src/_00/output/C++/CMU-Perceptual-Computing-Lab~openpose/include/openpose/net/headers.hpp|CMU-Perceptual-Computing-Lab|openpose|headers.hpp|C/C++ Header|14|1|2
436|./src/_00/output/C++/CMU-Perceptual-Computing-Lab~openpose/include/openpose/producer/headers.hpp|CMU-Perceptual-Computing-Lab|openpose|headers.hpp|C/C++ Header|14|1|2
437|./src/_00/output/C++/CMU-Perceptual-Computing-Lab~openpose/include/openpose_private/3d/poseTriangulationPrivate.hpp|CMU-Perceptual-Computing-Lab|openpose|poseTriangulationPrivate.hpp|C/C++ Header|14|10|4
438|./src/_00/output/C++/CMU-Perceptual-Computing-Lab~openpose/src/openpose/wrapper/wrapperStructExtra.cpp|CMU-Perceptual-Computing-Lab|openpose|wrapperStructExtra.cpp|C++|14|0|1
439|./src/_00/output/C++/CMU-Perceptual-Computing-Lab~openpose/cmake/OpenPose.vcxproj.user|CMU-Perceptual-Computing-Lab|openpose|OpenPose.vcxproj.user|XML|13|0|3
440|./src/_00/output/C++/CMU-Perceptual-Computing-Lab~openpose/cmake/OpenPose_CL.vcxproj.user|CMU-Perceptual-Computing-Lab|openpose|OpenPose_CL.vcxproj.user|XML|13|0|3
441|./src/_00/output/C++/CMU-Perceptual-Computing-Lab~openpose/cmake/OpenPose_CPU.vcxproj.user|CMU-Perceptual-Computing-Lab|openpose|OpenPose_CPU.vcxproj.user|XML|13|0|3
442|./src/_00/output/C++/CMU-Perceptual-Computing-Lab~openpose/include/openpose/gpu/enumClasses.hpp|CMU-Perceptual-Computing-Lab|openpose|enumClasses.hpp|C/C++ Header|13|0|2
443|./src/_00/output/C++/CMU-Perceptual-Computing-Lab~openpose/include/openpose/gui/headers.hpp|CMU-Perceptual-Computing-Lab|openpose|headers.hpp|C/C++ Header|13|1|2
444|./src/_00/output/C++/CMU-Perceptual-Computing-Lab~openpose/include/openpose/net/maximumBase.hpp|CMU-Perceptual-Computing-Lab|openpose|maximumBase.hpp|C/C++ Header|13|1|4
445|./src/_00/output/C++/CMU-Perceptual-Computing-Lab~openpose/include/openpose/thread/enumClasses.hpp|CMU-Perceptual-Computing-Lab|openpose|enumClasses.hpp|C/C++ Header|13|12|2
446|./src/_00/output/C++/CMU-Perceptual-Computing-Lab~openpose/scripts/CI/install_deps_ubuntu.sh|CMU-Perceptual-Computing-Lab|openpose|install_deps_ubuntu.sh|Bourne Shell|13|1|5
447|./src/_00/output/C++/CMU-Perceptual-Computing-Lab~openpose/scripts/osx/install_deps.sh|CMU-Perceptual-Computing-Lab|openpose|install_deps.sh|Bourne Shell|13|4|2
448|./src/_00/output/C++/CMU-Perceptual-Computing-Lab~openpose/.github/CI_deprecated/Readme_Travis_badges_table_and_backup_instructions.md|CMU-Perceptual-Computing-Lab|openpose|Readme_Travis_badges_table_and_backup_instructions.md|Markdown|12|0|1
449|./src/_00/output/C++/CMU-Perceptual-Computing-Lab~openpose/include/openpose/wrapper/headers.hpp|CMU-Perceptual-Computing-Lab|openpose|headers.hpp|C/C++ Header|12|1|2
450|./src/_00/output/C++/CMU-Perceptual-Computing-Lab~openpose/.github/stale.yml|CMU-Perceptual-Computing-Lab|openpose|stale.yml|YAML|11|6|0
451|./src/_00/output/C++/CMU-Perceptual-Computing-Lab~openpose/doc/very_advanced/library_structure/2_library_extend_functionality.md|CMU-Perceptual-Computing-Lab|openpose|2_library_extend_functionality.md|Markdown|11|0|2
452|./src/_00/output/C++/CMU-Perceptual-Computing-Lab~openpose/python/openpose/CMakeLists.txt|CMU-Perceptual-Computing-Lab|openpose|CMakeLists.txt|CMake|11|0|3
453|./src/_00/output/C++/CMU-Perceptual-Computing-Lab~openpose/scripts/CI/configure.sh|CMU-Perceptual-Computing-Lab|openpose|configure.sh|Bourne Shell|11|1|3
454|./src/_00/output/C++/CMU-Perceptual-Computing-Lab~openpose/scripts/CI/run_make.sh|CMU-Perceptual-Computing-Lab|openpose|run_make.sh|Bourne Shell|11|1|3
455|./src/_00/output/C++/CMU-Perceptual-Computing-Lab~openpose/scripts/tests/pose_accuracy_car_val.sh|CMU-Perceptual-Computing-Lab|openpose|pose_accuracy_car_val.sh|Bourne Shell|11|16|11
456|./src/_00/output/C++/CMU-Perceptual-Computing-Lab~openpose/src/openpose/core/defineTemplates.cpp|CMU-Perceptual-Computing-Lab|openpose|defineTemplates.cpp|C++|11|0|1
457|./src/_00/output/C++/CMU-Perceptual-Computing-Lab~openpose/src/openpose/wrapper/wrapperStructGui.cpp|CMU-Perceptual-Computing-Lab|openpose|wrapperStructGui.cpp|C++|11|0|1
458|./src/_00/output/C++/CMU-Perceptual-Computing-Lab~openpose/doc/very_advanced/library_structure/0_index.md|CMU-Perceptual-Computing-Lab|openpose|0_index.md|Markdown|10|0|3
459|./src/_00/output/C++/CMU-Perceptual-Computing-Lab~openpose/include/openpose/gpu/gpu.hpp|CMU-Perceptual-Computing-Lab|openpose|gpu.hpp|C/C++ Header|10|0|4
460|./src/_00/output/C++/CMU-Perceptual-Computing-Lab~openpose/src/openpose/gui/defineTemplates.cpp|CMU-Perceptual-Computing-Lab|openpose|defineTemplates.cpp|C++|10|0|1
461|./src/_00/output/C++/CMU-Perceptual-Computing-Lab~openpose/src/openpose/hand/defineTemplates.cpp|CMU-Perceptual-Computing-Lab|openpose|defineTemplates.cpp|C++|10|0|1
462|./src/_00/output/C++/CMU-Perceptual-Computing-Lab~openpose/examples/CMakeLists.txt|CMU-Perceptual-Computing-Lab|openpose|CMakeLists.txt|CMake|9|0|0
463|./src/_00/output/C++/CMU-Perceptual-Computing-Lab~openpose/examples/tutorial_api_python/CMakeLists.txt|CMU-Perceptual-Computing-Lab|openpose|CMakeLists.txt|CMake|9|1|0
464|./src/_00/output/C++/CMU-Perceptual-Computing-Lab~openpose/.github/root_index.html|CMU-Perceptual-Computing-Lab|openpose|root_index.html|HTML|8|0|0
465|./src/_00/output/C++/CMU-Perceptual-Computing-Lab~openpose/doc/10_community_projects.md|CMU-Perceptual-Computing-Lab|openpose|10_community_projects.md|Markdown|8|0|4
466|./src/_00/output/C++/CMU-Perceptual-Computing-Lab~openpose/include/openpose/3d/headers.hpp|CMU-Perceptual-Computing-Lab|openpose|headers.hpp|C/C++ Header|8|1|2
467|./src/_00/output/C++/CMU-Perceptual-Computing-Lab~openpose/scripts/tests/pose_accuracy_coco_test_dev.sh|CMU-Perceptual-Computing-Lab|openpose|pose_accuracy_coco_test_dev.sh|Bourne Shell|8|17|11
468|./src/_00/output/C++/CMU-Perceptual-Computing-Lab~openpose/scripts/tests/pose_accuracy_coco_val.sh|CMU-Perceptual-Computing-Lab|openpose|pose_accuracy_coco_val.sh|Bourne Shell|8|17|12
469|./src/_00/output/C++/CMU-Perceptual-Computing-Lab~openpose/src/openpose/3d/defineTemplates.cpp|CMU-Perceptual-Computing-Lab|openpose|defineTemplates.cpp|C++|8|0|1
470|./src/_00/output/C++/CMU-Perceptual-Computing-Lab~openpose/src/openpose/face/defineTemplates.cpp|CMU-Perceptual-Computing-Lab|openpose|defineTemplates.cpp|C++|8|0|1
471|./src/_00/output/C++/CMU-Perceptual-Computing-Lab~openpose/scripts/CI/install_deps_osx.sh|CMU-Perceptual-Computing-Lab|openpose|install_deps_osx.sh|Bourne Shell|7|2|4
472|./src/_00/output/C++/CMU-Perceptual-Computing-Lab~openpose/src/openpose/pose/defineTemplates.cpp|CMU-Perceptual-Computing-Lab|openpose|defineTemplates.cpp|C++|7|0|1
473|./src/_00/output/C++/CMU-Perceptual-Computing-Lab~openpose/include/openpose/gpu/headers.hpp|CMU-Perceptual-Computing-Lab|openpose|headers.hpp|C/C++ Header|6|1|2
474|./src/_00/output/C++/CMU-Perceptual-Computing-Lab~openpose/include/openpose/tracking/headers.hpp|CMU-Perceptual-Computing-Lab|openpose|headers.hpp|C/C++ Header|6|1|2
475|./src/_00/output/C++/CMU-Perceptual-Computing-Lab~openpose/scripts/tests/drawProtoTxt.sh|CMU-Perceptual-Computing-Lab|openpose|drawProtoTxt.sh|Bourne Shell|6|8|8
476|./src/_00/output/C++/CMU-Perceptual-Computing-Lab~openpose/scripts/tests/pose_time_Caffe_layers.sh|CMU-Perceptual-Computing-Lab|openpose|pose_time_Caffe_layers.sh|Bourne Shell|6|5|6
477|./src/_00/output/C++/CMU-Perceptual-Computing-Lab~openpose/src/openpose/producer/defineTemplates.cpp|CMU-Perceptual-Computing-Lab|openpose|defineTemplates.cpp|C++|6|0|1
478|./src/_00/output/C++/CMU-Perceptual-Computing-Lab~openpose/examples/deprecated/README.md|CMU-Perceptual-Computing-Lab|openpose|README.md|Markdown|5|0|1
479|./src/_00/output/C++/CMU-Perceptual-Computing-Lab~openpose/src/openpose/tracking/defineTemplates.cpp|CMU-Perceptual-Computing-Lab|openpose|defineTemplates.cpp|C++|5|0|1
480|./src/_00/output/C++/CMU-Perceptual-Computing-Lab~openpose/src/openpose/wrapper/defineTemplates.cpp|CMU-Perceptual-Computing-Lab|openpose|defineTemplates.cpp|C++|5|0|1
481|./src/_00/output/C++/CMU-Perceptual-Computing-Lab~openpose/include/openpose/calibration/headers.hpp|CMU-Perceptual-Computing-Lab|openpose|headers.hpp|C/C++ Header|4|1|2
482|./src/_00/output/C++/CMU-Perceptual-Computing-Lab~openpose/include/openpose/unity/headers.hpp|CMU-Perceptual-Computing-Lab|openpose|headers.hpp|C/C++ Header|4|1|2
483|./src/_00/output/C++/CMU-Perceptual-Computing-Lab~openpose/doc/README.md|CMU-Perceptual-Computing-Lab|openpose|README.md|Markdown|3|0|0
484|./src/_00/output/C++/CMU-Perceptual-Computing-Lab~openpose/doc/installation/README.md|CMU-Perceptual-Computing-Lab|openpose|README.md|Markdown|3|0|0
485|./src/_00/output/C++/CMU-Perceptual-Computing-Lab~openpose/examples/tests/README.md|CMU-Perceptual-Computing-Lab|openpose|README.md|Markdown|3|0|1
486|./src/_00/output/C++/CMU-Perceptual-Computing-Lab~openpose/examples/tutorial_api_cpp/README.md|CMU-Perceptual-Computing-Lab|openpose|README.md|Markdown|3|0|1
487|./src/_00/output/C++/CMU-Perceptual-Computing-Lab~openpose/examples/tutorial_api_python/README.md|CMU-Perceptual-Computing-Lab|openpose|README.md|Markdown|3|0|1
488|./src/_00/output/C++/CMU-Perceptual-Computing-Lab~openpose/scripts/osx/install_brew.sh|CMU-Perceptual-Computing-Lab|openpose|install_brew.sh|Bourne Shell|3|1|0
489|./src/_00/output/C++/CMU-Perceptual-Computing-Lab~openpose/scripts/tests/pose_time_visual_GUI.sh|CMU-Perceptual-Computing-Lab|openpose|pose_time_visual_GUI.sh|Bourne Shell|3|7|6
490|./src/_00/output/C++/CMU-Perceptual-Computing-Lab~openpose/scripts/tests/speed_test.sh|CMU-Perceptual-Computing-Lab|openpose|speed_test.sh|Bourne Shell|2|7|6
491|./src/_00/output/C++/CMU-Perceptual-Computing-Lab~openpose/python/CMakeLists.txt|CMU-Perceptual-Computing-Lab|openpose|CMakeLists.txt|CMake|1|0|0
492|./src/_00/output/C++/CMU-Perceptual-Computing-Lab~openpose/python/openpose/__init__.py|CMU-Perceptual-Computing-Lab|openpose|__init__.py|Python|1|0|0
493|./src/_00/output/C++/CMU-Perceptual-Computing-Lab~openpose/src/CMakeLists.txt|CMU-Perceptual-Computing-Lab|openpose|CMakeLists.txt|CMake|1|0|0
494|./src/_00/output/C++/CMU-Perceptual-Computing-Lab~openpose/.github/CI_deprecated/.travis.yml|CMU-Perceptual-Computing-Lab|openpose|.travis.yml|YAML|0|153|9
495|./src/_00/output/C++/CMU-Perceptual-Computing-Lab~openpose/include/openpose/unity/unityBinding.hpp|CMU-Perceptual-Computing-Lab|openpose|unityBinding.hpp|C/C++ Header|0|3|0
