Unnamed: 0|path|owner|project|file|language|code|comment|blank
0|./src/_00/output/C++/microsoft~calculator/src/Calculator/Resources/en-US/Resources.resw|microsoft|calculator|Resources.resw|XML|4698|48|11
1|./src/_00/output/C++/microsoft~calculator/src/Calculator/Resources/eu-ES/Resources.resw|microsoft|calculator|Resources.resw|XML|4127|48|11
2|./src/_00/output/C++/microsoft~calculator/src/Calculator/Resources/ta-IN/Resources.resw|microsoft|calculator|Resources.resw|XML|4127|48|11
3|./src/_00/output/C++/microsoft~calculator/src/Calculator/Resources/af-ZA/Resources.resw|microsoft|calculator|Resources.resw|XML|4126|48|11
4|./src/_00/output/C++/microsoft~calculator/src/Calculator/Resources/am-ET/Resources.resw|microsoft|calculator|Resources.resw|XML|4126|48|11
5|./src/_00/output/C++/microsoft~calculator/src/Calculator/Resources/ar-SA/Resources.resw|microsoft|calculator|Resources.resw|XML|4126|48|11
6|./src/_00/output/C++/microsoft~calculator/src/Calculator/Resources/az-Latn-AZ/Resources.resw|microsoft|calculator|Resources.resw|XML|4126|48|11
7|./src/_00/output/C++/microsoft~calculator/src/Calculator/Resources/bg-BG/Resources.resw|microsoft|calculator|Resources.resw|XML|4126|48|11
8|./src/_00/output/C++/microsoft~calculator/src/Calculator/Resources/ca-ES/Resources.resw|microsoft|calculator|Resources.resw|XML|4126|48|11
9|./src/_00/output/C++/microsoft~calculator/src/Calculator/Resources/cs-CZ/Resources.resw|microsoft|calculator|Resources.resw|XML|4126|48|11
10|./src/_00/output/C++/microsoft~calculator/src/Calculator/Resources/da-DK/Resources.resw|microsoft|calculator|Resources.resw|XML|4126|48|11
11|./src/_00/output/C++/microsoft~calculator/src/Calculator/Resources/de-DE/Resources.resw|microsoft|calculator|Resources.resw|XML|4126|48|11
12|./src/_00/output/C++/microsoft~calculator/src/Calculator/Resources/el-GR/Resources.resw|microsoft|calculator|Resources.resw|XML|4126|48|11
13|./src/_00/output/C++/microsoft~calculator/src/Calculator/Resources/en-GB/Resources.resw|microsoft|calculator|Resources.resw|XML|4126|48|11
14|./src/_00/output/C++/microsoft~calculator/src/Calculator/Resources/es-ES/Resources.resw|microsoft|calculator|Resources.resw|XML|4126|48|11
15|./src/_00/output/C++/microsoft~calculator/src/Calculator/Resources/es-MX/Resources.resw|microsoft|calculator|Resources.resw|XML|4126|48|11
16|./src/_00/output/C++/microsoft~calculator/src/Calculator/Resources/et-EE/Resources.resw|microsoft|calculator|Resources.resw|XML|4126|48|11
17|./src/_00/output/C++/microsoft~calculator/src/Calculator/Resources/fa-IR/Resources.resw|microsoft|calculator|Resources.resw|XML|4126|48|11
18|./src/_00/output/C++/microsoft~calculator/src/Calculator/Resources/fi-FI/Resources.resw|microsoft|calculator|Resources.resw|XML|4126|48|11
19|./src/_00/output/C++/microsoft~calculator/src/Calculator/Resources/fil-PH/Resources.resw|microsoft|calculator|Resources.resw|XML|4126|48|11
20|./src/_00/output/C++/microsoft~calculator/src/Calculator/Resources/fr-CA/Resources.resw|microsoft|calculator|Resources.resw|XML|4126|48|11
21|./src/_00/output/C++/microsoft~calculator/src/Calculator/Resources/fr-FR/Resources.resw|microsoft|calculator|Resources.resw|XML|4126|48|11
22|./src/_00/output/C++/microsoft~calculator/src/Calculator/Resources/gl-ES/Resources.resw|microsoft|calculator|Resources.resw|XML|4126|48|11
23|./src/_00/output/C++/microsoft~calculator/src/Calculator/Resources/he-IL/Resources.resw|microsoft|calculator|Resources.resw|XML|4126|48|11
24|./src/_00/output/C++/microsoft~calculator/src/Calculator/Resources/hi-IN/Resources.resw|microsoft|calculator|Resources.resw|XML|4126|48|11
25|./src/_00/output/C++/microsoft~calculator/src/Calculator/Resources/hr-HR/Resources.resw|microsoft|calculator|Resources.resw|XML|4126|48|11
26|./src/_00/output/C++/microsoft~calculator/src/Calculator/Resources/hu-HU/Resources.resw|microsoft|calculator|Resources.resw|XML|4126|48|11
27|./src/_00/output/C++/microsoft~calculator/src/Calculator/Resources/id-ID/Resources.resw|microsoft|calculator|Resources.resw|XML|4126|48|11
28|./src/_00/output/C++/microsoft~calculator/src/Calculator/Resources/is-IS/Resources.resw|microsoft|calculator|Resources.resw|XML|4126|48|11
29|./src/_00/output/C++/microsoft~calculator/src/Calculator/Resources/it-IT/Resources.resw|microsoft|calculator|Resources.resw|XML|4126|48|11
30|./src/_00/output/C++/microsoft~calculator/src/Calculator/Resources/ja-JP/Resources.resw|microsoft|calculator|Resources.resw|XML|4126|48|11
31|./src/_00/output/C++/microsoft~calculator/src/Calculator/Resources/kk-KZ/Resources.resw|microsoft|calculator|Resources.resw|XML|4126|48|11
32|./src/_00/output/C++/microsoft~calculator/src/Calculator/Resources/km-KH/Resources.resw|microsoft|calculator|Resources.resw|XML|4126|48|11
33|./src/_00/output/C++/microsoft~calculator/src/Calculator/Resources/kn-IN/Resources.resw|microsoft|calculator|Resources.resw|XML|4126|48|11
34|./src/_00/output/C++/microsoft~calculator/src/Calculator/Resources/ko-KR/Resources.resw|microsoft|calculator|Resources.resw|XML|4126|48|11
35|./src/_00/output/C++/microsoft~calculator/src/Calculator/Resources/lo-LA/Resources.resw|microsoft|calculator|Resources.resw|XML|4126|48|11
36|./src/_00/output/C++/microsoft~calculator/src/Calculator/Resources/lt-LT/Resources.resw|microsoft|calculator|Resources.resw|XML|4126|48|11
37|./src/_00/output/C++/microsoft~calculator/src/Calculator/Resources/lv-LV/Resources.resw|microsoft|calculator|Resources.resw|XML|4126|48|11
38|./src/_00/output/C++/microsoft~calculator/src/Calculator/Resources/mk-MK/Resources.resw|microsoft|calculator|Resources.resw|XML|4126|48|11
39|./src/_00/output/C++/microsoft~calculator/src/Calculator/Resources/ml-IN/Resources.resw|microsoft|calculator|Resources.resw|XML|4126|48|11
40|./src/_00/output/C++/microsoft~calculator/src/Calculator/Resources/ms-MY/Resources.resw|microsoft|calculator|Resources.resw|XML|4126|48|11
41|./src/_00/output/C++/microsoft~calculator/src/Calculator/Resources/nb-NO/Resources.resw|microsoft|calculator|Resources.resw|XML|4126|48|11
42|./src/_00/output/C++/microsoft~calculator/src/Calculator/Resources/nl-NL/Resources.resw|microsoft|calculator|Resources.resw|XML|4126|48|11
43|./src/_00/output/C++/microsoft~calculator/src/Calculator/Resources/pl-PL/Resources.resw|microsoft|calculator|Resources.resw|XML|4126|48|11
44|./src/_00/output/C++/microsoft~calculator/src/Calculator/Resources/pt-BR/Resources.resw|microsoft|calculator|Resources.resw|XML|4126|48|11
45|./src/_00/output/C++/microsoft~calculator/src/Calculator/Resources/pt-PT/Resources.resw|microsoft|calculator|Resources.resw|XML|4126|48|11
46|./src/_00/output/C++/microsoft~calculator/src/Calculator/Resources/ro-RO/Resources.resw|microsoft|calculator|Resources.resw|XML|4126|48|11
47|./src/_00/output/C++/microsoft~calculator/src/Calculator/Resources/ru-RU/Resources.resw|microsoft|calculator|Resources.resw|XML|4126|48|11
48|./src/_00/output/C++/microsoft~calculator/src/Calculator/Resources/sk-SK/Resources.resw|microsoft|calculator|Resources.resw|XML|4126|48|11
49|./src/_00/output/C++/microsoft~calculator/src/Calculator/Resources/sl-SI/Resources.resw|microsoft|calculator|Resources.resw|XML|4126|48|11
50|./src/_00/output/C++/microsoft~calculator/src/Calculator/Resources/sq-AL/Resources.resw|microsoft|calculator|Resources.resw|XML|4126|48|11
51|./src/_00/output/C++/microsoft~calculator/src/Calculator/Resources/sr-Latn-RS/Resources.resw|microsoft|calculator|Resources.resw|XML|4126|48|11
52|./src/_00/output/C++/microsoft~calculator/src/Calculator/Resources/sv-SE/Resources.resw|microsoft|calculator|Resources.resw|XML|4126|48|11
53|./src/_00/output/C++/microsoft~calculator/src/Calculator/Resources/te-IN/Resources.resw|microsoft|calculator|Resources.resw|XML|4126|48|11
54|./src/_00/output/C++/microsoft~calculator/src/Calculator/Resources/th-TH/Resources.resw|microsoft|calculator|Resources.resw|XML|4126|48|11
55|./src/_00/output/C++/microsoft~calculator/src/Calculator/Resources/tr-TR/Resources.resw|microsoft|calculator|Resources.resw|XML|4126|48|11
56|./src/_00/output/C++/microsoft~calculator/src/Calculator/Resources/uk-UA/Resources.resw|microsoft|calculator|Resources.resw|XML|4126|48|11
57|./src/_00/output/C++/microsoft~calculator/src/Calculator/Resources/vi-VN/Resources.resw|microsoft|calculator|Resources.resw|XML|4126|48|11
58|./src/_00/output/C++/microsoft~calculator/src/Calculator/Resources/zh-CN/Resources.resw|microsoft|calculator|Resources.resw|XML|4126|48|11
59|./src/_00/output/C++/microsoft~calculator/src/Calculator/Resources/zh-TW/Resources.resw|microsoft|calculator|Resources.resw|XML|4126|48|11
60|./src/_00/output/C++/microsoft~calculator/src/Calculator/App.xaml|microsoft|calculator|App.xaml|XAML|2314|18|102
61|./src/_00/output/C++/microsoft~calculator/src/CalcViewModel/StandardCalculatorViewModel.cpp|microsoft|calculator|StandardCalculatorViewModel.cpp|C++|1510|63|211
62|./src/_00/output/C++/microsoft~calculator/src/CalculatorUnitTests/CopyPasteManagerTest.cpp|microsoft|calculator|CopyPasteManagerTest.cpp|C++|1403|46|113
63|./src/_00/output/C++/microsoft~calculator/src/Calculator/Views/GraphingCalculator/GraphingNumPad.xaml|microsoft|calculator|GraphingNumPad.xaml|XAML|1348|8|113
64|./src/_00/output/C++/microsoft~calculator/src/Calculator/Views/Calculator.xaml|microsoft|calculator|Calculator.xaml|XAML|1308|28|64
65|./src/_00/output/C++/microsoft~calculator/src/Calculator/Views/CalculatorScientificOperators.xaml|microsoft|calculator|CalculatorScientificOperators.xaml|XAML|1194|8|109
66|./src/_00/output/C++/microsoft~calculator/src/Calculator/Views/DateCalculator.xaml|microsoft|calculator|DateCalculator.xaml|XAML|1176|16|41
67|./src/_00/output/C++/microsoft~calculator/src/Calculator/Views/CalculatorProgrammerBitFlipPanel.xaml|microsoft|calculator|CalculatorProgrammerBitFlipPanel.xaml|XAML|1062|1|20
68|./src/_00/output/C++/microsoft~calculator/src/CalcViewModel/DataLoaders/UnitConverterDataLoader.cpp|microsoft|calculator|UnitConverterDataLoader.cpp|C++|932|25|57
69|./src/_00/output/C++/microsoft~calculator/src/GraphControl/Control/Grapher.cpp|microsoft|calculator|Grapher.cpp|C++|904|52|157
70|./src/_00/output/C++/microsoft~calculator/src/Calculator/Views/GraphingCalculator/EquationInputArea.xaml|microsoft|calculator|EquationInputArea.xaml|XAML|889|2|13
71|./src/_00/output/C++/microsoft~calculator/src/CalculatorUnitTests/CalculatorManagerTest.cpp|microsoft|calculator|CalculatorManagerTest.cpp|C++|887|21|246
72|./src/_00/output/C++/microsoft~calculator/src/CalcViewModel/UnitConverterViewModel.cpp|microsoft|calculator|UnitConverterViewModel.cpp|C++|853|72|141
73|./src/_00/output/C++/microsoft~calculator/src/CalculatorUnitTests/UnitConverterViewModelUnitTests.cpp|microsoft|calculator|UnitConverterViewModelUnitTests.cpp|C++|841|89|131
74|./src/_00/output/C++/microsoft~calculator/src/Calculator/Calculator.csproj|microsoft|calculator|Calculator.csproj|MSBuild script|838|10|0
75|./src/_00/output/C++/microsoft~calculator/src/CalculatorUnitTests/StandardViewModelUnitTests.cpp|microsoft|calculator|StandardViewModelUnitTests.cpp|C++|831|80|122
76|./src/_00/output/C++/microsoft~calculator/src/CalcManager/Ratpack/conv.cpp|microsoft|calculator|conv.cpp|C++|830|507|196
77|./src/_00/output/C++/microsoft~calculator/src/CalcManager/CEngine/scicomm.cpp|microsoft|calculator|scicomm.cpp|C++|828|152|148
78|./src/_00/output/C++/microsoft~calculator/src/Calculator/Views/GraphingCalculator/GraphingCalculator.xaml|microsoft|calculator|GraphingCalculator.xaml|XAML|801|6|23
79|./src/_00/output/C++/microsoft~calculator/src/CalculatorUITests/ProgrammerModeFunctionalTests.cs|microsoft|calculator|ProgrammerModeFunctionalTests.cs|C#|782|73|72
80|./src/_00/output/C++/microsoft~calculator/src/Calculator/Views/Calculator.xaml.cs|microsoft|calculator|Calculator.xaml.cs|C#|753|20|117
81|./src/_00/output/C++/microsoft~calculator/src/Calculator/Views/UnitConverter.xaml|microsoft|calculator|UnitConverter.xaml|XAML|745|15|22
82|./src/_00/output/C++/microsoft~calculator/src/CalcManager/UnitConverter.cpp|microsoft|calculator|UnitConverter.cpp|C++|730|115|101
83|./src/_00/output/C++/microsoft~calculator/src/Calculator/Views/GraphingCalculator/GraphingCalculator.xaml.cs|microsoft|calculator|GraphingCalculator.xaml.cs|C#|717|30|144
84|./src/_00/output/C++/microsoft~calculator/src/CalculatorUnitTests/DateCalculatorUnitTests.cpp|microsoft|calculator|DateCalculatorUnitTests.cpp|C++|703|219|135
85|./src/_00/output/C++/microsoft~calculator/src/CalcViewModel/DataLoaders/CurrencyDataLoader.cpp|microsoft|calculator|CurrencyDataLoader.cpp|C++|693|23|127
86|./src/_00/output/C++/microsoft~calculator/src/Calculator/Views/CalculatorProgrammerRadixOperators.xaml|microsoft|calculator|CalculatorProgrammerRadixOperators.xaml|XAML|691|5|51
87|./src/_00/output/C++/microsoft~calculator/src/Calculator/Common/KeyboardShortcutManager.cs|microsoft|calculator|KeyboardShortcutManager.cs|C#|680|58|106
88|./src/_00/output/C++/microsoft~calculator/src/CalculatorUnitTests/HistoryTests.cpp|microsoft|calculator|HistoryTests.cpp|C++|667|2|91
89|./src/_00/output/C++/microsoft~calculator/src/CalcViewModel/Common/Utils.h|microsoft|calculator|Utils.h|C/C++ Header|653|26|59
90|./src/_00/output/C++/microsoft~calculator/src/CalculatorUITests/StandardModeFunctionalTests.cs|microsoft|calculator|StandardModeFunctionalTests.cs|C#|653|88|73
91|./src/_00/output/C++/microsoft~calculator/src/CalculatorUnitTests/MultiWindowUnitTests.cpp|microsoft|calculator|MultiWindowUnitTests.cpp|C++|563|196|181
92|./src/_00/output/C++/microsoft~calculator/src/CalcManager/Ratpack/ratconst.h|microsoft|calculator|ratconst.h|C/C++ Header|549|41|4
93|./src/_00/output/C++/microsoft~calculator/src/CalculatorUnitTests/Test.resw|microsoft|calculator|Test.resw|XML|538|48|11
94|./src/_00/output/C++/microsoft~calculator/src/Calculator/Views/GraphingCalculator/EquationInputArea.xaml.cs|microsoft|calculator|EquationInputArea.xaml.cs|C#|532|16|94
95|./src/_00/output/C++/microsoft~calculator/src/Calculator/Views/MainPage.xaml.cs|microsoft|calculator|MainPage.xaml.cs|C#|525|15|79
96|./src/_00/output/C++/microsoft~calculator/src/GraphControl/Utils.h|microsoft|calculator|Utils.h|C/C++ Header|515|20|41
97|./src/_00/output/C++/microsoft~calculator/src/CalculatorUITests/ScientificModeFunctionalTests.cs|microsoft|calculator|ScientificModeFunctionalTests.cs|C#|508|16|95
98|./src/_00/output/C++/microsoft~calculator/src/CalculatorUnitTests/UnitConverterTest.cpp|microsoft|calculator|UnitConverterTest.cpp|C++|508|20|74
99|./src/_00/output/C++/microsoft~calculator/src/CalcViewModel/Common/LocalizationService.cpp|microsoft|calculator|LocalizationService.cpp|C++|498|45|77
100|./src/_00/output/C++/microsoft~calculator/src/Calculator/Resources/en-US/CEngineStrings.resw|microsoft|calculator|CEngineStrings.resw|XML|493|48|11
101|./src/_00/output/C++/microsoft~calculator/src/Calculator/Controls/EquationTextBox.cs|microsoft|calculator|EquationTextBox.cs|C#|490|13|98
102|./src/_00/output/C++/microsoft~calculator/src/CalcViewModel/Common/CopyPasteManager.cpp|microsoft|calculator|CopyPasteManager.cpp|C++|488|59|74
103|./src/_00/output/C++/microsoft~calculator/src/CalculatorUnitTests/CurrencyConverterUnitTests.cpp|microsoft|calculator|CurrencyConverterUnitTests.cpp|C++|472|16|141
104|./src/_00/output/C++/microsoft~calculator/src/GraphControl/DirectX/DeviceResources.cpp|microsoft|calculator|DeviceResources.cpp|C++|467|99|93
105|./src/_00/output/C++/microsoft~calculator/docs/ManualTests.md|microsoft|calculator|ManualTests.md|Markdown|441|0|53
106|./src/_00/output/C++/microsoft~calculator/src/CalcViewModel/Common/NavCategory.cpp|microsoft|calculator|NavCategory.cpp|C++|440|16|51
107|./src/_00/output/C++/microsoft~calculator/src/CalcManager/CalculatorManager.cpp|microsoft|calculator|CalculatorManager.cpp|C++|432|87|72
108|./src/_00/output/C++/microsoft~calculator/src/CalcViewModel/GraphingCalculator/EquationViewModel.cpp|microsoft|calculator|EquationViewModel.cpp|C++|429|5|27
109|./src/_00/output/C++/microsoft~calculator/src/CalcManager/Ratpack/support.cpp|microsoft|calculator|support.cpp|C++|426|189|94
110|./src/_00/output/C++/microsoft~calculator/src/CalcViewModel/CalcViewModel.vcxproj|microsoft|calculator|CalcViewModel.vcxproj|XML|420|0|0
111|./src/_00/output/C++/microsoft~calculator/src/CalcManager/CEngine/History.cpp|microsoft|calculator|History.cpp|C++|414|37|56
112|./src/_00/output/C++/microsoft~calculator/src/CalcViewModelCopyForUT/CalcViewModelCopyForUT.vcxproj|microsoft|calculator|CalcViewModelCopyForUT.vcxproj|XML|414|0|0
113|./src/_00/output/C++/microsoft~calculator/src/CalcViewModel/UnitConverterViewModel.h|microsoft|calculator|UnitConverterViewModel.h|C/C++ Header|406|5|67
114|./src/_00/output/C++/microsoft~calculator/src/GraphControl/DirectX/RenderMain.cpp|microsoft|calculator|RenderMain.cpp|C++|406|29|71
115|./src/_00/output/C++/microsoft~calculator/src/CalcManager/CEngine/Rational.cpp|microsoft|calculator|Rational.cpp|C++|397|15|89
116|./src/_00/output/C++/microsoft~calculator/src/GraphingImpl/Mocks/GraphingOptions.h|microsoft|calculator|GraphingOptions.h|C/C++ Header|393|2|38
117|./src/_00/output/C++/microsoft~calculator/src/CalcManager/Ratpack/num.cpp|microsoft|calculator|num.cpp|C++|389|161|72
118|./src/_00/output/C++/microsoft~calculator/src/Calculator/Controls/CalculationResult.cs|microsoft|calculator|CalculationResult.cs|C#|386|26|68
119|./src/_00/output/C++/microsoft~calculator/src/GraphControl/GraphControl.vcxproj|microsoft|calculator|GraphControl.vcxproj|XML|358|0|0
120|./src/_00/output/C++/microsoft~calculator/src/CalcManager/CalcManager.vcxproj|microsoft|calculator|CalcManager.vcxproj|XML|351|1|0
121|./src/_00/output/C++/microsoft~calculator/src/CalcViewModel/DateCalculatorViewModel.cpp|microsoft|calculator|DateCalculatorViewModel.cpp|C++|339|31|50
122|./src/_00/output/C++/microsoft~calculator/src/CalcViewModel/StandardCalculatorViewModel.h|microsoft|calculator|StandardCalculatorViewModel.h|C/C++ Header|339|5|36
123|./src/_00/output/C++/microsoft~calculator/src/CalculatorUnitTests/CalcInputTest.cpp|microsoft|calculator|CalcInputTest.cpp|C++|339|7|25
124|./src/_00/output/C++/microsoft~calculator/src/Calculator/Views/CalculatorStandardOperators.xaml|microsoft|calculator|CalculatorStandardOperators.xaml|XAML|337|0|11
125|./src/_00/output/C++/microsoft~calculator/src/CalcManager/Header Files/EngineStrings.h|microsoft|calculator|EngineStrings.h|C/C++ Header|333|19|10
126|./src/_00/output/C++/microsoft~calculator/src/CalcManager/CEngine/RationalMath.cpp|microsoft|calculator|RationalMath.cpp|C++|329|10|79
127|./src/_00/output/C++/microsoft~calculator/src/CalculatorUnitTests/NavCategoryUnitTests.cpp|microsoft|calculator|NavCategoryUnitTests.cpp|C++|325|17|43
128|./src/_00/output/C++/microsoft~calculator/src/Calculator/Views/UnitConverter.xaml.cs|microsoft|calculator|UnitConverter.xaml.cs|C#|319|12|68
129|./src/_00/output/C++/microsoft~calculator/src/CalcManager/Ratpack/exp.cpp|microsoft|calculator|exp.cpp|C++|306|156|65
130|./src/_00/output/C++/microsoft~calculator/src/GraphControl/Control/Grapher.h|microsoft|calculator|Grapher.h|C/C++ Header|306|9|41
131|./src/_00/output/C++/microsoft~calculator/src/TraceLogging/TraceLogging.vcxproj|microsoft|calculator|TraceLogging.vcxproj|XML|304|0|0
132|./src/_00/output/C++/microsoft~calculator/src/CalculatorUnitTests/CalculatorUnitTests.vcxproj|microsoft|calculator|CalculatorUnitTests.vcxproj|XML|297|1|0
133|./src/_00/output/C++/microsoft~calculator/src/CalcManager/Ratpack/ratpak.h|microsoft|calculator|ratpak.h|C/C++ Header|294|121|70
134|./src/_00/output/C++/microsoft~calculator/src/GraphingImpl/GraphingImpl.vcxproj|microsoft|calculator|GraphingImpl.vcxproj|XML|288|0|0
135|./src/_00/output/C++/microsoft~calculator/src/Calculator/Views/GraphingCalculator/EquationStylePanelControl.xaml.cs|microsoft|calculator|EquationStylePanelControl.xaml.cs|C#|284|6|38
136|./src/_00/output/C++/microsoft~calculator/src/Calculator/Views/GraphingCalculator/KeyGraphFeaturesPanel.xaml|microsoft|calculator|KeyGraphFeaturesPanel.xaml|XAML|284|4|13
137|./src/_00/output/C++/microsoft~calculator/src/CalcViewModel/Common/LocalizationSettings.h|microsoft|calculator|LocalizationSettings.h|C/C++ Header|276|19|57
138|./src/_00/output/C++/microsoft~calculator/src/CalcViewModel/Common/TraceLogger.cpp|microsoft|calculator|TraceLogger.cpp|C++|275|10|46
139|./src/_00/output/C++/microsoft~calculator/src/Calculator/Views/GraphingCalculator/GraphingSettings.xaml|microsoft|calculator|GraphingSettings.xaml|XAML|257|0|10
140|./src/_00/output/C++/microsoft~calculator/src/CalcManager/CEngine/CalcInput.cpp|microsoft|calculator|CalcInput.cpp|C++|256|38|45
141|./src/_00/output/C++/microsoft~calculator/src/Calculator/Controls/OverflowTextBlock.cs|microsoft|calculator|OverflowTextBlock.cs|C#|255|9|48
142|./src/_00/output/C++/microsoft~calculator/src/CalcViewModel/Common/AlwaysSelectedCollectionView.h|microsoft|calculator|AlwaysSelectedCollectionView.h|C/C++ Header|254|15|24
143|./src/_00/output/C++/microsoft~calculator/src/CalcManager/UnitConverter.h|microsoft|calculator|UnitConverter.h|C/C++ Header|253|9|34
144|./src/_00/output/C++/microsoft~calculator/src/CalcViewModel/Common/DateCalculator.cpp|microsoft|calculator|DateCalculator.cpp|C++|253|57|51
145|./src/_00/output/C++/microsoft~calculator/src/CalcViewModel/GraphingCalculator/GraphingSettingsViewModel.h|microsoft|calculator|GraphingSettingsViewModel.h|C/C++ Header|252|2|22
146|./src/_00/output/C++/microsoft~calculator/src/Calculator/Views/CalculatorProgrammerOperators.xaml|microsoft|calculator|CalculatorProgrammerOperators.xaml|XAML|251|1|4
147|./src/_00/output/C++/microsoft~calculator/src/GraphingInterfaces/GraphingEnums.h|microsoft|calculator|GraphingEnums.h|C/C++ Header|240|187|148
148|./src/_00/output/C++/microsoft~calculator/src/CalcManager/Command.h|microsoft|calculator|Command.h|C/C++ Header|239|5|27
149|./src/_00/output/C++/microsoft~calculator/src/CalcManager/ExpressionCommand.cpp|microsoft|calculator|ExpressionCommand.cpp|C++|239|3|47
150|./src/_00/output/C++/microsoft~calculator/src/Calculator/Views/GraphingCalculator/GraphingNumPad.xaml.cs|microsoft|calculator|GraphingNumPad.xaml.cs|C#|239|4|30
151|./src/_00/output/C++/microsoft~calculator/src/Calculator/Views/TitleBar.xaml.cs|microsoft|calculator|TitleBar.xaml.cs|C#|238|11|43
152|./src/_00/output/C++/microsoft~calculator/src/CalcViewModel/ApplicationViewModel.cpp|microsoft|calculator|ApplicationViewModel.cpp|C++|235|16|23
153|./src/_00/output/C++/microsoft~calculator/src/Calculator/Views/CalculatorProgrammerBitFlipPanel.xaml.cs|microsoft|calculator|CalculatorProgrammerBitFlipPanel.xaml.cs|C#|233|14|27
154|./src/_00/output/C++/microsoft~calculator/src/CalcManager/CEngine/scidisp.cpp|microsoft|calculator|scidisp.cpp|C++|230|115|39
155|./src/_00/output/C++/microsoft~calculator/src/CalcManager/CEngine/scifunc.cpp|microsoft|calculator|scifunc.cpp|C++|222|30|53
156|./src/_00/output/C++/microsoft~calculator/src/CalcViewModel/Common/Utils.cpp|microsoft|calculator|Utils.cpp|C++|217|15|45
157|./src/_00/output/C++/microsoft~calculator/src/CalcViewModel/CalcViewModel.vcxproj.filters|microsoft|calculator|CalcViewModel.vcxproj.filters|XML|215|0|0
158|./src/_00/output/C++/microsoft~calculator/src/Calculator.sln|microsoft|calculator|Calculator.sln|Visual Studio Solution|215|1|1
159|./src/_00/output/C++/microsoft~calculator/src/CalcViewModelCopyForUT/CalcViewModelCopyForUT.vcxproj.filters|microsoft|calculator|CalcViewModelCopyForUT.vcxproj.filters|XML|213|0|0
160|./src/_00/output/C++/microsoft~calculator/src/CalculatorUITests/CurrencyConverterFunctionalTests.cs|microsoft|calculator|CurrencyConverterFunctionalTests.cs|C#|211|54|35
161|./src/_00/output/C++/microsoft~calculator/src/Calculator/Views/CalculatorProgrammerRadixOperators.xaml.cs|microsoft|calculator|CalculatorProgrammerRadixOperators.xaml.cs|C#|202|7|30
162|./src/_00/output/C++/microsoft~calculator/src/CalcManager/Ratpack/basex.cpp|microsoft|calculator|basex.cpp|C++|199|120|43
163|./src/_00/output/C++/microsoft~calculator/src/CalculatorUnitTests/RationalTest.cpp|microsoft|calculator|RationalTest.cpp|C++|199|10|12
164|./src/_00/output/C++/microsoft~calculator/src/CalcViewModel/Common/CalculatorButtonUser.h|microsoft|calculator|CalculatorButtonUser.h|C/C++ Header|196|4|7
165|./src/_00/output/C++/microsoft~calculator/src/CalcManager/Ratpack/itrans.cpp|microsoft|calculator|itrans.cpp|C++|189|99|39
166|./src/_00/output/C++/microsoft~calculator/src/Calculator/Views/DateCalculator.xaml.cs|microsoft|calculator|DateCalculator.xaml.cs|C#|188|25|41
167|./src/_00/output/C++/microsoft~calculator/src/CalculatorUITestFramework/ProgrammerOperatorsPanel.cs|microsoft|calculator|ProgrammerOperatorsPanel.cs|C#|188|5|4
168|./src/_00/output/C++/microsoft~calculator/src/CalcManager/Header Files/CCommand.h|microsoft|calculator|CCommand.h|C/C++ Header|187|31|31
169|./src/_00/output/C++/microsoft~calculator/src/CalcViewModel/Common/Automation/NarratorAnnouncement.cpp|microsoft|calculator|NarratorAnnouncement.cpp|C++|186|2|28
170|./src/_00/output/C++/microsoft~calculator/src/Calculator/Controls/MathRichEditBox.cs|microsoft|calculator|MathRichEditBox.cs|C#|186|18|42
171|./src/_00/output/C++/microsoft~calculator/src/Calculator/Views/MainPage.xaml|microsoft|calculator|MainPage.xaml|XAML|182|8|11
172|./src/_00/output/C++/microsoft~calculator/src/CalculatorUnitTests/CalcEngineTests.cpp|microsoft|calculator|CalcEngineTests.cpp|C++|181|25|37
173|./src/_00/output/C++/microsoft~calculator/src/Calculator/Views/HistoryList.xaml|microsoft|calculator|HistoryList.xaml|XAML|173|0|8
174|./src/_00/output/C++/microsoft~calculator/src/Calculator/Views/Settings.xaml|microsoft|calculator|Settings.xaml|XAML|172|5|17
175|./src/_00/output/C++/microsoft~calculator/src/Calculator/Common/AlwaysSelectedCollectionView.cs|microsoft|calculator|AlwaysSelectedCollectionView.cs|C#|171|6|42
176|./src/_00/output/C++/microsoft~calculator/src/CalcManager/CalcManager.vcxproj.filters|microsoft|calculator|CalcManager.vcxproj.filters|XML|170|0|0
177|./src/_00/output/C++/microsoft~calculator/src/CalcViewModel/DataLoaders/UnitConverterDataConstants.h|microsoft|calculator|UnitConverterDataConstants.h|C/C++ Header|169|2|1
178|./src/_00/output/C++/microsoft~calculator/src/CalculatorUnitTests/NarratorAnnouncementUnitTests.cpp|microsoft|calculator|NarratorAnnouncementUnitTests.cpp|C++|167|2|25
179|./src/_00/output/C++/microsoft~calculator/src/CalcManager/Ratpack/trans.cpp|microsoft|calculator|trans.cpp|C++|164|91|35
180|./src/_00/output/C++/microsoft~calculator/build/pipelines/templates/package-msixbundle.yaml|microsoft|calculator|package-msixbundle.yaml|YAML|163|6|16
181|./src/_00/output/C++/microsoft~calculator/src/CalcManager/Header Files/CalcEngine.h|microsoft|calculator|CalcEngine.h|C/C++ Header|163|19|25
182|./src/_00/output/C++/microsoft~calculator/src/Calculator/Views/DelighterUnitStyles.xaml|microsoft|calculator|DelighterUnitStyles.xaml|XAML|161|27|28
183|./src/_00/output/C++/microsoft~calculator/docs/ApplicationArchitecture.md|microsoft|calculator|ApplicationArchitecture.md|Markdown|154|0|51
184|./src/_00/output/C++/microsoft~calculator/src/CalcViewModel/DateCalculatorViewModel.h|microsoft|calculator|DateCalculatorViewModel.h|C/C++ Header|151|11|24
185|./src/_00/output/C++/microsoft~calculator/src/GraphControl/Models/EquationCollection.h|microsoft|calculator|EquationCollection.h|C/C++ Header|149|2|29
186|./src/_00/output/C++/microsoft~calculator/src/CalcManager/Ratpack/logic.cpp|microsoft|calculator|logic.cpp|C++|145|72|39
187|./src/_00/output/C++/microsoft~calculator/src/CalcManager/Ratpack/fact.cpp|microsoft|calculator|fact.cpp|C++|144|68|35
188|./src/_00/output/C++/microsoft~calculator/src/CalcViewModel/Common/NavCategory.h|microsoft|calculator|NavCategory.h|C/C++ Header|144|19|21
189|./src/_00/output/C++/microsoft~calculator/src/CalcViewModel/HistoryViewModel.cpp|microsoft|calculator|HistoryViewModel.cpp|C++|143|7|21
190|./src/_00/output/C++/microsoft~calculator/src/CalcManager/CEngine/calc.cpp|microsoft|calculator|calc.cpp|C++|142|31|31
191|./src/_00/output/C++/microsoft~calculator/src/CalcViewModel/Common/MyVirtualKey.h|microsoft|calculator|MyVirtualKey.h|C/C++ Header|142|2|2
192|./src/_00/output/C++/microsoft~calculator/src/CalculatorUITestFramework/ScientificOperatorsPanel.cs|microsoft|calculator|ScientificOperatorsPanel.cs|C#|139|9|9
193|./src/_00/output/C++/microsoft~calculator/src/CalcManager/CalculatorVector.h|microsoft|calculator|CalculatorVector.h|C/C++ Header|136|2|17
194|./src/_00/output/C++/microsoft~calculator/.github/policies/resourceManagement.yml|microsoft|calculator|resourceManagement.yml|YAML|135|0|0
195|./src/_00/output/C++/microsoft~calculator/src/CalcManager/CEngine/scioper.cpp|microsoft|calculator|scioper.cpp|C++|135|7|33
196|./src/_00/output/C++/microsoft~calculator/src/CalcViewModel/Common/CalculatorDisplay.cpp|microsoft|calculator|CalculatorDisplay.cpp|C++|135|4|17
197|./src/_00/output/C++/microsoft~calculator/src/CalcViewModel/DataLoaders/DefaultFromToCurrency.json|microsoft|calculator|DefaultFromToCurrency.json|JSON|134|0|0
198|./src/_00/output/C++/microsoft~calculator/src/Calculator/Views/GraphingCalculator/EquationStylePanelControl.xaml|microsoft|calculator|EquationStylePanelControl.xaml|XAML|133|1|2
199|./src/_00/output/C++/microsoft~calculator/src/Calculator/Views/Memory.xaml|microsoft|calculator|Memory.xaml|XAML|133|0|6
200|./src/_00/output/C++/microsoft~calculator/src/Calculator/Controls/OperatorPanelListView.cs|microsoft|calculator|OperatorPanelListView.cs|C#|128|6|22
201|./src/_00/output/C++/microsoft~calculator/src/GraphControl/DirectX/RenderMain.h|microsoft|calculator|RenderMain.h|C/C++ Header|127|19|45
202|./src/_00/output/C++/microsoft~calculator/src/Calculator/Views/CalculatorScientificOperators.xaml.cs|microsoft|calculator|CalculatorScientificOperators.xaml.cs|C#|126|7|24
203|./src/_00/output/C++/microsoft~calculator/src/GraphControl/Models/Equation.h|microsoft|calculator|Equation.h|C/C++ Header|126|66|70
204|./src/_00/output/C++/microsoft~calculator/src/CalcViewModel/Common/CopyPasteManager.h|microsoft|calculator|CopyPasteManager.h|C/C++ Header|122|2|10
205|./src/_00/output/C++/microsoft~calculator/src/Calculator/App.xaml.cs|microsoft|calculator|App.xaml.cs|C#|122|41|25
206|./src/_00/output/C++/microsoft~calculator/src/Calculator/Views/NumberPad.xaml|microsoft|calculator|NumberPad.xaml|XAML|122|1|2
207|./src/_00/output/C++/microsoft~calculator/src/GraphingImpl/Mocks/MathSolver.h|microsoft|calculator|MathSolver.h|C/C++ Header|122|2|27
208|./src/_00/output/C++/microsoft~calculator/src/CalcManager/CEngine/sciset.cpp|microsoft|calculator|sciset.cpp|C++|121|41|24
209|./src/_00/output/C++/microsoft~calculator/src/CalcViewModel/GraphingCalculator/VariableViewModel.h|microsoft|calculator|VariableViewModel.h|C/C++ Header|119|2|17
210|./src/_00/output/C++/microsoft~calculator/src/Calculator/Views/CalculatorProgrammerDisplayPanel.xaml|microsoft|calculator|CalculatorProgrammerDisplayPanel.xaml|XAML|119|0|5
211|./src/_00/output/C++/microsoft~calculator/src/Calculator/Views/Settings.xaml.cs|microsoft|calculator|Settings.xaml.cs|C#|119|8|32
212|./src/_00/output/C++/microsoft~calculator/src/CalculatorUITestFramework/MemoryPanel.cs|microsoft|calculator|MemoryPanel.cs|C#|117|37|17
213|./src/_00/output/C++/microsoft~calculator/src/Calculator/Common/AppLifecycleLogger.cs|microsoft|calculator|AppLifecycleLogger.cs|C#|116|11|26
214|./src/_00/output/C++/microsoft~calculator/src/CalcManager/Ratpack/rat.cpp|microsoft|calculator|rat.cpp|C++|115|133|39
215|./src/_00/output/C++/microsoft~calculator/src/Calculator/Views/CalculatorScientificAngleButtons.xaml|microsoft|calculator|CalculatorScientificAngleButtons.xaml|XAML|114|0|4
216|./src/_00/output/C++/microsoft~calculator/src/CalculatorUITestFramework/StandardAoTCalculatorPage.cs|microsoft|calculator|StandardAoTCalculatorPage.cs|C#|113|29|12
217|./src/_00/output/C++/microsoft~calculator/src/Calculator/Controls/CalculatorButton.cs|microsoft|calculator|CalculatorButton.cs|C#|110|14|25
218|./src/_00/output/C++/microsoft~calculator/src/CalculatorUITests/HistoryFunctionalTests.cs|microsoft|calculator|HistoryFunctionalTests.cs|C#|109|26|40
219|./src/_00/output/C++/microsoft~calculator/src/CalcViewModel/DataLoaders/CurrencyDataLoader.h|microsoft|calculator|CurrencyDataLoader.h|C/C++ Header|107|6|28
220|./src/_00/output/C++/microsoft~calculator/src/GraphingImpl/Mocks/GraphRenderer.h|microsoft|calculator|GraphRenderer.h|C/C++ Header|105|2|11
221|./src/_00/output/C++/microsoft~calculator/src/Calculator/Views/StateTriggers/AspectRatioTrigger.cs|microsoft|calculator|AspectRatioTrigger.cs|C#|104|16|25
222|./src/_00/output/C++/microsoft~calculator/src/CalcViewModel/GraphingCalculator/EquationViewModel.h|microsoft|calculator|EquationViewModel.h|C/C++ Header|103|3|17
223|./src/_00/output/C++/microsoft~calculator/build/pipelines/templates/build-single-architecture.yaml|microsoft|calculator|build-single-architecture.yaml|YAML|101|7|13
224|./src/_00/output/C++/microsoft~calculator/src/Calculator/Views/SupplementaryResults.xaml|microsoft|calculator|SupplementaryResults.xaml|XAML|101|0|6
225|./src/_00/output/C++/microsoft~calculator/src/CalcManager/Ratpack/transh.cpp|microsoft|calculator|transh.cpp|C++|99|96|31
226|./src/_00/output/C++/microsoft~calculator/docs/NewFeatureProcess.md|microsoft|calculator|NewFeatureProcess.md|Markdown|98|0|15
227|./src/_00/output/C++/microsoft~calculator/src/CalcManager/CalculatorManager.h|microsoft|calculator|CalculatorManager.h|C/C++ Header|98|8|16
228|./src/_00/output/C++/microsoft~calculator/src/Calculator/Resources/af-ZA/CEngineStrings.resw|microsoft|calculator|CEngineStrings.resw|XML|97|48|11
229|./src/_00/output/C++/microsoft~calculator/src/Calculator/Resources/am-ET/CEngineStrings.resw|microsoft|calculator|CEngineStrings.resw|XML|97|48|11
230|./src/_00/output/C++/microsoft~calculator/src/Calculator/Resources/ar-SA/CEngineStrings.resw|microsoft|calculator|CEngineStrings.resw|XML|97|48|11
231|./src/_00/output/C++/microsoft~calculator/src/Calculator/Resources/az-Latn-AZ/CEngineStrings.resw|microsoft|calculator|CEngineStrings.resw|XML|97|48|11
232|./src/_00/output/C++/microsoft~calculator/src/Calculator/Resources/bg-BG/CEngineStrings.resw|microsoft|calculator|CEngineStrings.resw|XML|97|48|11
233|./src/_00/output/C++/microsoft~calculator/src/Calculator/Resources/ca-ES/CEngineStrings.resw|microsoft|calculator|CEngineStrings.resw|XML|97|48|11
234|./src/_00/output/C++/microsoft~calculator/src/Calculator/Resources/cs-CZ/CEngineStrings.resw|microsoft|calculator|CEngineStrings.resw|XML|97|48|11
235|./src/_00/output/C++/microsoft~calculator/src/Calculator/Resources/da-DK/CEngineStrings.resw|microsoft|calculator|CEngineStrings.resw|XML|97|48|11
236|./src/_00/output/C++/microsoft~calculator/src/Calculator/Resources/de-DE/CEngineStrings.resw|microsoft|calculator|CEngineStrings.resw|XML|97|48|11
237|./src/_00/output/C++/microsoft~calculator/src/Calculator/Resources/el-GR/CEngineStrings.resw|microsoft|calculator|CEngineStrings.resw|XML|97|48|11
238|./src/_00/output/C++/microsoft~calculator/src/Calculator/Resources/en-GB/CEngineStrings.resw|microsoft|calculator|CEngineStrings.resw|XML|97|48|11
239|./src/_00/output/C++/microsoft~calculator/src/Calculator/Resources/es-MX/CEngineStrings.resw|microsoft|calculator|CEngineStrings.resw|XML|97|48|11
240|./src/_00/output/C++/microsoft~calculator/src/Calculator/Resources/et-EE/CEngineStrings.resw|microsoft|calculator|CEngineStrings.resw|XML|97|48|11
241|./src/_00/output/C++/microsoft~calculator/src/Calculator/Resources/eu-ES/CEngineStrings.resw|microsoft|calculator|CEngineStrings.resw|XML|97|48|11
242|./src/_00/output/C++/microsoft~calculator/src/Calculator/Resources/fa-IR/CEngineStrings.resw|microsoft|calculator|CEngineStrings.resw|XML|97|48|11
243|./src/_00/output/C++/microsoft~calculator/src/Calculator/Resources/fi-FI/CEngineStrings.resw|microsoft|calculator|CEngineStrings.resw|XML|97|48|11
244|./src/_00/output/C++/microsoft~calculator/src/Calculator/Resources/fil-PH/CEngineStrings.resw|microsoft|calculator|CEngineStrings.resw|XML|97|48|11
245|./src/_00/output/C++/microsoft~calculator/src/Calculator/Resources/fr-CA/CEngineStrings.resw|microsoft|calculator|CEngineStrings.resw|XML|97|48|11
246|./src/_00/output/C++/microsoft~calculator/src/Calculator/Resources/fr-FR/CEngineStrings.resw|microsoft|calculator|CEngineStrings.resw|XML|97|48|11
247|./src/_00/output/C++/microsoft~calculator/src/Calculator/Resources/gl-ES/CEngineStrings.resw|microsoft|calculator|CEngineStrings.resw|XML|97|48|11
248|./src/_00/output/C++/microsoft~calculator/src/Calculator/Resources/he-IL/CEngineStrings.resw|microsoft|calculator|CEngineStrings.resw|XML|97|48|11
249|./src/_00/output/C++/microsoft~calculator/src/Calculator/Resources/hi-IN/CEngineStrings.resw|microsoft|calculator|CEngineStrings.resw|XML|97|48|11
250|./src/_00/output/C++/microsoft~calculator/src/Calculator/Resources/hr-HR/CEngineStrings.resw|microsoft|calculator|CEngineStrings.resw|XML|97|48|11
251|./src/_00/output/C++/microsoft~calculator/src/Calculator/Resources/hu-HU/CEngineStrings.resw|microsoft|calculator|CEngineStrings.resw|XML|97|48|11
252|./src/_00/output/C++/microsoft~calculator/src/Calculator/Resources/id-ID/CEngineStrings.resw|microsoft|calculator|CEngineStrings.resw|XML|97|48|11
253|./src/_00/output/C++/microsoft~calculator/src/Calculator/Resources/is-IS/CEngineStrings.resw|microsoft|calculator|CEngineStrings.resw|XML|97|48|11
254|./src/_00/output/C++/microsoft~calculator/src/Calculator/Resources/it-IT/CEngineStrings.resw|microsoft|calculator|CEngineStrings.resw|XML|97|48|11
255|./src/_00/output/C++/microsoft~calculator/src/Calculator/Resources/ja-JP/CEngineStrings.resw|microsoft|calculator|CEngineStrings.resw|XML|97|48|11
256|./src/_00/output/C++/microsoft~calculator/src/Calculator/Resources/kk-KZ/CEngineStrings.resw|microsoft|calculator|CEngineStrings.resw|XML|97|48|11
257|./src/_00/output/C++/microsoft~calculator/src/Calculator/Resources/km-KH/CEngineStrings.resw|microsoft|calculator|CEngineStrings.resw|XML|97|48|11
258|./src/_00/output/C++/microsoft~calculator/src/Calculator/Resources/kn-IN/CEngineStrings.resw|microsoft|calculator|CEngineStrings.resw|XML|97|48|11
259|./src/_00/output/C++/microsoft~calculator/src/Calculator/Resources/ko-KR/CEngineStrings.resw|microsoft|calculator|CEngineStrings.resw|XML|97|48|11
260|./src/_00/output/C++/microsoft~calculator/src/Calculator/Resources/lo-LA/CEngineStrings.resw|microsoft|calculator|CEngineStrings.resw|XML|97|48|11
261|./src/_00/output/C++/microsoft~calculator/src/Calculator/Resources/lt-LT/CEngineStrings.resw|microsoft|calculator|CEngineStrings.resw|XML|97|48|11
262|./src/_00/output/C++/microsoft~calculator/src/Calculator/Resources/lv-LV/CEngineStrings.resw|microsoft|calculator|CEngineStrings.resw|XML|97|48|11
263|./src/_00/output/C++/microsoft~calculator/src/Calculator/Resources/mk-MK/CEngineStrings.resw|microsoft|calculator|CEngineStrings.resw|XML|97|48|11
264|./src/_00/output/C++/microsoft~calculator/src/Calculator/Resources/ml-IN/CEngineStrings.resw|microsoft|calculator|CEngineStrings.resw|XML|97|48|11
265|./src/_00/output/C++/microsoft~calculator/src/Calculator/Resources/ms-MY/CEngineStrings.resw|microsoft|calculator|CEngineStrings.resw|XML|97|48|11
266|./src/_00/output/C++/microsoft~calculator/src/Calculator/Resources/nb-NO/CEngineStrings.resw|microsoft|calculator|CEngineStrings.resw|XML|97|48|11
267|./src/_00/output/C++/microsoft~calculator/src/Calculator/Resources/nl-NL/CEngineStrings.resw|microsoft|calculator|CEngineStrings.resw|XML|97|48|11
268|./src/_00/output/C++/microsoft~calculator/src/Calculator/Resources/pl-PL/CEngineStrings.resw|microsoft|calculator|CEngineStrings.resw|XML|97|48|11
269|./src/_00/output/C++/microsoft~calculator/src/Calculator/Resources/pt-BR/CEngineStrings.resw|microsoft|calculator|CEngineStrings.resw|XML|97|48|11
270|./src/_00/output/C++/microsoft~calculator/src/Calculator/Resources/pt-PT/CEngineStrings.resw|microsoft|calculator|CEngineStrings.resw|XML|97|48|11
271|./src/_00/output/C++/microsoft~calculator/src/Calculator/Resources/ro-RO/CEngineStrings.resw|microsoft|calculator|CEngineStrings.resw|XML|97|48|11
272|./src/_00/output/C++/microsoft~calculator/src/Calculator/Resources/ru-RU/CEngineStrings.resw|microsoft|calculator|CEngineStrings.resw|XML|97|48|11
273|./src/_00/output/C++/microsoft~calculator/src/Calculator/Resources/sk-SK/CEngineStrings.resw|microsoft|calculator|CEngineStrings.resw|XML|97|48|11
274|./src/_00/output/C++/microsoft~calculator/src/Calculator/Resources/sl-SI/CEngineStrings.resw|microsoft|calculator|CEngineStrings.resw|XML|97|48|11
275|./src/_00/output/C++/microsoft~calculator/src/Calculator/Resources/sq-AL/CEngineStrings.resw|microsoft|calculator|CEngineStrings.resw|XML|97|48|11
276|./src/_00/output/C++/microsoft~calculator/src/Calculator/Resources/sr-Latn-RS/CEngineStrings.resw|microsoft|calculator|CEngineStrings.resw|XML|97|48|11
277|./src/_00/output/C++/microsoft~calculator/src/Calculator/Resources/sv-SE/CEngineStrings.resw|microsoft|calculator|CEngineStrings.resw|XML|97|48|11
278|./src/_00/output/C++/microsoft~calculator/src/Calculator/Resources/ta-IN/CEngineStrings.resw|microsoft|calculator|CEngineStrings.resw|XML|97|48|11
279|./src/_00/output/C++/microsoft~calculator/src/Calculator/Resources/te-IN/CEngineStrings.resw|microsoft|calculator|CEngineStrings.resw|XML|97|48|11
280|./src/_00/output/C++/microsoft~calculator/src/Calculator/Resources/th-TH/CEngineStrings.resw|microsoft|calculator|CEngineStrings.resw|XML|97|48|11
281|./src/_00/output/C++/microsoft~calculator/src/Calculator/Resources/tr-TR/CEngineStrings.resw|microsoft|calculator|CEngineStrings.resw|XML|97|48|11
282|./src/_00/output/C++/microsoft~calculator/src/Calculator/Resources/uk-UA/CEngineStrings.resw|microsoft|calculator|CEngineStrings.resw|XML|97|48|11
283|./src/_00/output/C++/microsoft~calculator/src/Calculator/Resources/vi-VN/CEngineStrings.resw|microsoft|calculator|CEngineStrings.resw|XML|97|48|11
284|./src/_00/output/C++/microsoft~calculator/src/Calculator/Resources/zh-CN/CEngineStrings.resw|microsoft|calculator|CEngineStrings.resw|XML|97|48|11
285|./src/_00/output/C++/microsoft~calculator/src/Calculator/Resources/zh-TW/CEngineStrings.resw|microsoft|calculator|CEngineStrings.resw|XML|97|48|11
286|./src/_00/output/C++/microsoft~calculator/src/Calculator/Views/GraphingCalculator/GraphingSettings.xaml.cs|microsoft|calculator|GraphingSettings.xaml.cs|C#|97|6|17
287|./src/_00/output/C++/microsoft~calculator/src/Calculator/Views/MemoryListItem.xaml|microsoft|calculator|MemoryListItem.xaml|XAML|96|0|2
288|./src/_00/output/C++/microsoft~calculator/src/CalculatorUITestFramework/WinAppDriverLocalServer.cs|microsoft|calculator|WinAppDriverLocalServer.cs|C#|95|2|14
289|./src/_00/output/C++/microsoft~calculator/src/CalculatorUITests/MemoryFunctionalTests.cs|microsoft|calculator|MemoryFunctionalTests.cs|C#|95|22|24
290|./src/_00/output/C++/microsoft~calculator/src/Calculator/DesignData/DesignUnitConverterViewModel.h|microsoft|calculator|DesignUnitConverterViewModel.h|C/C++ Header|94|10|18
291|./src/_00/output/C++/microsoft~calculator/src/Calculator/Views/TitleBar.xaml|microsoft|calculator|TitleBar.xaml|XAML|93|0|5
292|./src/_00/output/C++/microsoft~calculator/src/CalcViewModel/GraphingCalculator/GraphingSettingsViewModel.cpp|microsoft|calculator|GraphingSettingsViewModel.cpp|C++|92|2|17
293|./src/_00/output/C++/microsoft~calculator/src/GraphingInterfaces/IGraphingOptions.h|microsoft|calculator|IGraphingOptions.h|C/C++ Header|92|2|33
294|./src/_00/output/C++/microsoft~calculator/src/CalcViewModel/ApplicationViewModel.h|microsoft|calculator|ApplicationViewModel.h|C/C++ Header|91|3|21
295|./src/_00/output/C++/microsoft~calculator/src/CalculatorUITestFramework/HistoryPanel.cs|microsoft|calculator|HistoryPanel.cs|C#|90|36|16
296|./src/_00/output/C++/microsoft~calculator/.clang-format|microsoft|calculator|.clang-format|YAML|88|10|1
297|./src/_00/output/C++/microsoft~calculator/src/Calculator/Views/CalculatorProgrammerDisplayPanel.xaml.cs|microsoft|calculator|CalculatorProgrammerDisplayPanel.xaml.cs|C#|88|1|12
298|./src/_00/output/C++/microsoft~calculator/src/Calculator/Views/NumberPad.xaml.cs|microsoft|calculator|NumberPad.xaml.cs|C#|87|3|13
299|./src/_00/output/C++/microsoft~calculator/src/CalculatorUnitTests/Helpers.h|microsoft|calculator|Helpers.h|C/C++ Header|87|2|18
300|./src/_00/output/C++/microsoft~calculator/src/CalcViewModel/Common/LocalizationStringUtil.h|microsoft|calculator|LocalizationStringUtil.h|C/C++ Header|86|2|10
301|./src/_00/output/C++/microsoft~calculator/src/Calculator/Views/SupplementaryResults.xaml.cs|microsoft|calculator|SupplementaryResults.xaml.cs|C#|85|3|18
302|./src/_00/output/C++/microsoft~calculator/src/CalculatorUnitTests/CalculatorUnitTests.vcxproj.filters|microsoft|calculator|CalculatorUnitTests.vcxproj.filters|XML|85|0|0
303|./src/_00/output/C++/microsoft~calculator/CONTRIBUTING.md|microsoft|calculator|CONTRIBUTING.md|Markdown|84|0|20
304|./src/_00/output/C++/microsoft~calculator/src/CalcViewModel/Common/TraceLogger.h|microsoft|calculator|TraceLogger.h|C/C++ Header|84|5|12
305|./src/_00/output/C++/microsoft~calculator/src/Calculator/Views/CalculatorProgrammerOperators.xaml.cs|microsoft|calculator|CalculatorProgrammerOperators.xaml.cs|C#|83|3|15
306|./src/_00/output/C++/microsoft~calculator/src/CalcViewModel/Common/LocalizationService.h|microsoft|calculator|LocalizationService.h|C/C++ Header|82|3|17
307|./src/_00/output/C++/microsoft~calculator/src/GraphingInterfaces/Common.h|microsoft|calculator|Common.h|C/C++ Header|82|5|21
308|./src/_00/output/C++/microsoft~calculator/src/Calculator/Utils/VisualTree.cs|microsoft|calculator|VisualTree.cs|C#|80|32|22
309|./src/_00/output/C++/microsoft~calculator/src/Calculator/Views/OperatorsPanel.xaml.cs|microsoft|calculator|OperatorsPanel.xaml.cs|C#|80|3|13
310|./src/_00/output/C++/microsoft~calculator/src/GraphControl/GraphControl.vcxproj.filters|microsoft|calculator|GraphControl.vcxproj.filters|XML|80|0|0
311|./src/_00/output/C++/microsoft~calculator/build/pipelines/azure-pipelines.release.yaml|microsoft|calculator|azure-pipelines.release.yaml|YAML|78|5|17
312|./src/_00/output/C++/microsoft~calculator/src/CalcViewModel/DataLoaders/UnitConverterDataLoader.h|microsoft|calculator|UnitConverterDataLoader.h|C/C++ Header|77|4|13
313|./src/_00/output/C++/microsoft~calculator/src/Calculator/Views/CalculatorScientificAngleButtons.xaml.cs|microsoft|calculator|CalculatorScientificAngleButtons.xaml.cs|C#|77|6|12
314|./src/_00/output/C++/microsoft~calculator/src/Calculator/Views/StateTriggers/ControlSizeTrigger.cs|microsoft|calculator|ControlSizeTrigger.cs|C#|77|5|16
315|./src/_00/output/C++/microsoft~calculator/src/GraphControl/Models/Equation.cpp|microsoft|calculator|Equation.cpp|C++|77|6|13
316|./src/_00/output/C++/microsoft~calculator/src/GraphControl/DirectX/DeviceResources.h|microsoft|calculator|DeviceResources.h|C/C++ Header|75|18|18
317|./src/_00/output/C++/microsoft~calculator/src/GraphControl/Logger/TraceLogger.cpp|microsoft|calculator|TraceLogger.cpp|C++|75|8|14
318|./src/_00/output/C++/microsoft~calculator/src/CalcViewModel/Common/Automation/NotificationHost.cpp|microsoft|calculator|NotificationHost.cpp|C++|74|2|21
319|./src/_00/output/C++/microsoft~calculator/src/Calculator/Views/Memory.xaml.cs|microsoft|calculator|Memory.xaml.cs|C#|74|4|16
320|./src/_00/output/C++/microsoft~calculator/src/CalculatorUITestFramework/NumberPad.cs|microsoft|calculator|NumberPad.cs|C#|74|6|5
321|./src/_00/output/C++/microsoft~calculator/src/CalcManager/ExpressionCommand.h|microsoft|calculator|ExpressionCommand.h|C/C++ Header|73|2|11
322|./src/_00/output/C++/microsoft~calculator/src/CalculatorUnitTests/LocalizationSettingsUnitTests.cpp|microsoft|calculator|LocalizationSettingsUnitTests.cpp|C++|73|2|14
323|./src/_00/output/C++/microsoft~calculator/src/CalcManager/CalculatorHistory.cpp|microsoft|calculator|CalculatorHistory.cpp|C++|72|2|15
324|./src/_00/output/C++/microsoft~calculator/src/GraphingImpl/GraphingImpl.vcxproj.filters|microsoft|calculator|GraphingImpl.vcxproj.filters|XML|72|0|0
325|./src/_00/output/C++/microsoft~calculator/src/TraceLogging/TraceLoggingCommon.cpp|microsoft|calculator|TraceLoggingCommon.cpp|C++|69|5|14
326|./src/_00/output/C++/microsoft~calculator/src/Calculator/Controls/FlipButtons.cs|microsoft|calculator|FlipButtons.cs|C#|68|9|17
327|./src/_00/output/C++/microsoft~calculator/src/Calculator/Controls/OperatorPanelButton.cs|microsoft|calculator|OperatorPanelButton.cs|C#|68|7|16
328|./src/_00/output/C++/microsoft~calculator/src/Calculator/Package.Release.appxmanifest|microsoft|calculator|Package.Release.appxmanifest|XML|67|0|0
329|./src/_00/output/C++/microsoft~calculator/src/Calculator/Package.appxmanifest|microsoft|calculator|Package.appxmanifest|XML|67|0|0
330|./src/_00/output/C++/microsoft~calculator/src/Calculator/Views/HistoryList.xaml.cs|microsoft|calculator|HistoryList.xaml.cs|C#|67|3|12
331|./src/_00/output/C++/microsoft~calculator/src/CalculatorUnitTests/Mocks/CurrencyHttpClient.h|microsoft|calculator|CurrencyHttpClient.h|C/C++ Header|67|8|15
332|./src/_00/output/C++/microsoft~calculator/src/build/appversion.rc|microsoft|calculator|appversion.rc|Windows Resource File|67|2|13
333|./src/_00/output/C++/microsoft~calculator/src/CalcManager/Header Files/CalcInput.h|microsoft|calculator|CalcInput.h|C/C++ Header|66|3|12
334|./src/_00/output/C++/microsoft~calculator/src/Calculator/Controls/HorizontalNoOverflowStackPanel.cs|microsoft|calculator|HorizontalNoOverflowStackPanel.cs|C#|66|9|9
335|./src/_00/output/C++/microsoft~calculator/src/Calculator/Utils/ThemeHelper.cs|microsoft|calculator|ThemeHelper.cs|C#|66|8|13
336|./src/_00/output/C++/microsoft~calculator/src/CalculatorUnitTests/UnitConverterViewModelUnitTests.h|microsoft|calculator|UnitConverterViewModelUnitTests.h|C/C++ Header|66|2|10
337|./src/_00/output/C++/microsoft~calculator/src/CalculatorUITestFramework/UnitConverterPage.cs|microsoft|calculator|UnitConverterPage.cs|C#|65|26|11
338|./src/_00/output/C++/microsoft~calculator/src/CalcViewModel/Common/ExpressionCommandDeserializer.cpp|microsoft|calculator|ExpressionCommandDeserializer.cpp|C++|63|2|16
339|./src/_00/output/C++/microsoft~calculator/src/CalculatorUnitTests/LocalizationServiceUnitTests.cpp|microsoft|calculator|LocalizationServiceUnitTests.cpp|C++|63|3|17
340|./src/_00/output/C++/microsoft~calculator/src/CalcManager/Ratpack/itransh.cpp|microsoft|calculator|itransh.cpp|C++|62|76|15
341|./src/_00/output/C++/microsoft~calculator/src/CalculatorUITestFramework/CalculatorDriver.cs|microsoft|calculator|CalculatorDriver.cs|C#|61|6|15
342|./src/_00/output/C++/microsoft~calculator/src/CalculatorUnitTests/AsyncHelper.h|microsoft|calculator|AsyncHelper.h|C/C++ Header|60|2|12
343|./src/_00/output/C++/microsoft~calculator/src/GraphControl/Models/KeyGraphFeaturesInfo.cpp|microsoft|calculator|KeyGraphFeaturesInfo.cpp|C++|60|2|12
344|./src/_00/output/C++/microsoft~calculator/README.md|microsoft|calculator|README.md|Markdown|59|0|17
345|./src/_00/output/C++/microsoft~calculator/build/pipelines/azure-pipelines.ci.yaml|microsoft|calculator|azure-pipelines.ci.yaml|YAML|59|5|13
346|./src/_00/output/C++/microsoft~calculator/src/GraphingInterfaces/IMathSolver.h|microsoft|calculator|IMathSolver.h|C/C++ Header|59|2|17
347|./src/_00/output/C++/microsoft~calculator/src/Calculator/Views/MemoryListItem.xaml.cs|microsoft|calculator|MemoryListItem.xaml.cs|C#|58|3|14
348|./src/_00/output/C++/microsoft~calculator/src/CalculatorUITestFramework/NavigationMenu.cs|microsoft|calculator|NavigationMenu.cs|C#|58|6|7
349|./src/_00/output/C++/microsoft~calculator/build/pipelines/azure-pipelines.ci-internal.yaml|microsoft|calculator|azure-pipelines.ci-internal.yaml|YAML|57|5|13
350|./src/_00/output/C++/microsoft~calculator/src/CalcViewModel/Common/Automation/NarratorAnnouncement.h|microsoft|calculator|NarratorAnnouncement.h|C/C++ Header|57|4|20
351|./src/_00/output/C++/microsoft~calculator/src/GraphControl/DirectX/NearestPointRenderer.cpp|microsoft|calculator|NearestPointRenderer.cpp|C++|57|4|12
352|./src/_00/output/C++/microsoft~calculator/src/GraphingImpl/Mocks/Graph.h|microsoft|calculator|Graph.h|C/C++ Header|57|2|12
353|./src/_00/output/C++/microsoft~calculator/src/Calculator/Controls/SupplementaryItemsControl.cs|microsoft|calculator|SupplementaryItemsControl.cs|C#|55|2|12
354|./src/_00/output/C++/microsoft~calculator/build/pipelines/templates/release-vpack.yaml|microsoft|calculator|release-vpack.yaml|YAML|54|2|7
355|./src/_00/output/C++/microsoft~calculator/src/Calculator/DesignData/DesignStandardCalculatorViewModel.h|microsoft|calculator|DesignStandardCalculatorViewModel.h|C/C++ Header|54|10|12
356|./src/_00/output/C++/microsoft~calculator/src/CalculatorUITestFramework/StandardCalculatorPage.cs|microsoft|calculator|StandardCalculatorPage.cs|C#|54|18|9
357|./src/_00/output/C++/microsoft~calculator/src/CalculatorUnitTests/UnitTestApp.xaml.cpp|microsoft|calculator|UnitTestApp.xaml.cpp|C++|54|39|19
358|./src/_00/output/C++/microsoft~calculator/build/pipelines/templates/run-ui-tests.yaml|microsoft|calculator|run-ui-tests.yaml|YAML|53|1|9
359|./src/_00/output/C++/microsoft~calculator/src/CalcManager/Header Files/Rational.h|microsoft|calculator|Rational.h|C/C++ Header|53|5|16
360|./src/_00/output/C++/microsoft~calculator/src/CalcManager/NumberFormattingUtils.cpp|microsoft|calculator|NumberFormattingUtils.cpp|C++|53|19|8
361|./src/_00/output/C++/microsoft~calculator/build/scripts/CreateMsixBundleMapping.ps1|microsoft|calculator|CreateMsixBundleMapping.ps1|PowerShell|52|32|14
362|./src/_00/output/C++/microsoft~calculator/src/CalcManager/CEngine/Number.cpp|microsoft|calculator|Number.cpp|C++|52|1|12
363|./src/_00/output/C++/microsoft~calculator/src/CalcViewModel/Common/DateCalculator.h|microsoft|calculator|DateCalculator.h|C/C++ Header|52|7|12
364|./src/_00/output/C++/microsoft~calculator/src/CalcViewModel/Common/DelegateCommand.h|microsoft|calculator|DelegateCommand.h|C/C++ Header|52|6|10
365|./src/_00/output/C++/microsoft~calculator/src/CalcViewModel/HistoryViewModel.h|microsoft|calculator|HistoryViewModel.h|C/C++ Header|52|3|12
366|./src/_00/output/C++/microsoft~calculator/.github/ISSUE_TEMPLATE/bug_report.md|microsoft|calculator|bug_report.md|Markdown|51|0|9
367|./src/_00/output/C++/microsoft~calculator/src/GraphControl/DirectX/DirectXHelper.h|microsoft|calculator|DirectXHelper.h|C/C++ Header|50|7|9
368|./src/_00/output/C++/microsoft~calculator/src/CalcManager/Header Files/History.h|microsoft|calculator|History.h|C/C++ Header|49|8|7
369|./src/_00/output/C++/microsoft~calculator/src/CalcViewModel/Common/DisplayExpressionToken.h|microsoft|calculator|DisplayExpressionToken.h|C/C++ Header|49|2|7
370|./src/_00/output/C++/microsoft~calculator/src/Calculator/Converters/RadixToStringConverter.cs|microsoft|calculator|RadixToStringConverter.cs|C#|48|5|6
371|./src/_00/output/C++/microsoft~calculator/src/CalcManager/ExpressionCommandInterface.h|microsoft|calculator|ExpressionCommandInterface.h|C/C++ Header|47|2|9
372|./src/_00/output/C++/microsoft~calculator/src/Calculator/Views/GraphingCalculator/KeyGraphFeaturesPanel.xaml.cs|microsoft|calculator|KeyGraphFeaturesPanel.xaml.cs|C#|47|2|10
373|./src/_00/output/C++/microsoft~calculator/src/CalculatorUITestFramework/WindowsDriverExtensions.cs|microsoft|calculator|WindowsDriverExtensions.cs|C#|46|20|6
374|./src/_00/output/C++/microsoft~calculator/src/CalculatorUnitTests/pch.h|microsoft|calculator|pch.h|C/C++ Header|46|11|11
375|./src/_00/output/C++/microsoft~calculator/.github/ISSUE_TEMPLATE/feature_request.md|microsoft|calculator|feature_request.md|Markdown|45|0|9
376|./src/_00/output/C++/microsoft~calculator/.github/ISSUE_TEMPLATE/localization_suggestion.md|microsoft|calculator|localization_suggestion.md|Markdown|45|0|9
377|./src/_00/output/C++/microsoft~calculator/src/CalcViewModel/HistoryItemViewModel.h|microsoft|calculator|HistoryItemViewModel.h|C/C++ Header|45|2|12
378|./src/_00/output/C++/microsoft~calculator/src/Calculator/Common/ValidatingConverters.cs|microsoft|calculator|ValidatingConverters.cs|C#|45|8|8
379|./src/_00/output/C++/microsoft~calculator/src/CalcViewModel/Common/Automation/NarratorNotifier.cpp|microsoft|calculator|NarratorNotifier.cpp|C++|44|3|9
380|./src/_00/output/C++/microsoft~calculator/src/CalcViewModel/Common/NetworkManager.cpp|microsoft|calculator|NetworkManager.cpp|C++|44|3|9
381|./src/_00/output/C++/microsoft~calculator/src/CalculatorUITestFramework/CalculatorApp.cs|microsoft|calculator|CalculatorApp.cs|C#|44|24|11
382|./src/_00/output/C++/microsoft~calculator/build/pipelines/azure-pipelines.loc.yaml|microsoft|calculator|azure-pipelines.loc.yaml|YAML|41|7|8
383|./src/_00/output/C++/microsoft~calculator/src/CalcViewModel/Common/ExpressionCommandSerializer.cpp|microsoft|calculator|ExpressionCommandSerializer.cpp|C++|41|2|8
384|./src/_00/output/C++/microsoft~calculator/src/CalculatorUnitTests/Mocks/CurrencyHttpClient.cpp|microsoft|calculator|CurrencyHttpClient.cpp|C++|41|3|11
385|./src/_00/output/C++/microsoft~calculator/src/GraphControl/Models/KeyGraphFeaturesInfo.h|microsoft|calculator|KeyGraphFeaturesInfo.h|C/C++ Header|41|2|6
386|./src/_00/output/C++/microsoft~calculator/build/pipelines/templates/release-store.yaml|microsoft|calculator|release-store.yaml|YAML|40|1|4
387|./src/_00/output/C++/microsoft~calculator/src/CalcViewModel/Common/Automation/NarratorAnnouncementHostFactory.cpp|microsoft|calculator|NarratorAnnouncementHostFactory.cpp|C++|40|11|10
388|./src/_00/output/C++/microsoft~calculator/Tools/Scripts/clang-format/clang-format-all.sh|microsoft|calculator|clang-format-all.sh|Bourne Shell|38|8|7
389|./src/_00/output/C++/microsoft~calculator/src/CalcManager/CEngine/CalcUtils.cpp|microsoft|calculator|CalcUtils.cpp|C++|38|10|8
390|./src/_00/output/C++/microsoft~calculator/src/CalcManager/CalculatorHistory.h|microsoft|calculator|CalculatorHistory.h|C/C++ Header|38|2|5
391|./src/_00/output/C++/microsoft~calculator/src/CalcViewModel/DataLoaders/CurrencyHttpClient.cpp|microsoft|calculator|CurrencyHttpClient.cpp|C++|38|2|10
392|./src/_00/output/C++/microsoft~calculator/src/CalculatorUITestFramework/ProgrammerCalculatorPage.cs|microsoft|calculator|ProgrammerCalculatorPage.cs|C#|38|9|6
393|./src/_00/output/C++/microsoft~calculator/src/GraphingInterfaces/IGraphRenderer.h|microsoft|calculator|IGraphRenderer.h|C/C++ Header|38|2|9
394|./src/_00/output/C++/microsoft~calculator/src/CalcViewModel/Common/Automation/NarratorNotifier.h|microsoft|calculator|NarratorNotifier.h|C/C++ Header|37|3|12
395|./src/_00/output/C++/microsoft~calculator/src/CalcViewModel/GraphingCalculator/GraphingCalculatorViewModel.cpp|microsoft|calculator|GraphingCalculatorViewModel.cpp|C++|37|2|6
396|./src/_00/output/C++/microsoft~calculator/src/Calculator/Selectors/KeyGraphFeaturesTemplateSelector.cs|microsoft|calculator|KeyGraphFeaturesTemplateSelector.cs|C#|37|2|8
397|./src/_00/output/C++/microsoft~calculator/src/Calculator/Utils/DispatcherTimerDelayer.cs|microsoft|calculator|DispatcherTimerDelayer.cs|C#|37|2|9
398|./src/_00/output/C++/microsoft~calculator/src/CalculatorUITestFramework/CalculatorResults.cs|microsoft|calculator|CalculatorResults.cs|C#|37|22|8
399|./src/_00/output/C++/microsoft~calculator/src/CalculatorUnitTests/DateUtils.h|microsoft|calculator|DateUtils.h|C/C++ Header|37|7|9
400|./src/_00/output/C++/microsoft~calculator/Tools/Scripts/clang-format/clang-format-all.ps1|microsoft|calculator|clang-format-all.ps1|PowerShell|36|36|19
401|./src/_00/output/C++/microsoft~calculator/src/Calculator/Converters/BooleanToVisibilityConverter.cs|microsoft|calculator|BooleanToVisibilityConverter.cs|C#|36|10|8
402|./src/_00/output/C++/microsoft~calculator/src/Calculator/Converters/ExpressionItemTemplateSelector.cs|microsoft|calculator|ExpressionItemTemplateSelector.cs|C#|35|2|10
403|./src/_00/output/C++/microsoft~calculator/SECURITY.md|microsoft|calculator|SECURITY.md|Markdown|34|0|14
404|./src/_00/output/C++/microsoft~calculator/src/CalcViewModel/Common/EngineResourceProvider.cpp|microsoft|calculator|EngineResourceProvider.cpp|C++|34|8|8
405|./src/_00/output/C++/microsoft~calculator/src/CalculatorUITestFramework/ScientificCalculatorPage.cs|microsoft|calculator|ScientificCalculatorPage.cs|C#|34|9|6
406|./src/_00/output/C++/microsoft~calculator/Tools/PGO/build/native/Microsoft.WindowsCalculator.PGO.targets|microsoft|calculator|Microsoft.WindowsCalculator.PGO.targets|XML|32|3|5
407|./src/_00/output/C++/microsoft~calculator/src/CalcViewModel/Common/Automation/LiveRegionHost.cpp|microsoft|calculator|LiveRegionHost.cpp|C++|32|3|7
408|./src/_00/output/C++/microsoft~calculator/src/CalcViewModel/HistoryItemViewModel.cpp|microsoft|calculator|HistoryItemViewModel.cpp|C++|32|4|6
409|./src/_00/output/C++/microsoft~calculator/src/CalcViewModel/pch.h|microsoft|calculator|pch.h|C/C++ Header|32|5|7
410|./src/_00/output/C++/microsoft~calculator/src/Calculator/Converters/ItemSizeToVisibilityConverter.cs|microsoft|calculator|ItemSizeToVisibilityConverter.cs|C#|32|2|6
411|./src/_00/output/C++/microsoft~calculator/src/Calculator/Selectors/NavViewMenuItemTemplateSelector.cs|microsoft|calculator|NavViewMenuItemTemplateSelector.cs|C#|31|2|7
412|./src/_00/output/C++/microsoft~calculator/src/CalcViewModel/Common/CalculatorButtonPressedEventArgs.cpp|microsoft|calculator|CalculatorButtonPressedEventArgs.cpp|C++|30|2|4
413|./src/_00/output/C++/microsoft~calculator/src/Calculator/DesignData/DesignAppViewModel.h|microsoft|calculator|DesignAppViewModel.h|C/C++ Header|30|10|6
414|./src/_00/output/C++/microsoft~calculator/src/Calculator/Views/OperatorsPanel.xaml|microsoft|calculator|OperatorsPanel.xaml|XAML|30|0|4
415|./src/_00/output/C++/microsoft~calculator/src/CalculatorUnitTests/UtilsTests.cpp|microsoft|calculator|UtilsTests.cpp|C++|30|2|8
416|./src/_00/output/C++/microsoft~calculator/src/CalcViewModel/Common/CalculatorDisplay.h|microsoft|calculator|CalculatorDisplay.h|C/C++ Header|29|3|5
417|./src/_00/output/C++/microsoft~calculator/src/CalculatorUITestFramework/WindowsElementExtensions.cs|microsoft|calculator|WindowsElementExtensions.cs|C#|29|7|4
418|./src/_00/output/C++/microsoft~calculator/src/CalculatorUnitTests/AsyncHelper.cpp|microsoft|calculator|AsyncHelper.cpp|C++|29|2|8
419|./src/_00/output/C++/microsoft~calculator/src/CalculatorUnitTests/Package.appxmanifest|microsoft|calculator|Package.appxmanifest|XML|29|0|0
420|./src/_00/output/C++/microsoft~calculator/src/CalcManager/Header Files/RationalMath.h|microsoft|calculator|RationalMath.h|C/C++ Header|28|2|8
421|./src/_00/output/C++/microsoft~calculator/src/Calculator/Controls/CalculationResultAutomationPeer.cs|microsoft|calculator|CalculationResultAutomationPeer.cs|C#|28|2|5
422|./src/_00/output/C++/microsoft~calculator/src/Calculator/Views/CalculatorStandardOperators.xaml.cs|microsoft|calculator|CalculatorStandardOperators.xaml.cs|C#|28|6|4
423|./src/_00/output/C++/microsoft~calculator/src/GraphingInterfaces/IEquationOptions.h|microsoft|calculator|IEquationOptions.h|C/C++ Header|28|2|9
424|./src/_00/output/C++/microsoft~calculator/build/pipelines/templates/run-unit-tests.yaml|microsoft|calculator|run-unit-tests.yaml|YAML|27|1|5
425|./src/_00/output/C++/microsoft~calculator/src/CalcViewModel/Common/NetworkManager.h|microsoft|calculator|NetworkManager.h|C/C++ Header|27|2|9
426|./src/_00/output/C++/microsoft~calculator/src/CalcViewModel/GraphingCalculatorEnums.h|microsoft|calculator|GraphingCalculatorEnums.h|C/C++ Header|27|0|2
427|./src/_00/output/C++/microsoft~calculator/src/CalcViewModel/MemoryItemViewModel.cpp|microsoft|calculator|MemoryItemViewModel.cpp|C++|26|2|5
428|./src/_00/output/C++/microsoft~calculator/src/CalcViewModel/MemoryItemViewModel.h|microsoft|calculator|MemoryItemViewModel.h|C/C++ Header|26|5|6
429|./src/_00/output/C++/microsoft~calculator/src/CalculatorUITests/CalculatorUITests.csproj|microsoft|calculator|CalculatorUITests.csproj|MSBuild script|26|0|0
430|./src/_00/output/C++/microsoft~calculator/src/CalculatorUITestFramework/UnitConverterResults.cs|microsoft|calculator|UnitConverterResults.cs|C#|25|14|8
431|./src/_00/output/C++/microsoft~calculator/src/GraphControl/pch.h|microsoft|calculator|pch.h|C/C++ Header|25|8|7
432|./src/_00/output/C++/microsoft~calculator/src/CalcViewModel/Common/AppResourceProvider.cpp|microsoft|calculator|AppResourceProvider.cpp|C++|24|2|6
433|./src/_00/output/C++/microsoft~calculator/src/Calculator/Converters/VisibilityNegationConverter.cs|microsoft|calculator|VisibilityNegationConverter.cs|C#|24|5|4
434|./src/_00/output/C++/microsoft~calculator/src/CalcViewModel/Common/CalculatorButtonPressedEventArgs.h|microsoft|calculator|CalculatorButtonPressedEventArgs.h|C/C++ Header|23|2|5
435|./src/_00/output/C++/microsoft~calculator/src/CalcViewModel/GraphingCalculator/GraphingCalculatorViewModel.h|microsoft|calculator|GraphingCalculatorViewModel.h|C/C++ Header|23|2|8
436|./src/_00/output/C++/microsoft~calculator/src/CalculatorUITestFramework/StandardOperatorsPanel.cs|microsoft|calculator|StandardOperatorsPanel.cs|C#|23|5|3
437|./src/_00/output/C++/microsoft~calculator/src/CalcManager/Header Files/Number.h|microsoft|calculator|Number.h|C/C++ Header|22|2|7
438|./src/_00/output/C++/microsoft~calculator/src/Calculator/Controls/OverflowTextBlockAutomationPeer.cs|microsoft|calculator|OverflowTextBlockAutomationPeer.cs|C#|22|2|5
439|./src/_00/output/C++/microsoft~calculator/src/CalculatorUITestFramework/HistoryItem.cs|microsoft|calculator|HistoryItem.cs|C#|22|2|4
440|./src/_00/output/C++/microsoft~calculator/src/GraphControl/DirectX/NearestPointRenderer.h|microsoft|calculator|NearestPointRenderer.h|C/C++ Header|22|3|9
441|./src/_00/output/C++/microsoft~calculator/src/GraphingInterfaces/IGraph.h|microsoft|calculator|IGraph.h|C/C++ Header|22|2|11
442|./src/_00/output/C++/microsoft~calculator/src/TraceLogging/TraceLogging.vcxproj.filters|microsoft|calculator|TraceLogging.vcxproj.filters|XML|22|0|0
443|./src/_00/output/C++/microsoft~calculator/src/CalcViewModel/Common/Automation/NarratorAnnouncementHostFactory.h|microsoft|calculator|NarratorAnnouncementHostFactory.h|C/C++ Header|21|6|6
444|./src/_00/output/C++/microsoft~calculator/src/CalcViewModel/Common/Automation/NotificationHost.h|microsoft|calculator|NotificationHost.h|C/C++ Header|21|5|8
445|./src/_00/output/C++/microsoft~calculator/src/CalcViewModel/DataLoaders/CurrencyHttpClient.h|microsoft|calculator|CurrencyHttpClient.h|C/C++ Header|21|2|6
446|./src/_00/output/C++/microsoft~calculator/src/Calculator/Converters/BooleanNegationConverter.cs|microsoft|calculator|BooleanNegationConverter.cs|C#|21|5|4
447|./src/_00/output/C++/microsoft~calculator/src/GraphControl/Models/Variable.h|microsoft|calculator|Variable.h|C/C++ Header|21|2|3
448|./src/_00/output/C++/microsoft~calculator/src/CalcViewModel/Common/ExpressionCommandDeserializer.h|microsoft|calculator|ExpressionCommandDeserializer.h|C/C++ Header|20|2|4
449|./src/_00/output/C++/microsoft~calculator/src/Calculator/Utils/DelegateCommandUtils.cs|microsoft|calculator|DelegateCommandUtils.cs|C#|20|2|4
450|./src/_00/output/C++/microsoft~calculator/src/GraphControl/winrtHeaders.h|microsoft|calculator|winrtHeaders.h|C/C++ Header|20|0|5
451|./src/_00/output/C++/microsoft~calculator/src/build/Calculator.StampAssemblyInfo.targets|microsoft|calculator|Calculator.StampAssemblyInfo.targets|XML|20|5|4
452|./src/_00/output/C++/microsoft~calculator/src/CalcManager/Header Files/ICalcDisplay.h|microsoft|calculator|ICalcDisplay.h|C/C++ Header|19|3|3
453|./src/_00/output/C++/microsoft~calculator/src/CalcViewModel/Common/ExpressionCommandSerializer.h|microsoft|calculator|ExpressionCommandSerializer.h|C/C++ Header|19|2|5
454|./src/_00/output/C++/microsoft~calculator/src/GraphingImpl/Mocks/MathSolver.cpp|microsoft|calculator|MathSolver.cpp|C++|19|2|5
455|./src/_00/output/C++/microsoft~calculator/src/CalcManager/winerror_cross_platform.h|microsoft|calculator|winerror_cross_platform.h|C/C++ Header|18|0|7
456|./src/_00/output/C++/microsoft~calculator/src/CalcViewModel/DataLoaders/ICurrencyHttpClient.h|microsoft|calculator|ICurrencyHttpClient.h|C/C++ Header|18|2|4
457|./src/_00/output/C++/microsoft~calculator/src/CalculatorUnitTests/UnitTestApp.xaml.h|microsoft|calculator|UnitTestApp.xaml.h|C/C++ Header|18|9|6
458|./src/_00/output/C++/microsoft~calculator/src/GraphControl/Logger/TraceLogger.h|microsoft|calculator|TraceLogger.h|C/C++ Header|18|4|6
459|./src/_00/output/C++/microsoft~calculator/src/GraphingInterfaces/IGraphAnalyzer.h|microsoft|calculator|IGraphAnalyzer.h|C/C++ Header|18|2|4
460|./src/_00/output/C++/microsoft~calculator/src/TraceLogging/TraceLoggingCommon.h|microsoft|calculator|TraceLoggingCommon.h|C/C++ Header|18|6|6
461|./src/_00/output/C++/microsoft~calculator/src/CalcManager/pch.h|microsoft|calculator|pch.h|C/C++ Header|17|6|3
462|./src/_00/output/C++/microsoft~calculator/src/Calculator/Controls/RadixButton.cs|microsoft|calculator|RadixButton.cs|C#|17|2|3
463|./src/_00/output/C++/microsoft~calculator/src/CalcManager/ratpak.natvis|microsoft|calculator|ratpak.natvis|XML|16|0|0
464|./src/_00/output/C++/microsoft~calculator/src/CalcViewModel/Common/Automation/LiveRegionHost.h|microsoft|calculator|LiveRegionHost.h|C/C++ Header|16|11|6
465|./src/_00/output/C++/microsoft~calculator/src/CalcViewModel/Common/BitLength.h|microsoft|calculator|BitLength.h|C/C++ Header|16|0|1
466|./src/_00/output/C++/microsoft~calculator/src/Calculator/Utils/ResourceVirtualKey.cs|microsoft|calculator|ResourceVirtualKey.cs|C#|16|2|3
467|./src/_00/output/C++/microsoft~calculator/src/CalculatorUITestFramework/MemoryItem.cs|microsoft|calculator|MemoryItem.cs|C#|16|2|4
468|./src/_00/output/C++/microsoft~calculator/Tools/PGO/Microsoft.WindowsCalculator.PGO.nuspec|microsoft|calculator|Microsoft.WindowsCalculator.PGO.nuspec|XML|15|0|0
469|./src/_00/output/C++/microsoft~calculator/src/CalcViewModel/Common/AppResourceProvider.h|microsoft|calculator|AppResourceProvider.h|C/C++ Header|15|2|3
470|./src/_00/output/C++/microsoft~calculator/src/CalculatorUnitTests/Module.cpp|microsoft|calculator|Module.cpp|C++|15|2|5
471|./src/_00/output/C++/microsoft~calculator/src/CalcViewModel/Common/RadixType.h|microsoft|calculator|RadixType.h|C/C++ Header|14|3|2
472|./src/_00/output/C++/microsoft~calculator/src/Calculator/Utils/ResourceString.cs|microsoft|calculator|ResourceString.cs|C#|14|2|3
473|./src/_00/output/C++/microsoft~calculator/src/CalculatorUITests/CalculatorUITests.ci-internal.runsettings|microsoft|calculator|CalculatorUITests.ci-internal.runsettings|XML|14|0|0
474|./src/_00/output/C++/microsoft~calculator/src/CalculatorUITests/CalculatorUITests.ci.runsettings|microsoft|calculator|CalculatorUITests.ci.runsettings|XML|14|0|0
475|./src/_00/output/C++/microsoft~calculator/src/CalculatorUITests/CalculatorUITests.release.runsettings|microsoft|calculator|CalculatorUITests.release.runsettings|XML|14|0|0
476|./src/_00/output/C++/microsoft~calculator/src/GraphingInterfaces/IEquation.h|microsoft|calculator|IEquation.h|C/C++ Header|14|2|6
477|./src/_00/output/C++/microsoft~calculator/build/scripts/UpdateAppxManifestVersion.ps1|microsoft|calculator|UpdateAppxManifestVersion.ps1|PowerShell|13|12|6
478|./src/_00/output/C++/microsoft~calculator/docs/Roadmap.md|microsoft|calculator|Roadmap.md|Markdown|13|0|6
479|./src/_00/output/C++/microsoft~calculator/src/CalcManager/CalculatorResource.h|microsoft|calculator|CalculatorResource.h|C/C++ Header|13|9|4
480|./src/_00/output/C++/microsoft~calculator/src/CalcViewModel/Common/Automation/INarratorAnnouncementHost.h|microsoft|calculator|INarratorAnnouncementHost.h|C/C++ Header|13|9|5
481|./src/_00/output/C++/microsoft~calculator/src/CalcViewModel/Common/EngineResourceProvider.h|microsoft|calculator|EngineResourceProvider.h|C/C++ Header|13|2|4
482|./src/_00/output/C++/microsoft~calculator/src/CalcViewModel/Common/NumberBase.h|microsoft|calculator|NumberBase.h|C/C++ Header|13|2|1
483|./src/_00/output/C++/microsoft~calculator/src/CalculatorUITestFramework/UnitConverterOperatorsPanel.cs|microsoft|calculator|UnitConverterOperatorsPanel.cs|C#|13|2|1
484|./src/_00/output/C++/microsoft~calculator/src/GraphControl/Themes/generic.xaml|microsoft|calculator|generic.xaml|XAML|13|0|0
485|./src/_00/output/C++/microsoft~calculator/src/GraphingImpl/Mocks/Bitmap.h|microsoft|calculator|Bitmap.h|C/C++ Header|13|2|2
486|./src/_00/output/C++/microsoft~calculator/src/GraphingImpl/dllmain.cpp|microsoft|calculator|dllmain.cpp|C++|13|2|2
487|./src/_00/output/C++/microsoft~calculator/src/CalcManager/Ratpack/CalcErr.h|microsoft|calculator|CalcErr.h|C/C++ Header|12|62|13
488|./src/_00/output/C++/microsoft~calculator/src/CalcManager/sal_cross_platform.h|microsoft|calculator|sal_cross_platform.h|C/C++ Header|12|1|6
489|./src/_00/output/C++/microsoft~calculator/.github/pull_request_template.md|microsoft|calculator|pull_request_template.md|Markdown|11|0|5
490|./src/_00/output/C++/microsoft~calculator/src/CalcManager/Header Files/IHistoryDisplay.h|microsoft|calculator|IHistoryDisplay.h|C/C++ Header|11|3|3
491|./src/_00/output/C++/microsoft~calculator/src/CalcManager/NumberFormattingUtils.h|microsoft|calculator|NumberFormattingUtils.h|C/C++ Header|11|2|3
492|./src/_00/output/C++/microsoft~calculator/src/Calculator/Properties/AssemblyInfo.cs|microsoft|calculator|AssemblyInfo.cs|C#|11|3|1
493|./src/_00/output/C++/microsoft~calculator/build/scripts/TurnOffAnimationEffects.ps1|microsoft|calculator|TurnOffAnimationEffects.ps1|PowerShell|10|6|6
494|./src/_00/output/C++/microsoft~calculator/nuget.config|microsoft|calculator|nuget.config|XML|10|0|0
495|./src/_00/output/C++/microsoft~calculator/src/CalcViewModel/DataLoaders/DataLoaderMockConstants.h|microsoft|calculator|DataLoaderMockConstants.h|C/C++ Header|9|2|2
496|./src/_00/output/C++/microsoft~calculator/src/CalculatorUITestFramework/CalculatorUITestFramework.csproj|microsoft|calculator|CalculatorUITestFramework.csproj|MSBuild script|9|0|0
497|./src/_00/output/C++/microsoft~calculator/src/GraphingInterfaces/IBitmap.h|microsoft|calculator|IBitmap.h|C/C++ Header|9|2|3
498|./src/_00/output/C++/microsoft~calculator/src/CalcManager/Header Files/RadixType.h|microsoft|calculator|RadixType.h|C/C++ Header|8|3|2
499|./src/_00/output/C++/microsoft~calculator/src/CalculatorUnitTests/resource.h|microsoft|calculator|resource.h|C/C++ Header|8|5|1
500|./src/_00/output/C++/microsoft~calculator/src/GraphingImpl/pch.h|microsoft|calculator|pch.h|C/C++ Header|8|0|3
501|./src/_00/output/C++/microsoft~calculator/src/CalcManager/Header Files/CalcUtils.h|microsoft|calculator|CalcUtils.h|C/C++ Header|7|4|4
502|./src/_00/output/C++/microsoft~calculator/Tools/PGO/build/native/Microsoft.WindowsCalculator.PGO.props|microsoft|calculator|Microsoft.WindowsCalculator.PGO.props|XML|6|0|2
503|./src/_00/output/C++/microsoft~calculator/src/CalcViewModel/CalcViewModel.rc|microsoft|calculator|CalcViewModel.rc|Windows Resource File|6|2|2
504|./src/_00/output/C++/microsoft~calculator/src/GraphControl/GraphControl.rc|microsoft|calculator|GraphControl.rc|Windows Resource File|6|2|2
505|./src/_00/output/C++/microsoft~calculator/src/GraphingImpl/GraphingImpl.rc|microsoft|calculator|GraphingImpl.rc|Windows Resource File|6|2|2
506|./src/_00/output/C++/microsoft~calculator/src/TraceLogging/TraceLogging.rc|microsoft|calculator|TraceLogging.rc|Windows Resource File|6|2|2
507|./src/_00/output/C++/microsoft~calculator/CODE_OF_CONDUCT.md|microsoft|calculator|CODE_OF_CONDUCT.md|Markdown|5|0|1
508|./src/_00/output/C++/microsoft~calculator/src/CalculatorUnitTests/UnitTestApp.rd.xml|microsoft|calculator|UnitTestApp.rd.xml|XML|5|17|8
509|./src/_00/output/C++/microsoft~calculator/src/CalculatorUnitTests/UnitTestApp.xaml|microsoft|calculator|UnitTestApp.xaml|XAML|5|0|0
510|./src/_00/output/C++/microsoft~calculator/src/Calculator/Properties/Default.rd.xml|microsoft|calculator|Default.rd.xml|XML|4|13|5
511|./src/_00/output/C++/microsoft~calculator/src/TraceLogging/pch.h|microsoft|calculator|pch.h|C/C++ Header|4|3|3
512|./src/_00/output/C++/microsoft~calculator/src/CalcViewModel/Common/RadixType.cpp|microsoft|calculator|RadixType.cpp|C++|2|3|3
513|./src/_00/output/C++/microsoft~calculator/src/CalcViewModel/targetver.h|microsoft|calculator|targetver.h|C/C++ Header|2|5|4
514|./src/_00/output/C++/microsoft~calculator/src/Calculator/DesignData/DesignAppViewModel.cpp|microsoft|calculator|DesignAppViewModel.cpp|C++|2|2|1
515|./src/_00/output/C++/microsoft~calculator/src/Calculator/DesignData/DesignStandardCalculatorViewModel.cpp|microsoft|calculator|DesignStandardCalculatorViewModel.cpp|C++|2|2|1
516|./src/_00/output/C++/microsoft~calculator/src/Calculator/DesignData/DesignUnitConverterViewModel.cpp|microsoft|calculator|DesignUnitConverterViewModel.cpp|C++|2|2|1
517|./src/_00/output/C++/microsoft~calculator/src/GraphingImpl/targetver.h|microsoft|calculator|targetver.h|C/C++ Header|2|3|3
518|./src/_00/output/C++/microsoft~calculator/src/CalcViewModel/pch.cpp|microsoft|calculator|pch.cpp|C++|1|2|1
519|./src/_00/output/C++/microsoft~calculator/src/CalculatorUnitTests/pch.cpp|microsoft|calculator|pch.cpp|C++|1|6|2
520|./src/_00/output/C++/microsoft~calculator/src/GraphingImpl/pch.cpp|microsoft|calculator|pch.cpp|C++|1|0|0
521|./src/_00/output/C++/microsoft~calculator/src/TraceLogging/pch.cpp|microsoft|calculator|pch.cpp|C++|1|2|1
522|./src/_00/output/C++/microsoft~calculator/src/CalcManager/pch.cpp|microsoft|calculator|pch.cpp|C++|0|5|1
