Unnamed: 0|path|owner|project|file|language|code|comment|blank
0|./src/_00/output/Elixir/elixir-lang~elixir/lib/elixir/test/elixir/kernel/expansion_test.exs|elixir-lang|elixir|expansion_test.exs|Elixir|2390|10|570
1|./src/_00/output/Elixir/elixir-lang~elixir/lib/elixir/test/elixir/enum_test.exs|elixir-lang|elixir|enum_test.exs|Elixir|2104|43|466
2|./src/_00/output/Elixir/elixir-lang~elixir/lib/elixir/lib/kernel.ex|elixir-lang|elixir|kernel.ex|Elixir|2066|3066|1756
3|./src/_00/output/Elixir/elixir-lang~elixir/lib/elixir/lib/enum.ex|elixir-lang|elixir|enum.ex|Elixir|2065|1679|1165
4|./src/_00/output/Elixir/elixir-lang~elixir/lib/elixir/test/elixir/kernel/warning_test.exs|elixir-lang|elixir|warning_test.exs|Elixir|2021|11|246
5|./src/_00/output/Elixir/elixir-lang~elixir/lib/elixir/lib/code/formatter.ex|elixir-lang|elixir|formatter.ex|Elixir|1805|189|452
6|./src/_00/output/Elixir/elixir-lang~elixir/lib/elixir/lib/exception.ex|elixir-lang|elixir|exception.ex|Elixir|1581|427|522
7|./src/_00/output/Elixir/elixir-lang~elixir/lib/elixir/test/elixir/file_test.exs|elixir-lang|elixir|file_test.exs|Elixir|1510|25|354
8|./src/_00/output/Elixir/elixir-lang~elixir/lib/elixir/lib/macro.ex|elixir-lang|elixir|macro.ex|Elixir|1436|754|600
9|./src/_00/output/Elixir/elixir-lang~elixir/lib/elixir/src/elixir_tokenizer.erl|elixir-lang|elixir|elixir_tokenizer.erl|Erlang|1428|84|327
10|./src/_00/output/Elixir/elixir-lang~elixir/lib/elixir/test/elixir/typespec_test.exs|elixir-lang|elixir|typespec_test.exs|Elixir|1364|10|267
11|./src/_00/output/Elixir/elixir-lang~elixir/lib/mix/test/mix/tasks/compile.elixir_test.exs|elixir-lang|elixir|compile.elixir_test.exs|Elixir|1310|64|332
12|./src/_00/output/Elixir/elixir-lang~elixir/lib/iex/test/iex/helpers_test.exs|elixir-lang|elixir|helpers_test.exs|Elixir|1304|15|380
13|./src/_00/output/Elixir/elixir-lang~elixir/lib/elixir/test/elixir/kernel_test.exs|elixir-lang|elixir|kernel_test.exs|Elixir|1261|9|325
14|./src/_00/output/Elixir/elixir-lang~elixir/lib/elixir/lib/module.ex|elixir-lang|elixir|module.ex|Elixir|1259|584|536
15|./src/_00/output/Elixir/elixir-lang~elixir/lib/elixir/test/elixir/kernel/diagnostics_test.exs|elixir-lang|elixir|diagnostics_test.exs|Elixir|1249|6|224
16|./src/_00/output/Elixir/elixir-lang~elixir/lib/elixir/test/elixir/macro_test.exs|elixir-lang|elixir|macro_test.exs|Elixir|1160|12|268
17|./src/_00/output/Elixir/elixir-lang~elixir/lib/elixir/test/elixir/stream_test.exs|elixir-lang|elixir|stream_test.exs|Elixir|1116|19|314
18|./src/_00/output/Elixir/elixir-lang~elixir/lib/elixir/lib/string.ex|elixir-lang|elixir|string.ex|Elixir|1106|1270|784
19|./src/_00/output/Elixir/elixir-lang~elixir/lib/elixir/lib/calendar/iso.ex|elixir-lang|elixir|iso.ex|Elixir|1065|557|395
20|./src/_00/output/Elixir/elixir-lang~elixir/lib/elixir/test/elixir/code_fragment_test.exs|elixir-lang|elixir|code_fragment_test.exs|Elixir|1044|14|219
21|./src/_00/output/Elixir/elixir-lang~elixir/lib/logger/test/logger/translator_test.exs|elixir-lang|elixir|translator_test.exs|Elixir|1039|5|221
22|./src/_00/output/Elixir/elixir-lang~elixir/lib/elixir/test/elixir/kernel/parser_test.exs|elixir-lang|elixir|parser_test.exs|Elixir|1038|22|218
23|./src/_00/output/Elixir/elixir-lang~elixir/lib/elixir/src/elixir_expand.erl|elixir-lang|elixir|elixir_expand.erl|Erlang|1032|79|205
24|./src/_00/output/Elixir/elixir-lang~elixir/lib/mix/test/mix/dep_test.exs|elixir-lang|elixir|dep_test.exs|Elixir|1012|22|252
25|./src/_00/output/Elixir/elixir-lang~elixir/lib/elixir/test/elixir/code_formatter/calls_test.exs|elixir-lang|elixir|calls_test.exs|Elixir|1003|8|212
26|./src/_00/output/Elixir/elixir-lang~elixir/lib/elixir/test/elixir/calendar/datetime_test.exs|elixir-lang|elixir|datetime_test.exs|Elixir|991|6|161
27|./src/_00/output/Elixir/elixir-lang~elixir/lib/ex_unit/test/ex_unit/diff_test.exs|elixir-lang|elixir|diff_test.exs|Elixir|958|3|223
28|./src/_00/output/Elixir/elixir-lang~elixir/lib/mix/test/mix/tasks/xref_test.exs|elixir-lang|elixir|xref_test.exs|Elixir|956|2|156
29|./src/_00/output/Elixir/elixir-lang~elixir/lib/elixir/src/elixir_parser.yrl|elixir-lang|elixir|elixir_parser.yrl|Erlang|940|102|230
30|./src/_00/output/Elixir/elixir-lang~elixir/lib/elixir/lib/calendar/datetime.ex|elixir-lang|elixir|datetime.ex|Elixir|928|771|393
31|./src/_00/output/Elixir/elixir-lang~elixir/lib/elixir/test/elixir/task_test.exs|elixir-lang|elixir|task_test.exs|Elixir|914|7|245
32|./src/_00/output/Elixir/elixir-lang~elixir/lib/elixir/test/elixir/kernel/errors_test.exs|elixir-lang|elixir|errors_test.exs|Elixir|909|1|141
33|./src/_00/output/Elixir/elixir-lang~elixir/lib/ex_unit/lib/ex_unit/diff.ex|elixir-lang|elixir|diff.ex|Elixir|892|61|245
34|./src/_00/output/Elixir/elixir-lang~elixir/lib/mix/lib/mix/compilers/elixir.ex|elixir-lang|elixir|elixir.ex|Elixir|888|140|206
35|./src/_00/output/Elixir/elixir-lang~elixir/lib/mix/test/mix/tasks/format_test.exs|elixir-lang|elixir|format_test.exs|Elixir|887|173|252
36|./src/_00/output/Elixir/elixir-lang~elixir/lib/elixir/test/elixir/string_test.exs|elixir-lang|elixir|string_test.exs|Elixir|868|88|183
37|./src/_00/output/Elixir/elixir-lang~elixir/lib/elixir/test/elixir/code_formatter/comments_test.exs|elixir-lang|elixir|comments_test.exs|Elixir|865|416|268
38|./src/_00/output/Elixir/elixir-lang~elixir/lib/elixir/lib/stream.ex|elixir-lang|elixir|stream.ex|Elixir|846|659|418
39|./src/_00/output/Elixir/elixir-lang~elixir/lib/elixir/lib/file.ex|elixir-lang|elixir|file.ex|Elixir|833|725|392
40|./src/_00/output/Elixir/elixir-lang~elixir/lib/elixir/lib/kernel/typespec.ex|elixir-lang|elixir|typespec.ex|Elixir|815|42|215
41|./src/_00/output/Elixir/elixir-lang~elixir/lib/ex_unit/test/ex_unit_test.exs|elixir-lang|elixir|ex_unit_test.exs|Elixir|809|22|241
42|./src/_00/output/Elixir/elixir-lang~elixir/lib/elixir/test/elixir/registry_test.exs|elixir-lang|elixir|registry_test.exs|Elixir|808|8|227
43|./src/_00/output/Elixir/elixir-lang~elixir/lib/ex_unit/test/ex_unit/assertions_test.exs|elixir-lang|elixir|assertions_test.exs|Elixir|784|3|151
44|./src/_00/output/Elixir/elixir-lang~elixir/lib/eex/test/eex_test.exs|elixir-lang|elixir|eex_test.exs|Elixir|779|0|190
45|./src/_00/output/Elixir/elixir-lang~elixir/lib/mix/test/mix/release_test.exs|elixir-lang|elixir|release_test.exs|Elixir|767|6|170
46|./src/_00/output/Elixir/elixir-lang~elixir/lib/elixir/test/elixir/exception_test.exs|elixir-lang|elixir|exception_test.exs|Elixir|753|13|245
47|./src/_00/output/Elixir/elixir-lang~elixir/lib/mix/test/mix/tasks/deps_test.exs|elixir-lang|elixir|deps_test.exs|Elixir|752|16|204
48|./src/_00/output/Elixir/elixir-lang~elixir/lib/elixir/test/elixir/code_formatter/operators_test.exs|elixir-lang|elixir|operators_test.exs|Elixir|749|10|219
49|./src/_00/output/Elixir/elixir-lang~elixir/lib/elixir/test/elixir/code_formatter/general_test.exs|elixir-lang|elixir|general_test.exs|Elixir|735|12|196
50|./src/_00/output/Elixir/elixir-lang~elixir/lib/ex_unit/test/ex_unit/doc_test_test.exs|elixir-lang|elixir|doc_test_test.exs|Elixir|729|298|187
51|./src/_00/output/Elixir/elixir-lang~elixir/lib/elixir/test/elixir/inspect_test.exs|elixir-lang|elixir|inspect_test.exs|Elixir|727|15|219
52|./src/_00/output/Elixir/elixir-lang~elixir/lib/iex/lib/iex/helpers.ex|elixir-lang|elixir|helpers.ex|Elixir|727|494|332
53|./src/_00/output/Elixir/elixir-lang~elixir/lib/elixir/test/elixir/module/types/integration_test.exs|elixir-lang|elixir|integration_test.exs|Elixir|724|0|129
54|./src/_00/output/Elixir/elixir-lang~elixir/lib/mix/lib/mix/tasks/format.ex|elixir-lang|elixir|format.ex|Elixir|721|68|211
55|./src/_00/output/Elixir/elixir-lang~elixir/lib/elixir/test/elixir/uri_test.exs|elixir-lang|elixir|uri_test.exs|Elixir|701|25|134
56|./src/_00/output/Elixir/elixir-lang~elixir/lib/elixir/lib/module/types/descr.ex|elixir-lang|elixir|descr.ex|Elixir|695|259|176
57|./src/_00/output/Elixir/elixir-lang~elixir/lib/iex/lib/iex/introspection.ex|elixir-lang|elixir|introspection.ex|Elixir|688|31|174
58|./src/_00/output/Elixir/elixir-lang~elixir/lib/elixir/lib/gen_event.ex|elixir-lang|elixir|gen_event.ex|Elixir|687|38|180
59|./src/_00/output/Elixir/elixir-lang~elixir/lib/elixir/lib/registry.ex|elixir-lang|elixir|registry.ex|Elixir|681|604|329
60|./src/_00/output/Elixir/elixir-lang~elixir/lib/elixir/lib/kernel/parallel_compiler.ex|elixir-lang|elixir|parallel_compiler.ex|Elixir|670|133|176
61|./src/_00/output/Elixir/elixir-lang~elixir/lib/mix/lib/mix/release.ex|elixir-lang|elixir|release.ex|Elixir|657|87|165
62|./src/_00/output/Elixir/elixir-lang~elixir/lib/iex/lib/iex/autocomplete.ex|elixir-lang|elixir|autocomplete.ex|Elixir|649|32|159
63|./src/_00/output/Elixir/elixir-lang~elixir/lib/elixir/lib/calendar/naive_datetime.ex|elixir-lang|elixir|naive_datetime.ex|Elixir|641|534|287
64|./src/_00/output/Elixir/elixir-lang~elixir/lib/elixir/lib/code/fragment.ex|elixir-lang|elixir|fragment.ex|Elixir|638|241|249
65|./src/_00/output/Elixir/elixir-lang~elixir/lib/elixir/test/elixir/base_test.exs|elixir-lang|elixir|base_test.exs|Elixir|635|0|187
66|./src/_00/output/Elixir/elixir-lang~elixir/lib/mix/test/mix/tasks/release_test.exs|elixir-lang|elixir|release_test.exs|Elixir|635|24|152
67|./src/_00/output/Elixir/elixir-lang~elixir/lib/elixir/test/elixir/kernel/quote_test.exs|elixir-lang|elixir|quote_test.exs|Elixir|625|11|156
68|./src/_00/output/Elixir/elixir-lang~elixir/lib/elixir/lib/dynamic_supervisor.ex|elixir-lang|elixir|dynamic_supervisor.ex|Elixir|622|293|239
69|./src/_00/output/Elixir/elixir-lang~elixir/lib/mix/lib/mix/tasks/xref.ex|elixir-lang|elixir|xref.ex|Elixir|622|256|250
70|./src/_00/output/Elixir/elixir-lang~elixir/lib/logger/test/logger_test.exs|elixir-lang|elixir|logger_test.exs|Elixir|621|0|162
71|./src/_00/output/Elixir/elixir-lang~elixir/lib/mix/lib/mix/tasks/test.ex|elixir-lang|elixir|test.ex|Elixir|620|37|214
72|./src/_00/output/Elixir/elixir-lang~elixir/lib/elixir/test/elixir/code_normalizer/quoted_ast_test.exs|elixir-lang|elixir|quoted_ast_test.exs|Elixir|614|4|148
73|./src/_00/output/Elixir/elixir-lang~elixir/lib/ex_unit/lib/ex_unit/assertions.ex|elixir-lang|elixir|assertions.ex|Elixir|609|211|244
74|./src/_00/output/Elixir/elixir-lang~elixir/lib/elixir/lib/system.ex|elixir-lang|elixir|system.ex|Elixir|600|550|304
75|./src/_00/output/Elixir/elixir-lang~elixir/lib/elixir/test/elixir/dynamic_supervisor_test.exs|elixir-lang|elixir|dynamic_supervisor_test.exs|Elixir|600|5|165
76|./src/_00/output/Elixir/elixir-lang~elixir/lib/elixir/lib/base.ex|elixir-lang|elixir|base.ex|Elixir|598|355|260
77|./src/_00/output/Elixir/elixir-lang~elixir/lib/elixir/lib/code.ex|elixir-lang|elixir|code.ex|Elixir|598|1078|485
78|./src/_00/output/Elixir/elixir-lang~elixir/lib/elixir/test/elixir/code_formatter/integration_test.exs|elixir-lang|elixir|integration_test.exs|Elixir|592|15|99
79|./src/_00/output/Elixir/elixir-lang~elixir/lib/elixir/lib/io/ansi/docs.ex|elixir-lang|elixir|docs.ex|Elixir|565|68|167
80|./src/_00/output/Elixir/elixir-lang~elixir/lib/elixir/src/elixir_erl_pass.erl|elixir-lang|elixir|elixir_erl_pass.erl|Erlang|564|43|121
81|./src/_00/output/Elixir/elixir-lang~elixir/lib/elixir/test/elixir/code_test.exs|elixir-lang|elixir|code_test.exs|Elixir|559|2|128
82|./src/_00/output/Elixir/elixir-lang~elixir/lib/ex_unit/lib/ex_unit/doc_test.ex|elixir-lang|elixir|doc_test.ex|Elixir|547|147|183
83|./src/_00/output/Elixir/elixir-lang~elixir/lib/elixir/test/elixir/code_formatter/containers_test.exs|elixir-lang|elixir|containers_test.exs|Elixir|546|7|125
84|./src/_00/output/Elixir/elixir-lang~elixir/lib/elixir/test/elixir/module_test.exs|elixir-lang|elixir|module_test.exs|Elixir|546|11|141
85|./src/_00/output/Elixir/elixir-lang~elixir/lib/logger/lib/logger/translator.ex|elixir-lang|elixir|translator.ex|Elixir|541|42|147
86|./src/_00/output/Elixir/elixir-lang~elixir/lib/iex/lib/iex/pry.ex|elixir-lang|elixir|pry.ex|Elixir|533|77|134
87|./src/_00/output/Elixir/elixir-lang~elixir/lib/elixir/test/elixir/calendar/iso_test.exs|elixir-lang|elixir|iso_test.exs|Elixir|529|1|117
88|./src/_00/output/Elixir/elixir-lang~elixir/lib/elixir/lib/protocol.ex|elixir-lang|elixir|protocol.ex|Elixir|524|339|221
89|./src/_00/output/Elixir/elixir-lang~elixir/lib/elixir/test/elixir/kernel/parallel_compiler_test.exs|elixir-lang|elixir|parallel_compiler_test.exs|Elixir|524|12|90
90|./src/_00/output/Elixir/elixir-lang~elixir/lib/elixir/test/elixir/io/ansi/docs_test.exs|elixir-lang|elixir|docs_test.exs|Elixir|520|1|143
91|./src/_00/output/Elixir/elixir-lang~elixir/lib/mix/test/mix/umbrella_test.exs|elixir-lang|elixir|umbrella_test.exs|Elixir|520|25|110
92|./src/_00/output/Elixir/elixir-lang~elixir/lib/elixir/lib/keyword.ex|elixir-lang|elixir|keyword.ex|Elixir|510|642|379
93|./src/_00/output/Elixir/elixir-lang~elixir/lib/elixir/lib/calendar.ex|elixir-lang|elixir|calendar.ex|Elixir|507|285|181
94|./src/_00/output/Elixir/elixir-lang~elixir/lib/elixir/lib/task/supervised.ex|elixir-lang|elixir|supervised.ex|Elixir|506|67|110
95|./src/_00/output/Elixir/elixir-lang~elixir/lib/elixir/test/elixir/kernel/impl_test.exs|elixir-lang|elixir|impl_test.exs|Elixir|501|0|97
96|./src/_00/output/Elixir/elixir-lang~elixir/lib/mix/test/mix/tasks/deps.git_test.exs|elixir-lang|elixir|deps.git_test.exs|Elixir|495|48|144
97|./src/_00/output/Elixir/elixir-lang~elixir/lib/elixir/test/elixir/kernel/raise_test.exs|elixir-lang|elixir|raise_test.exs|Elixir|487|2|104
98|./src/_00/output/Elixir/elixir-lang~elixir/lib/elixir/lib/module/types/of.ex|elixir-lang|elixir|of.ex|Elixir|483|76|122
99|./src/_00/output/Elixir/elixir-lang~elixir/lib/ex_unit/lib/ex_unit/formatter.ex|elixir-lang|elixir|formatter.ex|Elixir|482|99|162
100|./src/_00/output/Elixir/elixir-lang~elixir/lib/mix/test/mix/tasks/test_test.exs|elixir-lang|elixir|test_test.exs|Elixir|480|20|136
101|./src/_00/output/Elixir/elixir-lang~elixir/lib/elixir/src/elixir_module.erl|elixir-lang|elixir|elixir_module.erl|Erlang|472|51|88
102|./src/_00/output/Elixir/elixir-lang~elixir/lib/mix/lib/mix/utils.ex|elixir-lang|elixir|utils.ex|Elixir|472|157|163
103|./src/_00/output/Elixir/elixir-lang~elixir/lib/elixir/src/elixir_erl.erl|elixir-lang|elixir|elixir_erl.erl|Erlang|469|31|109
104|./src/_00/output/Elixir/elixir-lang~elixir/lib/elixir/test/elixir/code_normalizer/formatted_ast_test.exs|elixir-lang|elixir|formatted_ast_test.exs|Elixir|459|37|98
105|./src/_00/output/Elixir/elixir-lang~elixir/lib/ex_unit/lib/ex_unit/runner.ex|elixir-lang|elixir|runner.ex|Elixir|458|31|123
106|./src/_00/output/Elixir/elixir-lang~elixir/lib/elixir/lib/inspect/algebra.ex|elixir-lang|elixir|algebra.ex|Elixir|454|454|237
107|./src/_00/output/Elixir/elixir-lang~elixir/lib/elixir/lib/code/normalizer.ex|elixir-lang|elixir|normalizer.ex|Elixir|453|37|105
108|./src/_00/output/Elixir/elixir-lang~elixir/lib/elixir/lib/task.ex|elixir-lang|elixir|task.ex|Elixir|451|721|316
109|./src/_00/output/Elixir/elixir-lang~elixir/lib/elixir/test/elixir/code_formatter/literals_test.exs|elixir-lang|elixir|literals_test.exs|Elixir|449|19|79
110|./src/_00/output/Elixir/elixir-lang~elixir/lib/elixir/test/elixir/kernel/overridable_test.exs|elixir-lang|elixir|overridable_test.exs|Elixir|437|9|110
111|./src/_00/output/Elixir/elixir-lang~elixir/lib/iex/test/iex/autocomplete_test.exs|elixir-lang|elixir|autocomplete_test.exs|Elixir|435|0|109
112|./src/_00/output/Elixir/elixir-lang~elixir/lib/ex_unit/test/ex_unit/capture_io_test.exs|elixir-lang|elixir|capture_io_test.exs|Elixir|434|3|115
113|./src/_00/output/Elixir/elixir-lang~elixir/lib/mix/test/mix_test.exs|elixir-lang|elixir|mix_test.exs|Elixir|433|2|108
114|./src/_00/output/Elixir/elixir-lang~elixir/lib/elixir/lib/inspect.ex|elixir-lang|elixir|inspect.ex|Elixir|431|110|130
115|./src/_00/output/Elixir/elixir-lang~elixir/lib/elixir/src/elixir_quote.erl|elixir-lang|elixir|elixir_quote.erl|Erlang|429|31|114
116|./src/_00/output/Elixir/elixir-lang~elixir/lib/elixir/test/elixir/task/supervisor_test.exs|elixir-lang|elixir|supervisor_test.exs|Elixir|429|11|127
117|./src/_00/output/Elixir/elixir-lang~elixir/lib/elixir/lib/list.ex|elixir-lang|elixir|list.ex|Elixir|426|603|375
118|./src/_00/output/Elixir/elixir-lang~elixir/lib/elixir/test/elixir/kernel/lexical_tracker_test.exs|elixir-lang|elixir|lexical_tracker_test.exs|Elixir|426|7|88
119|./src/_00/output/Elixir/elixir-lang~elixir/lib/elixir/lib/calendar/date.ex|elixir-lang|elixir|date.ex|Elixir|422|495|260
120|./src/_00/output/Elixir/elixir-lang~elixir/lib/elixir/src/elixir.erl|elixir-lang|elixir|elixir.erl|Erlang|422|47|72
121|./src/_00/output/Elixir/elixir-lang~elixir/lib/elixir/lib/kernel/cli.ex|elixir-lang|elixir|cli.ex|Elixir|421|37|108
122|./src/_00/output/Elixir/elixir-lang~elixir/lib/ex_unit/test/ex_unit/formatter_test.exs|elixir-lang|elixir|formatter_test.exs|Elixir|421|8|108
123|./src/_00/output/Elixir/elixir-lang~elixir/lib/elixir/src/elixir_def.erl|elixir-lang|elixir|elixir_def.erl|Erlang|414|20|82
124|./src/_00/output/Elixir/elixir-lang~elixir/lib/elixir/test/elixir/kernel/comprehension_test.exs|elixir-lang|elixir|comprehension_test.exs|Elixir|414|8|113
125|./src/_00/output/Elixir/elixir-lang~elixir/lib/elixir/lib/module/parallel_checker.ex|elixir-lang|elixir|parallel_checker.ex|Elixir|412|55|97
126|./src/_00/output/Elixir/elixir-lang~elixir/lib/elixir/lib/module/types/expr.ex|elixir-lang|elixir|expr.ex|Elixir|404|55|94
127|./src/_00/output/Elixir/elixir-lang~elixir/lib/elixir/lib/option_parser.ex|elixir-lang|elixir|option_parser.ex|Elixir|404|295|211
128|./src/_00/output/Elixir/elixir-lang~elixir/lib/elixir/lib/calendar/time.ex|elixir-lang|elixir|time.ex|Elixir|403|359|203
129|./src/_00/output/Elixir/elixir-lang~elixir/lib/elixir/src/elixir_errors.erl|elixir-lang|elixir|elixir_errors.erl|Erlang|401|41|86
130|./src/_00/output/Elixir/elixir-lang~elixir/lib/elixir/test/elixir/kernel/guard_test.exs|elixir-lang|elixir|guard_test.exs|Elixir|399|2|82
131|./src/_00/output/Elixir/elixir-lang~elixir/lib/eex/lib/eex/compiler.ex|elixir-lang|elixir|compiler.ex|Elixir|397|27|111
132|./src/_00/output/Elixir/elixir-lang~elixir/lib/elixir/lib/access.ex|elixir-lang|elixir|access.ex|Elixir|397|460|248
133|./src/_00/output/Elixir/elixir-lang~elixir/lib/elixir/test/elixir/map_test.exs|elixir-lang|elixir|map_test.exs|Elixir|395|5|106
134|./src/_00/output/Elixir/elixir-lang~elixir/lib/elixir/test/elixir/option_parser_test.exs|elixir-lang|elixir|option_parser_test.exs|Elixir|392|0|112
135|./src/_00/output/Elixir/elixir-lang~elixir/lib/elixir/lib/uri.ex|elixir-lang|elixir|uri.ex|Elixir|389|454|228
136|./src/_00/output/Elixir/elixir-lang~elixir/lib/ex_unit/lib/ex_unit/cli_formatter.ex|elixir-lang|elixir|cli_formatter.ex|Elixir|388|10|101
137|./src/_00/output/Elixir/elixir-lang~elixir/lib/logger/lib/logger.ex|elixir-lang|elixir|logger.ex|Elixir|387|537|259
138|./src/_00/output/Elixir/elixir-lang~elixir/lib/elixir/pages/anti-patterns/code-anti-patterns.md|elixir-lang|elixir|code-anti-patterns.md|Markdown|385|0|152
139|./src/_00/output/Elixir/elixir-lang~elixir/lib/mix/lib/mix/project.ex|elixir-lang|elixir|project.ex|Elixir|385|350|209
140|./src/_00/output/Elixir/elixir-lang~elixir/lib/mix/lib/mix.ex|elixir-lang|elixir|mix.ex|Elixir|382|509|262
141|./src/_00/output/Elixir/elixir-lang~elixir/lib/elixir/test/elixir/calendar/naive_datetime_test.exs|elixir-lang|elixir|naive_datetime_test.exs|Elixir|377|0|77
142|./src/_00/output/Elixir/elixir-lang~elixir/lib/mix/test/test_helper.exs|elixir-lang|elixir|test_helper.exs|Elixir|377|25|99
143|./src/_00/output/Elixir/elixir-lang~elixir/lib/ex_unit/lib/ex_unit/callbacks.ex|elixir-lang|elixir|callbacks.ex|Elixir|376|322|189
144|./src/_00/output/Elixir/elixir-lang~elixir/lib/mix/lib/mix/tasks/release.init.ex|elixir-lang|elixir|release.init.ex|Elixir|374|35|68
145|./src/_00/output/Elixir/elixir-lang~elixir/lib/elixir/pages/references/syntax-reference.md|elixir-lang|elixir|syntax-reference.md|Markdown|369|0|171
146|./src/_00/output/Elixir/elixir-lang~elixir/lib/iex/lib/iex/info.ex|elixir-lang|elixir|info.ex|Elixir|368|29|83
147|./src/_00/output/Elixir/elixir-lang~elixir/lib/elixir/unicode/tokenizer.ex|elixir-lang|elixir|tokenizer.ex|Elixir|366|53|96
148|./src/_00/output/Elixir/elixir-lang~elixir/lib/elixir/src/elixir_dispatch.erl|elixir-lang|elixir|elixir_dispatch.erl|Erlang|365|24|63
149|./src/_00/output/Elixir/elixir-lang~elixir/lib/elixir/lib/dict.ex|elixir-lang|elixir|dict.ex|Elixir|364|10|69
150|./src/_00/output/Elixir/elixir-lang~elixir/lib/elixir/src/elixir_bitstring.erl|elixir-lang|elixir|elixir_bitstring.erl|Erlang|363|10|53
151|./src/_00/output/Elixir/elixir-lang~elixir/lib/elixir/lib/regex.ex|elixir-lang|elixir|regex.ex|Elixir|362|354|227
152|./src/_00/output/Elixir/elixir-lang~elixir/lib/elixir/pages/references/patterns-and-guards.md|elixir-lang|elixir|patterns-and-guards.md|Markdown|362|0|147
153|./src/_00/output/Elixir/elixir-lang~elixir/lib/elixir/test/elixir/module/types/descr_test.exs|elixir-lang|elixir|descr_test.exs|Elixir|358|4|98
154|./src/_00/output/Elixir/elixir-lang~elixir/lib/elixir/lib/map.ex|elixir-lang|elixir|map.ex|Elixir|352|536|304
155|./src/_00/output/Elixir/elixir-lang~elixir/lib/elixir/pages/anti-patterns/design-anti-patterns.md|elixir-lang|elixir|design-anti-patterns.md|Markdown|352|0|129
156|./src/_00/output/Elixir/elixir-lang~elixir/lib/elixir/lib/version.ex|elixir-lang|elixir|version.ex|Elixir|349|184|160
157|./src/_00/output/Elixir/elixir-lang~elixir/lib/elixir/src/elixir_clauses.erl|elixir-lang|elixir|elixir_clauses.erl|Erlang|349|18|62
158|./src/_00/output/Elixir/elixir-lang~elixir/lib/mix/lib/mix/tasks/release.ex|elixir-lang|elixir|release.ex|Elixir|348|853|313
159|./src/_00/output/Elixir/elixir-lang~elixir/lib/elixir/lib/module/behaviour.ex|elixir-lang|elixir|behaviour.ex|Elixir|347|4|66
160|./src/_00/output/Elixir/elixir-lang~elixir/lib/elixir/unicode/unicode.ex|elixir-lang|elixir|unicode.ex|Elixir|347|50|86
161|./src/_00/output/Elixir/elixir-lang~elixir/lib/elixir/test/elixir/calendar_test.exs|elixir-lang|elixir|calendar_test.exs|Elixir|346|0|67
162|./src/_00/output/Elixir/elixir-lang~elixir/lib/ex_unit/test/ex_unit/callbacks_test.exs|elixir-lang|elixir|callbacks_test.exs|Elixir|345|4|106
163|./src/_00/output/Elixir/elixir-lang~elixir/lib/mix/lib/mix/task.ex|elixir-lang|elixir|task.ex|Elixir|343|196|147
164|./src/_00/output/Elixir/elixir-lang~elixir/lib/elixir/test/elixir/protocol_test.exs|elixir-lang|elixir|protocol_test.exs|Elixir|341|1|89
165|./src/_00/output/Elixir/elixir-lang~elixir/lib/iex/lib/iex/evaluator.ex|elixir-lang|elixir|evaluator.ex|Elixir|340|28|78
166|./src/_00/output/Elixir/elixir-lang~elixir/lib/mix/lib/mix/dep.ex|elixir-lang|elixir|dep.ex|Elixir|337|110|102
167|./src/_00/output/Elixir/elixir-lang~elixir/lib/elixir/test/elixir/list_test.exs|elixir-lang|elixir|list_test.exs|Elixir|334|2|70
168|./src/_00/output/Elixir/elixir-lang~elixir/lib/elixir/lib/application.ex|elixir-lang|elixir|application.ex|Elixir|332|575|254
169|./src/_00/output/Elixir/elixir-lang~elixir/lib/elixir/lib/path.ex|elixir-lang|elixir|path.ex|Elixir|330|340|247
170|./src/_00/output/Elixir/elixir-lang~elixir/lib/elixir/test/elixir/path_test.exs|elixir-lang|elixir|path_test.exs|Elixir|330|12|86
171|./src/_00/output/Elixir/elixir-lang~elixir/lib/elixir/pages/mix-and-otp/docs-tests-and-with.md|elixir-lang|elixir|docs-tests-and-with.md|Markdown|328|0|117
172|./src/_00/output/Elixir/elixir-lang~elixir/lib/mix/lib/mix/scm/git.ex|elixir-lang|elixir|git.ex|Elixir|326|13|75
173|./src/_00/output/Elixir/elixir-lang~elixir/lib/elixir/test/elixir/string_io_test.exs|elixir-lang|elixir|string_io_test.exs|Elixir|324|1|70
174|./src/_00/output/Elixir/elixir-lang~elixir/lib/elixir/lib/gen_server.ex|elixir-lang|elixir|gen_server.ex|Elixir|320|712|289
175|./src/_00/output/Elixir/elixir-lang~elixir/lib/mix/lib/mix/tasks/new.ex|elixir-lang|elixir|new.ex|Elixir|318|85|97
176|./src/_00/output/Elixir/elixir-lang~elixir/lib/ex_unit/lib/ex_unit/case.ex|elixir-lang|elixir|case.ex|Elixir|317|330|209
177|./src/_00/output/Elixir/elixir-lang~elixir/lib/mix/test/mix/tasks/escript_test.exs|elixir-lang|elixir|escript_test.exs|Elixir|313|11|83
178|./src/_00/output/Elixir/elixir-lang~elixir/lib/elixir/test/elixir/module/types/expr_test.exs|elixir-lang|elixir|expr_test.exs|Elixir|312|39|117
179|./src/_00/output/Elixir/elixir-lang~elixir/lib/elixir/test/elixir/record_test.exs|elixir-lang|elixir|record_test.exs|Elixir|311|3|67
180|./src/_00/output/Elixir/elixir-lang~elixir/lib/elixir/test/elixir/kernel/docs_test.exs|elixir-lang|elixir|docs_test.exs|Elixir|310|9|91
181|./src/_00/output/Elixir/elixir-lang~elixir/lib/mix/lib/mix/dep/loader.ex|elixir-lang|elixir|loader.ex|Elixir|310|48|90
182|./src/_00/output/Elixir/elixir-lang~elixir/lib/elixir/lib/code/typespec.ex|elixir-lang|elixir|typespec.ex|Elixir|308|33|91
183|./src/_00/output/Elixir/elixir-lang~elixir/lib/mix/test/mix/tasks/compile_test.exs|elixir-lang|elixir|compile_test.exs|Elixir|306|6|75
184|./src/_00/output/Elixir/elixir-lang~elixir/lib/eex/test/eex/tokenizer_test.exs|elixir-lang|elixir|tokenizer_test.exs|Elixir|305|0|61
185|./src/_00/output/Elixir/elixir-lang~elixir/lib/elixir/lib/supervisor.ex|elixir-lang|elixir|supervisor.ex|Elixir|305|581|275
186|./src/_00/output/Elixir/elixir-lang~elixir/lib/elixir/pages/references/typespecs.md|elixir-lang|elixir|typespecs.md|Markdown|295|0|121
187|./src/_00/output/Elixir/elixir-lang~elixir/lib/elixir/src/elixir_rewrite.erl|elixir-lang|elixir|elixir_rewrite.erl|Erlang|294|31|38
188|./src/_00/output/Elixir/elixir-lang~elixir/lib/elixir/src/elixir_erl_for.erl|elixir-lang|elixir|elixir_erl_for.erl|Erlang|290|6|60
189|./src/_00/output/Elixir/elixir-lang~elixir/lib/elixir/pages/mix-and-otp/config-and-releases.md|elixir-lang|elixir|config-and-releases.md|Markdown|289|0|133
190|./src/_00/output/Elixir/elixir-lang~elixir/lib/iex/lib/iex/server.ex|elixir-lang|elixir|server.ex|Elixir|289|46|66
191|./src/_00/output/Elixir/elixir-lang~elixir/lib/elixir/test/elixir/system_test.exs|elixir-lang|elixir|system_test.exs|Elixir|281|6|73
192|./src/_00/output/Elixir/elixir-lang~elixir/lib/mix/lib/mix/local/installer.ex|elixir-lang|elixir|installer.ex|Elixir|278|40|86
193|./src/_00/output/Elixir/elixir-lang~elixir/lib/elixir/lib/kernel/utils.ex|elixir-lang|elixir|utils.ex|Elixir|274|57|82
194|./src/_00/output/Elixir/elixir-lang~elixir/lib/elixir/test/elixir/regex_test.exs|elixir-lang|elixir|regex_test.exs|Elixir|273|2|75
195|./src/_00/output/Elixir/elixir-lang~elixir/lib/elixir/test/elixir/version_test.exs|elixir-lang|elixir|version_test.exs|Elixir|273|0|65
196|./src/_00/output/Elixir/elixir-lang~elixir/lib/mix/lib/mix/project_stack.ex|elixir-lang|elixir|project_stack.ex|Elixir|273|9|53
197|./src/_00/output/Elixir/elixir-lang~elixir/lib/ex_unit/test/ex_unit/case_test.exs|elixir-lang|elixir|case_test.exs|Elixir|271|1|61
198|./src/_00/output/Elixir/elixir-lang~elixir/lib/logger/lib/logger/formatter.ex|elixir-lang|elixir|formatter.ex|Elixir|271|146|114
199|./src/_00/output/Elixir/elixir-lang~elixir/lib/elixir/test/elixir/calendar/duration_test.exs|elixir-lang|elixir|duration_test.exs|Elixir|269|0|40
200|./src/_00/output/Elixir/elixir-lang~elixir/lib/elixir/pages/anti-patterns/process-anti-patterns.md|elixir-lang|elixir|process-anti-patterns.md|Markdown|266|0|87
201|./src/_00/output/Elixir/elixir-lang~elixir/lib/elixir/test/elixir/kernel/binary_test.exs|elixir-lang|elixir|binary_test.exs|Elixir|264|3|72
202|./src/_00/output/Elixir/elixir-lang~elixir/lib/mix/lib/mix/tasks/compile.app.ex|elixir-lang|elixir|compile.app.ex|Elixir|262|99|89
203|./src/_00/output/Elixir/elixir-lang~elixir/Makefile|elixir-lang|elixir|Makefile|make|260|10|62
204|./src/_00/output/Elixir/elixir-lang~elixir/lib/mix/lib/mix/tasks/deps.compile.ex|elixir-lang|elixir|deps.compile.ex|Elixir|258|38|73
205|./src/_00/output/Elixir/elixir-lang~elixir/lib/mix/lib/mix/tasks/escript.build.ex|elixir-lang|elixir|escript.build.ex|Elixir|255|96|91
206|./src/_00/output/Elixir/elixir-lang~elixir/lib/mix/lib/mix/dep/converger.ex|elixir-lang|elixir|converger.ex|Elixir|254|119|71
207|./src/_00/output/Elixir/elixir-lang~elixir/lib/elixir/pages/mix-and-otp/distributed-tasks.md|elixir-lang|elixir|distributed-tasks.md|Markdown|253|0|101
208|./src/_00/output/Elixir/elixir-lang~elixir/lib/elixir/lib/string_io.ex|elixir-lang|elixir|string_io.ex|Elixir|250|108|111
209|./src/_00/output/Elixir/elixir-lang~elixir/lib/elixir/test/elixir/kernel/tracers_test.exs|elixir-lang|elixir|tracers_test.exs|Elixir|250|1|57
210|./src/_00/output/Elixir/elixir-lang~elixir/lib/mix/test/mix/task_test.exs|elixir-lang|elixir|task_test.exs|Elixir|248|14|62
211|./src/_00/output/Elixir/elixir-lang~elixir/lib/elixir/pages/getting-started/basic-types.md|elixir-lang|elixir|basic-types.md|Markdown|247|0|85
212|./src/_00/output/Elixir/elixir-lang~elixir/lib/mix/lib/mix/compilers/test.ex|elixir-lang|elixir|test.ex|Elixir|245|16|63
213|./src/_00/output/Elixir/elixir-lang~elixir/lib/elixir/lib/float.ex|elixir-lang|elixir|float.ex|Elixir|243|256|153
214|./src/_00/output/Elixir/elixir-lang~elixir/lib/elixir/lib/macro/env.ex|elixir-lang|elixir|env.ex|Elixir|241|273|132
215|./src/_00/output/Elixir/elixir-lang~elixir/lib/elixir/lib/hash_set.ex|elixir-lang|elixir|hash_set.ex|Elixir|238|15|66
216|./src/_00/output/Elixir/elixir-lang~elixir/lib/elixir/pages/mix-and-otp/genservers.md|elixir-lang|elixir|genservers.md|Markdown|238|0|100
217|./src/_00/output/Elixir/elixir-lang~elixir/lib/elixir/test/elixir/file/stream_test.exs|elixir-lang|elixir|stream_test.exs|Elixir|237|0|70
218|./src/_00/output/Elixir/elixir-lang~elixir/lib/elixir/lib/config/provider.ex|elixir-lang|elixir|provider.ex|Elixir|236|110|88
219|./src/_00/output/Elixir/elixir-lang~elixir/lib/elixir/lib/io.ex|elixir-lang|elixir|io.ex|Elixir|236|349|209
220|./src/_00/output/Elixir/elixir-lang~elixir/lib/elixir/test/erlang/tokenizer_test.erl|elixir-lang|elixir|tokenizer_test.erl|Erlang|236|3|38
221|./src/_00/output/Elixir/elixir-lang~elixir/lib/elixir/src/elixir_utils.erl|elixir-lang|elixir|elixir_utils.erl|Erlang|234|21|53
222|./src/_00/output/Elixir/elixir-lang~elixir/lib/elixir/test/elixir/kernel/cli_test.exs|elixir-lang|elixir|cli_test.exs|Elixir|234|11|66
223|./src/_00/output/Elixir/elixir-lang~elixir/lib/elixir/src/elixir_import.erl|elixir-lang|elixir|elixir_import.erl|Erlang|233|13|50
224|./src/_00/output/Elixir/elixir-lang~elixir/lib/mix/test/mix/tasks/archive_test.exs|elixir-lang|elixir|archive_test.exs|Elixir|233|18|64
225|./src/_00/output/Elixir/elixir-lang~elixir/lib/elixir/test/erlang/control_test.erl|elixir-lang|elixir|control_test.erl|Erlang|232|1|28
226|./src/_00/output/Elixir/elixir-lang~elixir/lib/elixir/pages/getting-started/try-catch-and-rescue.md|elixir-lang|elixir|try-catch-and-rescue.md|Markdown|230|0|71
227|./src/_00/output/Elixir/elixir-lang~elixir/lib/logger/lib/logger/backends/console.ex|elixir-lang|elixir|console.ex|Elixir|230|15|61
228|./src/_00/output/Elixir/elixir-lang~elixir/lib/iex/test/iex/interaction_test.exs|elixir-lang|elixir|interaction_test.exs|Elixir|229|4|53
229|./src/_00/output/Elixir/elixir-lang~elixir/lib/iex/test/iex/pry_test.exs|elixir-lang|elixir|pry_test.exs|Elixir|228|0|40
230|./src/_00/output/Elixir/elixir-lang~elixir/lib/elixir/pages/getting-started/binaries-strings-and-charlists.md|elixir-lang|elixir|binaries-strings-and-charlists.md|Markdown|227|0|75
231|./src/_00/output/Elixir/elixir-lang~elixir/lib/ex_unit/lib/ex_unit.ex|elixir-lang|elixir|ex_unit.ex|Elixir|227|210|116
232|./src/_00/output/Elixir/elixir-lang~elixir/lib/elixir/pages/mix-and-otp/introduction-to-mix.md|elixir-lang|elixir|introduction-to-mix.md|Markdown|226|0|98
233|./src/_00/output/Elixir/elixir-lang~elixir/lib/elixir/src/elixir_map.erl|elixir-lang|elixir|elixir_map.erl|Erlang|226|12|32
234|./src/_00/output/Elixir/elixir-lang~elixir/lib/elixir/test/elixir/io_test.exs|elixir-lang|elixir|io_test.exs|Elixir|226|0|51
235|./src/_00/output/Elixir/elixir-lang~elixir/lib/elixir/lib/hash_dict.ex|elixir-lang|elixir|hash_dict.ex|Elixir|225|17|67
236|./src/_00/output/Elixir/elixir-lang~elixir/lib/elixir/lib/record.ex|elixir-lang|elixir|record.ex|Elixir|225|182|119
237|./src/_00/output/Elixir/elixir-lang~elixir/lib/mix/test/mix/generator_test.exs|elixir-lang|elixir|generator_test.exs|Elixir|225|0|44
238|./src/_00/output/Elixir/elixir-lang~elixir/lib/elixir/pages/mix-and-otp/task-and-gen-tcp.md|elixir-lang|elixir|task-and-gen-tcp.md|Markdown|224|0|82
239|./src/_00/output/Elixir/elixir-lang~elixir/lib/elixir/test/elixir/supervisor_test.exs|elixir-lang|elixir|supervisor_test.exs|Elixir|224|2|64
240|./src/_00/output/Elixir/elixir-lang~elixir/lib/mix/lib/mix/tasks/profile.tprof.ex|elixir-lang|elixir|profile.tprof.ex|Elixir|222|125|94
241|./src/_00/output/Elixir/elixir-lang~elixir/lib/elixir/src/elixir_aliases.erl|elixir-lang|elixir|elixir_aliases.erl|Erlang|221|9|42
242|./src/_00/output/Elixir/elixir-lang~elixir/lib/mix/test/mix/cli_test.exs|elixir-lang|elixir|cli_test.exs|Elixir|221|0|47
243|./src/_00/output/Elixir/elixir-lang~elixir/lib/elixir/lib/stream/reducers.ex|elixir-lang|elixir|reducers.ex|Elixir|219|1|36
244|./src/_00/output/Elixir/elixir-lang~elixir/lib/elixir/test/elixir/access_test.exs|elixir-lang|elixir|access_test.exs|Elixir|219|2|70
245|./src/_00/output/Elixir/elixir-lang~elixir/lib/ex_unit/test/ex_unit/filters_test.exs|elixir-lang|elixir|filters_test.exs|Elixir|219|7|56
246|./src/_00/output/Elixir/elixir-lang~elixir/lib/mix/test/mix/rebar_test.exs|elixir-lang|elixir|rebar_test.exs|Elixir|218|9|54
247|./src/_00/output/Elixir/elixir-lang~elixir/lib/elixir/test/elixir/integer_test.exs|elixir-lang|elixir|integer_test.exs|Elixir|217|3|39
248|./src/_00/output/Elixir/elixir-lang~elixir/lib/elixir/pages/mix-and-otp/dependencies-and-umbrella-projects.md|elixir-lang|elixir|dependencies-and-umbrella-projects.md|Markdown|215|0|85
249|./src/_00/output/Elixir/elixir-lang~elixir/lib/elixir/pages/meta-programming/macros.md|elixir-lang|elixir|macros.md|Markdown|212|0|72
250|./src/_00/output/Elixir/elixir-lang~elixir/lib/elixir/src/elixir_interpolation.erl|elixir-lang|elixir|elixir_interpolation.erl|Erlang|212|14|68
251|./src/_00/output/Elixir/elixir-lang~elixir/lib/elixir/test/elixir/inspect/algebra_test.exs|elixir-lang|elixir|algebra_test.exs|Elixir|211|39|69
252|./src/_00/output/Elixir/elixir-lang~elixir/lib/elixir/lib/module/types/pattern.ex|elixir-lang|elixir|pattern.ex|Elixir|209|52|45
253|./src/_00/output/Elixir/elixir-lang~elixir/lib/mix/test/mix/tasks/compile.app_test.exs|elixir-lang|elixir|compile.app_test.exs|Elixir|208|4|67
254|./src/_00/output/Elixir/elixir-lang~elixir/lib/elixir/test/elixir/calendar/date_test.exs|elixir-lang|elixir|date_test.exs|Elixir|207|1|50
255|./src/_00/output/Elixir/elixir-lang~elixir/lib/mix/lib/mix/tasks/test.coverage.ex|elixir-lang|elixir|test.coverage.ex|Elixir|206|112|82
256|./src/_00/output/Elixir/elixir-lang~elixir/lib/mix/lib/mix/local.ex|elixir-lang|elixir|local.ex|Elixir|205|52|58
257|./src/_00/output/Elixir/elixir-lang~elixir/lib/elixir/lib/task/supervisor.ex|elixir-lang|elixir|supervisor.ex|Elixir|204|294|142
258|./src/_00/output/Elixir/elixir-lang~elixir/bin/elixir|elixir-lang|elixir|elixir|Bourne Shell|203|9|32
259|./src/_00/output/Elixir/elixir-lang~elixir/lib/elixir/test/elixir/kernel/import_test.exs|elixir-lang|elixir|import_test.exs|Elixir|203|21|48
260|./src/_00/output/Elixir/elixir-lang~elixir/lib/elixir/scripts/elixir_docs.exs|elixir-lang|elixir|elixir_docs.exs|Elixir|202|12|5
261|./src/_00/output/Elixir/elixir-lang~elixir/lib/iex/test/iex/info_test.exs|elixir-lang|elixir|info_test.exs|Elixir|202|0|53
262|./src/_00/output/Elixir/elixir-lang~elixir/lib/elixir/lib/range.ex|elixir-lang|elixir|range.ex|Elixir|200|276|137
263|./src/_00/output/Elixir/elixir-lang~elixir/lib/elixir/pages/getting-started/keywords-and-maps.md|elixir-lang|elixir|keywords-and-maps.md|Markdown|200|0|76
264|./src/_00/output/Elixir/elixir-lang~elixir/lib/elixir/pages/mix-and-otp/erlang-term-storage.md|elixir-lang|elixir|erlang-term-storage.md|Markdown|200|0|71
265|./src/_00/output/Elixir/elixir-lang~elixir/lib/elixir/test/elixir/calendar/fakes.exs|elixir-lang|elixir|fakes.exs|Elixir|199|0|32
266|./src/_00/output/Elixir/elixir-lang~elixir/lib/mix/test/mix/tasks/help_test.exs|elixir-lang|elixir|help_test.exs|Elixir|199|0|50
267|./src/_00/output/Elixir/elixir-lang~elixir/lib/elixir/test/elixir/range_test.exs|elixir-lang|elixir|range_test.exs|Elixir|198|4|44
268|./src/_00/output/Elixir/elixir-lang~elixir/lib/elixir/lib/kernel/lexical_tracker.ex|elixir-lang|elixir|lexical_tracker.ex|Elixir|197|13|53
269|./src/_00/output/Elixir/elixir-lang~elixir/lib/mix/test/mix/tasks/new_test.exs|elixir-lang|elixir|new_test.exs|Elixir|197|6|50
270|./src/_00/output/Elixir/elixir-lang~elixir/lib/elixir/test/elixir/float_test.exs|elixir-lang|elixir|float_test.exs|Elixir|195|4|36
271|./src/_00/output/Elixir/elixir-lang~elixir/lib/ex_unit/lib/ex_unit/capture_server.ex|elixir-lang|elixir|capture_server.ex|Elixir|192|5|48
272|./src/_00/output/Elixir/elixir-lang~elixir/lib/elixir/pages/references/compatibility-and-deprecations.md|elixir-lang|elixir|compatibility-and-deprecations.md|Markdown|188|0|29
273|./src/_00/output/Elixir/elixir-lang~elixir/lib/elixir/src/elixir_compiler.erl|elixir-lang|elixir|elixir_compiler.erl|Erlang|187|5|32
274|./src/_00/output/Elixir/elixir-lang~elixir/lib/elixir/pages/getting-started/protocols.md|elixir-lang|elixir|protocols.md|Markdown|186|0|70
275|./src/_00/output/Elixir/elixir-lang~elixir/lib/mix/lib/mix/rebar.ex|elixir-lang|elixir|rebar.ex|Elixir|186|37|49
276|./src/_00/output/Elixir/elixir-lang~elixir/README.md|elixir-lang|elixir|README.md|Markdown|182|0|69
277|./src/_00/output/Elixir/elixir-lang~elixir/lib/elixir/lib/file/stream.ex|elixir-lang|elixir|stream.ex|Elixir|182|14|50
278|./src/_00/output/Elixir/elixir-lang~elixir/lib/elixir/src/elixir_erl_try.erl|elixir-lang|elixir|elixir_erl_try.erl|Erlang|182|9|50
279|./src/_00/output/Elixir/elixir-lang~elixir/lib/mix/lib/mix/compilers/erlang.ex|elixir-lang|elixir|erlang.ex|Elixir|181|73|69
280|./src/_00/output/Elixir/elixir-lang~elixir/lib/mix/lib/mix/tasks/help.ex|elixir-lang|elixir|help.ex|Elixir|181|29|66
281|./src/_00/output/Elixir/elixir-lang~elixir/lib/mix/lib/mix/cli.ex|elixir-lang|elixir|cli.ex|Elixir|180|14|46
282|./src/_00/output/Elixir/elixir-lang~elixir/lib/elixir/lib/process.ex|elixir-lang|elixir|process.ex|Elixir|177|543|255
283|./src/_00/output/Elixir/elixir-lang~elixir/lib/elixir/test/elixir/io/ansi_test.exs|elixir-lang|elixir|ansi_test.exs|Elixir|177|0|58
284|./src/_00/output/Elixir/elixir-lang~elixir/lib/logger/lib/logger/utils.ex|elixir-lang|elixir|utils.ex|Elixir|177|24|44
285|./src/_00/output/Elixir/elixir-lang~elixir/lib/elixir/pages/getting-started/sigils.md|elixir-lang|elixir|sigils.md|Markdown|174|0|66
286|./src/_00/output/Elixir/elixir-lang~elixir/lib/elixir/test/elixir/partition_supervisor_test.exs|elixir-lang|elixir|partition_supervisor_test.exs|Elixir|174|0|40
287|./src/_00/output/Elixir/elixir-lang~elixir/lib/elixir/lib/calendar/date_range.ex|elixir-lang|elixir|date_range.ex|Elixir|173|15|39
288|./src/_00/output/Elixir/elixir-lang~elixir/lib/elixir/pages/getting-started/modules-and-functions.md|elixir-lang|elixir|modules-and-functions.md|Markdown|173|0|62
289|./src/_00/output/Elixir/elixir-lang~elixir/lib/elixir/pages/getting-started/processes.md|elixir-lang|elixir|processes.md|Markdown|173|0|62
290|./src/_00/output/Elixir/elixir-lang~elixir/lib/elixir/pages/mix-and-otp/supervisor-and-application.md|elixir-lang|elixir|supervisor-and-application.md|Markdown|172|0|85
291|./src/_00/output/Elixir/elixir-lang~elixir/lib/mix/lib/mix/tasks/profile.eprof.ex|elixir-lang|elixir|profile.eprof.ex|Elixir|172|88|68
292|./src/_00/output/Elixir/elixir-lang~elixir/lib/elixir/test/elixir/calendar/date_range_test.exs|elixir-lang|elixir|date_range_test.exs|Elixir|171|2|40
293|./src/_00/output/Elixir/elixir-lang~elixir/lib/elixir/test/elixir/macro/env_test.exs|elixir-lang|elixir|env_test.exs|Elixir|171|0|54
294|./src/_00/output/Elixir/elixir-lang~elixir/lib/elixir/lib/partition_supervisor.ex|elixir-lang|elixir|partition_supervisor.ex|Elixir|170|182|111
295|./src/_00/output/Elixir/elixir-lang~elixir/lib/elixir/lib/module/locals_tracker.ex|elixir-lang|elixir|locals_tracker.ex|Elixir|169|51|38
296|./src/_00/output/Elixir/elixir-lang~elixir/lib/elixir/pages/getting-started/alias-require-and-import.md|elixir-lang|elixir|alias-require-and-import.md|Markdown|168|0|71
297|./src/_00/output/Elixir/elixir-lang~elixir/lib/elixir/test/elixir/keyword_test.exs|elixir-lang|elixir|keyword_test.exs|Elixir|168|6|57
298|./src/_00/output/Elixir/elixir-lang~elixir/lib/elixir/lib/io/ansi.ex|elixir-lang|elixir|ansi.ex|Elixir|165|84|90
299|./src/_00/output/Elixir/elixir-lang~elixir/lib/ex_unit/test/ex_unit/failures_manifest_test.exs|elixir-lang|elixir|failures_manifest_test.exs|Elixir|165|0|41
300|./src/_00/output/Elixir/elixir-lang~elixir/lib/elixir/test/elixir/kernel/dialyzer_test.exs|elixir-lang|elixir|dialyzer_test.exs|Elixir|164|4|38
301|./src/_00/output/Elixir/elixir-lang~elixir/lib/iex/test/iex/server_test.exs|elixir-lang|elixir|server_test.exs|Elixir|164|2|52
302|./src/_00/output/Elixir/elixir-lang~elixir/lib/mix/lib/mix/tasks/profile.fprof.ex|elixir-lang|elixir|profile.fprof.ex|Elixir|164|99|63
303|./src/_00/output/Elixir/elixir-lang~elixir/lib/elixir/test/elixir/gen_server_test.exs|elixir-lang|elixir|gen_server_test.exs|Elixir|163|2|50
304|./src/_00/output/Elixir/elixir-lang~elixir/lib/elixir/src/elixir_fn.erl|elixir-lang|elixir|elixir_fn.erl|Erlang|162|6|36
305|./src/_00/output/Elixir/elixir-lang~elixir/lib/logger/test/logger/backends/console_test.exs|elixir-lang|elixir|console_test.exs|Elixir|162|0|50
306|./src/_00/output/Elixir/elixir-lang~elixir/lib/elixir/pages/anti-patterns/macro-anti-patterns.md|elixir-lang|elixir|macro-anti-patterns.md|Markdown|159|0|54
307|./src/_00/output/Elixir/elixir-lang~elixir/lib/mix/test/mix/project_test.exs|elixir-lang|elixir|project_test.exs|Elixir|158|1|36
308|./src/_00/output/Elixir/elixir-lang~elixir/lib/mix/test/mix/utils_test.exs|elixir-lang|elixir|utils_test.exs|Elixir|156|8|39
309|./src/_00/output/Elixir/elixir-lang~elixir/lib/elixir/test/elixir/config/provider_test.exs|elixir-lang|elixir|provider_test.exs|Elixir|155|1|41
310|./src/_00/output/Elixir/elixir-lang~elixir/lib/logger/test/logger/backends/handler_test.exs|elixir-lang|elixir|handler_test.exs|Elixir|155|1|42
311|./src/_00/output/Elixir/elixir-lang~elixir/lib/elixir/pages/getting-started/io-and-the-file-system.md|elixir-lang|elixir|io-and-the-file-system.md|Markdown|154|0|67
312|./src/_00/output/Elixir/elixir-lang~elixir/lib/ex_unit/examples/one_of_each.exs|elixir-lang|elixir|one_of_each.exs|Elixir|154|5|43
313|./src/_00/output/Elixir/elixir-lang~elixir/lib/ex_unit/lib/ex_unit/filters.ex|elixir-lang|elixir|filters.ex|Elixir|154|69|63
314|./src/_00/output/Elixir/elixir-lang~elixir/lib/iex/lib/iex/config.ex|elixir-lang|elixir|config.ex|Elixir|154|7|39
315|./src/_00/output/Elixir/elixir-lang~elixir/lib/mix/lib/mix/state.ex|elixir-lang|elixir|state.ex|Elixir|154|6|38
316|./src/_00/output/Elixir/elixir-lang~elixir/lib/elixir/test/elixir/protocol/consolidation_test.exs|elixir-lang|elixir|consolidation_test.exs|Elixir|153|3|37
317|./src/_00/output/Elixir/elixir-lang~elixir/lib/elixir/pages/mix-and-otp/agents.md|elixir-lang|elixir|agents.md|Markdown|152|0|60
318|./src/_00/output/Elixir/elixir-lang~elixir/lib/elixir/test/elixir/application_test.exs|elixir-lang|elixir|application_test.exs|Elixir|151|0|46
319|./src/_00/output/Elixir/elixir-lang~elixir/lib/mix/test/mix/tasks/profile.tprof_test.exs|elixir-lang|elixir|profile.tprof_test.exs|Elixir|151|1|37
320|./src/_00/output/Elixir/elixir-lang~elixir/lib/elixir/pages/meta-programming/domain-specific-languages.md|elixir-lang|elixir|domain-specific-languages.md|Markdown|150|0|48
321|./src/_00/output/Elixir/elixir-lang~elixir/lib/mix/test/mix/tasks/compile.erlang_test.exs|elixir-lang|elixir|compile.erlang_test.exs|Elixir|149|6|41
322|./src/_00/output/Elixir/elixir-lang~elixir/lib/elixir/pages/getting-started/pattern-matching.md|elixir-lang|elixir|pattern-matching.md|Markdown|148|0|50
323|./src/_00/output/Elixir/elixir-lang~elixir/lib/elixir/test/elixir/process_test.exs|elixir-lang|elixir|process_test.exs|Elixir|148|5|38
324|./src/_00/output/Elixir/elixir-lang~elixir/lib/mix/lib/mix/tasks/compile.protocols.ex|elixir-lang|elixir|compile.protocols.ex|Elixir|147|46|50
325|./src/_00/output/Elixir/elixir-lang~elixir/lib/ex_unit/examples/difference.exs|elixir-lang|elixir|difference.exs|Elixir|145|5|41
326|./src/_00/output/Elixir/elixir-lang~elixir/lib/mix/lib/mix/tasks/compile.erlang.ex|elixir-lang|elixir|compile.erlang.ex|Elixir|144|28|49
327|./src/_00/output/Elixir/elixir-lang~elixir/lib/elixir/lib/calendar/duration.ex|elixir-lang|elixir|duration.ex|Elixir|143|122|69
328|./src/_00/output/Elixir/elixir-lang~elixir/lib/ex_unit/test/ex_unit/runner_stats_test.exs|elixir-lang|elixir|runner_stats_test.exs|Elixir|143|0|26
329|./src/_00/output/Elixir/elixir-lang~elixir/lib/mix/test/mix/tasks/app.start_test.exs|elixir-lang|elixir|app.start_test.exs|Elixir|143|0|39
330|./src/_00/output/Elixir/elixir-lang~elixir/lib/elixir/pages/getting-started/lists-and-tuples.md|elixir-lang|elixir|lists-and-tuples.md|Markdown|142|0|50
331|./src/_00/output/Elixir/elixir-lang~elixir/lib/elixir/pages/mix-and-otp/dynamic-supervisor.md|elixir-lang|elixir|dynamic-supervisor.md|Markdown|141|0|58
332|./src/_00/output/Elixir/elixir-lang~elixir/lib/elixir/lib/config.ex|elixir-lang|elixir|config.ex|Elixir|140|137|84
333|./src/_00/output/Elixir/elixir-lang~elixir/lib/elixir/pages/getting-started/erlang-libraries.md|elixir-lang|elixir|erlang-libraries.md|Markdown|140|0|48
334|./src/_00/output/Elixir/elixir-lang~elixir/lib/elixir/test/elixir/kernel/alias_test.exs|elixir-lang|elixir|alias_test.exs|Elixir|140|3|37
335|./src/_00/output/Elixir/elixir-lang~elixir/lib/mix/lib/mix/tasks/profile.cprof.ex|elixir-lang|elixir|profile.cprof.ex|Elixir|140|81|56
336|./src/_00/output/Elixir/elixir-lang~elixir/lib/mix/test/mix/tasks/deps.tree_test.exs|elixir-lang|elixir|deps.tree_test.exs|Elixir|140|0|23
337|./src/_00/output/Elixir/elixir-lang~elixir/lib/elixir/pages/getting-started/module-attributes.md|elixir-lang|elixir|module-attributes.md|Markdown|139|0|55
338|./src/_00/output/Elixir/elixir-lang~elixir/lib/elixir/src/elixir_erl_compiler.erl|elixir-lang|elixir|elixir_erl_compiler.erl|Erlang|139|9|32
339|./src/_00/output/Elixir/elixir-lang~elixir/lib/mix/lib/mix/tasks/compile.ex|elixir-lang|elixir|compile.ex|Elixir|139|70|53
340|./src/_00/output/Elixir/elixir-lang~elixir/lib/elixir/pages/getting-started/case-cond-and-if.md|elixir-lang|elixir|case-cond-and-if.md|Markdown|138|0|36
341|./src/_00/output/Elixir/elixir-lang~elixir/lib/logger/test/logger/formatter_test.exs|elixir-lang|elixir|formatter_test.exs|Elixir|138|9|34
342|./src/_00/output/Elixir/elixir-lang~elixir/lib/elixir/lib/map_set.ex|elixir-lang|elixir|map_set.ex|Elixir|135|200|114
343|./src/_00/output/Elixir/elixir-lang~elixir/lib/iex/lib/iex/broker.ex|elixir-lang|elixir|broker.ex|Elixir|135|21|31
344|./src/_00/output/Elixir/elixir-lang~elixir/lib/elixir/test/elixir/calendar/holocene.exs|elixir-lang|elixir|holocene.exs|Elixir|134|4|35
345|./src/_00/output/Elixir/elixir-lang~elixir/lib/elixir/scripts/diff.exs|elixir-lang|elixir|diff.exs|Elixir|133|11|27
346|./src/_00/output/Elixir/elixir-lang~elixir/lib/elixir/pages/getting-started/debugging.md|elixir-lang|elixir|debugging.md|Markdown|131|0|57
347|./src/_00/output/Elixir/elixir-lang~elixir/.github/workflows/builds.hex.pm.yml|elixir-lang|elixir|builds.hex.pm.yml|YAML|130|0|4
348|./src/_00/output/Elixir/elixir-lang~elixir/lib/elixir/lib/gen_event/stream.ex|elixir-lang|elixir|stream.ex|Elixir|129|13|29
349|./src/_00/output/Elixir/elixir-lang~elixir/lib/elixir/lib/set.ex|elixir-lang|elixir|set.ex|Elixir|129|4|27
350|./src/_00/output/Elixir/elixir-lang~elixir/lib/elixir/test/elixir/kernel/fn_test.exs|elixir-lang|elixir|fn_test.exs|Elixir|128|0|32
351|./src/_00/output/Elixir/elixir-lang~elixir/lib/mix/test/mix/tasks/app.tree_test.exs|elixir-lang|elixir|app.tree_test.exs|Elixir|127|0|25
352|./src/_00/output/Elixir/elixir-lang~elixir/lib/elixir/src/elixir_env.erl|elixir-lang|elixir|elixir_env.erl|Erlang|126|4|26
353|./src/_00/output/Elixir/elixir-lang~elixir/lib/elixir/test/elixir/string/chars_test.exs|elixir-lang|elixir|chars_test.exs|Elixir|125|0|39
354|./src/_00/output/Elixir/elixir-lang~elixir/lib/ex_unit/test/ex_unit/supervised_test.exs|elixir-lang|elixir|supervised_test.exs|Elixir|124|0|32
355|./src/_00/output/Elixir/elixir-lang~elixir/lib/elixir/test/elixir/map_set_test.exs|elixir-lang|elixir|map_set_test.exs|Elixir|123|0|42
356|./src/_00/output/Elixir/elixir-lang~elixir/lib/ex_unit/lib/ex_unit/capture_io.ex|elixir-lang|elixir|capture_io.ex|Elixir|123|129|74
357|./src/_00/output/Elixir/elixir-lang~elixir/lib/mix/lib/mix/tasks/run.ex|elixir-lang|elixir|run.ex|Elixir|122|42|39
358|./src/_00/output/Elixir/elixir-lang~elixir/lib/mix/test/mix/tasks/compile.protocols_test.exs|elixir-lang|elixir|compile.protocols_test.exs|Elixir|122|10|33
359|./src/_00/output/Elixir/elixir-lang~elixir/lib/elixir/src/elixir_code_server.erl|elixir-lang|elixir|elixir_code_server.erl|Erlang|121|7|28
360|./src/_00/output/Elixir/elixir-lang~elixir/lib/mix/test/mix/tasks/run_test.exs|elixir-lang|elixir|run_test.exs|Elixir|121|0|32
361|./src/_00/output/Elixir/elixir-lang~elixir/lib/eex/lib/eex/engine.ex|elixir-lang|elixir|engine.ex|Elixir|119|53|49
362|./src/_00/output/Elixir/elixir-lang~elixir/lib/elixir/test/elixir/kernel/with_test.exs|elixir-lang|elixir|with_test.exs|Elixir|119|0|29
363|./src/_00/output/Elixir/elixir-lang~elixir/lib/mix/test/mix/tasks/app.config_test.exs|elixir-lang|elixir|app.config_test.exs|Elixir|119|0|33
364|./src/_00/output/Elixir/elixir-lang~elixir/bin/elixir.bat|elixir-lang|elixir|elixir.bat|DOS Batch|118|10|14
365|./src/_00/output/Elixir/elixir-lang~elixir/lib/elixir/lib/integer.ex|elixir-lang|elixir|integer.ex|Elixir|118|233|138
366|./src/_00/output/Elixir/elixir-lang~elixir/lib/elixir/test/elixir/kernel/sigils_test.exs|elixir-lang|elixir|sigils_test.exs|Elixir|116|1|26
367|./src/_00/output/Elixir/elixir-lang~elixir/lib/ex_unit/lib/ex_unit/on_exit_handler.ex|elixir-lang|elixir|on_exit_handler.ex|Elixir|114|3|25
368|./src/_00/output/Elixir/elixir-lang~elixir/lib/mix/test/mix/tasks/do_test.exs|elixir-lang|elixir|do_test.exs|Elixir|114|0|26
369|./src/_00/output/Elixir/elixir-lang~elixir/.github/workflows/ci.yml|elixir-lang|elixir|ci.yml|YAML|113|1|6
370|./src/_00/output/Elixir/elixir-lang~elixir/lib/elixir/src/elixir_lexical.erl|elixir-lang|elixir|elixir_lexical.erl|Erlang|113|5|16
371|./src/_00/output/Elixir/elixir-lang~elixir/lib/elixir/src/elixir_locals.erl|elixir-lang|elixir|elixir_locals.erl|Erlang|113|3|30
372|./src/_00/output/Elixir/elixir-lang~elixir/lib/ex_unit/test/ex_unit/capture_log_test.exs|elixir-lang|elixir|capture_log_test.exs|Elixir|112|1|27
373|./src/_00/output/Elixir/elixir-lang~elixir/lib/logger/lib/logger/app.ex|elixir-lang|elixir|app.ex|Elixir|111|11|28
374|./src/_00/output/Elixir/elixir-lang~elixir/lib/mix/lib/mix/dep/fetcher.ex|elixir-lang|elixir|fetcher.ex|Elixir|111|27|30
375|./src/_00/output/Elixir/elixir-lang~elixir/lib/mix/lib/mix/app_loader.ex|elixir-lang|elixir|app_loader.ex|Elixir|110|28|19
376|./src/_00/output/Elixir/elixir-lang~elixir/lib/elixir/lib/code/identifier.ex|elixir-lang|elixir|identifier.ex|Elixir|108|19|25
377|./src/_00/output/Elixir/elixir-lang~elixir/lib/elixir/pages/getting-started/structs.md|elixir-lang|elixir|structs.md|Markdown|107|0|33
378|./src/_00/output/Elixir/elixir-lang~elixir/lib/elixir/pages/references/operators.md|elixir-lang|elixir|operators.md|Markdown|107|0|32
379|./src/_00/output/Elixir/elixir-lang~elixir/lib/elixir/test/elixir/module/types/type_helper.exs|elixir-lang|elixir|type_helper.exs|Elixir|107|18|28
380|./src/_00/output/Elixir/elixir-lang~elixir/lib/ex_unit/test/ex_unit/describe_test.exs|elixir-lang|elixir|describe_test.exs|Elixir|107|0|28
381|./src/_00/output/Elixir/elixir-lang~elixir/lib/elixir/src/elixir_overridable.erl|elixir-lang|elixir|elixir_overridable.erl|Erlang|106|3|24
382|./src/_00/output/Elixir/elixir-lang~elixir/lib/iex/lib/iex/cli.ex|elixir-lang|elixir|cli.ex|Elixir|105|6|25
383|./src/_00/output/Elixir/elixir-lang~elixir/lib/mix/test/mix/local/installer_test.exs|elixir-lang|elixir|installer_test.exs|Elixir|104|2|32
384|./src/_00/output/Elixir/elixir-lang~elixir/lib/elixir/pages/meta-programming/quote-and-unquote.md|elixir-lang|elixir|quote-and-unquote.md|Markdown|103|0|45
385|./src/_00/output/Elixir/elixir-lang~elixir/lib/mix/lib/mix/tasks/deps.tree.ex|elixir-lang|elixir|deps.tree.ex|Elixir|103|30|45
386|./src/_00/output/Elixir/elixir-lang~elixir/lib/ex_unit/lib/ex_unit/server.ex|elixir-lang|elixir|server.ex|Elixir|102|5|26
387|./src/_00/output/Elixir/elixir-lang~elixir/lib/elixir/test/elixir/calendar/time_test.exs|elixir-lang|elixir|time_test.exs|Elixir|101|0|27
388|./src/_00/output/Elixir/elixir-lang~elixir/lib/mix/test/mix/tasks/profile.eprof_test.exs|elixir-lang|elixir|profile.eprof_test.exs|Elixir|101|0|22
389|./src/_00/output/Elixir/elixir-lang~elixir/lib/elixir/pages/getting-started/anonymous-functions.md|elixir-lang|elixir|anonymous-functions.md|Markdown|100|0|30
390|./src/_00/output/Elixir/elixir-lang~elixir/lib/elixir/test/erlang/string_test.erl|elixir-lang|elixir|string_test.erl|Erlang|100|2|34
391|./src/_00/output/Elixir/elixir-lang~elixir/lib/mix/test/mix/local_test.exs|elixir-lang|elixir|local_test.exs|Elixir|100|4|17
392|./src/_00/output/Elixir/elixir-lang~elixir/lib/elixir/pages/getting-started/recursion.md|elixir-lang|elixir|recursion.md|Markdown|99|0|41
393|./src/_00/output/Elixir/elixir-lang~elixir/lib/ex_unit/lib/ex_unit/runner_stats.ex|elixir-lang|elixir|runner_stats.ex|Elixir|97|3|24
394|./src/_00/output/Elixir/elixir-lang~elixir/lib/elixir/pages/getting-started/writing-documentation.md|elixir-lang|elixir|writing-documentation.md|Markdown|96|0|55
395|./src/_00/output/Elixir/elixir-lang~elixir/lib/elixir/test/elixir/kernel/defaults_test.exs|elixir-lang|elixir|defaults_test.exs|Elixir|96|0|16
396|./src/_00/output/Elixir/elixir-lang~elixir/lib/elixir/test/elixir/module/locals_tracker_test.exs|elixir-lang|elixir|locals_tracker_test.exs|Elixir|96|5|34
397|./src/_00/output/Elixir/elixir-lang~elixir/lib/iex/lib/iex.ex|elixir-lang|elixir|iex.ex|Elixir|96|534|233
398|./src/_00/output/Elixir/elixir-lang~elixir/lib/logger/lib/logger/backends/handler.ex|elixir-lang|elixir|handler.ex|Elixir|96|5|24
399|./src/_00/output/Elixir/elixir-lang~elixir/lib/logger/test/logger/backends_test.exs|elixir-lang|elixir|backends_test.exs|Elixir|96|0|21
400|./src/_00/output/Elixir/elixir-lang~elixir/lib/mix/lib/mix/tasks/compile.elixir.ex|elixir-lang|elixir|compile.elixir.ex|Elixir|95|66|38
401|./src/_00/output/Elixir/elixir-lang~elixir/lib/mix/lib/mix/tasks/deps.loadpaths.ex|elixir-lang|elixir|deps.loadpaths.ex|Elixir|95|17|32
402|./src/_00/output/Elixir/elixir-lang~elixir/lib/mix/test/mix/tasks/profile.fprof_test.exs|elixir-lang|elixir|profile.fprof_test.exs|Elixir|95|0|23
403|./src/_00/output/Elixir/elixir-lang~elixir/lib/elixir/lib/supervisor/spec.ex|elixir-lang|elixir|spec.ex|Elixir|94|127|68
404|./src/_00/output/Elixir/elixir-lang~elixir/lib/elixir/src/elixir_erl_var.erl|elixir-lang|elixir|elixir_erl_var.erl|Erlang|94|5|24
405|./src/_00/output/Elixir/elixir-lang~elixir/lib/elixir/test/elixir/test_helper.exs|elixir-lang|elixir|test_helper.exs|Elixir|94|1|21
406|./src/_00/output/Elixir/elixir-lang~elixir/lib/mix/lib/mix/tasks/escript.install.ex|elixir-lang|elixir|escript.install.ex|Elixir|94|48|42
407|./src/_00/output/Elixir/elixir-lang~elixir/lib/mix/test/mix/tasks/profile.cprof_test.exs|elixir-lang|elixir|profile.cprof_test.exs|Elixir|93|0|21
408|./src/_00/output/Elixir/elixir-lang~elixir/lib/elixir/test/elixir/module/types/pattern_test.exs|elixir-lang|elixir|pattern_test.exs|Elixir|92|13|38
409|./src/_00/output/Elixir/elixir-lang~elixir/lib/elixir/test/erlang/function_test.erl|elixir-lang|elixir|function_test.erl|Erlang|92|2|34
410|./src/_00/output/Elixir/elixir-lang~elixir/lib/elixir/test/elixir/config_test.exs|elixir-lang|elixir|config_test.exs|Elixir|91|2|26
411|./src/_00/output/Elixir/elixir-lang~elixir/lib/mix/lib/mix/tasks/deps.clean.ex|elixir-lang|elixir|deps.clean.ex|Elixir|91|19|29
412|./src/_00/output/Elixir/elixir-lang~elixir/lib/elixir/lib/node.ex|elixir-lang|elixir|node.ex|Elixir|90|146|70
413|./src/_00/output/Elixir/elixir-lang~elixir/lib/elixir/pages/references/unicode-syntax.md|elixir-lang|elixir|unicode-syntax.md|Markdown|90|0|73
414|./src/_00/output/Elixir/elixir-lang~elixir/lib/mix/test/mix/tasks/compile.yecc_test.exs|elixir-lang|elixir|compile.yecc_test.exs|Elixir|89|1|22
415|./src/_00/output/Elixir/elixir-lang~elixir/lib/mix/lib/mix/config.ex|elixir-lang|elixir|config.ex|Elixir|88|1|19
416|./src/_00/output/Elixir/elixir-lang~elixir/lib/mix/lib/mix/generator.ex|elixir-lang|elixir|generator.ex|Elixir|88|88|53
417|./src/_00/output/Elixir/elixir-lang~elixir/lib/mix/lib/mix/tasks/archive.install.ex|elixir-lang|elixir|archive.install.ex|Elixir|88|41|38
418|./src/_00/output/Elixir/elixir-lang~elixir/lib/elixir/pages/getting-started/enumerable-and-streams.md|elixir-lang|elixir|enumerable-and-streams.md|Markdown|87|0|37
419|./src/_00/output/Elixir/elixir-lang~elixir/lib/mix/lib/mix/tasks/compile.all.ex|elixir-lang|elixir|compile.all.ex|Elixir|87|16|27
420|./src/_00/output/Elixir/elixir-lang~elixir/lib/elixir/pages/references/naming-conventions.md|elixir-lang|elixir|naming-conventions.md|Markdown|85|0|60
421|./src/_00/output/Elixir/elixir-lang~elixir/lib/iex/lib/iex/history.ex|elixir-lang|elixir|history.ex|Elixir|85|19|27
422|./src/_00/output/Elixir/elixir-lang~elixir/lib/eex/lib/eex.ex|elixir-lang|elixir|eex.ex|Elixir|84|178|88
423|./src/_00/output/Elixir/elixir-lang~elixir/lib/elixir/lib/agent.ex|elixir-lang|elixir|agent.ex|Elixir|84|303|127
424|./src/_00/output/Elixir/elixir-lang~elixir/lib/elixir/lib/module/types/helpers.ex|elixir-lang|elixir|helpers.ex|Elixir|83|31|22
425|./src/_00/output/Elixir/elixir-lang~elixir/lib/mix/test/mix/state_test.exs|elixir-lang|elixir|state_test.exs|Elixir|83|0|18
426|./src/_00/output/Elixir/elixir-lang~elixir/lib/elixir/lib/behaviour.ex|elixir-lang|elixir|behaviour.ex|Elixir|82|16|25
427|./src/_00/output/Elixir/elixir-lang~elixir/lib/elixir/lib/record/extractor.ex|elixir-lang|elixir|extractor.ex|Elixir|82|12|23
428|./src/_00/output/Elixir/elixir-lang~elixir/lib/elixir/unicode/security.ex|elixir-lang|elixir|security.ex|Elixir|82|10|20
429|./src/_00/output/Elixir/elixir-lang~elixir/lib/elixir/lib/collectable.ex|elixir-lang|elixir|collectable.ex|Elixir|79|64|48
430|./src/_00/output/Elixir/elixir-lang~elixir/lib/elixir/test/elixir/agent_test.exs|elixir-lang|elixir|agent_test.exs|Elixir|79|0|17
431|./src/_00/output/Elixir/elixir-lang~elixir/lib/elixir/lib/bitwise.ex|elixir-lang|elixir|bitwise.ex|Elixir|76|116|78
432|./src/_00/output/Elixir/elixir-lang~elixir/lib/ex_unit/test/ex_unit/register_test.exs|elixir-lang|elixir|register_test.exs|Elixir|76|0|21
433|./src/_00/output/Elixir/elixir-lang~elixir/lib/mix/lib/mix/tasks/archive.build.ex|elixir-lang|elixir|archive.build.ex|Elixir|76|32|31
434|./src/_00/output/Elixir/elixir-lang~elixir/lib/elixir/pages/getting-started/comprehensions.md|elixir-lang|elixir|comprehensions.md|Markdown|75|0|35
435|./src/_00/output/Elixir/elixir-lang~elixir/lib/mix/lib/mix/task.compiler.ex|elixir-lang|elixir|task.compiler.ex|Elixir|73|60|32
436|./src/_00/output/Elixir/elixir-lang~elixir/lib/mix/lib/mix/tasks/local.rebar.ex|elixir-lang|elixir|local.rebar.ex|Elixir|72|23|35
437|./src/_00/output/Elixir/elixir-lang~elixir/lib/mix/lib/mix/tasks/loadconfig.ex|elixir-lang|elixir|loadconfig.ex|Elixir|71|17|27
438|./src/_00/output/Elixir/elixir-lang~elixir/lib/ex_unit/lib/ex_unit/failures_manifest.ex|elixir-lang|elixir|failures_manifest.ex|Elixir|70|7|18
439|./src/_00/output/Elixir/elixir-lang~elixir/lib/logger/lib/logger/backends/config.ex|elixir-lang|elixir|config.ex|Elixir|70|15|20
440|./src/_00/output/Elixir/elixir-lang~elixir/lib/logger/lib/logger/backends/internal.ex|elixir-lang|elixir|internal.ex|Elixir|70|39|30
441|./src/_00/output/Elixir/elixir-lang~elixir/lib/mix/lib/mix/exceptions.ex|elixir-lang|elixir|exceptions.ex|Elixir|70|1|19
442|./src/_00/output/Elixir/elixir-lang~elixir/.github/workflows/release_pre_built/action.yml|elixir-lang|elixir|action.yml|YAML|69|0|0
443|./src/_00/output/Elixir/elixir-lang~elixir/lib/ex_unit/lib/ex_unit/event_manager.ex|elixir-lang|elixir|event_manager.ex|Elixir|68|7|18
444|./src/_00/output/Elixir/elixir-lang~elixir/lib/mix/lib/mix/scm/path.ex|elixir-lang|elixir|path.ex|Elixir|68|0|15
445|./src/_00/output/Elixir/elixir-lang~elixir/lib/mix/test/mix/tasks/clean_test.exs|elixir-lang|elixir|clean_test.exs|Elixir|68|0|16
446|./src/_00/output/Elixir/elixir-lang~elixir/lib/elixir/test/elixir/config/reader_test.exs|elixir-lang|elixir|reader_test.exs|Elixir|67|0|24
447|./src/_00/output/Elixir/elixir-lang~elixir/lib/elixir/test/elixir/kernel/special_forms_test.exs|elixir-lang|elixir|special_forms_test.exs|Elixir|67|0|19
448|./src/_00/output/Elixir/elixir-lang~elixir/lib/mix/lib/mix/tasks/deps.unlock.ex|elixir-lang|elixir|deps.unlock.ex|Elixir|67|14|23
449|./src/_00/output/Elixir/elixir-lang~elixir/lib/mix/test/mix/tasks/loadconfig_test.exs|elixir-lang|elixir|loadconfig_test.exs|Elixir|67|4|20
450|./src/_00/output/Elixir/elixir-lang~elixir/lib/elixir/pages/getting-started/optional-syntax.md|elixir-lang|elixir|optional-syntax.md|Markdown|66|0|28
451|./src/_00/output/Elixir/elixir-lang~elixir/lib/elixir/test/elixir/kernel/string_tokenizer_test.exs|elixir-lang|elixir|string_tokenizer_test.exs|Elixir|66|0|6
452|./src/_00/output/Elixir/elixir-lang~elixir/lib/mix/test/mix/dep/lock_test.exs|elixir-lang|elixir|lock_test.exs|Elixir|66|0|12
453|./src/_00/output/Elixir/elixir-lang~elixir/.github/workflows/release.yml|elixir-lang|elixir|release.yml|YAML|65|0|4
454|./src/_00/output/Elixir/elixir-lang~elixir/lib/elixir/lib/module/types.ex|elixir-lang|elixir|types.ex|Elixir|65|11|16
455|./src/_00/output/Elixir/elixir-lang~elixir/lib/logger/lib/logger/backends/watcher.ex|elixir-lang|elixir|watcher.ex|Elixir|65|5|15
456|./src/_00/output/Elixir/elixir-lang~elixir/lib/mix/lib/mix/shell/process.ex|elixir-lang|elixir|process.ex|Elixir|64|70|45
457|./src/_00/output/Elixir/elixir-lang~elixir/lib/mix/test/mix/tasks/cmd_test.exs|elixir-lang|elixir|cmd_test.exs|Elixir|64|0|6
458|./src/_00/output/Elixir/elixir-lang~elixir/lib/elixir/src/elixir_config.erl|elixir-lang|elixir|elixir_config.erl|Erlang|63|5|20
459|./src/_00/output/Elixir/elixir-lang~elixir/lib/elixir/test/elixir/function_test.exs|elixir-lang|elixir|function_test.exs|Elixir|62|0|21
460|./src/_00/output/Elixir/elixir-lang~elixir/lib/mix/test/mix/aliases_test.exs|elixir-lang|elixir|aliases_test.exs|Elixir|62|1|14
461|./src/_00/output/Elixir/elixir-lang~elixir/lib/elixir/test/elixir/kernel/macros_test.exs|elixir-lang|elixir|macros_test.exs|Elixir|61|0|20
462|./src/_00/output/Elixir/elixir-lang~elixir/lib/mix/lib/mix/tasks/app.tree.ex|elixir-lang|elixir|app.tree.ex|Elixir|61|17|26
463|./src/_00/output/Elixir/elixir-lang~elixir/lib/mix/test/mix/scm/git_test.exs|elixir-lang|elixir|git_test.exs|Elixir|61|0|19
464|./src/_00/output/Elixir/elixir-lang~elixir/lib/mix/test/mix/shell/io_test.exs|elixir-lang|elixir|io_test.exs|Elixir|61|0|18
465|./src/_00/output/Elixir/elixir-lang~elixir/lib/mix/lib/mix/tasks/app.start.ex|elixir-lang|elixir|app.start.ex|Elixir|58|34|21
466|./src/_00/output/Elixir/elixir-lang~elixir/lib/mix/lib/mix/tasks/do.ex|elixir-lang|elixir|do.ex|Elixir|57|30|35
467|./src/_00/output/Elixir/elixir-lang~elixir/.github/workflows/notify.exs|elixir-lang|elixir|notify.exs|Elixir|55|5|15
468|./src/_00/output/Elixir/elixir-lang~elixir/lib/elixir/lib/io/stream.ex|elixir-lang|elixir|stream.ex|Elixir|54|9|17
469|./src/_00/output/Elixir/elixir-lang~elixir/lib/elixir/lib/port.ex|elixir-lang|elixir|port.ex|Elixir|54|216|81
470|./src/_00/output/Elixir/elixir-lang~elixir/lib/iex/test/test_helper.exs|elixir-lang|elixir|test_helper.exs|Elixir|54|25|15
471|./src/_00/output/Elixir/elixir-lang~elixir/lib/mix/lib/mix/dep/umbrella.ex|elixir-lang|elixir|umbrella.ex|Elixir|54|9|10
472|./src/_00/output/Elixir/elixir-lang~elixir/lib/elixir/lib/calendar/time_zone_database.ex|elixir-lang|elixir|time_zone_database.ex|Elixir|52|27|19
473|./src/_00/output/Elixir/elixir-lang~elixir/lib/logger/lib/logger/backends/supervisor.ex|elixir-lang|elixir|supervisor.ex|Elixir|52|0|12
474|./src/_00/output/Elixir/elixir-lang~elixir/lib/mix/lib/mix/hex.ex|elixir-lang|elixir|hex.ex|Elixir|52|14|12
475|./src/_00/output/Elixir/elixir-lang~elixir/lib/logger/test/logger/utils_test.exs|elixir-lang|elixir|utils_test.exs|Elixir|51|0|15
476|./src/_00/output/Elixir/elixir-lang~elixir/lib/mix/test/mix/tasks/compile.leex_test.exs|elixir-lang|elixir|compile.leex_test.exs|Elixir|50|0|12
477|./src/_00/output/Elixir/elixir-lang~elixir/lib/mix/test/mix/tasks/eval_test.exs|elixir-lang|elixir|eval_test.exs|Elixir|50|0|13
478|./src/_00/output/Elixir/elixir-lang~elixir/lib/elixir/src/elixir_bootstrap.erl|elixir-lang|elixir|elixir_bootstrap.erl|Erlang|49|3|11
479|./src/_00/output/Elixir/elixir-lang~elixir/lib/ex_unit/test/ex_unit/case_template_test.exs|elixir-lang|elixir|case_template_test.exs|Elixir|48|0|15
480|./src/_00/output/Elixir/elixir-lang~elixir/lib/mix/lib/mix/shell/io.ex|elixir-lang|elixir|io.ex|Elixir|47|39|23
481|./src/_00/output/Elixir/elixir-lang~elixir/CODE_OF_CONDUCT.md|elixir-lang|elixir|CODE_OF_CONDUCT.md|Markdown|46|0|20
482|./src/_00/output/Elixir/elixir-lang~elixir/lib/logger/test/test_helper.exs|elixir-lang|elixir|test_helper.exs|Elixir|46|0|8
483|./src/_00/output/Elixir/elixir-lang~elixir/.github/ISSUE_TEMPLATE/issue.yml|elixir-lang|elixir|issue.yml|YAML|45|0|8
484|./src/_00/output/Elixir/elixir-lang~elixir/lib/eex/test/eex/smart_engine_test.exs|elixir-lang|elixir|smart_engine_test.exs|Elixir|45|0|14
485|./src/_00/output/Elixir/elixir-lang~elixir/lib/elixir/test/elixir/tuple_test.exs|elixir-lang|elixir|tuple_test.exs|Elixir|45|3|17
486|./src/_00/output/Elixir/elixir-lang~elixir/lib/mix/lib/mix/tasks/local.hex.ex|elixir-lang|elixir|local.hex.ex|Elixir|45|22|22
487|./src/_00/output/Elixir/elixir-lang~elixir/lib/mix/test/mix/tasks/local.public_keys_test.exs|elixir-lang|elixir|local.public_keys_test.exs|Elixir|45|0|9
488|./src/_00/output/Elixir/elixir-lang~elixir/lib/elixir/src/iex.erl|elixir-lang|elixir|iex.erl|Erlang|44|26|14
489|./src/_00/output/Elixir/elixir-lang~elixir/lib/mix/lib/mix/dep/lock.ex|elixir-lang|elixir|lock.ex|Elixir|44|11|9
490|./src/_00/output/Elixir/elixir-lang~elixir/lib/mix/lib/mix/tasks/local.public_keys.ex|elixir-lang|elixir|local.public_keys.ex|Elixir|44|19|23
491|./src/_00/output/Elixir/elixir-lang~elixir/lib/mix/test/mix/tasks/deps.path_test.exs|elixir-lang|elixir|deps.path_test.exs|Elixir|44|0|7
492|./src/_00/output/Elixir/elixir-lang~elixir/lib/elixir/pages/references/gradual-set-theoretic-types.md|elixir-lang|elixir|gradual-set-theoretic-types.md|Markdown|43|0|36
493|./src/_00/output/Elixir/elixir-lang~elixir/lib/elixir/src/elixir_erl_clauses.erl|elixir-lang|elixir|elixir_erl_clauses.erl|Erlang|43|7|15
494|./src/_00/output/Elixir/elixir-lang~elixir/lib/mix/lib/mix/tasks/eval.ex|elixir-lang|elixir|eval.ex|Elixir|43|36|21
495|./src/_00/output/Elixir/elixir-lang~elixir/lib/elixir/lib/config/reader.ex|elixir-lang|elixir|reader.ex|Elixir|42|65|31
496|./src/_00/output/Elixir/elixir-lang~elixir/lib/elixir/lib/kernel/special_forms.ex|elixir-lang|elixir|special_forms.ex|Elixir|42|1738|602
497|./src/_00/output/Elixir/elixir-lang~elixir/lib/mix/lib/mix/shell.ex|elixir-lang|elixir|shell.ex|Elixir|42|65|38
498|./src/_00/output/Elixir/elixir-lang~elixir/lib/mix/lib/mix/tasks/archive.check.ex|elixir-lang|elixir|archive.check.ex|Elixir|41|8|16
499|./src/_00/output/Elixir/elixir-lang~elixir/lib/mix/lib/mix/tasks/compile.leex.ex|elixir-lang|elixir|compile.leex.ex|Elixir|41|22|23
500|./src/_00/output/Elixir/elixir-lang~elixir/lib/mix/lib/mix/tasks/compile.yecc.ex|elixir-lang|elixir|compile.yecc.ex|Elixir|41|23|23
501|./src/_00/output/Elixir/elixir-lang~elixir/lib/mix/test/fixtures/release_test/lib/release_test.ex|elixir-lang|elixir|release_test.ex|Elixir|41|0|6
502|./src/_00/output/Elixir/elixir-lang~elixir/lib/elixir/lib/agent/server.ex|elixir-lang|elixir|server.ex|Elixir|40|0|11
503|./src/_00/output/Elixir/elixir-lang~elixir/lib/mix/lib/mix/tasks/app.config.ex|elixir-lang|elixir|app.config.ex|Elixir|39|26|18
504|./src/_00/output/Elixir/elixir-lang~elixir/lib/mix/lib/mix/tasks/escript.ex|elixir-lang|elixir|escript.ex|Elixir|39|6|12
505|./src/_00/output/Elixir/elixir-lang~elixir/lib/elixir/src/elixir.hrl|elixir-lang|elixir|elixir.hrl|Erlang|38|1|3
506|./src/_00/output/Elixir/elixir-lang~elixir/lib/mix/lib/mix/tasks/clean.ex|elixir-lang|elixir|clean.ex|Elixir|38|14|15
507|./src/_00/output/Elixir/elixir-lang~elixir/lib/elixir/lib/list/chars.ex|elixir-lang|elixir|chars.ex|Elixir|37|15|11
508|./src/_00/output/Elixir/elixir-lang~elixir/lib/elixir/lib/string/chars.ex|elixir-lang|elixir|chars.ex|Elixir|37|14|11
509|./src/_00/output/Elixir/elixir-lang~elixir/lib/elixir/test/elixir/fixtures/dialyzer/with.ex|elixir-lang|elixir|with.ex|Elixir|37|0|8
510|./src/_00/output/Elixir/elixir-lang~elixir/lib/ex_unit/lib/ex_unit/capture_log.ex|elixir-lang|elixir|capture_log.ex|Elixir|37|66|25
511|./src/_00/output/Elixir/elixir-lang~elixir/lib/elixir/test/elixir/bitwise_test.exs|elixir-lang|elixir|bitwise_test.exs|Elixir|36|0|12
512|./src/_00/output/Elixir/elixir-lang~elixir/lib/elixir/test/elixir/kernel/deprecated_test.exs|elixir-lang|elixir|deprecated_test.exs|Elixir|36|0|9
513|./src/_00/output/Elixir/elixir-lang~elixir/lib/ex_unit/mix.exs|elixir-lang|elixir|mix.exs|Elixir|36|3|3
514|./src/_00/output/Elixir/elixir-lang~elixir/lib/ex_unit/lib/ex_unit/case_template.ex|elixir-lang|elixir|case_template.ex|Elixir|35|86|35
515|./src/_00/output/Elixir/elixir-lang~elixir/lib/mix/test/mix/tasks/release.init_test.exs|elixir-lang|elixir|release.init_test.exs|Elixir|35|0|6
516|./src/_00/output/Elixir/elixir-lang~elixir/bin/elixirc.bat|elixir-lang|elixir|elixirc.bat|DOS Batch|34|0|3
517|./src/_00/output/Elixir/elixir-lang~elixir/lib/elixir/lib/kernel/error_handler.ex|elixir-lang|elixir|error_handler.ex|Elixir|34|3|6
518|./src/_00/output/Elixir/elixir-lang~elixir/lib/elixir/pages/getting-started/introduction.md|elixir-lang|elixir|introduction.md|Markdown|34|0|21
519|./src/_00/output/Elixir/elixir-lang~elixir/lib/elixir/scripts/windows_installer/update_system_path.erl|elixir-lang|elixir|update_system_path.erl|Erlang|34|2|6
520|./src/_00/output/Elixir/elixir-lang~elixir/lib/elixir/test/erlang/atom_test.erl|elixir-lang|elixir|atom_test.erl|Erlang|34|0|9
521|./src/_00/output/Elixir/elixir-lang~elixir/lib/mix/lib/mix/tasks/deps.update.ex|elixir-lang|elixir|deps.update.ex|Elixir|34|21|19
522|./src/_00/output/Elixir/elixir-lang~elixir/lib/elixir/test/elixir/list/chars_test.exs|elixir-lang|elixir|chars_test.exs|Elixir|33|0|10
523|./src/_00/output/Elixir/elixir-lang~elixir/bin/elixirc|elixir-lang|elixir|elixirc|Bourne Shell|32|0|6
524|./src/_00/output/Elixir/elixir-lang~elixir/lib/elixir/lib/file/stat.ex|elixir-lang|elixir|stat.ex|Elixir|32|40|23
525|./src/_00/output/Elixir/elixir-lang~elixir/lib/elixir/lib/tuple.ex|elixir-lang|elixir|tuple.ex|Elixir|32|105|50
526|./src/_00/output/Elixir/elixir-lang~elixir/lib/logger/mix.exs|elixir-lang|elixir|mix.exs|Elixir|32|0|2
527|./src/_00/output/Elixir/elixir-lang~elixir/lib/mix/test/mix/shell/quiet_test.exs|elixir-lang|elixir|quiet_test.exs|Elixir|31|0|9
528|./src/_00/output/Elixir/elixir-lang~elixir/lib/elixir/test/erlang/test_helper.erl|elixir-lang|elixir|test_helper.erl|Erlang|30|3|4
529|./src/_00/output/Elixir/elixir-lang~elixir/lib/mix/lib/mix/scm.ex|elixir-lang|elixir|scm.ex|Elixir|30|95|30
530|./src/_00/output/Elixir/elixir-lang~elixir/lib/elixir/test/elixir/kernel/charlist_test.exs|elixir-lang|elixir|charlist_test.exs|Elixir|29|0|7
531|./src/_00/output/Elixir/elixir-lang~elixir/lib/mix/lib/mix/dep/elixir_scm.ex|elixir-lang|elixir|elixir_scm.ex|Elixir|29|1|6
532|./src/_00/output/Elixir/elixir-lang~elixir/lib/mix/test/fixtures/compile_yecc/src/test_ok.yrl|elixir-lang|elixir|test_ok.yrl|Erlang|29|0|7
533|./src/_00/output/Elixir/elixir-lang~elixir/lib/mix/test/mix/dep/converger_test.exs|elixir-lang|elixir|converger_test.exs|Elixir|29|2|7
534|./src/_00/output/Elixir/elixir-lang~elixir/.github/workflows/ci-markdown.yml|elixir-lang|elixir|ci-markdown.yml|YAML|28|0|6
535|./src/_00/output/Elixir/elixir-lang~elixir/lib/elixir/pages/anti-patterns/what-anti-patterns.md|elixir-lang|elixir|what-anti-patterns.md|Markdown|28|0|15
536|./src/_00/output/Elixir/elixir-lang~elixir/lib/elixir/src/elixir.app.src|elixir-lang|elixir|elixir.app.src|Erlang|28|0|0
537|./src/_00/output/Elixir/elixir-lang~elixir/lib/mix/lib/mix/tasks/cmd.ex|elixir-lang|elixir|cmd.ex|Elixir|28|28|24
538|./src/_00/output/Elixir/elixir-lang~elixir/lib/mix/lib/mix/tasks/loadpaths.ex|elixir-lang|elixir|loadpaths.ex|Elixir|28|26|15
539|./src/_00/output/Elixir/elixir-lang~elixir/lib/mix/lib/mix/tasks_server.ex|elixir-lang|elixir|tasks_server.ex|Elixir|28|0|7
540|./src/_00/output/Elixir/elixir-lang~elixir/bin/iex|elixir-lang|elixir|iex|Bourne Shell|27|0|6
541|./src/_00/output/Elixir/elixir-lang~elixir/lib/elixir/lib/function.ex|elixir-lang|elixir|function.ex|Elixir|27|124|57
542|./src/_00/output/Elixir/elixir-lang~elixir/lib/mix/test/mix/shell_test.exs|elixir-lang|elixir|shell_test.exs|Elixir|27|0|6
543|./src/_00/output/Elixir/elixir-lang~elixir/lib/mix/test/mix/tasks/will_recompile_test.exs|elixir-lang|elixir|will_recompile_test.exs|Elixir|26|0|3
544|./src/_00/output/Elixir/elixir-lang~elixir/.github/workflows/notify.yml|elixir-lang|elixir|notify.yml|YAML|25|0|3
545|./src/_00/output/Elixir/elixir-lang~elixir/lib/elixir/src/elixir_sup.erl|elixir-lang|elixir|elixir_sup.erl|Erlang|25|0|6
546|./src/_00/output/Elixir/elixir-lang~elixir/lib/mix/lib/mix/tasks/will_recompile.ex|elixir-lang|elixir|will_recompile.ex|Elixir|25|5|7
547|./src/_00/output/Elixir/elixir-lang~elixir/RELEASE.md|elixir-lang|elixir|RELEASE.md|Markdown|24|0|23
548|./src/_00/output/Elixir/elixir-lang~elixir/bin/iex.bat|elixir-lang|elixir|iex.bat|DOS Batch|24|0|2
549|./src/_00/output/Elixir/elixir-lang~elixir/lib/elixir/test/elixir/fixtures/dialyzer/assertions.ex|elixir-lang|elixir|assertions.ex|Elixir|24|0|7
550|./src/_00/output/Elixir/elixir-lang~elixir/lib/elixir/test/elixir/fixtures/dialyzer/cond.ex|elixir-lang|elixir|cond.ex|Elixir|24|0|3
551|./src/_00/output/Elixir/elixir-lang~elixir/lib/elixir/test/elixir/fixtures/dialyzer/protocol_opaque.ex|elixir-lang|elixir|protocol_opaque.ex|Elixir|24|0|5
552|./src/_00/output/Elixir/elixir-lang~elixir/lib/mix/lib/mix/tasks/deps.ex|elixir-lang|elixir|deps.ex|Elixir|24|114|54
553|./src/_00/output/Elixir/elixir-lang~elixir/lib/mix/lib/mix/tasks/local.ex|elixir-lang|elixir|local.ex|Elixir|24|3|8
554|./src/_00/output/Elixir/elixir-lang~elixir/lib/iex/mix.exs|elixir-lang|elixir|mix.exs|Elixir|23|0|2
555|./src/_00/output/Elixir/elixir-lang~elixir/lib/mix/lib/mix/tasks/deps.get.ex|elixir-lang|elixir|deps.get.ex|Elixir|23|8|11
556|./src/_00/output/Elixir/elixir-lang~elixir/lib/elixir/pages/references/library-guidelines.md|elixir-lang|elixir|library-guidelines.md|Markdown|22|0|20
557|./src/_00/output/Elixir/elixir-lang~elixir/lib/elixir/src/elixir_tokenizer.hrl|elixir-lang|elixir|elixir_tokenizer.hrl|Erlang|22|6|4
558|./src/_00/output/Elixir/elixir-lang~elixir/lib/elixir/test/elixir/fixtures/dialyzer/remote_call.ex|elixir-lang|elixir|remote_call.ex|Elixir|22|1|6
559|./src/_00/output/Elixir/elixir-lang~elixir/lib/elixir/test/elixir/port_test.exs|elixir-lang|elixir|port_test.exs|Elixir|22|3|9
560|./src/_00/output/Elixir/elixir-lang~elixir/lib/ex_unit/lib/ex_unit/on_exit_handler/supervisor.ex|elixir-lang|elixir|supervisor.ex|Elixir|21|0|4
561|./src/_00/output/Elixir/elixir-lang~elixir/lib/mix/test/mix/scm_test.exs|elixir-lang|elixir|scm_test.exs|Elixir|21|0|4
562|./src/_00/output/Elixir/elixir-lang~elixir/lib/mix/lib/mix/tasks/archive.ex|elixir-lang|elixir|archive.ex|Elixir|19|10|7
563|./src/_00/output/Elixir/elixir-lang~elixir/bin/mix.ps1|elixir-lang|elixir|mix.ps1|PowerShell|18|3|2
564|./src/_00/output/Elixir/elixir-lang~elixir/lib/eex/lib/eex/smart_engine.ex|elixir-lang|elixir|smart_engine.ex|Elixir|18|24|16
565|./src/_00/output/Elixir/elixir-lang~elixir/lib/elixir/scripts/windows_installer/build.sh|elixir-lang|elixir|build.sh|Bourne Shell|18|8|4
566|./src/_00/output/Elixir/elixir-lang~elixir/lib/mix/mix.exs|elixir-lang|elixir|mix.exs|Elixir|18|0|2
567|./src/_00/output/Elixir/elixir-lang~elixir/lib/mix/test/mix/tasks/local_test.exs|elixir-lang|elixir|local_test.exs|Elixir|18|2|5
568|./src/_00/output/Elixir/elixir-lang~elixir/.formatter.exs|elixir-lang|elixir|.formatter.exs|Elixir|17|3|2
569|./src/_00/output/Elixir/elixir-lang~elixir/CHANGELOG.md|elixir-lang|elixir|CHANGELOG.md|Markdown|17|0|14
570|./src/_00/output/Elixir/elixir-lang~elixir/lib/elixir/test/elixir/fixtures/dialyzer/raise.ex|elixir-lang|elixir|raise.ex|Elixir|17|0|4
571|./src/_00/output/Elixir/elixir-lang~elixir/lib/mix/test/fixtures/compile_leex/src/test_ok.xrl|elixir-lang|elixir|test_ok.xrl|Erlang|17|0|10
572|./src/_00/output/Elixir/elixir-lang~elixir/SECURITY.md|elixir-lang|elixir|SECURITY.md|Markdown|16|0|8
573|./src/_00/output/Elixir/elixir-lang~elixir/lib/elixir/test/elixir/module/types/helpers_test.exs|elixir-lang|elixir|helpers_test.exs|Elixir|16|0|2
574|./src/_00/output/Elixir/elixir-lang~elixir/lib/mix/test/fixtures/umbrella_test/apps/bar/lib/bar.ex|elixir-lang|elixir|bar.ex|Elixir|16|0|3
575|./src/_00/output/Elixir/elixir-lang~elixir/lib/mix/test/fixtures/umbrella_test/apps/bar/test/bar_tests.exs|elixir-lang|elixir|bar_tests.exs|Elixir|16|0|4
576|./src/_00/output/Elixir/elixir-lang~elixir/lib/elixir/scripts/docs_config.exs|elixir-lang|elixir|docs_config.exs|Elixir|15|1|3
577|./src/_00/output/Elixir/elixir-lang~elixir/lib/mix/test/fixtures/release_test/mix.exs|elixir-lang|elixir|mix.exs|Elixir|15|0|2
578|./src/_00/output/Elixir/elixir-lang~elixir/lib/elixir/lib/atom.ex|elixir-lang|elixir|atom.ex|Elixir|14|46|22
579|./src/_00/output/Elixir/elixir-lang~elixir/lib/elixir/lib/kernel/parallel_require.ex|elixir-lang|elixir|parallel_require.ex|Elixir|14|0|3
580|./src/_00/output/Elixir/elixir-lang~elixir/lib/mix/test/fixtures/deps_status/deps/ok/mix.exs|elixir-lang|elixir|mix.exs|Elixir|14|0|2
581|./src/_00/output/Elixir/elixir-lang~elixir/lib/mix/test/fixtures/escript_test/lib/escript_test.ex|elixir-lang|elixir|escript_test.ex|Elixir|14|0|3
582|./src/_00/output/Elixir/elixir-lang~elixir/lib/mix/test/fixtures/umbrella_dep/mix.exs|elixir-lang|elixir|mix.exs|Elixir|14|0|2
583|./src/_00/output/Elixir/elixir-lang~elixir/lib/mix/lib/mix/remote_converger.ex|elixir-lang|elixir|remote_converger.ex|Elixir|13|25|8
584|./src/_00/output/Elixir/elixir-lang~elixir/lib/mix/lib/mix/tasks/escript.uninstall.ex|elixir-lang|elixir|escript.uninstall.ex|Elixir|13|7|6
585|./src/_00/output/Elixir/elixir-lang~elixir/lib/elixir/scripts/mix_docs.exs|elixir-lang|elixir|mix_docs.exs|Elixir|12|1|1
586|./src/_00/output/Elixir/elixir-lang~elixir/lib/elixir/test/elixir/fixtures/dialyzer/callback.ex|elixir-lang|elixir|callback.ex|Elixir|12|0|2
587|./src/_00/output/Elixir/elixir-lang~elixir/lib/mix/test/fixtures/deps_cycle/app1/mix.exs|elixir-lang|elixir|mix.exs|Elixir|12|0|1
588|./src/_00/output/Elixir/elixir-lang~elixir/lib/mix/test/fixtures/deps_cycle/app2/mix.exs|elixir-lang|elixir|mix.exs|Elixir|12|0|1
589|./src/_00/output/Elixir/elixir-lang~elixir/lib/mix/test/fixtures/deps_status/custom/bad_deps_repo/mix.exs|elixir-lang|elixir|mix.exs|Elixir|12|0|1
590|./src/_00/output/Elixir/elixir-lang~elixir/lib/mix/test/fixtures/deps_status/custom/noscm_repo/mix.exs|elixir-lang|elixir|mix.exs|Elixir|12|0|1
591|./src/_00/output/Elixir/elixir-lang~elixir/lib/mix/test/fixtures/umbrella_test/apps/bar/mix.exs|elixir-lang|elixir|mix.exs|Elixir|12|2|1
592|./src/_00/output/Elixir/elixir-lang~elixir/lib/mix/test/mix/tasks/iex_test.exs|elixir-lang|elixir|iex_test.exs|Elixir|12|0|3
593|./src/_00/output/Elixir/elixir-lang~elixir/lib/elixir/scripts/generate_app.escript|elixir-lang|elixir|generate_app.escript|Erlang|11|1|1
594|./src/_00/output/Elixir/elixir-lang~elixir/lib/elixir/test/elixir/atom_test.exs|elixir-lang|elixir|atom_test.exs|Elixir|11|0|4
595|./src/_00/output/Elixir/elixir-lang~elixir/lib/mix/lib/mix/shell/quiet.ex|elixir-lang|elixir|quiet.ex|Elixir|11|35|13
596|./src/_00/output/Elixir/elixir-lang~elixir/lib/mix/lib/mix/tasks/archive.uninstall.ex|elixir-lang|elixir|archive.uninstall.ex|Elixir|11|7|6
597|./src/_00/output/Elixir/elixir-lang~elixir/lib/mix/test/fixtures/deps_status/custom/deps_repo/mix.exs|elixir-lang|elixir|mix.exs|Elixir|11|0|2
598|./src/_00/output/Elixir/elixir-lang~elixir/lib/mix/test/fixtures/umbrella_dep/deps/umbrella/apps/bar/mix.exs|elixir-lang|elixir|mix.exs|Elixir|11|0|2
599|./src/_00/output/Elixir/elixir-lang~elixir/lib/mix/test/fixtures/umbrella_test/apps/foo/mix.exs|elixir-lang|elixir|mix.exs|Elixir|11|2|1
600|./src/_00/output/Elixir/elixir-lang~elixir/lib/eex/mix.exs|elixir-lang|elixir|mix.exs|Elixir|10|0|1
601|./src/_00/output/Elixir/elixir-lang~elixir/lib/elixir/mix.exs|elixir-lang|elixir|mix.exs|Elixir|10|0|1
602|./src/_00/output/Elixir/elixir-lang~elixir/lib/elixir/test/elixir/fixtures/dialyzer/defmacrop.ex|elixir-lang|elixir|defmacrop.ex|Elixir|10|0|1
603|./src/_00/output/Elixir/elixir-lang~elixir/lib/elixir/test/elixir/fixtures/dialyzer/macrocallback.ex|elixir-lang|elixir|macrocallback.ex|Elixir|10|0|1
604|./src/_00/output/Elixir/elixir-lang~elixir/lib/mix/test/fixtures/test_failed/mix.exs|elixir-lang|elixir|mix.exs|Elixir|10|0|1
605|./src/_00/output/Elixir/elixir-lang~elixir/lib/mix/test/fixtures/test_stale/mix.exs|elixir-lang|elixir|mix.exs|Elixir|10|0|1
606|./src/_00/output/Elixir/elixir-lang~elixir/lib/mix/test/fixtures/umbrella_dep/deps/umbrella/apps/foo/mix.exs|elixir-lang|elixir|mix.exs|Elixir|10|0|2
607|./src/_00/output/Elixir/elixir-lang~elixir/.github/ISSUE_TEMPLATE/config.yml|elixir-lang|elixir|config.yml|YAML|9|0|2
608|./src/_00/output/Elixir/elixir-lang~elixir/lib/elixir/test/elixir/fixtures/dialyzer/try.ex|elixir-lang|elixir|try.ex|Elixir|9|0|0
609|./src/_00/output/Elixir/elixir-lang~elixir/lib/mix/test/fixtures/deps_status/deps/invalidapp/mix.exs|elixir-lang|elixir|mix.exs|Elixir|9|0|1
610|./src/_00/output/Elixir/elixir-lang~elixir/lib/mix/test/fixtures/umbrella_dep/deps/umbrella/mix.exs|elixir-lang|elixir|mix.exs|Elixir|9|0|2
611|./src/_00/output/Elixir/elixir-lang~elixir/lib/elixir/test/elixir/fixtures/at_exit.exs|elixir-lang|elixir|at_exit.exs|Elixir|8|0|1
612|./src/_00/output/Elixir/elixir-lang~elixir/lib/elixir/test/elixir/fixtures/dialyzer/boolean_check.ex|elixir-lang|elixir|boolean_check.ex|Elixir|8|0|1
613|./src/_00/output/Elixir/elixir-lang~elixir/lib/elixir/test/elixir/fixtures/dialyzer/is_struct.ex|elixir-lang|elixir|is_struct.ex|Elixir|8|0|1
614|./src/_00/output/Elixir/elixir-lang~elixir/lib/elixir/test/elixir/fixtures/dialyzer/rewrite.ex|elixir-lang|elixir|rewrite.ex|Elixir|8|0|1
615|./src/_00/output/Elixir/elixir-lang~elixir/lib/ex_unit/test/test_helper.exs|elixir-lang|elixir|test_helper.exs|Elixir|8|0|2
616|./src/_00/output/Elixir/elixir-lang~elixir/lib/iex/lib/iex/app.ex|elixir-lang|elixir|app.ex|Elixir|8|0|2
617|./src/_00/output/Elixir/elixir-lang~elixir/lib/mix/test/fixtures/archive/lib/local.sample.ex|elixir-lang|elixir|local.sample.ex|Elixir|8|0|2
618|./src/_00/output/Elixir/elixir-lang~elixir/lib/mix/test/fixtures/umbrella_test/mix.exs|elixir-lang|elixir|mix.exs|Elixir|8|0|1
619|./src/_00/output/Elixir/elixir-lang~elixir/lib/eex/test/test_helper.exs|elixir-lang|elixir|test_helper.exs|Elixir|7|0|1
620|./src/_00/output/Elixir/elixir-lang~elixir/lib/elixir/test/elixir/fixtures/consolidation/sample.ex|elixir-lang|elixir|sample.ex|Elixir|7|0|0
621|./src/_00/output/Elixir/elixir-lang~elixir/lib/elixir/test/elixir/fixtures/dialyzer/for_boolean_check.ex|elixir-lang|elixir|for_boolean_check.ex|Elixir|7|0|0
622|./src/_00/output/Elixir/elixir-lang~elixir/lib/mix/lib/mix/tasks/deps.precompile.ex|elixir-lang|elixir|deps.precompile.ex|Elixir|7|7|5
623|./src/_00/output/Elixir/elixir-lang~elixir/lib/mix/lib/mix/tasks/iex.ex|elixir-lang|elixir|iex.ex|Elixir|7|3|2
624|./src/_00/output/Elixir/elixir-lang~elixir/lib/mix/test/fixtures/deps_status/custom/raw_repo/mix.exs|elixir-lang|elixir|mix.exs|Elixir|7|0|1
625|./src/_00/output/Elixir/elixir-lang~elixir/lib/mix/test/fixtures/test_failed/test/passing_and_failing_test_failed.exs|elixir-lang|elixir|passing_and_failing_test_failed.exs|Elixir|7|0|2
626|./src/_00/output/Elixir/elixir-lang~elixir/.github/dependabot.yml|elixir-lang|elixir|dependabot.yml|YAML|6|0|0
627|./src/_00/output/Elixir/elixir-lang~elixir/lib/elixir/lib/supervisor/default.ex|elixir-lang|elixir|default.ex|Elixir|6|0|1
628|./src/_00/output/Elixir/elixir-lang~elixir/lib/elixir/test/elixir/fixtures/dialyzer/struct_update.ex|elixir-lang|elixir|struct_update.ex|Elixir|6|0|1
629|./src/_00/output/Elixir/elixir-lang~elixir/lib/mix/test/fixtures/deps_status/custom/raw_repo/lib/raw_repo.ex|elixir-lang|elixir|raw_repo.ex|Elixir|6|0|1
630|./src/_00/output/Elixir/elixir-lang~elixir/lib/mix/test/fixtures/escript_test/src/escript_test.erl|elixir-lang|elixir|escript_test.erl|Erlang|6|0|4
631|./src/_00/output/Elixir/elixir-lang~elixir/lib/mix/test/fixtures/test_stale/test/a_test_stale.exs|elixir-lang|elixir|a_test_stale.exs|Elixir|6|0|1
632|./src/_00/output/Elixir/elixir-lang~elixir/lib/mix/test/fixtures/test_stale/test/b_test_stale.exs|elixir-lang|elixir|b_test_stale.exs|Elixir|6|0|1
633|./src/_00/output/Elixir/elixir-lang~elixir/lib/mix/test/fixtures/umbrella_test/apps/foo/test/foo_tests.exs|elixir-lang|elixir|foo_tests.exs|Elixir|6|0|1
634|./src/_00/output/Elixir/elixir-lang~elixir/lib/elixir/test/elixir/changelog_test.exs|elixir-lang|elixir|changelog_test.exs|Elixir|5|0|1
635|./src/_00/output/Elixir/elixir-lang~elixir/lib/elixir/test/elixir/code_identifier_test.exs|elixir-lang|elixir|code_identifier_test.exs|Elixir|5|0|1
636|./src/_00/output/Elixir/elixir-lang~elixir/lib/elixir/test/elixir/collectable_test.exs|elixir-lang|elixir|collectable_test.exs|Elixir|5|0|2
637|./src/_00/output/Elixir/elixir-lang~elixir/lib/elixir/test/elixir/fixtures/consolidation/with_any.ex|elixir-lang|elixir|with_any.ex|Elixir|5|0|0
638|./src/_00/output/Elixir/elixir-lang~elixir/lib/elixir/test/elixir/fixtures/dialyzer/for_bitstring.ex|elixir-lang|elixir|for_bitstring.ex|Elixir|5|0|0
639|./src/_00/output/Elixir/elixir-lang~elixir/lib/ex_unit/test/fixtures/passing.md|elixir-lang|elixir|passing.md|Markdown|5|0|2
640|./src/_00/output/Elixir/elixir-lang~elixir/lib/mix/test/fixtures/compile_erlang/src/b.erl|elixir-lang|elixir|b.erl|Erlang|5|0|2
641|./src/_00/output/Elixir/elixir-lang~elixir/lib/mix/test/fixtures/compile_erlang/src/c.erl|elixir-lang|elixir|c.erl|Erlang|5|0|2
642|./src/_00/output/Elixir/elixir-lang~elixir/lib/mix/test/fixtures/test_failed/test/only_passing_test_failed.exs|elixir-lang|elixir|only_passing_test_failed.exs|Elixir|5|0|2
643|./src/_00/output/Elixir/elixir-lang~elixir/lib/mix/test/fixtures/umbrella_dep/deps/umbrella/apps/bar/lib/bar.ex|elixir-lang|elixir|bar.ex|Elixir|5|0|0
644|./src/_00/output/Elixir/elixir-lang~elixir/lib/mix/test/fixtures/umbrella_dep/deps/umbrella/apps/foo/lib/foo.ex|elixir-lang|elixir|foo.ex|Elixir|5|0|0
645|./src/_00/output/Elixir/elixir-lang~elixir/lib/mix/test/fixtures/umbrella_test/apps/foo/lib/foo.ex|elixir-lang|elixir|foo.ex|Elixir|5|0|0
646|./src/_00/output/Elixir/elixir-lang~elixir/lib/mix/test/fixtures/rebar_dep/src/rebar_dep.app.src|elixir-lang|elixir|rebar_dep.app.src|Erlang|4|0|0
647|./src/_00/output/Elixir/elixir-lang~elixir/lib/mix/test/fixtures/rebar_dep/src/rebar_dep.erl|elixir-lang|elixir|rebar_dep.erl|Erlang|4|0|2
648|./src/_00/output/Elixir/elixir-lang~elixir/lib/mix/test/fixtures/test_failed/test/only_failing_test_failed.exs|elixir-lang|elixir|only_failing_test_failed.exs|Elixir|4|0|1
649|./src/_00/output/Elixir/elixir-lang~elixir/lib/elixir/test/elixir/fixtures/configs/good_import.exs|elixir-lang|elixir|good_import.exs|Elixir|3|0|0
650|./src/_00/output/Elixir/elixir-lang~elixir/lib/elixir/test/elixir/fixtures/configs/kernel.exs|elixir-lang|elixir|kernel.exs|Elixir|3|0|0
651|./src/_00/output/Elixir/elixir-lang~elixir/lib/ex_unit/test/fixtures/failing.md|elixir-lang|elixir|failing.md|Markdown|3|0|1
652|./src/_00/output/Elixir/elixir-lang~elixir/lib/mix/test/fixtures/release_test/config/config.exs|elixir-lang|elixir|config.exs|Elixir|3|0|1
653|./src/_00/output/Elixir/elixir-lang~elixir/lib/mix/test/fixtures/test_stale/lib/a.ex|elixir-lang|elixir|a.ex|Elixir|3|0|0
654|./src/_00/output/Elixir/elixir-lang~elixir/lib/mix/test/fixtures/test_stale/lib/b.ex|elixir-lang|elixir|b.ex|Elixir|3|0|0
655|./src/_00/output/Elixir/elixir-lang~elixir/bin/mix.bat|elixir-lang|elixir|mix.bat|DOS Batch|2|0|0
656|./src/_00/output/Elixir/elixir-lang~elixir/lib/elixir/test/elixir/fixtures/code_sample.exs|elixir-lang|elixir|code_sample.exs|Elixir|2|1|0
657|./src/_00/output/Elixir/elixir-lang~elixir/lib/elixir/test/elixir/fixtures/configs/bad_import.exs|elixir-lang|elixir|bad_import.exs|Elixir|2|0|0
658|./src/_00/output/Elixir/elixir-lang~elixir/lib/elixir/test/elixir/fixtures/configs/env.exs|elixir-lang|elixir|env.exs|Elixir|2|0|0
659|./src/_00/output/Elixir/elixir-lang~elixir/lib/elixir/test/elixir/fixtures/configs/good_config.exs|elixir-lang|elixir|good_config.exs|Elixir|2|0|0
660|./src/_00/output/Elixir/elixir-lang~elixir/lib/elixir/test/elixir/fixtures/configs/imports_recursive.exs|elixir-lang|elixir|imports_recursive.exs|Elixir|2|0|0
661|./src/_00/output/Elixir/elixir-lang~elixir/lib/elixir/test/elixir/fixtures/configs/nested.exs|elixir-lang|elixir|nested.exs|Elixir|2|0|0
662|./src/_00/output/Elixir/elixir-lang~elixir/lib/elixir/test/elixir/fixtures/configs/recursive.exs|elixir-lang|elixir|recursive.exs|Elixir|2|0|0
663|./src/_00/output/Elixir/elixir-lang~elixir/lib/mix/test/fixtures/config.exs|elixir-lang|elixir|config.exs|Elixir|2|0|1
664|./src/_00/output/Elixir/elixir-lang~elixir/lib/mix/test/fixtures/escript_test/config/config.exs|elixir-lang|elixir|config.exs|Elixir|2|0|1
665|./src/_00/output/Elixir/elixir-lang~elixir/lib/mix/test/fixtures/no_mixfile/lib/a.ex|elixir-lang|elixir|a.ex|Elixir|2|0|0
666|./src/_00/output/Elixir/elixir-lang~elixir/lib/mix/test/fixtures/no_mixfile/lib/b.ex|elixir-lang|elixir|b.ex|Elixir|2|0|0
667|./src/_00/output/Elixir/elixir-lang~elixir/lib/eex/test/fixtures/eex_template.eex|elixir-lang|elixir|eex_template.eex|EEx|1|0|0
668|./src/_00/output/Elixir/elixir-lang~elixir/lib/eex/test/fixtures/eex_template_with_bindings.eex|elixir-lang|elixir|eex_template_with_bindings.eex|EEx|1|0|0
669|./src/_00/output/Elixir/elixir-lang~elixir/lib/eex/test/fixtures/eex_template_with_syntax_error.eex|elixir-lang|elixir|eex_template_with_syntax_error.eex|EEx|1|0|0
670|./src/_00/output/Elixir/elixir-lang~elixir/lib/elixir/test/elixir/fixtures/compile_sample.ex|elixir-lang|elixir|compile_sample.ex|Elixir|1|0|0
671|./src/_00/output/Elixir/elixir-lang~elixir/lib/elixir/test/elixir/fixtures/configs/bad_app.exs|elixir-lang|elixir|bad_app.exs|Elixir|1|0|0
672|./src/_00/output/Elixir/elixir-lang~elixir/lib/elixir/test/elixir/fixtures/configs/good_kw.exs|elixir-lang|elixir|good_kw.exs|Elixir|1|0|0
673|./src/_00/output/Elixir/elixir-lang~elixir/lib/mix/test/fixtures/compile_erlang/include/r.hrl|elixir-lang|elixir|r.hrl|Erlang|1|0|0
674|./src/_00/output/Elixir/elixir-lang~elixir/lib/mix/test/fixtures/umbrella_test/apps/foo/test/test_helper.exs|elixir-lang|elixir|test_helper.exs|Elixir|1|0|0
