Unnamed: 0|path|owner|project|file|language|code|comment|blank
0|./src/_00/output/Elixir/teslamate-org~teslamate/website/package-lock.json|teslamate-org|teslamate|package-lock.json|JSON|12642|0|0
1|./src/_00/output/Elixir/teslamate-org~teslamate/grafana/dashboards/internal/drive-details.json|teslamate-org|teslamate|drive-details.json|JSON|2772|0|0
2|./src/_00/output/Elixir/teslamate-org~teslamate/grafana/dashboards/trip.json|teslamate-org|teslamate|trip.json|JSON|2724|0|0
3|./src/_00/output/Elixir/teslamate-org~teslamate/grafana/dashboards/charging-stats-lfp.json|teslamate-org|teslamate|charging-stats-lfp.json|JSON|2275|0|0
4|./src/_00/output/Elixir/teslamate-org~teslamate/grafana/dashboards/charging-stats.json|teslamate-org|teslamate|charging-stats.json|JSON|2255|0|0
5|./src/_00/output/Elixir/teslamate-org~teslamate/grafana/dashboards/internal/charge-details.json|teslamate-org|teslamate|charge-details.json|JSON|2078|0|0
6|./src/_00/output/Elixir/teslamate-org~teslamate/grafana/dashboards/battery-health.json|teslamate-org|teslamate|battery-health.json|JSON|1893|0|0
7|./src/_00/output/Elixir/teslamate-org~teslamate/grafana/dashboards/overview.json|teslamate-org|teslamate|overview.json|JSON|1708|0|0
8|./src/_00/output/Elixir/teslamate-org~teslamate/grafana/dashboards/overview-lfp.json|teslamate-org|teslamate|overview-lfp.json|JSON|1699|0|0
9|./src/_00/output/Elixir/teslamate-org~teslamate/test/teslamate/log/log_charging_test.exs|teslamate-org|teslamate|log_charging_test.exs|Elixir|1636|5|140
10|./src/_00/output/Elixir/teslamate-org~teslamate/grafana/dashboards/battery-health-lfp.json|teslamate-org|teslamate|battery-health-lfp.json|JSON|1511|0|1
11|./src/_00/output/Elixir/teslamate-org~teslamate/grafana/dashboards/charges.json|teslamate-org|teslamate|charges.json|JSON|1462|0|0
12|./src/_00/output/Elixir/teslamate-org~teslamate/CHANGELOG.md|teslamate-org|teslamate|CHANGELOG.md|Markdown|1398|0|642
13|./src/_00/output/Elixir/teslamate-org~teslamate/grafana/dashboards/efficiency.json|teslamate-org|teslamate|efficiency.json|JSON|1261|0|0
14|./src/_00/output/Elixir/teslamate-org~teslamate/lib/teslamate/vehicles/vehicle.ex|teslamate-org|teslamate|vehicle.ex|Elixir|1248|35|364
15|./src/_00/output/Elixir/teslamate-org~teslamate/grafana/dashboards/drive-stats.json|teslamate-org|teslamate|drive-stats.json|JSON|1204|0|0
16|./src/_00/output/Elixir/teslamate-org~teslamate/grafana/dashboards/locations.json|teslamate-org|teslamate|locations.json|JSON|1172|0|0
17|./src/_00/output/Elixir/teslamate-org~teslamate/assets/package-lock.json|teslamate-org|teslamate|package-lock.json|JSON|1069|0|0
18|./src/_00/output/Elixir/teslamate-org~teslamate/grafana/dashboards/drives.json|teslamate-org|teslamate|drives.json|JSON|1014|0|0
19|./src/_00/output/Elixir/teslamate-org~teslamate/test/fixtures/import/01_complete/TeslaFi62016.csv|teslamate-org|teslamate|TeslaFi62016.csv|CSV|1000|0|0
20|./src/_00/output/Elixir/teslamate-org~teslamate/test/fixtures/import/02_timezone/TeslaFi92019.csv|teslamate-org|teslamate|TeslaFi92019.csv|CSV|1000|0|0
21|./src/_00/output/Elixir/teslamate-org~teslamate/test/fixtures/import/07_alternative_variant/112023.csv|teslamate-org|teslamate|112023.csv|CSV|1000|0|0
22|./src/_00/output/Elixir/teslamate-org~teslamate/grafana/dashboards/statistics.json|teslamate-org|teslamate|statistics.json|JSON|990|0|25
23|./src/_00/output/Elixir/teslamate-org~teslamate/website/docs/integrations/home_assistant.md|teslamate-org|teslamate|home_assistant.md|Markdown|980|0|113
24|./src/_00/output/Elixir/teslamate-org~teslamate/grafana/dashboards/timeline.json|teslamate-org|teslamate|timeline.json|JSON|836|0|0
25|./src/_00/output/Elixir/teslamate-org~teslamate/grafana/dashboards/projected-range.json|teslamate-org|teslamate|projected-range.json|JSON|800|0|0
26|./src/_00/output/Elixir/teslamate-org~teslamate/grafana/dashboards/visited.json|teslamate-org|teslamate|visited.json|JSON|766|0|0
27|./src/_00/output/Elixir/teslamate-org~teslamate/grafana/dashboards/vampire-drain.json|teslamate-org|teslamate|vampire-drain.json|JSON|752|0|0
28|./src/_00/output/Elixir/teslamate-org~teslamate/grafana/dashboards/updates.json|teslamate-org|teslamate|updates.json|JSON|739|0|0
29|./src/_00/output/Elixir/teslamate-org~teslamate/test/teslamate_web/live/geofence_live_test.exs|teslamate-org|teslamate|geofence_live_test.exs|Elixir|624|5|154
30|./src/_00/output/Elixir/teslamate-org~teslamate/test/fixtures/import/03_empty/TeslaFi62018.csv|teslamate-org|teslamate|TeslaFi62018.csv|CSV|600|0|0
31|./src/_00/output/Elixir/teslamate-org~teslamate/lib/teslamate/log.ex|teslamate-org|teslamate|log.ex|Elixir|551|9|99
32|./src/_00/output/Elixir/teslamate-org~teslamate/grafana/dashboards/states.json|teslamate-org|teslamate|states.json|JSON|532|0|0
33|./src/_00/output/Elixir/teslamate-org~teslamate/test/teslamate_web/controllers/car_controller_test.exs|teslamate-org|teslamate|car_controller_test.exs|Elixir|525|1|107
34|./src/_00/output/Elixir/teslamate-org~teslamate/grafana/dashboards/reports/dutch-tax.json|teslamate-org|teslamate|dutch-tax.json|JSON|509|0|1
35|./src/_00/output/Elixir/teslamate-org~teslamate/test/teslamate/vehicles/vehicle/suspend_test.exs|teslamate-org|teslamate|suspend_test.exs|Elixir|499|3|129
36|./src/_00/output/Elixir/teslamate-org~teslamate/test/teslamate/vehicles/vehicle/streaming_test.exs|teslamate-org|teslamate|streaming_test.exs|Elixir|491|1|106
37|./src/_00/output/Elixir/teslamate-org~teslamate/test/teslamate/import_test.exs|teslamate-org|teslamate|import_test.exs|Elixir|477|0|91
38|./src/_00/output/Elixir/teslamate-org~teslamate/test/teslamate_web/live/settings_test.exs|teslamate-org|teslamate|settings_test.exs|Elixir|466|6|110
39|./src/_00/output/Elixir/teslamate-org~teslamate/test/teslamate/vehicles/vehicle/driving_test.exs|teslamate-org|teslamate|driving_test.exs|Elixir|434|6|110
40|./src/_00/output/Elixir/teslamate-org~teslamate/test/teslamate/locations/geofences_test.exs|teslamate-org|teslamate|geofences_test.exs|Elixir|423|10|108
41|./src/_00/output/Elixir/teslamate-org~teslamate/lib/tesla_api/vehicle/state.ex|teslamate-org|teslamate|state.ex|Elixir|385|0|10
42|./src/_00/output/Elixir/teslamate-org~teslamate/test/teslamate/vehicles/vehicle_test.exs|teslamate-org|teslamate|vehicle_test.exs|Elixir|381|10|107
43|./src/_00/output/Elixir/teslamate-org~teslamate/priv/gettext/uk/LC_MESSAGES/default.po|teslamate-org|teslamate|default.po|PO File|378|162|123
44|./src/_00/output/Elixir/teslamate-org~teslamate/test/teslamate_web/live/car_summary_live_test.exs|teslamate-org|teslamate|car_summary_live_test.exs|Elixir|378|3|71
45|./src/_00/output/Elixir/teslamate-org~teslamate/priv/gettext/da/LC_MESSAGES/default.po|teslamate-org|teslamate|default.po|PO File|376|162|123
46|./src/_00/output/Elixir/teslamate-org~teslamate/priv/gettext/de/LC_MESSAGES/default.po|teslamate-org|teslamate|default.po|PO File|376|162|123
47|./src/_00/output/Elixir/teslamate-org~teslamate/priv/gettext/en/LC_MESSAGES/default.po|teslamate-org|teslamate|default.po|PO File|376|162|123
48|./src/_00/output/Elixir/teslamate-org~teslamate/priv/gettext/es/LC_MESSAGES/default.po|teslamate-org|teslamate|default.po|PO File|376|162|123
49|./src/_00/output/Elixir/teslamate-org~teslamate/priv/gettext/ko/LC_MESSAGES/default.po|teslamate-org|teslamate|default.po|PO File|376|162|123
50|./src/_00/output/Elixir/teslamate-org~teslamate/priv/gettext/nb/LC_MESSAGES/default.po|teslamate-org|teslamate|default.po|PO File|376|163|123
51|./src/_00/output/Elixir/teslamate-org~teslamate/priv/gettext/nl/LC_MESSAGES/default.po|teslamate-org|teslamate|default.po|PO File|376|162|123
52|./src/_00/output/Elixir/teslamate-org~teslamate/priv/gettext/sv/LC_MESSAGES/default.po|teslamate-org|teslamate|default.po|PO File|376|162|123
53|./src/_00/output/Elixir/teslamate-org~teslamate/priv/gettext/zh_Hans/LC_MESSAGES/default.po|teslamate-org|teslamate|default.po|PO File|376|163|123
54|./src/_00/output/Elixir/teslamate-org~teslamate/priv/gettext/fi/LC_MESSAGES/default.po|teslamate-org|teslamate|default.po|PO File|375|163|123
55|./src/_00/output/Elixir/teslamate-org~teslamate/priv/gettext/fr/LC_MESSAGES/default.po|teslamate-org|teslamate|default.po|PO File|375|163|123
56|./src/_00/output/Elixir/teslamate-org~teslamate/priv/gettext/it/LC_MESSAGES/default.po|teslamate-org|teslamate|default.po|PO File|375|163|123
57|./src/_00/output/Elixir/teslamate-org~teslamate/priv/gettext/ja/LC_MESSAGES/default.po|teslamate-org|teslamate|default.po|PO File|375|163|123
58|./src/_00/output/Elixir/teslamate-org~teslamate/priv/gettext/th/LC_MESSAGES/default.po|teslamate-org|teslamate|default.po|PO File|375|162|123
59|./src/_00/output/Elixir/teslamate-org~teslamate/priv/gettext/tr/LC_MESSAGES/default.po|teslamate-org|teslamate|default.po|PO File|375|163|123
60|./src/_00/output/Elixir/teslamate-org~teslamate/priv/gettext/zh_Hant/LC_MESSAGES/default.po|teslamate-org|teslamate|default.po|PO File|374|162|123
61|./src/_00/output/Elixir/teslamate-org~teslamate/grafana/dashboards/mileage.json|teslamate-org|teslamate|mileage.json|JSON|326|0|0
62|./src/_00/output/Elixir/teslamate-org~teslamate/test/teslamate/api_test.exs|teslamate-org|teslamate|api_test.exs|Elixir|313|2|80
63|./src/_00/output/Elixir/teslamate-org~teslamate/test/teslamate/vehicles/vehicle/suspend_logging_test.exs|teslamate-org|teslamate|suspend_logging_test.exs|Elixir|312|0|93
64|./src/_00/output/Elixir/teslamate-org~teslamate/test/teslamate_web/live/charge_cost_live_test.exs|teslamate-org|teslamate|charge_cost_live_test.exs|Elixir|306|3|76
65|./src/_00/output/Elixir/teslamate-org~teslamate/test/fixtures/import/06_two_cars/TeslaFi62020.csv|teslamate-org|teslamate|TeslaFi62020.csv|CSV|305|0|0
66|./src/_00/output/Elixir/teslamate-org~teslamate/test/teslamate/settings_test.exs|teslamate-org|teslamate|settings_test.exs|Elixir|301|3|61
67|./src/_00/output/Elixir/teslamate-org~teslamate/grafana/dashboards/charge-level.json|teslamate-org|teslamate|charge-level.json|JSON|273|0|0
68|./src/_00/output/Elixir/teslamate-org~teslamate/assets/js/hooks.js|teslamate-org|teslamate|hooks.js|JavaScript|256|1|64
69|./src/_00/output/Elixir/teslamate-org~teslamate/assets/css/app.scss|teslamate-org|teslamate|app.scss|Sass|249|2|57
70|./src/_00/output/Elixir/teslamate-org~teslamate/lib/teslamate/api.ex|teslamate-org|teslamate|api.ex|Elixir|240|5|67
71|./src/_00/output/Elixir/teslamate-org~teslamate/test/teslamate/log/log_drive_test.exs|teslamate-org|teslamate|log_drive_test.exs|Elixir|234|1|41
72|./src/_00/output/Elixir/teslamate-org~teslamate/lib/teslamate/import.ex|teslamate-org|teslamate|import.ex|Elixir|231|4|65
73|./src/_00/output/Elixir/teslamate-org~teslamate/website/docs/installation/debian.md|teslamate-org|teslamate|debian.md|Markdown|224|0|80
74|./src/_00/output/Elixir/teslamate-org~teslamate/test/teslamate/mqtt/pubsub/vehicle_subscriber_test.exs|teslamate-org|teslamate|vehicle_subscriber_test.exs|Elixir|222|12|47
75|./src/_00/output/Elixir/teslamate-org~teslamate/test/fixtures/import/05_dst/TeslaFi102019.csv|teslamate-org|teslamate|TeslaFi102019.csv|CSV|219|0|0
76|./src/_00/output/Elixir/teslamate-org~teslamate/test/teslamate/locations/geocoder_test.exs|teslamate-org|teslamate|geocoder_test.exs|Elixir|219|0|14
77|./src/_00/output/Elixir/teslamate-org~teslamate/test/teslamate/vehicles/vehicle/charging_test.exs|teslamate-org|teslamate|charging_test.exs|Elixir|213|1|63
78|./src/_00/output/Elixir/teslamate-org~teslamate/lib/teslamate/locations.ex|teslamate-org|teslamate|locations.ex|Elixir|212|5|39
79|./src/_00/output/Elixir/teslamate-org~teslamate/lib/tesla_api/stream.ex|teslamate-org|teslamate|stream.ex|Elixir|207|2|62
80|./src/_00/output/Elixir/teslamate-org~teslamate/website/docs/installation/freebsd.md|teslamate-org|teslamate|freebsd.md|Markdown|205|0|74
81|./src/_00/output/Elixir/teslamate-org~teslamate/priv/repo/migrations/20191212230527_recalc_energy_used.exs|teslamate-org|teslamate|20191212230527_recalc_energy_used.exs|Elixir|204|0|31
82|./src/_00/output/Elixir/teslamate-org~teslamate/lib/teslamate/vehicles/vehicle/summary.ex|teslamate-org|teslamate|summary.ex|Elixir|188|5|28
83|./src/_00/output/Elixir/teslamate-org~teslamate/website/docs/guides/apache.md|teslamate-org|teslamate|apache.md|Markdown|169|0|34
84|./src/_00/output/Elixir/teslamate-org~teslamate/.github/workflows/elixir.yml|teslamate-org|teslamate|elixir.yml|YAML|163|0|33
85|./src/_00/output/Elixir/teslamate-org~teslamate/test/teslamate/vehicles/vehicle_sync_test.exs|teslamate-org|teslamate|vehicle_sync_test.exs|Elixir|163|2|17
86|./src/_00/output/Elixir/teslamate-org~teslamate/test/teslamate/vehicles_test.exs|teslamate-org|teslamate|vehicles_test.exs|Elixir|160|4|28
87|./src/_00/output/Elixir/teslamate-org~teslamate/lib/teslamate/mqtt/pubsub/vehicle_subscriber.ex|teslamate-org|teslamate|vehicle_subscriber.ex|Elixir|158|0|31
88|./src/_00/output/Elixir/teslamate-org~teslamate/lib/teslamate/locations/geocoder.ex|teslamate-org|teslamate|geocoder.ex|Elixir|155|2|26
89|./src/_00/output/Elixir/teslamate-org~teslamate/priv/repo/migrations/20191003132415_add_position_ids_and_apply_geofences.exs|teslamate-org|teslamate|20191003132415_add_position_ids_and_apply_geofences.exs|Elixir|155|0|25
90|./src/_00/output/Elixir/teslamate-org~teslamate/test/support/mocks/geocoder.ex|teslamate-org|teslamate|geocoder.ex|Elixir|154|0|9
91|./src/_00/output/Elixir/teslamate-org~teslamate/lib/teslamate_web/live/geofence_live/form.ex|teslamate-org|teslamate|form.ex|Elixir|153|1|36
92|./src/_00/output/Elixir/teslamate-org~teslamate/website/docs/guides/traefik.md|teslamate-org|teslamate|traefik.md|Markdown|150|0|32
93|./src/_00/output/Elixir/teslamate-org~teslamate/lib/teslamate/terrain.ex|teslamate-org|teslamate|terrain.ex|Elixir|149|7|43
94|./src/_00/output/Elixir/teslamate-org~teslamate/lib/teslamate_web/live/settings_live/index.ex|teslamate-org|teslamate|index.ex|Elixir|148|1|37
95|./src/_00/output/Elixir/teslamate-org~teslamate/config/runtime.exs|teslamate-org|teslamate|runtime.exs|Elixir|146|0|31
96|./src/_00/output/Elixir/teslamate-org~teslamate/lib/teslamate/import/fake_api.ex|teslamate-org|teslamate|fake_api.ex|Elixir|138|3|37
97|./src/_00/output/Elixir/teslamate-org~teslamate/flake.nix|teslamate-org|teslamate|flake.nix|Nix|137|6|20
98|./src/_00/output/Elixir/teslamate-org~teslamate/test/support/vehicle_case.ex|teslamate-org|teslamate|vehicle_case.ex|Elixir|137|0|22
99|./src/_00/output/Elixir/teslamate-org~teslamate/test/teslamate/locations/addresses_test.exs|teslamate-org|teslamate|addresses_test.exs|Elixir|135|0|14
100|./src/_00/output/Elixir/teslamate-org~teslamate/.credo.exs|teslamate-org|teslamate|.credo.exs|Elixir|131|78|7
101|./src/_00/output/Elixir/teslamate-org~teslamate/lib/teslamate_web/live/car_live/summary.ex|teslamate-org|teslamate|summary.ex|Elixir|127|1|30
102|./src/_00/output/Elixir/teslamate-org~teslamate/test/support/mocks/log.ex|teslamate-org|teslamate|log.ex|Elixir|126|2|39
103|./src/_00/output/Elixir/teslamate-org~teslamate/lib/teslamate/settings/global_settings.ex|teslamate-org|teslamate|global_settings.ex|Elixir|119|0|10
104|./src/_00/output/Elixir/teslamate-org~teslamate/priv/repo/migrations/20190925182253_add_geofence_id_to_addresses.exs|teslamate-org|teslamate|20190925182253_add_geofence_id_to_addresses.exs|Elixir|119|0|32
105|./src/_00/output/Elixir/teslamate-org~teslamate/test/teslamate/vehicles/vehicle/updating_test.exs|teslamate-org|teslamate|updating_test.exs|Elixir|119|0|33
106|./src/_00/output/Elixir/teslamate-org~teslamate/lib/teslamate/repair.ex|teslamate-org|teslamate|repair.ex|Elixir|118|3|31
107|./src/_00/output/Elixir/teslamate-org~teslamate/.github/workflows/ghcr_build.yml|teslamate-org|teslamate|ghcr_build.yml|YAML|115|0|12
108|./src/_00/output/Elixir/teslamate-org~teslamate/lib/tesla_api/vehicle.ex|teslamate-org|teslamate|vehicle.ex|Elixir|115|0|19
109|./src/_00/output/Elixir/teslamate-org~teslamate/lib/teslamate/vehicles.ex|teslamate-org|teslamate|vehicles.ex|Elixir|112|2|27
110|./src/_00/output/Elixir/teslamate-org~teslamate/test/teslamate_web/controllers/drive_controller_test.exs|teslamate-org|teslamate|drive_controller_test.exs|Elixir|109|0|22
111|./src/_00/output/Elixir/teslamate-org~teslamate/test/teslamate/log/log_car_test.exs|teslamate-org|teslamate|log_car_test.exs|Elixir|107|0|17
112|./src/_00/output/Elixir/teslamate-org~teslamate/.github/ISSUE_TEMPLATE/bug_report.yml|teslamate-org|teslamate|bug_report.yml|YAML|105|0|18
113|./src/_00/output/Elixir/teslamate-org~teslamate/lib/teslamate/import/line_parser.ex|teslamate-org|teslamate|line_parser.ex|Elixir|104|2|28
114|./src/_00/output/Elixir/teslamate-org~teslamate/mix.exs|teslamate-org|teslamate|mix.exs|Elixir|103|0|8
115|./src/_00/output/Elixir/teslamate-org~teslamate/.github/workflows/buildx.yml|teslamate-org|teslamate|buildx.yml|YAML|102|0|12
116|./src/_00/output/Elixir/teslamate-org~teslamate/priv/repo/migrations/20200410112005_database_efficiency_improvements.exs|teslamate-org|teslamate|20200410112005_database_efficiency_improvements.exs|Elixir|101|0|10
117|./src/_00/output/Elixir/teslamate-org~teslamate/test/teslamate/terrain/update_positions_test.exs|teslamate-org|teslamate|update_positions_test.exs|Elixir|101|3|27
118|./src/_00/output/Elixir/teslamate-org~teslamate/website/docs/maintenance/manually_fixing_data.mdx|teslamate-org|teslamate|manually_fixing_data.mdx|Markdown|101|0|34
119|./src/_00/output/Elixir/teslamate-org~teslamate/lib/teslamate_web/live/charge_live/cost.ex|teslamate-org|teslamate|cost.ex|Elixir|100|1|25
120|./src/_00/output/Elixir/teslamate-org~teslamate/test/fixtures/import/01_complete/TeslaFi72016.csv|teslamate-org|teslamate|TeslaFi72016.csv|CSV|100|0|0
121|./src/_00/output/Elixir/teslamate-org~teslamate/priv/repo/migrations/20191117171307_car_settings.exs|teslamate-org|teslamate|20191117171307_car_settings.exs|Elixir|98|0|25
122|./src/_00/output/Elixir/teslamate-org~teslamate/website/docs/integrations/Node-RED.md|teslamate-org|teslamate|Node-RED.md|Markdown|97|0|40
123|./src/_00/output/Elixir/teslamate-org~teslamate/priv/repo/migrations/20220123131732_encrypt_api_tokens.exs|teslamate-org|teslamate|20220123131732_encrypt_api_tokens.exs|Elixir|93|1|29
124|./src/_00/output/Elixir/teslamate-org~teslamate/lib/teslamate/updater.ex|teslamate-org|teslamate|updater.ex|Elixir|91|1|26
125|./src/_00/output/Elixir/teslamate-org~teslamate/grafana/dashboards.sh|teslamate-org|teslamate|dashboards.sh|Bourne Shell|88|11|26
126|./src/_00/output/Elixir/teslamate-org~teslamate/test/teslamate/terrain_test.exs|teslamate-org|teslamate|terrain_test.exs|Elixir|87|2|26
127|./src/_00/output/Elixir/teslamate-org~teslamate/lib/teslamate/vault.ex|teslamate-org|teslamate|vault.ex|Elixir|85|26|29
128|./src/_00/output/Elixir/teslamate-org~teslamate/lib/teslamate/custom_expressions.ex|teslamate-org|teslamate|custom_expressions.ex|Elixir|84|0|8
129|./src/_00/output/Elixir/teslamate-org~teslamate/test/teslamate/updater_test.exs|teslamate-org|teslamate|updater_test.exs|Elixir|84|3|17
130|./src/_00/output/Elixir/teslamate-org~teslamate/priv/repo/migrations/20190913175543_set_start_and_end_rated_range_km.exs|teslamate-org|teslamate|20190913175543_set_start_and_end_rated_range_km.exs|Elixir|82|2|16
131|./src/_00/output/Elixir/teslamate-org~teslamate/priv/repo/migrations/20191026185642_calculate_charge_energy_used.exs|teslamate-org|teslamate|20191026185642_calculate_charge_energy_used.exs|Elixir|82|2|17
132|./src/_00/output/Elixir/teslamate-org~teslamate/website/docs/upgrading.mdx|teslamate-org|teslamate|upgrading.mdx|Markdown|82|0|32
133|./src/_00/output/Elixir/teslamate-org~teslamate/website/docs/development.md|teslamate-org|teslamate|development.md|Markdown|81|0|36
134|./src/_00/output/Elixir/teslamate-org~teslamate/website/docs/integrations/mqtt.md|teslamate-org|teslamate|mqtt.md|Markdown|81|0|5
135|./src/_00/output/Elixir/teslamate-org~teslamate/test/teslamate_web/live/import_test.exs|teslamate-org|teslamate|import_test.exs|Elixir|80|3|11
136|./src/_00/output/Elixir/teslamate-org~teslamate/website/docs/installation/docker.md|teslamate-org|teslamate|docker.md|Markdown|79|0|17
137|./src/_00/output/Elixir/teslamate-org~teslamate/.github/actions/build/action.yaml|teslamate-org|teslamate|action.yaml|YAML|78|0|0
138|./src/_00/output/Elixir/teslamate-org~teslamate/lib/tesla_api/auth.ex|teslamate-org|teslamate|auth.ex|Elixir|78|0|20
139|./src/_00/output/Elixir/teslamate-org~teslamate/test/teslamate/vault_test.exs|teslamate-org|teslamate|vault_test.exs|Elixir|78|2|23
140|./src/_00/output/Elixir/teslamate-org~teslamate/lib/teslamate_web.ex|teslamate-org|teslamate|teslamate_web.ex|Elixir|74|21|24
141|./src/_00/output/Elixir/teslamate-org~teslamate/lib/teslamate/log/position.ex|teslamate-org|teslamate|position.ex|Elixir|73|0|5
142|./src/_00/output/Elixir/teslamate-org~teslamate/lib/teslamate/settings.ex|teslamate-org|teslamate|settings.ex|Elixir|73|3|16
143|./src/_00/output/Elixir/teslamate-org~teslamate/test/teslamate/vehicles/identification_test.exs|teslamate-org|teslamate|identification_test.exs|Elixir|71|0|12
144|./src/_00/output/Elixir/teslamate-org~teslamate/lib/teslamate_web/live/signin_live/index.ex|teslamate-org|teslamate|index.ex|Elixir|69|0|17
145|./src/_00/output/Elixir/teslamate-org~teslamate/test/teslamate/log/log_state_test.exs|teslamate-org|teslamate|log_state_test.exs|Elixir|69|0|21
146|./src/_00/output/Elixir/teslamate-org~teslamate/lib/teslamate/log/drive.ex|teslamate-org|teslamate|drive.ex|Elixir|66|0|8
147|./src/_00/output/Elixir/teslamate-org~teslamate/priv/repo/migrations/20200203120311_cascade_delete.exs|teslamate-org|teslamate|20200203120311_cascade_delete.exs|Elixir|66|0|28
148|./src/_00/output/Elixir/teslamate-org~teslamate/lib/teslamate/application.ex|teslamate-org|teslamate|application.ex|Elixir|64|3|11
149|./src/_00/output/Elixir/teslamate-org~teslamate/assets/scripts/build.js|teslamate-org|teslamate|build.js|JavaScript|63|0|8
150|./src/_00/output/Elixir/teslamate-org~teslamate/lib/teslamate/log/charge.ex|teslamate-org|teslamate|charge.ex|Elixir|63|0|4
151|./src/_00/output/Elixir/teslamate-org~teslamate/priv/gettext/uk/LC_MESSAGES/errors.po|teslamate-org|teslamate|errors.po|PO File|63|19|21
152|./src/_00/output/Elixir/teslamate-org~teslamate/website/sidebars.js|teslamate-org|teslamate|sidebars.js|JavaScript|62|0|0
153|./src/_00/output/Elixir/teslamate-org~teslamate/Dockerfile|teslamate-org|teslamate|Dockerfile|Dockerfile|61|1|18
154|./src/_00/output/Elixir/teslamate-org~teslamate/lib/teslamate_web/live/import_live/index.ex|teslamate-org|teslamate|index.ex|Elixir|61|2|17
155|./src/_00/output/Elixir/teslamate-org~teslamate/test/teslamate_web/live/car_index_live_test.exs|teslamate-org|teslamate|car_index_live_test.exs|Elixir|59|0|15
156|./src/_00/output/Elixir/teslamate-org~teslamate/lib/tesla_api/middleware/follow_redirects.ex|teslamate-org|teslamate|follow_redirects.ex|Elixir|58|27|24
157|./src/_00/output/Elixir/teslamate-org~teslamate/priv/gettext/da/LC_MESSAGES/errors.po|teslamate-org|teslamate|errors.po|PO File|57|19|21
158|./src/_00/output/Elixir/teslamate-org~teslamate/priv/gettext/de/LC_MESSAGES/errors.po|teslamate-org|teslamate|errors.po|PO File|57|8|21
159|./src/_00/output/Elixir/teslamate-org~teslamate/priv/gettext/en/LC_MESSAGES/errors.po|teslamate-org|teslamate|errors.po|PO File|57|19|21
160|./src/_00/output/Elixir/teslamate-org~teslamate/priv/gettext/es/LC_MESSAGES/errors.po|teslamate-org|teslamate|errors.po|PO File|57|19|21
161|./src/_00/output/Elixir/teslamate-org~teslamate/priv/gettext/ko/LC_MESSAGES/errors.po|teslamate-org|teslamate|errors.po|PO File|57|19|21
162|./src/_00/output/Elixir/teslamate-org~teslamate/priv/gettext/nb/LC_MESSAGES/errors.po|teslamate-org|teslamate|errors.po|PO File|57|19|21
163|./src/_00/output/Elixir/teslamate-org~teslamate/priv/gettext/nl/LC_MESSAGES/errors.po|teslamate-org|teslamate|errors.po|PO File|57|19|21
164|./src/_00/output/Elixir/teslamate-org~teslamate/priv/gettext/sv/LC_MESSAGES/errors.po|teslamate-org|teslamate|errors.po|PO File|57|19|21
165|./src/_00/output/Elixir/teslamate-org~teslamate/priv/gettext/th/LC_MESSAGES/errors.po|teslamate-org|teslamate|errors.po|PO File|57|19|21
166|./src/_00/output/Elixir/teslamate-org~teslamate/lib/teslamate/log/charging_process.ex|teslamate-org|teslamate|charging_process.ex|Elixir|55|0|5
167|./src/_00/output/Elixir/teslamate-org~teslamate/priv/gettext/zh_Hans/LC_MESSAGES/errors.po|teslamate-org|teslamate|errors.po|PO File|55|20|20
168|./src/_00/output/Elixir/teslamate-org~teslamate/priv/gettext/zh_Hant/LC_MESSAGES/errors.po|teslamate-org|teslamate|errors.po|PO File|55|20|20
169|./src/_00/output/Elixir/teslamate-org~teslamate/lib/teslamate/locations/address.ex|teslamate-org|teslamate|address.ex|Elixir|54|0|3
170|./src/_00/output/Elixir/teslamate-org~teslamate/priv/gettext/fi/LC_MESSAGES/errors.po|teslamate-org|teslamate|errors.po|PO File|54|20|20
171|./src/_00/output/Elixir/teslamate-org~teslamate/priv/gettext/fr/LC_MESSAGES/errors.po|teslamate-org|teslamate|errors.po|PO File|54|20|20
172|./src/_00/output/Elixir/teslamate-org~teslamate/priv/gettext/it/LC_MESSAGES/errors.po|teslamate-org|teslamate|errors.po|PO File|54|20|20
173|./src/_00/output/Elixir/teslamate-org~teslamate/priv/gettext/ja/LC_MESSAGES/errors.po|teslamate-org|teslamate|errors.po|PO File|54|20|20
174|./src/_00/output/Elixir/teslamate-org~teslamate/priv/gettext/tr/LC_MESSAGES/errors.po|teslamate-org|teslamate|errors.po|PO File|54|20|20
175|./src/_00/output/Elixir/teslamate-org~teslamate/lib/teslamate/auth.ex|teslamate-org|teslamate|auth.ex|Elixir|51|4|16
176|./src/_00/output/Elixir/teslamate-org~teslamate/test/teslamate/vehicles/vehicle/charging_sync_test.exs|teslamate-org|teslamate|charging_sync_test.exs|Elixir|51|0|11
177|./src/_00/output/Elixir/teslamate-org~teslamate/lib/teslamate_web/controllers/car_controller.ex|teslamate-org|teslamate|car_controller.ex|Elixir|50|0|14
178|./src/_00/output/Elixir/teslamate-org~teslamate/lib/teslamate_web/router.ex|teslamate-org|teslamate|router.ex|Elixir|50|0|14
179|./src/_00/output/Elixir/teslamate-org~teslamate/website/docusaurus.config.js|teslamate-org|teslamate|docusaurus.config.js|JavaScript|50|17|0
180|./src/_00/output/Elixir/teslamate-org~teslamate/lib/teslamate/mqtt.ex|teslamate-org|teslamate|mqtt.ex|Elixir|49|2|13
181|./src/_00/output/Elixir/teslamate-org~teslamate/.github/workflows/ghcr_purge.yml|teslamate-org|teslamate|ghcr_purge.yml|YAML|48|0|8
182|./src/_00/output/Elixir/teslamate-org~teslamate/README.md|teslamate-org|teslamate|README.md|Markdown|48|0|15
183|./src/_00/output/Elixir/teslamate-org~teslamate/website/docs/maintenance/backup_restore.md|teslamate-org|teslamate|backup_restore.md|Markdown|48|0|13
184|./src/_00/output/Elixir/teslamate-org~teslamate/website/docs/import/tesla_apiscraper.md|teslamate-org|teslamate|tesla_apiscraper.md|Markdown|47|0|23
185|./src/_00/output/Elixir/teslamate-org~teslamate/lib/teslamate/log/car.ex|teslamate-org|teslamate|car.ex|Elixir|46|1|7
186|./src/_00/output/Elixir/teslamate-org~teslamate/website/docs/configuration/environment_variables.md|teslamate-org|teslamate|environment_variables.md|Markdown|45|0|2
187|./src/_00/output/Elixir/teslamate-org~teslamate/website/docs/guides/unix_domain_sockets.md|teslamate-org|teslamate|unix_domain_sockets.md|Markdown|45|0|10
188|./src/_00/output/Elixir/teslamate-org~teslamate/website/docs/import/teslafi.md|teslamate-org|teslamate|teslafi.md|Markdown|43|0|13
189|./src/_00/output/Elixir/teslamate-org~teslamate/website/docs/projects.md|teslamate-org|teslamate|projects.md|Markdown|43|0|39
190|./src/_00/output/Elixir/teslamate-org~teslamate/lib/teslamate/convert.ex|teslamate-org|teslamate|convert.ex|Elixir|42|0|10
191|./src/_00/output/Elixir/teslamate-org~teslamate/.github/actions/merge/action.yml|teslamate-org|teslamate|action.yml|YAML|41|0|5
192|./src/_00/output/Elixir/teslamate-org~teslamate/priv/repo/migrations/20190810105216_unit_of_length_and_temperature.exs|teslamate-org|teslamate|20190810105216_unit_of_length_and_temperature.exs|Elixir|41|0|10
193|./src/_00/output/Elixir/teslamate-org~teslamate/test/teslamate/log/log_update_test.exs|teslamate-org|teslamate|log_update_test.exs|Elixir|41|0|12
194|./src/_00/output/Elixir/teslamate-org~teslamate/priv/repo/migrations/20200528175158_optimize_conversion_helpers.exs|teslamate-org|teslamate|20200528175158_optimize_conversion_helpers.exs|Elixir|40|0|5
195|./src/_00/output/Elixir/teslamate-org~teslamate/test/support/mocks/api.ex|teslamate-org|teslamate|api.ex|Elixir|40|2|13
196|./src/_00/output/Elixir/teslamate-org~teslamate/website/docs/faq.md|teslamate-org|teslamate|faq.md|Markdown|40|0|25
197|./src/_00/output/Elixir/teslamate-org~teslamate/lib/tesla_api/stream/data.ex|teslamate-org|teslamate|data.ex|Elixir|39|0|7
198|./src/_00/output/Elixir/teslamate-org~teslamate/.github/actions/grafana/action.yml|teslamate-org|teslamate|action.yml|YAML|37|0|0
199|./src/_00/output/Elixir/teslamate-org~teslamate/lib/teslamate/mqtt/publisher.ex|teslamate-org|teslamate|publisher.ex|Elixir|37|2|13
200|./src/_00/output/Elixir/teslamate-org~teslamate/website/docs/screenshots.mdx|teslamate-org|teslamate|screenshots.mdx|Markdown|37|0|34
201|./src/_00/output/Elixir/teslamate-org~teslamate/lib/tesla_api/auth/refresh.ex|teslamate-org|teslamate|refresh.ex|Elixir|35|0|7
202|./src/_00/output/Elixir/teslamate-org~teslamate/priv/repo/migrations/20190729142656_add_conversion_functions.exs|teslamate-org|teslamate|20190729142656_add_conversion_functions.exs|Elixir|35|0|3
203|./src/_00/output/Elixir/teslamate-org~teslamate/lib/teslamate_web/live/car_live/index.ex|teslamate-org|teslamate|index.ex|Elixir|34|1|10
204|./src/_00/output/Elixir/teslamate-org~teslamate/assets/css/vendor/modal-fx.scss|teslamate-org|teslamate|modal-fx.scss|Sass|33|1|7
205|./src/_00/output/Elixir/teslamate-org~teslamate/lib/teslamate_web/endpoint.ex|teslamate-org|teslamate|endpoint.ex|Elixir|33|2|8
206|./src/_00/output/Elixir/teslamate-org~teslamate/grafana/dashboards.yml|teslamate-org|teslamate|dashboards.yml|YAML|32|0|1
207|./src/_00/output/Elixir/teslamate-org~teslamate/test/teslamate/auth_test.exs|teslamate-org|teslamate|auth_test.exs|Elixir|32|0|8
208|./src/_00/output/Elixir/teslamate-org~teslamate/lib/teslamate/locations/geo_fence.ex|teslamate-org|teslamate|geo_fence.ex|Elixir|31|0|5
209|./src/_00/output/Elixir/teslamate-org~teslamate/test/support/conn_case.ex|teslamate-org|teslamate|conn_case.ex|Elixir|31|14|11
210|./src/_00/output/Elixir/teslamate-org~teslamate/test/support/data_case.ex|teslamate-org|teslamate|data_case.ex|Elixir|30|16|9
211|./src/_00/output/Elixir/teslamate-org~teslamate/test/support/mocks/vehicles.ex|teslamate-org|teslamate|vehicles.ex|Elixir|30|2|10
212|./src/_00/output/Elixir/teslamate-org~teslamate/website/package.json|teslamate-org|teslamate|package.json|JSON|30|0|0
213|./src/_00/output/Elixir/teslamate-org~teslamate/lib/tesla_api/error.ex|teslamate-org|teslamate|error.ex|Elixir|29|0|8
214|./src/_00/output/Elixir/teslamate-org~teslamate/lib/teslamate_web/live/geofence_live/index.ex|teslamate-org|teslamate|index.ex|Elixir|29|0|9
215|./src/_00/output/Elixir/teslamate-org~teslamate/lib/teslamate/http.ex|teslamate-org|teslamate|http.ex|Elixir|28|0|6
216|./src/_00/output/Elixir/teslamate-org~teslamate/lib/teslamate/release.ex|teslamate-org|teslamate|release.ex|Elixir|28|0|5
217|./src/_00/output/Elixir/teslamate-org~teslamate/priv/repo/migrations/20200306130218_update_cities.exs|teslamate-org|teslamate|20200306130218_update_cities.exs|Elixir|28|0|1
218|./src/_00/output/Elixir/teslamate-org~teslamate/priv/repo/migrations/20220617170400_add_tire_pressures.exs|teslamate-org|teslamate|20220617170400_add_tire_pressures.exs|Elixir|28|0|3
219|./src/_00/output/Elixir/teslamate-org~teslamate/.github/workflows/stale.yml|teslamate-org|teslamate|stale.yml|YAML|27|0|3
220|./src/_00/output/Elixir/teslamate-org~teslamate/assets/package.json|teslamate-org|teslamate|package.json|JSON|27|0|0
221|./src/_00/output/Elixir/teslamate-org~teslamate/config/dev.exs|teslamate-org|teslamate|dev.exs|Elixir|27|0|4
222|./src/_00/output/Elixir/teslamate-org~teslamate/priv/repo/migrations/20191020130234_increase_datetime_precision.exs|teslamate-org|teslamate|20191020130234_increase_datetime_precision.exs|Elixir|27|0|6
223|./src/_00/output/Elixir/teslamate-org~teslamate/lib/teslamate/log/state.ex|teslamate-org|teslamate|state.ex|Elixir|26|0|5
224|./src/_00/output/Elixir/teslamate-org~teslamate/lib/teslamate/settings/car_settings.ex|teslamate-org|teslamate|car_settings.ex|Elixir|26|0|5
225|./src/_00/output/Elixir/teslamate-org~teslamate/priv/repo/migrations/20190330160000_create_trips.exs|teslamate-org|teslamate|20190330160000_create_trips.exs|Elixir|26|0|2
226|./src/_00/output/Elixir/teslamate-org~teslamate/test/support/mocks/auth.ex|teslamate-org|teslamate|auth.ex|Elixir|26|2|8
227|./src/_00/output/Elixir/teslamate-org~teslamate/test/support/mocks/pubsub.ex|teslamate-org|teslamate|pubsub.ex|Elixir|26|2|10
228|./src/_00/output/Elixir/teslamate-org~teslamate/test/support/mocks/srtm.ex|teslamate-org|teslamate|srtm.ex|Elixir|26|2|10
229|./src/_00/output/Elixir/teslamate-org~teslamate/website/src/pages/styles.module.css|teslamate-org|teslamate|styles.module.css|CSS|26|5|5
230|./src/_00/output/Elixir/teslamate-org~teslamate/assets/js/main.js|teslamate-org|teslamate|main.js|JavaScript|25|3|6
231|./src/_00/output/Elixir/teslamate-org~teslamate/lib/teslamate/import/csv.ex|teslamate-org|teslamate|csv.ex|Elixir|25|0|5
232|./src/_00/output/Elixir/teslamate-org~teslamate/priv/repo/migrations/20190330170000_create_positions.exs|teslamate-org|teslamate|20190330170000_create_positions.exs|Elixir|25|0|2
233|./src/_00/output/Elixir/teslamate-org~teslamate/lib/teslamate_web/controllers/drive_controller.ex|teslamate-org|teslamate|drive_controller.ex|Elixir|24|0|6
234|./src/_00/output/Elixir/teslamate-org~teslamate/priv/repo/migrations/20190330200000_create_charges.exs|teslamate-org|teslamate|20190330200000_create_charges.exs|Elixir|24|0|2
235|./src/_00/output/Elixir/teslamate-org~teslamate/priv/repo/migrations/20190415130006_create_addresses.exs|teslamate-org|teslamate|20190415130006_create_addresses.exs|Elixir|24|0|3
236|./src/_00/output/Elixir/teslamate-org~teslamate/test/support/mocks/locations.ex|teslamate-org|teslamate|locations.ex|Elixir|24|2|9
237|./src/_00/output/Elixir/teslamate-org~teslamate/website/docs/guides/portainer.md|teslamate-org|teslamate|portainer.md|Markdown|24|0|7
238|./src/_00/output/Elixir/teslamate-org~teslamate/priv/repo/migrations/20190731154452_create_settings.exs|teslamate-org|teslamate|20190731154452_create_settings.exs|Elixir|23|0|5
239|./src/_00/output/Elixir/teslamate-org~teslamate/priv/repo/migrations/20190913175011_add_rated_range_to_drives.exs|teslamate-org|teslamate|20190913175011_add_rated_range_to_drives.exs|Elixir|23|0|6
240|./src/_00/output/Elixir/teslamate-org~teslamate/priv/repo/migrations/20200401170940_remove_sleep_mode_toggles.exs|teslamate-org|teslamate|20200401170940_remove_sleep_mode_toggles.exs|Elixir|23|0|5
241|./src/_00/output/Elixir/teslamate-org~teslamate/grafana/Dockerfile|teslamate-org|teslamate|Dockerfile|Dockerfile|22|2|5
242|./src/_00/output/Elixir/teslamate-org~teslamate/lib/teslamate/log/update.ex|teslamate-org|teslamate|update.ex|Elixir|22|0|4
243|./src/_00/output/Elixir/teslamate-org~teslamate/lib/teslamate/mqtt/handler.ex|teslamate-org|teslamate|handler.ex|Elixir|22|0|5
244|./src/_00/output/Elixir/teslamate-org~teslamate/website/docs/maintenance/upgrading_postgres.md|teslamate-org|teslamate|upgrading_postgres.md|Markdown|22|0|8
245|./src/_00/output/Elixir/teslamate-org~teslamate/config/config.exs|teslamate-org|teslamate|config.exs|Elixir|21|0|8
246|./src/_00/output/Elixir/teslamate-org~teslamate/priv/repo/migrations/20190828122529_add_m_to_ft_conversion_helper.exs|teslamate-org|teslamate|20190828122529_add_m_to_ft_conversion_helper.exs|Elixir|21|0|2
247|./src/_00/output/Elixir/teslamate-org~teslamate/test/teslamate_web/live/sign_in_test.exs|teslamate-org|teslamate|sign_in_test.exs|Elixir|21|0|8
248|./src/_00/output/Elixir/teslamate-org~teslamate/website/README.md|teslamate-org|teslamate|README.md|Markdown|21|0|12
249|./src/_00/output/Elixir/teslamate-org~teslamate/lib/teslamate_web/plugs/put_session.ex|teslamate-org|teslamate|put_session.ex|Elixir|20|7|6
250|./src/_00/output/Elixir/teslamate-org~teslamate/test/support/mocks/settings.ex|teslamate-org|teslamate|settings.ex|Elixir|20|2|8
251|./src/_00/output/Elixir/teslamate-org~teslamate/assets/js/app.js|teslamate-org|teslamate|app.js|JavaScript|19|3|7
252|./src/_00/output/Elixir/teslamate-org~teslamate/priv/repo/migrations/20190330190000_create_charging_processes.exs|teslamate-org|teslamate|20190330190000_create_charging_processes.exs|Elixir|19|1|2
253|./src/_00/output/Elixir/teslamate-org~teslamate/priv/repo/migrations/20190812191616_rename_trips_to_drives.exs|teslamate-org|teslamate|20190812191616_rename_trips_to_drives.exs|Elixir|19|0|4
254|./src/_00/output/Elixir/teslamate-org~teslamate/priv/repo/migrations/20190814152810_increase_suspend_min.exs|teslamate-org|teslamate|20190814152810_increase_suspend_min.exs|Elixir|19|0|6
255|./src/_00/output/Elixir/teslamate-org~teslamate/priv/static/site.webmanifest|teslamate-org|teslamate|site.webmanifest|JSON|19|0|0
256|./src/_00/output/Elixir/teslamate-org~teslamate/test/support/test_helper.ex|teslamate-org|teslamate|test_helper.ex|Elixir|19|0|2
257|./src/_00/output/Elixir/teslamate-org~teslamate/.typos.toml|teslamate-org|teslamate|.typos.toml|TOML|18|0|2
258|./src/_00/output/Elixir/teslamate-org~teslamate/grafana/datasource.yml|teslamate-org|teslamate|datasource.yml|YAML|18|0|1
259|./src/_00/output/Elixir/teslamate-org~teslamate/lib/teslamate_web/views/error_helpers.ex|teslamate-org|teslamate|error_helpers.ex|Elixir|18|26|3
260|./src/_00/output/Elixir/teslamate-org~teslamate/priv/repo/migrations/20190729181314_fix_trip_efficiency.exs|teslamate-org|teslamate|20190729181314_fix_trip_efficiency.exs|Elixir|18|0|3
261|./src/_00/output/Elixir/teslamate-org~teslamate/priv/repo/migrations/20191003130650_add_start_and_end_position_to_drives.exs|teslamate-org|teslamate|20191003130650_add_start_and_end_position_to_drives.exs|Elixir|18|0|5
262|./src/_00/output/Elixir/teslamate-org~teslamate/test/support/mocks/mqtt_publisher.ex|teslamate-org|teslamate|mqtt_publisher.ex|Elixir|18|2|7
263|./src/_00/output/Elixir/teslamate-org~teslamate/coveralls.json|teslamate-org|teslamate|coveralls.json|JSON|17|0|3
264|./src/_00/output/Elixir/teslamate-org~teslamate/priv/repo/migrations/20190828150058_do_not_require_efficiency.exs|teslamate-org|teslamate|20190828150058_do_not_require_efficiency.exs|Elixir|17|0|4
265|./src/_00/output/Elixir/teslamate-org~teslamate/priv/repo/migrations/20200528163852_cost_by_minute.exs|teslamate-org|teslamate|20200528163852_cost_by_minute.exs|Elixir|17|0|6
266|./src/_00/output/Elixir/teslamate-org~teslamate/lib/teslamate/auth/tokens.ex|teslamate-org|teslamate|tokens.ex|Elixir|16|0|5
267|./src/_00/output/Elixir/teslamate-org~teslamate/lib/teslamate_web/templates/drive/gpx.xml.eex|teslamate-org|teslamate|gpx.xml.eex|EEx|16|0|0
268|./src/_00/output/Elixir/teslamate-org~teslamate/priv/repo/migrations/20190717184003_add_fkey_indexes.exs|teslamate-org|teslamate|20190717184003_add_fkey_indexes.exs|Elixir|16|0|6
269|./src/_00/output/Elixir/teslamate-org~teslamate/priv/repo/migrations/20191008191431_fix_ll_to_earth.exs|teslamate-org|teslamate|20191008191431_fix_ll_to_earth.exs|Elixir|16|0|2
270|./src/_00/output/Elixir/teslamate-org~teslamate/priv/repo/migrations/20191119162847_geofence_sleep.exs|teslamate-org|teslamate|20191119162847_geofence_sleep.exs|Elixir|16|0|3
271|./src/_00/output/Elixir/teslamate-org~teslamate/priv/repo/migrations/20200120142602_replace_place_id_with_osmid.exs|teslamate-org|teslamate|20200120142602_replace_place_id_with_osmid.exs|Elixir|16|0|4
272|./src/_00/output/Elixir/teslamate-org~teslamate/website/src/css/custom.css|teslamate-org|teslamate|custom.css|CSS|16|14|2
273|./src/_00/output/Elixir/teslamate-org~teslamate/lib/teslamate/mqtt/pubsub.ex|teslamate-org|teslamate|pubsub.ex|Elixir|15|1|5
274|./src/_00/output/Elixir/teslamate-org~teslamate/lib/teslamate_web/controllers/fallback_controller.ex|teslamate-org|teslamate|fallback_controller.ex|Elixir|15|4|3
275|./src/_00/output/Elixir/teslamate-org~teslamate/.github/dependabot.yml|teslamate-org|teslamate|dependabot.yml|YAML|14|12|5
276|./src/_00/output/Elixir/teslamate-org~teslamate/Makefile|teslamate-org|teslamate|Makefile|make|14|0|5
277|./src/_00/output/Elixir/teslamate-org~teslamate/priv/repo/migrations/20190330150000_create_car.exs|teslamate-org|teslamate|20190330150000_create_car.exs|Elixir|14|0|3
278|./src/_00/output/Elixir/teslamate-org~teslamate/priv/repo/migrations/20190415115227_add_battery_heater_fields.exs|teslamate-org|teslamate|20190415115227_add_battery_heater_fields.exs|Elixir|14|0|2
279|./src/_00/output/Elixir/teslamate-org~teslamate/priv/repo/migrations/20190810151901_create_geofences.exs|teslamate-org|teslamate|20190810151901_create_geofences.exs|Elixir|14|0|4
280|./src/_00/output/Elixir/teslamate-org~teslamate/priv/repo/migrations/20191007105010_add_new_fkey_indexes.exs|teslamate-org|teslamate|20191007105010_add_new_fkey_indexes.exs|Elixir|14|0|3
281|./src/_00/output/Elixir/teslamate-org~teslamate/assets/js/socket.js|teslamate-org|teslamate|socket.js|JavaScript|13|50|5
282|./src/_00/output/Elixir/teslamate-org~teslamate/lib/tesla_api.ex|teslamate-org|teslamate|tesla_api.ex|Elixir|13|0|4
283|./src/_00/output/Elixir/teslamate-org~teslamate/lib/teslamate_web/views/layout_view.ex|teslamate-org|teslamate|layout_view.ex|Elixir|13|0|3
284|./src/_00/output/Elixir/teslamate-org~teslamate/priv/repo/migrations/20190330180000_create_states.exs|teslamate-org|teslamate|20190330180000_create_states.exs|Elixir|13|0|4
285|./src/_00/output/Elixir/teslamate-org~teslamate/priv/repo/migrations/20200212001245_location_based_charge_cost_increase_scale.exs|teslamate-org|teslamate|20200212001245_location_based_charge_cost_increase_scale.exs|Elixir|13|0|2
286|./src/_00/output/Elixir/teslamate-org~teslamate/priv/repo/migrations/20200216121330_use_rated_as_default_preferred_range.exs|teslamate-org|teslamate|20200216121330_use_rated_as_default_preferred_range.exs|Elixir|13|0|2
287|./src/_00/output/Elixir/teslamate-org~teslamate/priv/repo/migrations/20200528173223_rename_unit_enums.exs|teslamate-org|teslamate|20200528173223_rename_unit_enums.exs|Elixir|13|0|2
288|./src/_00/output/Elixir/teslamate-org~teslamate/priv/repo/migrations/20200709165119_change_sleep_requirements_default.exs|teslamate-org|teslamate|20200709165119_change_sleep_requirements_default.exs|Elixir|13|0|2
289|./src/_00/output/Elixir/teslamate-org~teslamate/priv/repo/migrations/20210831153305_add_not_null_constraint_to_display_priority.exs|teslamate-org|teslamate|20210831153305_add_not_null_constraint_to_display_priority.exs|Elixir|13|0|2
290|./src/_00/output/Elixir/teslamate-org~teslamate/priv/repo/migrations/20211022103654_add_not_null_constraint_to_start_date.exs|teslamate-org|teslamate|20211022103654_add_not_null_constraint_to_start_date.exs|Elixir|13|0|2
291|./src/_00/output/Elixir/teslamate-org~teslamate/lib/tesla_api/middleware/token_auth.ex|teslamate-org|teslamate|token_auth.ex|Elixir|12|0|2
292|./src/_00/output/Elixir/teslamate-org~teslamate/config/prod.exs|teslamate-org|teslamate|prod.exs|Elixir|11|0|3
293|./src/_00/output/Elixir/teslamate-org~teslamate/lib/teslamate_web/cldr.ex|teslamate-org|teslamate|cldr.ex|Elixir|11|0|0
294|./src/_00/output/Elixir/teslamate-org~teslamate/priv/repo/migrations/20190408203117_create_updates.exs|teslamate-org|teslamate|20190408203117_create_updates.exs|Elixir|11|0|2
295|./src/_00/output/Elixir/teslamate-org~teslamate/priv/repo/migrations/20190415103933_add_inside_temp.exs|teslamate-org|teslamate|20190415103933_add_inside_temp.exs|Elixir|11|0|2
296|./src/_00/output/Elixir/teslamate-org~teslamate/priv/repo/migrations/20190415130705_add_addresses_to_trips.exs|teslamate-org|teslamate|20190415130705_add_addresses_to_trips.exs|Elixir|11|0|2
297|./src/_00/output/Elixir/teslamate-org~teslamate/priv/repo/migrations/20200203180529_location_based_charge_cost.exs|teslamate-org|teslamate|20200203180529_location_based_charge_cost.exs|Elixir|11|0|2
298|./src/_00/output/Elixir/teslamate-org~teslamate/entrypoint.sh|teslamate-org|teslamate|entrypoint.sh|Bourne Shell|10|2|4
299|./src/_00/output/Elixir/teslamate-org~teslamate/lib/teslamate_web/health_check.ex|teslamate-org|teslamate|health_check.ex|Elixir|10|0|3
300|./src/_00/output/Elixir/teslamate-org~teslamate/priv/repo/migrations/20190730101523_create_tokens.exs|teslamate-org|teslamate|20190730101523_create_tokens.exs|Elixir|10|0|2
301|./src/_00/output/Elixir/teslamate-org~teslamate/priv/repo/migrations/20190816165713_extend_car_table.exs|teslamate-org|teslamate|20190816165713_extend_car_table.exs|Elixir|10|0|1
302|./src/_00/output/Elixir/teslamate-org~teslamate/priv/repo/migrations/20190823173437_add_sleep_requirements.exs|teslamate-org|teslamate|20190823173437_add_sleep_requirements.exs|Elixir|10|0|1
303|./src/_00/output/Elixir/teslamate-org~teslamate/priv/repo/migrations/20191017003836_add_est_total_charge_energy.exs|teslamate-org|teslamate|20191017003836_add_est_total_charge_energy.exs|Elixir|10|0|1
304|./src/_00/output/Elixir/teslamate-org~teslamate/priv/repo/migrations/20200302100654_add_vehicle_config_attrbitues.exs|teslamate-org|teslamate|20200302100654_add_vehicle_config_attrbitues.exs|Elixir|10|0|1
305|./src/_00/output/Elixir/teslamate-org~teslamate/test/fixtures/import/03_empty/TeslaFi52018.csv|teslamate-org|teslamate|TeslaFi52018.csv|CSV|10|0|0
306|./src/_00/output/Elixir/teslamate-org~teslamate/test/support/mocks/vehicle.ex|teslamate-org|teslamate|vehicle.ex|Elixir|10|0|2
307|./src/_00/output/Elixir/teslamate-org~teslamate/test/teslamate_web/views/error_view_test.exs|teslamate-org|teslamate|error_view_test.exs|Elixir|10|1|3
308|./src/_00/output/Elixir/teslamate-org~teslamate/test/test_helper.exs|teslamate-org|teslamate|test_helper.exs|Elixir|10|2|4
309|./src/_00/output/Elixir/teslamate-org~teslamate/lib/teslamate_web/views/changeset_view.ex|teslamate-org|teslamate|changeset_view.ex|Elixir|9|7|3
310|./src/_00/output/Elixir/teslamate-org~teslamate/priv/repo/migrations/20190805092941_fix_incomplete_charging_processes.exs|teslamate-org|teslamate|20190805092941_fix_incomplete_charging_processes.exs|Elixir|9|0|2
311|./src/_00/output/Elixir/teslamate-org~teslamate/priv/repo/migrations/20190810131321_persist_suspend_settings.exs|teslamate-org|teslamate|20190810131321_persist_suspend_settings.exs|Elixir|9|0|1
312|./src/_00/output/Elixir/teslamate-org~teslamate/priv/repo/migrations/20190813184320_fix_incomplete_charging_processes_v2.exs|teslamate-org|teslamate|20190813184320_fix_incomplete_charging_processes_v2.exs|Elixir|9|0|2
313|./src/_00/output/Elixir/teslamate-org~teslamate/priv/repo/migrations/20190821155748_drop_consumption_columns.exs|teslamate-org|teslamate|20190821155748_drop_consumption_columns.exs|Elixir|9|0|1
314|./src/_00/output/Elixir/teslamate-org~teslamate/priv/repo/migrations/20190826142828_fix_incomplete_charging_processes_v3.exs|teslamate-org|teslamate|20190826142828_fix_incomplete_charging_processes_v3.exs|Elixir|9|20|7
315|./src/_00/output/Elixir/teslamate-org~teslamate/priv/repo/migrations/20190913165850_add_range_enum.exs|teslamate-org|teslamate|20190913165850_add_range_enum.exs|Elixir|9|0|2
316|./src/_00/output/Elixir/teslamate-org~teslamate/priv/repo/migrations/20191026144449_drop_cp_confidence_and_interval.exs|teslamate-org|teslamate|20191026144449_drop_cp_confidence_and_interval.exs|Elixir|9|0|1
317|./src/_00/output/Elixir/teslamate-org~teslamate/priv/repo/migrations/20200401171402_remove_sleep_mode_requirements.exs|teslamate-org|teslamate|20200401171402_remove_sleep_mode_requirements.exs|Elixir|9|0|1
318|./src/_00/output/Elixir/teslamate-org~teslamate/priv/repo/migrations/20210130174838_use_variable_length_type_for_tokens.exs|teslamate-org|teslamate|20210130174838_use_variable_length_type_for_tokens.exs|Elixir|9|0|1
319|./src/_00/output/Elixir/teslamate-org~teslamate/priv/repo/migrations/20220718085412_add_unit_of_pressure_to_global_settings.exs|teslamate-org|teslamate|20220718085412_add_unit_of_pressure_to_global_settings.exs|Elixir|9|0|2
320|./src/_00/output/Elixir/teslamate-org~teslamate/priv/static/browserconfig.xml|teslamate-org|teslamate|browserconfig.xml|XML|9|0|0
321|./src/_00/output/Elixir/teslamate-org~teslamate/priv/repo/migrations/20190415192200_add_address_to_charging_process.exs|teslamate-org|teslamate|20190415192200_add_address_to_charging_process.exs|Elixir|8|0|1
322|./src/_00/output/Elixir/teslamate-org~teslamate/priv/repo/migrations/20190816200723_add_est_battery_range_km.exs|teslamate-org|teslamate|20190816200723_add_est_battery_range_km.exs|Elixir|8|0|1
323|./src/_00/output/Elixir/teslamate-org~teslamate/priv/repo/migrations/20190821143938_add_constraints.exs|teslamate-org|teslamate|20190821143938_add_constraints.exs|Elixir|8|0|1
324|./src/_00/output/Elixir/teslamate-org~teslamate/priv/repo/migrations/20190828094708_add_battery_range.exs|teslamate-org|teslamate|20190828094708_add_battery_range.exs|Elixir|8|0|1
325|./src/_00/output/Elixir/teslamate-org~teslamate/priv/repo/migrations/20190925152807_create_geo_extensions.exs|teslamate-org|teslamate|20190925152807_create_geo_extensions.exs|Elixir|8|0|1
326|./src/_00/output/Elixir/teslamate-org~teslamate/priv/repo/migrations/20190928155641_add_base_url_setting.exs|teslamate-org|teslamate|20190928155641_add_base_url_setting.exs|Elixir|8|0|1
327|./src/_00/output/Elixir/teslamate-org~teslamate/priv/repo/migrations/20191026145925_phase_correction.exs|teslamate-org|teslamate|20191026145925_phase_correction.exs|Elixir|8|0|1
328|./src/_00/output/Elixir/teslamate-org~teslamate/priv/repo/migrations/20191117042320_add_cost_field_to_charges.exs|teslamate-org|teslamate|20191117042320_add_cost_field_to_charges.exs|Elixir|8|0|1
329|./src/_00/output/Elixir/teslamate-org~teslamate/priv/repo/migrations/20191117143038_add_grafana_url.exs|teslamate-org|teslamate|20191117143038_add_grafana_url.exs|Elixir|8|0|1
330|./src/_00/output/Elixir/teslamate-org~teslamate/priv/repo/migrations/20191212215130_remove_phase_correction.exs|teslamate-org|teslamate|20191212215130_remove_phase_correction.exs|Elixir|8|0|1
331|./src/_00/output/Elixir/teslamate-org~teslamate/priv/repo/migrations/20200103073606_add_usable_battery_level.exs|teslamate-org|teslamate|20200103073606_add_usable_battery_level.exs|Elixir|8|0|1
332|./src/_00/output/Elixir/teslamate-org~teslamate/priv/repo/migrations/20200116190926_charges_add_usable_battery_level.exs|teslamate-org|teslamate|20200116190926_charges_add_usable_battery_level.exs|Elixir|8|0|1
333|./src/_00/output/Elixir/teslamate-org~teslamate/priv/repo/migrations/20200120130125_add_language.exs|teslamate-org|teslamate|20200120130125_add_language.exs|Elixir|8|0|1
334|./src/_00/output/Elixir/teslamate-org~teslamate/priv/repo/migrations/20200306133847_add_flat_fee.exs|teslamate-org|teslamate|20200306133847_add_flat_fee.exs|Elixir|8|0|1
335|./src/_00/output/Elixir/teslamate-org~teslamate/priv/repo/migrations/20200318164021_use_streaming_api.exs|teslamate-org|teslamate|20200318164021_use_streaming_api.exs|Elixir|8|0|1
336|./src/_00/output/Elixir/teslamate-org~teslamate/priv/repo/migrations/20200320140020_drop_power_avg.exs|teslamate-org|teslamate|20200320140020_drop_power_avg.exs|Elixir|8|0|1
337|./src/_00/output/Elixir/teslamate-org~teslamate/priv/repo/migrations/20210812173700_car_priorities.exs|teslamate-org|teslamate|20210812173700_car_priorities.exs|Elixir|8|0|1
338|./src/_00/output/Elixir/teslamate-org~teslamate/priv/repo/migrations/20220422132017_add_marketing_name_to_car.exs|teslamate-org|teslamate|20220422132017_add_marketing_name_to_car.exs|Elixir|8|0|1
339|./src/_00/output/Elixir/teslamate-org~teslamate/lib/teslamate_web/live/init_assigns.ex|teslamate-org|teslamate|init_assigns.ex|Elixir|7|3|2
340|./src/_00/output/Elixir/teslamate-org~teslamate/priv/repo/migrations/20190416125429_add_indexes_on_dates.exs|teslamate-org|teslamate|20190416125429_add_indexes_on_dates.exs|Elixir|7|0|1
341|./src/_00/output/Elixir/teslamate-org~teslamate/priv/repo/migrations/20190525125700_rename_soc_fields.exs|teslamate-org|teslamate|20190525125700_rename_soc_fields.exs|Elixir|7|0|1
342|./src/_00/output/Elixir/teslamate-org~teslamate/priv/repo/migrations/20200401171923_enable_streaming.exs|teslamate-org|teslamate|20200401171923_enable_streaming.exs|Elixir|7|0|2
343|./src/_00/output/Elixir/teslamate-org~teslamate/priv/repo/migrations/20200502140646_drop_unused_indexes.exs|teslamate-org|teslamate|20200502140646_drop_unused_indexes.exs|Elixir|7|0|1
344|./src/_00/output/Elixir/teslamate-org~teslamate/priv/repo/migrations/20230417225712_composite_index_to_position.exs|teslamate-org|teslamate|20230417225712_composite_index_to_position.exs|Elixir|7|0|1
345|./src/_00/output/Elixir/teslamate-org~teslamate/website/src/pages/index.js|teslamate-org|teslamate|index.js|JavaScript|7|0|3
346|./src/_00/output/Elixir/teslamate-org~teslamate/.formatter.exs|teslamate-org|teslamate|.formatter.exs|Elixir|6|0|0
347|./src/_00/output/Elixir/teslamate-org~teslamate/.markdownlint.yaml|teslamate-org|teslamate|.markdownlint.yaml|YAML|6|0|0
348|./src/_00/output/Elixir/teslamate-org~teslamate/lib/teslamate_web/views/car_view.ex|teslamate-org|teslamate|car_view.ex|Elixir|6|0|1
349|./src/_00/output/Elixir/teslamate-org~teslamate/lib/teslamate_web/views/error_view.ex|teslamate-org|teslamate|error_view.ex|Elixir|6|8|2
350|./src/_00/output/Elixir/teslamate-org~teslamate/priv/repo/migrations/20190828104902_add_elevation.exs|teslamate-org|teslamate|20190828104902_add_elevation.exs|Elixir|6|0|1
351|./src/_00/output/Elixir/teslamate-org~teslamate/priv/repo/migrations/20190903151524_add_unique_index_on_vins.exs|teslamate-org|teslamate|20190903151524_add_unique_index_on_vins.exs|Elixir|6|0|1
352|./src/_00/output/Elixir/teslamate-org~teslamate/priv/repo/migrations/20190925161034_create_index_on_address_positions.exs|teslamate-org|teslamate|20190925161034_create_index_on_address_positions.exs|Elixir|6|0|1
353|./src/_00/output/Elixir/teslamate-org~teslamate/test/fixtures/import/04_error/TeslaFi112017.csv|teslamate-org|teslamate|TeslaFi112017.csv|CSV|6|0|0
354|./src/_00/output/Elixir/teslamate-org~teslamate/.github/ISSUE_TEMPLATE/config.yml|teslamate-org|teslamate|config.yml|YAML|5|0|0
355|./src/_00/output/Elixir/teslamate-org~teslamate/config/test.exs|teslamate-org|teslamate|test.exs|Elixir|5|2|3
356|./src/_00/output/Elixir/teslamate-org~teslamate/lib/teslamate/dependency.ex|teslamate-org|teslamate|dependency.ex|Elixir|5|0|0
357|./src/_00/output/Elixir/teslamate-org~teslamate/lib/teslamate/repo.ex|teslamate-org|teslamate|repo.ex|Elixir|5|0|0
358|./src/_00/output/Elixir/teslamate-org~teslamate/test/fixtures/import/04_error/TeslaFi122017.csv|teslamate-org|teslamate|TeslaFi122017.csv|CSV|5|0|0
359|./src/_00/output/Elixir/teslamate-org~teslamate/test/support/mocks/terrain.ex|teslamate-org|teslamate|terrain.ex|Elixir|5|0|0
360|./src/_00/output/Elixir/teslamate-org~teslamate/priv/repo/migrations/.formatter.exs|teslamate-org|teslamate|.formatter.exs|Elixir|4|0|0
361|./src/_00/output/Elixir/teslamate-org~teslamate/SECURITY.md|teslamate-org|teslamate|SECURITY.md|Markdown|3|0|2
362|./src/_00/output/Elixir/teslamate-org~teslamate/lib/teslamate_web/gettext.ex|teslamate-org|teslamate|gettext.ex|Elixir|3|15|6
363|./src/_00/output/Elixir/teslamate-org~teslamate/lib/teslamate_web/views/drive_view.ex|teslamate-org|teslamate|drive_view.ex|Elixir|3|0|0
364|./src/_00/output/Elixir/teslamate-org~teslamate/test/teslamate_web/views/layout_view_test.exs|teslamate-org|teslamate|layout_view_test.exs|Elixir|3|0|0
365|./src/_00/output/Elixir/teslamate-org~teslamate/test/teslamate_web/views/page_view_test.exs|teslamate-org|teslamate|page_view_test.exs|Elixir|3|0|0
366|./src/_00/output/Elixir/teslamate-org~teslamate/lib/teslamate.ex|teslamate-org|teslamate|teslamate.ex|Elixir|2|6|1
367|./src/_00/output/Elixir/teslamate-org~teslamate/.dialyzer_ignore.exs|teslamate-org|teslamate|.dialyzer_ignore.exs|Elixir|1|0|0
368|./src/_00/output/Elixir/teslamate-org~teslamate/lib/teslamate_web/templates/layout/root.xml.eex|teslamate-org|teslamate|root.xml.eex|EEx|1|0|0
369|./src/_00/output/Elixir/teslamate-org~teslamate/priv/static/images/logo.svg|teslamate-org|teslamate|logo.svg|SVG|1|0|0
370|./src/_00/output/Elixir/teslamate-org~teslamate/priv/static/images/logo_icon.svg|teslamate-org|teslamate|logo_icon.svg|SVG|1|0|0
371|./src/_00/output/Elixir/teslamate-org~teslamate/priv/static/safari-pinned-tab.svg|teslamate-org|teslamate|safari-pinned-tab.svg|SVG|1|0|0
372|./src/_00/output/Elixir/teslamate-org~teslamate/test/fixtures/import/04_error/TeslaFi110017.csv|teslamate-org|teslamate|TeslaFi110017.csv|CSV|1|0|0
373|./src/_00/output/Elixir/teslamate-org~teslamate/website/static/img/logo.svg|teslamate-org|teslamate|logo.svg|SVG|1|0|0
374|./src/_00/output/Elixir/teslamate-org~teslamate/priv/repo/seeds.exs|teslamate-org|teslamate|seeds.exs|Elixir|0|11|0
